<?xml version="1.0" encoding="UTF-8" standalone="no"?>
<document id="I.doc_263">
   <publication_date>1908-07-6</publication_date>
   <publication_place>
      <place_name>Trento</place_name>
      <place_latitude>46.0664228</place_latitude>
      <place_longitude>11.1257601</place_longitude>
   </publication_place>
   <keywords>
      <keyword score="24.92">popolo tedesco</keyword>
      <keyword score="24.92">idea cattolica</keyword>
      <keyword score="24.92">università</keyword>
      <keyword score="18.07">anticlericali</keyword>
      <keyword score="12.46">stransky</keyword>
      <keyword score="12.46">idee</keyword>
      <keyword score="11.64">protestantesimo</keyword>
      <keyword score="10.57">comizio</keyword>
      <keyword score="10.0">lotte</keyword>
      <keyword score="9.92">confessione</keyword>
      <keyword score="8.75">campagna</keyword>
      <keyword score="8.56">libertà</keyword>
      <keyword score="7.67">roma</keyword>
      <keyword score="6.23">teutoni</keyword>
      <keyword score="6.23">mahnert</keyword>
      <keyword score="6.23">liberale</keyword>
      <keyword score="6.23">apostatare</keyword>
      <keyword score="6.23">gesellschaft</keyword>
      <keyword score="6.23">wahrmundiana</keyword>
   </keywords>
   <genres>
      <genre>Quotidiani</genre>
   </genres>
   <text>Nell’ultimo dibattito parlamentare intorno all’affare Wahrmund il deputato Stransky ha affermato perentoriamente: «l’idea cattolica non ha da mettere il becco nelle università». Stransky è tedesco-radicale, l’unico partito che fece causa comune con gli studenti scioperanti e coi professori della «nette Gesellschaft». Una sua confessione aperta formula gli intenti degli anticlericali, per altre ragioni e prove già manifesti. Non si tratta di libertà, o di libero torneo d’idee e di concezioni della vita: gli anticlericali vogliono soffocare nelle università l’idea cattolica, escludendo dalle aule e dalle cattedre i suoi rappresentanti. La lotta dei cattolici vuole la libertà e l’equiparazione delle loro idee. La scorsa settimana in un comizio anticlericale tenuto a Innsbruck e convocato da un’associazione studentesca, il pastore protestante Mahnert, sempre a proposito delle lotte universitarie disse: «La nostra campagna è diretta contro Roma, la quale è contro il popolo tedesco. Noi guardiamo fisso nell’occhio del nemico e lo battiamo coll’unica arma giusta, col movimento “Los Von Rom”... La religione del popolo tedesco può essere solo il liberale protestantesimo». Il socialista Winkler eccitò i presenti ad apostatare dalla Chiesa cattolica, ma di rimanere «senza confessione», e di non farsi protestanti. Il comizio era frequentatissimo. Chi accende e riattizza le lotte confessionali? Chi offende ed attacca? E la meta di tutta la campagna wahrmundiana non apparisce chiarissima? Che certi teutoni sfoghino il doppio odio contro Roma si comprenderà ancora, ma chi spiega il contegno di quei rinnegati del gentil sangue latino che furono gli alleati degli anticlericali tedeschi? Chi spiegherà certa stampa sedicentesi italiana? </text>
</document>
