<?xml version="1.0" encoding="UTF-8" standalone="no"?>
<document id="I.doc_505">
   <publication_date>1912-07-15</publication_date>
   <publication_place>
      <place_name>Trento</place_name>
      <place_latitude>46.0664228</place_latitude>
      <place_longitude>11.1257601</place_longitude>
   </publication_place>
   <keywords>
      <keyword score="18.25">proposte</keyword>
      <keyword score="14.89">punto di vista</keyword>
      <keyword score="14.6">linea di san lugano</keyword>
      <keyword score="12.99">consesso</keyword>
      <keyword score="10.95">soluzione della questione</keyword>
      <keyword score="10.95">contributi della comunità</keyword>
      <keyword score="10.95">amministratori della comunità</keyword>
      <keyword score="10.43">valle</keyword>
      <keyword score="10.04">deputazione italiana</keyword>
      <keyword score="9.25">contributo della provincia</keyword>
      <keyword score="8.61">deputati popolari</keyword>
      <keyword score="7.3">proposta concreta</keyword>
      <keyword score="7.3">economiche</keyword>
      <keyword score="6.15">comitato</keyword>
      <keyword score="6.01">deliberazione</keyword>
      <keyword score="5.65">fronte</keyword>
      <keyword score="5.47">finanziazione</keyword>
      <keyword score="4.98">fiemme</keyword>
      <keyword score="4.8">condizioni</keyword>
   </keywords>
   <genres>
      <genre>Discorsi Pubblici</genre>
   </genres>
   <text>Dichiarazione dell’On. Degasperi Signori! La risoluzione che il comitato tramviario sottopone alla vostra deliberazione si compone di tre parti: nella prima si chiede la promulgazione e la concessione della linea fino a Moena, nella seconda si stabiliscono i contributi della Comunità di fronte alla proposta concreta di finanziazione del Ministero delle ferrovie, nella terza si enumerano le condizioni alle quali il comitato aderisce alla proposta organizzativa. Circa le prime due tocca a voi, essenzialmente, quali amministratori della Comunità e come rappresentanti economici della valle dare il vostro voto ed assumere la responsabilità di accettare o respingere la proposta finanziazione. La terza parte tocca la questione dal punto di vista generale in relazione cogli interessati di Trento e della valle di Cembra; e quale rappresentante politico della valle, raccomando vivamente al consesso di accettare le proposte del comitato, poichè esse non solo esprimono solidarietà a Trento ed alla valle di Cembra, che ora raggiungono solo parte del postulato comune, ma sono un impegno che nell’avvenire tutti gli interessati lavoreranno in comune per ottenere l’intiera avisiana che servirà anche ai paesi della bassa valle di Fiemme. Questa parte contiene anche le condizioni di carattere nazionale. Sono questi raccomandabili non solo dal punto di vita dell’indipendenza della valle, di cui codesta Magnifica Comunità fu sempre gelosa, ma anche dal punto di vista politico. Della proposta finanziazione dovrà infatti occuparsi a suo tempo ed al più tardi nella prossima tornata la deputazione dietale, perché si dovrà proporre il contributo della provincia. Ora è noto, anche perché allora ne ho data ampia relazione ai comuni, insieme al collega Trettel , che l’ultima proposta della deputazione dietale italiana era appunto che si finanziassero contemporaneamente da una parte la linea di San Lugano, dall’altra la Lavis-Cembra. Condizione imprescindibile però era che la linea di San Lugano si finanziasse coi contributi dello Stato, della Provincia e della Comunità, escludendo altri fattori. La Comunità, stabilendo anche per conto suo tale condizione, può quindi avere tutte le prospettive che la deputazione italiana voti il contributo della Provincia. Signori! Il momento è grave per la valle di Fiemme. Vi trovate per la prima volta di fronte a una proposta concreta del Ministero per cominciare la soluzione del vostro complicato problema ferroviario. Voi dovete decidere dal punto di vista della Comunità se volete nella misura e nel modo domandatovi. Decidete in modo affermativo, allora vi raccomando di accogliere anche le condizioni proposte dal vostro Comitato. Qualunque sia la deliberazione del consesso, io mi riservo di spiegare a tempo opportuno queste trattative ed il mio contegno dinnanzi ai miei elettori di fronte ai quali sono responsabile. In ogni caso però dichiaro fin d’ora che se il consesso deliberasse di trattare coi circoli di Bolzano o di associarsi ad essi, combatterei a spada tratta tale deliberato, preferendo anche rinunziare alla rappresentanza politica di Fiemme, piuttosto che mostrarmi connivente al suo tradimento. [segue l’intervento del vicepresidente Deleonardi che chiede che la «Comunità sospenda le sue deliberazioni e sottoponga la decisione all’assemblea della deputazione da convocarsi a Trento»] Il Dott. Degasperi si dichiara molto lieto che nelle deliberazioni di Cavalese si senta lo spirito di solidarietà colla deputazione e che si voglia tenere conto del suo parere; ritiene però che non sia necessario un nuovo conchiuso formale perché la deputazione italiana alla Dieta fece già essa stessa una sua proposta e perché la maggior parte dei Deputati hanno avuto campo di dichiararsi. In proposito dichiara che tutti i deputati della deputazione popolare a Vienna considerano le basi proposte dal governo, date le attuali condizioni politiche e colle previsioni che si possono fare, come discutibili, e qualora gli interessati diano il loro assenso, i deputati popolari lavoreranno su tale base per migliorarla. Legge in proposito un telegramma dell’on. Gentili, il quale a nome anche del Capoclub parlamentare Dott. Conci e del dott. Cappelletti smentisce che vi siano dissensi tra i deputati popolari che si sono occupati della vertenza circa il modo di giudicare la base proposta dal governo. Tuttavia, per suo conto non vede di malocchio che i delegati di Cavalese vogliano sentire l’opinione della deputazione raccolta; osserva però che i deputati possono dare il loro parere solo sulla parte generale e politico-nazionale della questione. Circa i contributi della Comunità devono decidere gli amministratori della Comunità stessa che sono membri del Consesso. Potrebbe avvenire altrimenti che i deputati venissero posti di fronte ad un problema che non possono assolutamente risolvere. Si potrebbe quindi combinarsi in questo senso che il Consesso prenda la sua deliberazione circa la parte finanziaria, se cioè vota i contributi o meno, e in caso affermativo, prima di prendere impegni con terzi o di pubblicare la sua decisione, la sottoponga ad un convegno di deputati. Deleonardi deplora di non poter accettare neppure questa proposta e che i quattro delegati di Cavalese sono legati da formale conchiuso della deputazione. Il Dott. Degasperi insiste perché il Consesso prenda una deliberazione chiara e precisa; nella valle di Fiemme si va dicendo che ora è Trento, ora è Bolzano, che impediscono la ferrovia: si continua a urlare che è una questione economica ma che i deputati vogliono fare politica. Ora i deputati della valle vi dicono: decidete voi innanzitutto dal vostro punto di vista economico, perché si sappia quale responsabilità siete disposti ad assumere. Egli crede personalmente di avere diritto ad una risposta chiara, perché si è impegnato di fronte agli elettori di promuovere la soluzione della questione ferroviaria per il prossimo progetto delle ferrovie locali. Se la comunità per ragioni economiche prende una posizione negativa, egli sarà sciolto da ogni impegno, perché è chiaro che senza contributi locali non si possono fare ferrovie di nessuna specie. Egli ha lavorato anche per incarico del Comitato tramviario e coll’approvazione espressa del Consesso nella seduta del 15 giugno. Legge in proposito le lettere spedite da Vienna. Ha quindi diritto di domandare che il Consesso si assuma le sue responsabilità, se vuole rimandare la soluzione della questione ad alcuni anni più tardi. </text>
</document>
