<?xml version="1.0" encoding="UTF-8" standalone="no"?>
<document id="I.doc_232">
   <publication_date>1908-03-17</publication_date>
   <publication_place>
      <place_name>Trento</place_name>
      <place_latitude>46.0664228</place_latitude>
      <place_longitude>11.1257601</place_longitude>
   </publication_place>
   <keywords>
      <keyword score="21.94">coscienza nazionale positiva</keyword>
      <keyword score="19.53">irredentismo</keyword>
      <keyword score="14.63">popoli</keyword>
      <keyword score="8.97">coscienza nazionale</keyword>
      <keyword score="8.48">nazionalità</keyword>
      <keyword score="8.01">concetto</keyword>
      <keyword score="7.88">austria</keyword>
      <keyword score="7.31">economico</keyword>
      <keyword score="7.31">italiani</keyword>
      <keyword score="7.31">nazione</keyword>
      <keyword score="7.31">cooperazione</keyword>
      <keyword score="6.1">sudditanza</keyword>
      <keyword score="5.76">integrale</keyword>
      <keyword score="5.55">austriaca</keyword>
      <keyword score="5.44">affermazioni</keyword>
      <keyword score="5.15">positiva</keyword>
      <keyword score="5.08">giustizia</keyword>
      <keyword score="5.08">intesa</keyword>
      <keyword score="5.03">evidentemente</keyword>
      <keyword score="4.72">nazionale</keyword>
   </keywords>
   <genres>
      <genre>Quotidiani</genre>
   </genres>
   <text>È noto che una delle freddure più frequenti dei giornali anticlericali è l’accenno alla frase programmatica dell’Unione politica, la quale si propone anche di creare e di sviluppare nel popolo una coscienza nazionale positiva. Come fu altre volte esposto s’intende con ciò «la creazione di un sentimento di affetto e di attaccamento alla propria nazionalità, uno stato d’animo duraturo che non produca solo degli scatti di ribellione quando la nazionalità è evidentemente minacciata, né si limiti all’attività di forma negativa di respingere gli attacchi». La cooperazione al risorgimento economico del paese e una collaborazione integrale alla ricostituzione e all’aumento di tutti i nostri beni nazionali è il lavoro nazionalmente migliore che si possa fare. La nazionalità viene così intesa nel suo senso ampio e vero, e ne viene bandito il concetto piccino che la limita alle lotte linguistiche. Tale coscienza integrale e positiva non esiste nel nostro popolo, o in parte di esso, e ne è prova che furono detti «antinazionali» coloro che osteggiarono certe dimostrazioni politiche di valore puramente negativo, né ebbe mai plauso meritato quello spirito nazionale che, fuso con la cristiana democrazia, creò tante opere che sono ora sangue e vita alla particella trentina della nostra nazione. Tale concetto nostro della coscienza nazionale riguardava dunque la situazione etnico-sociale del Trentino né ha contatti diretti e necessari cogli atteggiamenti politici. La beffa degli avversari è evidentemente il riso degli imbecilli. Ma, da che tali scipitaggini sono apparse anche di frequente sul Messaggero , siamo lieti di constatare che questo si ricrede per bocca dell’egregio collega suo direttore, Alessandro Bottesini. Infatti se il nostro concetto della coscienza positiva avesse avuto un significato politico nel senso stretto della parola e per questo fosse stato combattuto, doveva certo collimare con le seguenti affermazioni del giornale roveretano (n. 61): «Siamo dunque alla vigilia di un’intesa fra i due popoli alleati (Austria e Italia). Il patto scritto nelle cancellerie sta per avere la sanzione del popolo. Ma per arrivare a questo ultimo passo che segnerà il trionfo di due valorosi uomini di Stato, manca un altro fattore che non può, non deve essere più oltre trascurato. Bisogna pensare agli italiani dell’Austria. I quali se hanno un vero e indistruttibile irredentismo, lo hanno nel vivo desiderio di essere redenti in cospetto della costituzione austriaca. Vogliono l’autonomia, l’intangibilità del territorio e della lingua; le ferrovie, lo sviluppo economico, e soprattutto giustizia distributiva. Vogliono cioè avere oltreché i doveri, anche tutti i diritti della sudditanza austriaca. Questo è l’irredentismo degli italiani dell’Austria, irredentismo che non può esser temuto da Aehrenthal, né dimenticato da Tittoni». Per le quali affermazioni noi non abbiamo beffe, ma applauso. Solo che di qui innanzi l’ultima invenzione non sarà la coscienza nazionale positiva dei «clericali», ma la logica nazionale sbalorditiva dei nazionalissimi. </text>
</document>
