<?xml version="1.0" encoding="UTF-8" standalone="no"?>
<document id="I.doc_282">
   <publication_date>1908-11-24</publication_date>
   <publication_place>
      <place_name>Trento</place_name>
      <place_latitude>46.0664228</place_latitude>
      <place_longitude>11.1257601</place_longitude>
   </publication_place>
   <keywords>
      <keyword score="20.57">tedeschi</keyword>
      <keyword score="19.48">violenza</keyword>
      <keyword score="13.94">ipernazionalismo</keyword>
      <keyword score="13.94">università</keyword>
      <keyword score="13.94">italiani</keyword>
      <keyword score="11.77">prepotenza</keyword>
      <keyword score="10.85">universitaria</keyword>
      <keyword score="10.14">chiarezza</keyword>
      <keyword score="9.72">scontro</keyword>
      <keyword score="9.68">giustizia</keyword>
      <keyword score="9.66">vittime</keyword>
      <keyword score="9.54">intorno</keyword>
      <keyword score="9.44">aula</keyword>
      <keyword score="9.38">studenti</keyword>
      <keyword score="9.2">diritto</keyword>
      <keyword score="9.02">governo</keyword>
      <keyword score="6.97">spogliati</keyword>
      <keyword score="6.97">caricarono</keyword>
   </keywords>
   <genres>
      <genre>Quotidiani</genre>
   </genres>
   <text>La questione universitaria ha richiesto nuove vittime, le dimostrazioni cruente si sono ripetute . Non si conoscono ancora sufficientemente i particolari della dimostrazione, né regna ancora assoluta chiarezza intorno alle cause prossime. Si può anzi dire fin d’ora che intorno allo svolgimento dello scontro si manterranno, com’è solito accadere, versioni diverse. Ma quello che è certo si è che tali scontri e conflitti risalgono ad una situazione impossibile. Gli italiani, spogliati brutalmente di quanto possedevano, costretti a frequentare università dello Stato che valgono come tedesche, non vi vengono accolti quali cittadini accademici di pari diritto, ma come universitari di seconda categoria, Mentre l’aula e l’atrio nella tradizione universitaria furono sempre il teatro ove gli studenti si radunavano liberamente ad esporre le loro ragioni, i tedeschi e specialmente i tedeschi nazionali negano codesto «diritto accademico tradizionale» alle altre nazioni e bastonano ferocemente chi osi ribellarsi ai loro comandi. Così è avvenuto ieri. Quando gli studenti si radunarono nell’aula e fecero cenno di levare una protesta contro il governo, i prepotenti tedeschi li caricarono a bastonate e lo scontro fu così terribile che ne derivò una mischia cruenta a colpi di revolver. È dunque anche questa volta la prepotenza degli intellettuali tedeschi e della maggior parte di loro l’autrice responsabile di tale violenza e di tante vittime, quello stesso ipernazionalismo teutonico che, tenendo fra le sue unghie il governo dello Stato, gli impedisce di rendere almeno parzialmente giustizia agli italiani, ricostituendo la facoltà, dalla violenza distrutta. </text>
</document>
