<?xml version="1.0" encoding="UTF-8" standalone="no"?>
<document id="I.doc_430">
   <publication_date>1911-04-6</publication_date>
   <publication_place>
      <place_name>Trento</place_name>
      <place_latitude>46.0664228</place_latitude>
      <place_longitude>11.1257601</place_longitude>
   </publication_place>
   <keywords>
      <keyword score="32.17">luoghi di elezione</keyword>
      <keyword score="16.09">amici</keyword>
      <keyword score="14.38">notizia</keyword>
      <keyword score="12.84">comune</keyword>
      <keyword score="12.19">comitati</keyword>
      <keyword score="12.07">divisione</keyword>
      <keyword score="10.84">comitato</keyword>
      <keyword score="10.25">legge elettorale</keyword>
      <keyword score="9.45">preghiamo</keyword>
      <keyword score="9.06">capitanato</keyword>
      <keyword score="8.95">distrettuale</keyword>
      <keyword score="8.74">costituiti</keyword>
      <keyword score="8.14">elettorali</keyword>
      <keyword score="8.07">vennero</keyword>
      <keyword score="7.63">popolare</keyword>
      <keyword score="7.57">tardi</keyword>
      <keyword score="7.33">elezioni</keyword>
      <keyword score="7.21">distanza</keyword>
      <keyword score="7.21">perdere</keyword>
      <keyword score="7.18">domanda</keyword>
   </keywords>
   <genres>
      <genre>Quotidiani</genre>
   </genres>
   <text>La legge elettorale stabilisce che di regola è luogo di elezioni ogni comune locale. Però ove appaia opportuno, sia avuto riguardo all’estensione territoriale, sia al numero della popolazione, il capitanato distrettuale può stabilire che in un comune ci siano più luoghi di elezione e quindi più commissioni elettorali. Non è detto che questo debba venir domandato, tuttavia è bene che coloro i quali desiderassero la divisione di un comune in più luoghi di elezione ne facciano subito domanda a voce o in iscritto al capitanato distrettuale. Non c’è tempo da perdere, perché tale divisione richiede la divisione della lista elettorale comunale in liste di frazione. Richiamiamo su ciò l’attenzione di quei comitati locali che l’altra volta – troppo tardi – si sono lagnati della troppa distanza che dovevano superare gli elettori per giungere all’urna elettorale. Quest’anno converrà tener conto anche delle circostanze di stagione: lavori di campagna e bachi da seta. Preghiamo quindi gli amici di non perdere tempo e di fare subito la domanda. Nel 1907 in ogni comune e in ogni luogo elettorale vennero costituiti i comitati elettorali locali del partito popolare. Noi invitiamo gli amici a riconvocarli per la loro formale ricostituzione. In quei pochi luoghi, nei quali non vennero costituiti nel 1907 si costituiscano ora per le nuove, imminenti elezioni generali. Abbiamo notizia che gli avversari preparano l’attacco anche là, ove le speranze loro non possono essere grandi. Gli amici prevengano queste mosse, ristabilendo subito l’ordine di battaglia. Preghiamo quindi i fiduciari di darci notizia della costituzione, rispettivamente della ricostruzione del comitato locale al più tardi entro il 25 corrente. Quando il comitato resti composto delle persone che già possediamo nell’elenco del 1907, basta una cartolina d’avviso; se invece si fanno modificazioni occorrono i nomi dei membri, costituenti il comitato. Urgiamo che la cosa sia fatta presto, anche perché dobbiamo passare ai comitati delle comunicazioni importanti. La Direzione dell’Unione politica popolare. </text>
</document>
