<?xml version="1.0" encoding="UTF-8" standalone="no"?>
<document id="I.doc_464">
   <publication_date>1911-11-22</publication_date>
   <publication_place>
      <place_name>Trento</place_name>
      <place_latitude>46.0664228</place_latitude>
      <place_longitude>11.1257601</place_longitude>
   </publication_place>
   <keywords>
      <keyword score="22.51">comitato diocesano</keyword>
      <keyword score="12.55">società di coltura</keyword>
      <keyword score="11.26">unione politica popolare</keyword>
      <keyword score="11.26">condizioni locali</keyword>
      <keyword score="9.77">contadini</keyword>
      <keyword score="9.38">società economiche</keyword>
      <keyword score="7.86">ordine del giorno</keyword>
      <keyword score="7.5">previo accordo</keyword>
      <keyword score="7.5">cooperazione</keyword>
      <keyword score="7.5">organizzazione professionale</keyword>
      <keyword score="7.5">adunanza generale</keyword>
      <keyword score="5.81">propaganda</keyword>
      <keyword score="5.48">esistenti</keyword>
      <keyword score="5.44">propagandisti</keyword>
      <keyword score="5.11">classe</keyword>
      <keyword score="5.07">movimento</keyword>
      <keyword score="4.61">fondare</keyword>
      <keyword score="4.24">organizzazioni</keyword>
      <keyword score="4.07">funzioni</keyword>
      <keyword score="4.0">istruzione</keyword>
   </keywords>
   <genres>
      <genre>Discorsi Pubblici</genre>
   </genres>
   <text>[...] DEGASPERI [...] La questione viene studiata a lungo ed è in parte anche risolta , solo che è piuttosto necessario che mediante questo congresso e la nostra stampa gli amici conoscano bene il pensiero della Direzione. Dell’organizzazione professionale dei contadini i cattolici si occuparono già ai primordi della loro azione e il D.r Cappelletti nel congresso di Pergine presentò a suo tempo uno statuto per le Unioni professionali agricole. Di poi sporadicamente e per iniziative locali sorsero società che ebbero nome e scopo agricolo, come la lega della Valsugana, la lega degli agricoltori in Vallagarina, ecc. Altre società ebbero lo scopo di classe se non il nome. Quattro anni fa nel convegno di Bolognano convocato dal Comitato Diocesano si discusse la fondazione d’una società di classe per i contadini, mezzadri. Più tardi il D.r Carbonari nella maggior parte dei casi senza previo accordo colle nostre centrali, ma per iniziativa sua, cominciò la sua propaganda che si andò svolgendo poi anche in unione con altri propagandisti durante la lotta colla Lega d’Isera. Venne frattanto la campagna elettorale e in questo periodo non si ebbe naturalmente tempo di determinare i criteri più opportuni della propaganda; ma subito dopo in tre adunanze frequentatissime di fiduciari a Sacco, a Vezzano e a Ponte delle Arche, il Comitato Diocesano sottopose ai convenuti in gran parte contadini, la questione dell’opportunità e delle forma della nuova organizzazione. In tali occasioni l’oratore richiamò l’attenzione sui seguenti punti: È un errore il credere che la forza vitale del nostro movimento possa trovarsi nel modificare organizzazioni economiche esistenti o nel crearne di nuove. La vitalità dipende piuttosto dall’istruzione e dalla formazione delle coscienze e questa va fatta nelle società di coltura e d’istruzione esistenti o che si dovrebbero fondare. Bisogna distinguere tra le condizioni nostre particolari e quelle di altri paesi ove son sorte organizzazioni di classe pei contadini. In Tirolo p.es., nell’Austria superiore ed inferiore, il Bauernbund è essenzialmente politico e sostituisce quell’organizzazione che noi abbiamo nell’Unione politica popolare. In questo campo noi abbiamo quindi il compito non di fondare nuove società ma di organizzare più democraticamente e dare più larga base all’Unione politica popolare. In Baviera invece, p. es., e nelle altre provincie della Germania il Bauernbund è economico, cioè si occupa dello smercio e della compera dei generi di economia rurale. In tali paesi però non esiste una cooperazione del nostro indirizzo, cosicché le associazioni di contadini vengono colà ad esercitare solo una piccola parte delle funzioni che esercita la nostra cooperazione. In queste adunanze abbiamo conchiuso quindi che, in quanto ai loro scopi economici, le leghe non si presentano come necessarie. Se però per altre ragioni d’opportunità si ritenesse utile il promuoverle, si avvertisse bene, che non venissero a collidere con le funzioni e con l’ambito delle società economiche esistenti. Per soddisfare poi ad un eventuale bisogno di organizzazione di classe, che dopo accurato esame delle condizioni locali si ritenesse esistere in una data regione, venne consigliata l’organizzazione professionale ossia il sindacato agricolo di mestiere analogo a quello già esistente per gli operai industriali. Nacque così e con questo carattere, l’Alleanza dei contadini di Valle Lagarina della quale a suo tempo fu pubblicato nella Squilla il manifesto proclama. Lo stesso si fece per il bacino di Vezzano. Parallelamente il d.r Carbonari, in qualche caso per espresso incarico nostro, molte altre volte per iniziativa sua personale continuava la sua propaganda per le leghe dei contadini. Senza dubbio in tutto questo movimento non venne seguito sempre un criterio direttivo eguale, ma ritengo che l’adunanza generale non debba oramai decidere come principio se tali società si debbano fare o non fare; prima perché parte del problema è praticamente già risolto, secondo perché non è possibile applicare un principio generale a tutte le condizioni locali. Noi dobbiamo affermare alcuni criteri direttivi e poi imporre nella pratica a tutti i propagandisti che vogliono farsi iniziatori di tali società, di sottoporre all’esame di un organo a ciò stabilito, le condizioni particolari di ogni singolo caso. Per le società di carattere professionale è senz’altro chiamato a decidere il Comitato Diocesano mediante la sua Direzione o il suo Segretariato. Per le organizzazioni di carattere consorziale dovremmo pregare la Federazione dei consorzi che si assuma l’incarico di disciplinare tale movimento. Ma frattanto poiché si tratta anche dell’opportunità o meno di fondare l’uno o l’altro tipo, sarà meglio invitare i propagandisti e i fattori locali a rivolgersi senz’altro al Segretariato del Comitato Diocesano, il quale a seconda dei casi si rivolgerà per parere anche ad altre persone. L’oratore termina presentando un analogo ordine del giorno. [...] L’ordine del giorno L’adunanza generale del Comitato Diocesano, udita la relazione del d.r Mattei e dopo esauriente e animata discussione: 1. Raccomanda alle società operaie e ai circoli di lettura di intensificare nella imminente stagione invernale la loro opera di propaganda d’istruzione e di educazione popolare. 2. Richiama l’attenzione del Rev. Clero e dei direttori dell’azione cattolica locale sulla necessità che le società economiche mantengano lo spirito cristiano per il quale sono sorte e diano sostegno alle società di coltura. 3. Nell’istituzione di nuove società professionali od economiche raccomanda di tener presenti i seguenti punti: a) se la nuova società, date le condizioni locali sia opportuna; b) che in ogni caso la funzione della nuova società si coordini alle funzioni delle società già esistenti; c) che trattandosi di consorzi economici si ponga mente alle responsabilità che essi si assumono, avvertendo che sarebbe grave errore il non far tesoro delle esperienze già avute nel movimento cooperativo. 4. Viene ritenuto e richiesto in tale azione come doveroso il previo accordo col Comitato Diocesano rispettivamente col suo segretario. </text>
</document>
