<?xml version="1.0" encoding="UTF-8" standalone="no"?>
<document id="I.doc_219">
   <publication_date>1908-01-21</publication_date>
   <publication_place>
      <place_name>Trento</place_name>
      <place_latitude>46.0664228</place_latitude>
      <place_longitude>11.1257601</place_longitude>
   </publication_place>
   <keywords>
      <keyword score="50.21">occhio per occhio</keyword>
      <keyword score="50.21">dente per dente</keyword>
      <keyword score="41.84">italiana</keyword>
      <keyword score="17.7">candidatura</keyword>
      <keyword score="14.9">ristrettezza</keyword>
      <keyword score="13.36">salorno</keyword>
      <keyword score="12.91">signori</keyword>
      <keyword score="12.35">tedeschi</keyword>
      <keyword score="12.03">tedesca</keyword>
      <keyword score="11.42">partiti</keyword>
      <keyword score="10.97">maggioranza</keyword>
      <keyword score="8.37">gaudens</keyword>
      <keyword score="8.37">volksbundista</keyword>
      <keyword score="8.37">rodomontata</keyword>
      <keyword score="8.37">dietali</keyword>
      <keyword score="8.37">volksbund</keyword>
      <keyword score="8.37">antitaliana</keyword>
      <keyword score="8.37">consuetudinari</keyword>
      <keyword score="8.37">svieranno</keyword>
      <keyword score="8.37">tertium</keyword>
   </keywords>
   <genres>
      <genre>Quotidiani</genre>
   </genres>
   <text>Pare che anche questa volta in uno dei collegi dietali che furono sempre considerati perfino ufficialmente quale «parte italiana della provincia», si tenti di nuovo, per gli influssi degli oltrebrennero, di porre una candidatura tedesca o del genere volksbundista. Avvertiamo i signori tedeschi, e specialmente quei partiti che sono rappresentati nella direzione del Volksbund, che in politica applicheremo il principio: occhio per occhio, dente per dente! Se i signori direttamente o indirettamente favoriranno una candidatura antitaliana nel nostro territorio, gli italiani porranno un loro candidato nella parte tedesca. Non è una rodomontata; a Salorno e oltre Salorno, a Bolzano e più in fuori, a Livinallongo ed Ampezzo vi sono italiani; anzi, in qualche luogo, gli italiani formano la maggioranza. Il voto è segreto, e, se non potrà venire questa volta per il ritardo e più ancora per la ristrettezza del suffragio, può arrivare il momento, in cui una candidatura italiana sia arbitra fra i singoli partiti tedeschi. Occhio per occhio, dente per dente. Se preferite rimanere entro i confini consuetudinari, meglio per tutti: si eviteranno lotte inutili che infine non svieranno l’effetto previsto e condurranno forse alla vittoria internazionale del tertium gaudens, come è accaduto altra volta in casa nostra e fuori. </text>
</document>
