<?xml version="1.0" encoding="UTF-8" standalone="no"?>
<document id="I.doc_538">
   <publication_date>1913-02-25</publication_date>
   <publication_place>
      <place_name>Trento</place_name>
      <place_latitude>46.0664228</place_latitude>
      <place_longitude>11.1257601</place_longitude>
   </publication_place>
   <keywords>
      <keyword score="8.08">vita sociale</keyword>
      <keyword score="6.6">europa</keyword>
      <keyword score="6.08">paesi</keyword>
      <keyword score="4.97">internazionalismo</keyword>
      <keyword score="4.95">sociale</keyword>
      <keyword score="4.8">ritorniamo</keyword>
      <keyword score="4.54">idealismo</keyword>
      <keyword score="4.54">naturalismo</keyword>
      <keyword score="4.18">decadenza</keyword>
      <keyword score="4.13">egoismo</keyword>
      <keyword score="4.08">fratellanza</keyword>
      <keyword score="4.05">ventesimo</keyword>
      <keyword score="4.05">previdenza</keyword>
      <keyword score="3.99">cristianesimo</keyword>
      <keyword score="3.96">beneficenza</keyword>
      <keyword score="3.94">vuote</keyword>
      <keyword score="3.71">organismo</keyword>
      <keyword score="3.64">militare</keyword>
      <keyword score="3.6">potenza</keyword>
      <keyword score="3.59">deboli</keyword>
   </keywords>
   <genres>
      <genre>Quotidiani</genre>
   </genres>
   <text>Avrete letto che il Governo francese sta pensando se non gli convenga ritornare alla ferma militare di tre anni. Quest’annunzio non v’ha fatto l’effetto di un avvenimento sintomatico? Ritorniamo indietro dunque. Dopo mezzo secolo di propaganda antimilitarista e pacifista, dopo la corsa vertiginosa dell’internazionalismo attraverso il mondo, ci troviamo dunque oggi più diffidenti, più agguerriti che mai l’un contro l’altro? Avevamo avuto un lungo periodo di pace e di ricostituzione civile. Per quasi cinquant’anni ogni sforzo nazionale parve concentrarsi nell’intensificare e nel migliorare la vita sociale. Non s’è parlato che di rappresentanza proporzionale degli interessi, di protezione delle classi deboli, di equa distribuzione del benessere, e proprio negli ultimi anni si studiava e si preparava «l’assicurazione sociale», le pensioni per gli invalidi e per gli indigenti, la garanzia dei forti in favore dei deboli. Lo Stato si credeva così sicuro, che voleva intervenire ed in parte è intervenuto a rinforzare e completare i compiti della famiglia verso i suoi membri, non solo con riguardo al presente, ma anche in vista delle peripezie eventuali dell’avvenire. È l’epoca della beneficenza organizzata, della previdenza sistematica, dell’organizzazione sociale. Dalle discussioni sui paesi militari poi, era almeno derivata l’opinione generale che convenisse cercare i modi di renderli meno gravosi e meno sentiti e che almeno si dovesse tentare di abbreviarne la durata. La Francia marciò come sempre alla testa, e ridusse la ferma a due anni; seguivano altri paesi ed ultimamente, dopo molti studi e con molte attenuazioni, la riforma venne votata anche dalla Camera austriaca. Ora, quale indice di una situazione mutato, si presenta la minaccia della repubblica francese. È lo Stato ove governa la democrazia, il paese ove al ministero della guerra arrivano demagoghi radicali e tribuni socialisti. Che cosa sarà di altri Stati ove la potenza militare è l’ideale di un’educazione e la garanzia, a cui in mancanza di altre più sicure, sono tentati di ricorrere i dominanti? Ritorniamo dunque proprio indietro? All’epoca sociale seguirà proprio un’era imperialista e nazionalista? Troppi fatti si ripetono quotidianamente perché tale domanda non si presenti spontanea. Tutti gli Stati febbrilmente, senza tregua, rovinandosi fino al fallimento. La febbre ha invaso perfino i piccoli Stati neutri, come la Svizzera ed il Belgio. Beernaert è morto in tempo per non vedere anche il suo paese incamminarsi su una via non mai tentata. È come se ad un tratto fosse venuta meno in tutti la fede nelle convenzioni, nei trattati, nella forza del diritto ed ognuno avesse sentito il bisogno di tapparsi in casa rinserrandovisi con il catenaccio e barricandosi ad ogni apertura. Ci sentiamo più che mai stranieri gli uni agli altri, e fuori di noi vediamo i barbari come i greci nel periodo della loro civiltà. Come appaiono vuote ora le parole d’ordine «solidarietà umana», «fratellanza universale», predicateci in tutte le rivoluzioni politiche quasi un vangelo più naturale e più umano da sostituirsi al cristianesimo medioevale rinnegato. Come è nuda, come si rivela in tutto il suo crudo egoismo codesta Europa moderna, proclamatasi tante volte nei congressi e nelle esposizioni internazionali madre disinteressata dei progressi umani. E pure la mente si ribella al pensiero che la crisi manifestatasi negli ultimi anni e fattasi acuta negli ultimi mesi, diventi un male incurabile e letale. Uomini del secolo ventesimo che hanno tanto studiato e tanto esperimentata la vita sociale ed internazionale, non possono credere che la china su cui l’Europa va scivolando sia già la parabola discendente della nostra cultura e che ormai si pieghi verso la decadenza. Noi dobbiamo sperare che si tratti solo di una crisi passeggera, di un sussulto momentaneo che scuota ma non distrugga il presente organismo. Ci sono infine in fondo a questa vecchia Europa delle grandi forze morali da far rivivere e fruttare. Dietro le frasi vuote del moderno naturalismo sta ancora il grande patrimonio secolare dell’idealismo cristiano. Come attingendo ad esse si rifanno gli individui così si rinnovano le nazioni. Così l’Europa potrà celebrare il suo risanamento. Illusione? Può essere; ma, in fondo, senza illusioni la vita politica sarebbe insopportabile. </text>
</document>
