<?xml version="1.0" encoding="UTF-8" standalone="no"?>
<document id="I.doc_169">
   <publication_date>1907-01-12</publication_date>
   <publication_place>
      <place_name>Trento</place_name>
      <place_latitude>46.0664228</place_latitude>
      <place_longitude>11.1257601</place_longitude>
   </publication_place>
   <keywords>
      <keyword score="41.81">mons. b. delugan</keyword>
      <keyword score="29.13">alto adige</keyword>
      <keyword score="27.87">mons. delugan</keyword>
      <keyword score="20.91">clericali</keyword>
      <keyword score="15.16">giudicarie</keyword>
      <keyword score="14.62">interessi</keyword>
      <keyword score="11.55">obiezione</keyword>
      <keyword score="10.36">deputato</keyword>
      <keyword score="10.23">bisogni</keyword>
      <keyword score="9.64">unione</keyword>
      <keyword score="9.38">discussione</keyword>
      <keyword score="6.97">propugnando</keyword>
      <keyword score="6.97">intiero</keyword>
      <keyword score="6.97">suppletoria</keyword>
      <keyword score="6.74">osserviamo</keyword>
      <keyword score="6.51">rispettabilità</keyword>
      <keyword score="6.2">fiduciari</keyword>
      <keyword score="6.2">occupandosi</keyword>
      <keyword score="6.14">proclamata</keyword>
      <keyword score="6.14">solerte</keyword>
   </keywords>
   <genres>
      <genre>Quotidiani</genre>
   </genres>
   <text>L’Alto Adige di ieri sera apre la campagna per l’elezione suppletoria per la Dieta che prossimamente dovrà farsi nelle Giudicarie. L’organo radicale mette subito fuori di discussione l’on. Mons. B. Delugan , del quale ammette la rispettabilità, ma nega che possa sentire e rappresentare i bisogni e gli interessi della vallata, perché ad essa estraneo. La candidatura dell’on. Mons. B. Delugan non è ancora proclamata dall’Unione popolare trentina d’accordo con i fiduciari del collegio: è quindi fuori di luogo d’accettare la discussione su di un terreno che non è ancora dato. Solo osserviamo che l’obiezione dell’Alto Adige è molto debole. L’on. Mons. Delugan è ora deputato della V curia parlamentare , rappresenta quindi una larga cerchia d’interessi del Trentino intiero, comprese le Giudicarie. In via di fatto l’on. Delugan ha sempre corrisposto a questo suo compito, non solo propugnando interessi d’indole generale, ma occupandosi anche dei bisogni locali dei singoli collegi. E fra questi le Giudicarie non rimasero certo addietro. Riteniamo del resto che i giudicariesi sarebbero ben lieti d’avere un deputato così solerte; così attivo come l’on. Mons. Delugan. L’altra obiezione dell’Alto Adige trattarsi di un clericale e del presidente dell’unione clericale non farà più paura a nessuno. I cosiddetti clericali hanno dimostrato coi fatti d’essere un partito del lavoro, del progresso, della democrazia e di fronte ai fatti le vecchie frasi hanno perso il loro prestigio e il loro vigore. </text>
</document>
