<?xml version="1.0" encoding="UTF-8" standalone="no"?>
<document id="I.doc_467">
   <publication_date>1911-11-27</publication_date>
   <publication_place>
      <place_name>Trento</place_name>
      <place_latitude>46.0664228</place_latitude>
      <place_longitude>11.1257601</place_longitude>
   </publication_place>
   <keywords>
      <keyword score="15.27">questione del rincaro</keyword>
      <keyword score="12.49">prezzo dei prodotti</keyword>
      <keyword score="12.49">aumento dei salari</keyword>
      <keyword score="10.41">produzione</keyword>
      <keyword score="9.71">aumento</keyword>
      <keyword score="8.32">sistema</keyword>
      <keyword score="8.32">economiche</keyword>
      <keyword score="8.32">questione sociale</keyword>
      <keyword score="6.68">causa</keyword>
      <keyword score="6.67">prezzo</keyword>
      <keyword score="6.21">suolo</keyword>
      <keyword score="6.04">conferenziere</keyword>
      <keyword score="5.87">conferenza</keyword>
      <keyword score="4.48">cause</keyword>
      <keyword score="4.39">fenomeno</keyword>
      <keyword score="4.36">questioni</keyword>
      <keyword score="4.34">argomento</keyword>
      <keyword score="4.32">epoca</keyword>
      <keyword score="4.21">prodotti industriali</keyword>
      <keyword score="4.16">liberale</keyword>
   </keywords>
   <genres>
      <genre>Discorsi Pubblici</genre>
   </genres>
   <text>Ha fatto bene la direzione del Giovane Trentino a promuovere anche una conferenza che ci permettesse di assistere alla discussione di un problema di grande attualità e di somma importanza dal lato economico e sociale com’è la questione del rincaro. Né si sarebbe potuto trovare uno studioso più competente di questioni economiche, come ha saputo l’on. Degasperi trattare il difficile e complicato argomento con tanta chiarezza, con dati statistici veramente interessanti e con deduzioni logiche così evidenti. Le molte persone – ed erano tutte persone colte – che gremivano in sale il Circolo Sociale si sono rallegrate per questo nuovo genere di serate settimanali, istruttive e sommamente interessanti, nelle quali studiosi competenti intendono sviscerare questioni di attualità. Il Dott. Degasperi parlò ampiamente di questo doloroso fenomeno mostrandocelo sotto vari aspetti e cercando d’indagarne le cause. E la conferenza più che d’un rapido cenno sarebbe degna d’una larga ed esauriente relazione. Cercheremo di riassumere schematicamente. Il rincaro non è un fenomeno particolare d’uno Stato, ma universale, comune a tutta l’Europa come ai paesi transoceanici: le statistiche di 10 anni sono un quadro eloquente della sua generalità: il fenomeno si estende ai viveri ed ai prodotti industriali. E qui il conferenziere porta cifre eloquenti. Ci accontenteremo di dire che nella stessa America i prezzi della carne sono cresciuti del 32%; e l’aumento è parallelo negli stessi paesi ove non esistono dazi d’importazione, come in Inghilterra. Le cause del rincaro – La scuola classica le riferisce all’aumento della produzione aurifera e al conseguente rinvilimento del prezzo del denaro. Questa teoria si basa su due fatti storici. Nel periodo dal 1520 al 1600 si ebbe pure un grande rincaro, e fu quella un’epoca di grande produzione aurea. Il secondo fatto: l’epoca di Cavour. Essa fu celebre per il rialzo spaventoso dei prezzi dei viveri e dei prodotti. Ebbene, quell’epoca coincideva appunto con il maggiore sfruttamento delle miniere dell’Australia e della California, come il rincaro odierno coincide colla stragrande produzione delle miniere aurifere dell’Alasca. Ma sta invece il fatto che il denaro non dev’essere di tanto rinvilito: tutte le banche rialzano in fatti il tasso. La scuola rivoluzionaria vorrebbe vedere il rincaro nel protezionismo, nell’esistenza dei dazi di protezione per i prodotti del suolo o dell’industria, e si ragiona così: il venditore è indotto ad aumentare il prezzo del prodotto di quel tanto che equivale al dazio. Si deve però osservare che anche nei paesi liberisti, ove manca questo ipotetico coefficiente del rincaro, il rincaro si verifica egualmente. Altro argomento: l’aumento dei salari. Esso fa crescere il prezzo dei prodotti industriali. L’argomento è molto popolare, ma si nota però un fatto singolare: che parallelamente all’aumento dei salari si ha un forte aumento di rendibilità del capitale industriale; sicché invece d’una depressione industriale ed economica, si ha un aumento della ricchezza mobile che si vede nell’aumento delle emissioni. E questo aumento di rendibilità si verifica in tutte le industrie i cui prodotti sono rincariti: si è spesso triplicata la produzione e dividendi. La questione dei salari costituisce un circolo vizioso. Una causa ammessa da molti, una causa generale è il cambiamento della coltura del suolo da estensiva a intensiva. Fino a pochi anni fa, cioè, la produzione agraria era basata sulla coltivazione di grandi estensioni di suolo: ora invece si basa sulla coltivazione intensiva. Questo richiede maggiori spese, che si riflettono poi sul prezzo dei prodotti. Accenna in questo nesso al socialismo agrario: ed alla tassazione del plusvalore del suolo. Altra causa: il rincaro delle abitazioni e l’aumento del valore delle aree di costruzione. C’è dell’ingiustizia in questo rincaro in quanto che le case nuove, fornite di tutti i comodi, d’aria e di luce, fanno base per il prezzo dei quartieri vecchi. Ma una delle cause che dobbiamo accettare tutti è quella che si riferisce agli aumentati bisogni. Il conferenziere la rende evidente con un esempio praticissimo: «Entrate in un’osteria di montagna buttata lì alla vecchia: con poco vi sazierete. Entrate invece in un hotel, e qui dovrete spendere il doppio per sfamarvi: ma qui però avrete tutto quel comfort che corrisponde all’igiene, al progresso. Il progresso dunque è per se stesso una causa del rincaro. Altra causa è nell’essenza del sistema capitalista liberale. Esso s’ispira alla teoria della libera concorrenza. La base è errata. Non meno errato è il sistema socialista. Questo combatte, è vero, il sistema liberale; ma in nome di principii materiali. Invece la base di tutto dovrebbe essere il principio morale. E qui si riaffaccia più imponente che mai la questione sociale. Nel sistema economico si dibattono le grandi questioni morali». L’oratore fa qui un appello ai giovani per lo studio della questione sociale e per la rinascita dei nostri studi. Il conferenziere passa quindi a parlare della questione del rincaro nei rapporti del parlamento, riassumendo il dibattito e spiegando l’ultima votazione. </text>
</document>
