<?xml version="1.0" encoding="UTF-8" standalone="no"?>
<document id="I.doc_17">
   <publication_date>1902-02-22</publication_date>
   <publication_place>
      <place_name>Trento</place_name>
      <place_latitude>46.0664228</place_latitude>
      <place_longitude>11.1257601</place_longitude>
   </publication_place>
   <keywords>
      <keyword score="23.33">comitato</keyword>
      <keyword score="22.7">maggioranza</keyword>
      <keyword score="18.72">sottoscritto</keyword>
      <keyword score="17.32">altenburgher</keyword>
      <keyword score="15.6">baron</keyword>
      <keyword score="13.93">pretesto</keyword>
      <keyword score="13.15">cattolica</keyword>
      <keyword score="12.89">resistenza</keyword>
      <keyword score="12.25">dimissioni</keyword>
      <keyword score="11.83">noto</keyword>
      <keyword score="8.66">regnò</keyword>
      <keyword score="8.66">fraternité</keyword>
      <keyword score="8.66">clericale</keyword>
      <keyword score="8.66">idea</keyword>
      <keyword score="8.66">liberté</keyword>
      <keyword score="8.66">scissura</keyword>
      <keyword score="8.08">addotti</keyword>
      <keyword score="7.8">parve</keyword>
      <keyword score="7.8">protestando</keyword>
   </keywords>
   <genres>
      <genre>Quotidiani</genre>
   </genres>
   <text>Vienna, 20 febbraio. Liberté... fraternité! Come è noto, nel comitato pro questione universitaria, era rappresentata anche l’Unione cattolica; o finché fu in vista l’avversario comune, e la meta parve vicina, regnò anche la concordia, almeno apparentemente. È noto però ancora che prima delle ferie natalizie si era tentato invano di costringere il clericale a ritirarsi; la maggioranza dopo lungo dibattito aveva dato ragione a lui. Ora l’idea ha fatto strada; e prendendo a pretesto (pretesto: è la mia intima persuasione) la scissura avvenuta durante le vacanze, che ognuno sa da chi fu promossa, si chiesero di nuovo per mezzo dello studente baron Altenburgher le mie dimissioni. Il sottoscritto giudicando inutile e senza esito un’ulteriore resistenza, fece pervenire al presidente del comitato il seguente scritto: «Secondo quello che mi riferisce il membro del comitato baron Altenburgher, la gran maggioranza è contraria a che il sottoscritto rappresenti più oltre nel comitato gli studenti della società cattolica. Il sottoscritto, pur protestando di non riconoscere affatto i motivi addotti, e riservandosi ulteriori commenti, rassegna con ciò le sue dimissioni. A. Degasperi» </text>
</document>
