<?xml version="1.0" encoding="UTF-8" standalone="no"?>
<document id="I.doc_51">
   <publication_date>1903-08-22</publication_date>
   <publication_place>
      <place_name>Trento</place_name>
      <place_latitude>46.0664228</place_latitude>
      <place_longitude>11.1257601</place_longitude>
   </publication_place>
   <keywords>
      <keyword score="38.83">associazione universitaria</keyword>
      <keyword score="29.13">amici</keyword>
      <keyword score="19.42">popolo</keyword>
      <keyword score="19.42">cattolico</keyword>
      <keyword score="17.01">trentino</keyword>
      <keyword score="14.75">cattolica</keyword>
      <keyword score="13.29">colleghi</keyword>
      <keyword score="13.29">importanza</keyword>
      <keyword score="12.29">presenza</keyword>
      <keyword score="11.94">società</keyword>
      <keyword score="9.71">programma</keyword>
      <keyword score="9.71">mano</keyword>
      <keyword score="9.71">rincuori</keyword>
      <keyword score="9.39">ridente</keyword>
      <keyword score="9.07">rinforzate</keyword>
      <keyword score="8.74">geniali</keyword>
      <keyword score="8.74">accademiche</keyword>
      <keyword score="8.48">mirabile</keyword>
      <keyword score="8.37">solennità</keyword>
   </keywords>
   <genres/>
   <text>Appello! Ai colleghi, agli amici, alle società cattoliche Per la sesta volta l’associazione universitaria vi chiama ad uno di quei geniali convegni, che andarono via via col crescere e fiorire delle società accademiche aumentando d’importanza e di solennità per la causa cattolica e il movimento nostro. Anche quest’anno vogliamo confermare pubblicamente i nostri presupposti, fare una rassegna delle nostre file rinforzate in modo mirabile, stringere la mano agli amici e rinnovare il patto che ci stringe alle organizzazioni democratiche cristiane e al popolo cattolico del Trentino. Colleghi ed amici! Quest’anno è la ridente borgata di Caldonazzo, che agli 8 settembre ci farà lieto accoglimento. Nessuno manchi, e la presenza e l’adesione di tutti i cattolici trentini ci rincuori alla lotta per i nostri principi e al lavoro per il popolo trentino! Il programma del convegno che avrà un’impronta speciale di popolarità per l’inaugurazione del «Giovane Trentino», verrà comunicato fra breve. Trento, 20 agosto 1903. Per l’Associazione universitaria cattolica trentina A. DEGASPERI Giovanni Decarli Presidente. Segretario. </text>
</document>
