<?xml version="1.0" encoding="UTF-8" standalone="no"?>
<document id="I.doc_33">
   <publication_date>1902-12-4</publication_date>
   <publication_place>
      <place_name>Trento</place_name>
      <place_latitude>46.0664228</place_latitude>
      <place_longitude>11.1257601</place_longitude>
   </publication_place>
   <keywords>
      <keyword score="61.3">università</keyword>
      <keyword score="61.3">studenti italiani</keyword>
      <keyword score="38.31">italiane</keyword>
      <keyword score="35.13">innsbruck</keyword>
      <keyword score="30.65">enti morali</keyword>
      <keyword score="29.3">stipendi</keyword>
      <keyword score="15.33">intervento</keyword>
      <keyword score="13.21">adoperarsi</keyword>
      <keyword score="11.93">universitaria</keyword>
      <keyword score="11.69">vienna</keyword>
      <keyword score="10.31">studenti</keyword>
      <keyword score="10.16">azione</keyword>
      <keyword score="9.92">governo</keyword>
      <keyword score="7.66">riguado</keyword>
      <keyword score="7.66">sieno</keyword>
      <keyword score="7.66">programma</keyword>
      <keyword score="7.66">abitazione</keyword>
      <keyword score="7.66">scambiatesi</keyword>
      <keyword score="7.66">deliberarono</keyword>
      <keyword score="7.41">adunanze</keyword>
   </keywords>
   <genres>
      <genre>Quotidiani</genre>
   </genres>
   <text>Vienna, 2. Le unioni accademiche cattoliche italiane di Innsbruck e di Vienna, scambiatesi le reciproche discussioni, tenute in separate adunanze circa la questione universitaria, di comune accordo deliberarono un programma d’azione incaricando l’Associazione universitaria triestina a volerlo dettagliatamente formulare e passarlo alla stampa. Il fine dell’azione è il raggiungimento di una università italiana a Trieste. Mezzo precipuo fu ritenuto l’intervento numeroso degli studenti italiani dell’Austria all’Università di Innsbruck. Per favorire il più possibile questo intervento si votarono come più pratici ed opportuni i seguenti mezzi; 1) Adoperarsi direttamente e indirettamente per mezzo dei deputati italiani per il trasferimento ad Innsbruck di stipendi esistenti in altre università o almeno degli stipendi attualmente goduti nelle stesse da studenti italiani. 2) Adoperarsi perché gli stipendi creati da comunità o da enti morali per studenti accademici italiani, sieno condizioni d’ora innanzi alla frequentazione dell’Università di Innsbruck. 3) Eccitare con tutte le forze il Governo e la Provincia a fondare in Innsbruck nuovi stipendi per gli studenti italiani di tutte le facoltà. 4) Procurare altresì che i comuni e gli enti morali italiani passino alla fondazione di stipendi temporanei condizionati come ad 2). 5) Rivolgersi al Governo e con caldo appello a tutti i connazionali, perché efficacemente venga agevolata la dimora degli studenti italiani in Innsbruck, sia riguado alla abitazione (casa degli studenti) sia riguardo al sostentamento. </text>
</document>
