<?xml version="1.0" encoding="UTF-8" standalone="no"?>
<document id="I.doc_155">
   <publication_date>1906-11-19</publication_date>
   <publication_place>
      <place_name>Trento</place_name>
      <place_latitude>46.0664228</place_latitude>
      <place_longitude>11.1257601</place_longitude>
   </publication_place>
   <keywords>
      <keyword score="22.92">popolo italiano</keyword>
      <keyword score="17.19">clericali</keyword>
      <keyword score="11.46">popolo</keyword>
      <keyword score="11.46">sessantaquattresimo</keyword>
      <keyword score="11.46">confessionale</keyword>
      <keyword score="9.53">maturo</keyword>
      <keyword score="8.88">abbondanza</keyword>
      <keyword score="8.29">attenti</keyword>
      <keyword score="7.86">articolo</keyword>
      <keyword score="7.58">chiesa</keyword>
      <keyword score="5.73">amici</keyword>
      <keyword score="5.73">illuminiamo</keyword>
      <keyword score="5.73">pergamo</keyword>
      <keyword score="5.73">intiero</keyword>
      <keyword score="5.73">confidavano</keyword>
      <keyword score="5.73">cristianissimi</keyword>
      <keyword score="5.73">educhiamolo</keyword>
      <keyword score="5.73">programmatico</keyword>
      <keyword score="5.73">solidarietà</keyword>
   </keywords>
   <genres>
      <genre>Quotidiani</genre>
   </genres>
   <text>Il Messaggero roveretano di sabato 17 novembre pubblica al posto d’onore un articolo contrassegnato D.r L. S. circa il «Kanzelparagraph» che meriterebbe d’essere riprodotto per intiero. I buoni roveretani, i quali confidavano che il loro giornale sarebbe di tinta moderata, sono ora serviti a dovere, ed è inesplicabile come taluno di sentimenti cattolici possa sopportare simili attacchi per amore del colorito locale. Dell’articolo purtroppo non possiamo dare che la conclusione. Eccola: «Essi (i clericali) dicono: voi eretici concionate il popolo nelle adunanze, noi cristianissimi lo illuminiamo dal pergamo e nel confessionale. Il tempio di Dio (quantunque nel Vangelo ciò non sia scritto) può benissimo, a di lui gloria, trasformarsi in comizio chiuso». Ce lo ha insegnato papa Pio X che a Venezia, lui imperante, nella chiesa di S. Giovanni e Paolo, col lusso di musiche e bandiere, e con abbondanza di fioriti discorsi, inaugurava anni or sono i lavori del Patronato agitatore dell’idea clericale per tutta Italia. Nessuna meraviglia pertanto, i colleghi dell’Alto Adige, ma uniamoci tutti, con ferma fede ed attività di lavoro, per opporci tutti a questo oltracotante clericalismo nel già sfruttato Trentino. Non è ancora maturo il popolo italiano per adoperare la scopa di Francia! Ma educhiamolo almeno che, quando sarà fatto conscio di sé saprà dire la sua sovrana parola». Notino gli amici due cose: l’appello alla solidarietà agli anticlericali d’ogni sorta, e poi il desiderio programmatico contenuto nell’ultimo sospiro ove si deplora che il popolo italiano non sia ancora maturo per inaugurare la lotta colla Chiesa come si fa in Fancia e si propone di educare il popolo, perché diventi degno dei... giacobini francesi! Attenti al bloc , attenti all’educazione dei nostri Clemenceau in sessantaquattresimo! </text>
</document>
