<?xml version="1.0" encoding="UTF-8" standalone="no"?>
<document id="I.doc_300">
   <publication_date>1909-03-8</publication_date>
   <publication_place>
      <place_name>Trento</place_name>
      <place_latitude>46.0664228</place_latitude>
      <place_longitude>11.1257601</place_longitude>
   </publication_place>
   <keywords>
      <keyword score="15.48">camera</keyword>
      <keyword score="12.44">collegi</keyword>
      <keyword score="11.03">candidature</keyword>
      <keyword score="9.57">maggioranza</keyword>
      <keyword score="7.3">indicandolo</keyword>
      <keyword score="7.3">popolo</keyword>
      <keyword score="7.3">sbagliarci</keyword>
      <keyword score="7.3">socialisti</keyword>
      <keyword score="7.3">elemento</keyword>
      <keyword score="7.3">idea</keyword>
      <keyword score="7.3">certissima</keyword>
      <keyword score="7.3">cattolici</keyword>
      <keyword score="7.06">decimati</keyword>
      <keyword score="7.06">giolitti</keyword>
      <keyword score="7.06">massoni</keyword>
      <keyword score="7.06">accanitamente</keyword>
      <keyword score="6.82">ballottaggi</keyword>
      <keyword score="6.5">votarono</keyword>
      <keyword score="6.5">lavorarono</keyword>
   </keywords>
   <genres>
      <genre>Quotidiani</genre>
   </genres>
   <text>Ieri si è combattuta in tutta Italia – in molti luoghi accanitamente, in moltissimi con non grande entusiasmo – la battaglia per la rielezione dei deputati. È troppo presto oggi per avere un’idea esatta della fisionomia che avrà la nuova Camera, e perciò per dare un giudizio sintetico sulla lotta di ieri. Di una gran parte dei collegi ci mancano i risultati, ed inoltre vi saranno anche i ballottaggi di domenica prossima, i quali potranno arrecare delle sorprese. Una cosa è certissima fin d’ora, la Camera non sarà molto diversa dall’antecedente e Giolitti ha la sua maggioranza sicura. Se uno spostamento vi sarà, crediamo di non sbagliarci indicandolo verso destra. È vero che i socialisti entreranno rafforzati nella nuova Camera, e mentre nella passata legislatura erano 20 in questa arriveranno forse a una quarantina, ma per compenso sono decimati i radicali e i massoni. Anche i repubblicani che erano 20 sembra non abbiano mantenute tutte le loro posizioni. I cattolici, i quali com’è noto votarono con permesso dell’autorità ecclesiastica in numerosi collegi per appoggiare le candidature dell’ordine, e furono elemento preziosissimo, si sono pure affermati brillantemente dove avevano poste candidature proprie. Il successo da essi ottenuto è veramente splendido, tanto più che quasi dappertutto vinsero colle solo loro forze, e in genere si può constatare che dovunque essi lavorarono sul terreno pratico, in mezzo al popolo, sono i padroni della situazione. </text>
</document>
