<?xml version="1.0" encoding="UTF-8" standalone="no"?>
<document id="I.doc_412">
   <publication_date>1911-01-16</publication_date>
   <publication_place>
      <place_name>Trento</place_name>
      <place_latitude>46.0664228</place_latitude>
      <place_longitude>11.1257601</place_longitude>
   </publication_place>
   <keywords>
      <keyword score="24.95">direzione</keyword>
      <keyword score="18.52">u.p.p.</keyword>
      <keyword score="18.52">progetto</keyword>
      <keyword score="13.12">rappresentanza</keyword>
      <keyword score="13.09">camera</keyword>
      <keyword score="13.06">conferenza</keyword>
      <keyword score="12.81">unione</keyword>
      <keyword score="11.74">politica</keyword>
      <keyword score="11.68">legge</keyword>
      <keyword score="11.47">fronte</keyword>
      <keyword score="9.26">costituzione</keyword>
      <keyword score="9.26">tantosto</keyword>
      <keyword score="9.26">dietale</keyword>
      <keyword score="9.26">economici</keyword>
      <keyword score="9.26">italiani</keyword>
      <keyword score="8.95">impedita</keyword>
      <keyword score="8.95">rimettendosi</keyword>
      <keyword score="8.95">riconvocazione</keyword>
      <keyword score="8.47">riafferma</keyword>
   </keywords>
   <genres>
      <genre>Quotidiani</genre>
   </genres>
   <text>La direzione dell’Unione politica popolare si raccolse nel pomeriggio di sabato a conferenza. Esaminata la situazione parlamentare di fronte al nuovo ministero ed in vista dell’imminente riconvocazione della Camera, l’Unione politica 1) insiste perché la commissione del bilancio entri immediatamente nel suo ordine del giorno, tratti ed approvi, colle note modificazioni richieste dagli italiani, il progetto della facoltà giuridica. 2) nella fiducia che la Camera non venga ulteriormente impedita nella sua attività per gli interessi economici delle lotte nazionali fra tedeschi e slavi, attende che il nuovo governo presenti tantosto il progetto di legge per le ferrovie locali, corrispondente anche ai bisogni del Trentino. La direzione votò inoltre le seguenti risoluzioni che riguardano questioni di attualità: La Direzione dell’U.P.P. richiede che nell’attuazione della legge dietale sul concorso forestieri, tanto riguardo ai contributi quanto nella costituzione degli uffici, vengano osservati rigorosamente i principi dell’equità e, rispettivamente, dell’equiparazione nazionale. La Direzione dell’U.P.P., rimettendosi ai cittadini di Trento, suoi consenzienti, per decisioni immediate di fronte alle elezioni comunali della città, riafferma con tutta l’energia il postulato della rappresentanza proporzionale. </text>
</document>
