<?xml version="1.0" encoding="UTF-8" standalone="no"?>
<document id="I.doc_546">
   <publication_date>1913-05-10</publication_date>
   <publication_place>
      <place_name>Trento</place_name>
      <place_latitude>46.0664228</place_latitude>
      <place_longitude>11.1257601</place_longitude>
   </publication_place>
   <keywords>
      <keyword score="10.93">fiemme</keyword>
      <keyword score="7.84">egna</keyword>
      <keyword score="7.76">avisiana</keyword>
      <keyword score="7.15">trento</keyword>
      <keyword score="6.8">lavis</keyword>
      <keyword score="6.34">trattative</keyword>
      <keyword score="5.66">proposta</keyword>
      <keyword score="5.66">comunità generale</keyword>
      <keyword score="5.64">cembra</keyword>
      <keyword score="4.64">predazzo</keyword>
      <keyword score="4.24">dichiarazione di massima</keyword>
      <keyword score="3.99">conferenza</keyword>
      <keyword score="3.89">linea di san lugano</keyword>
      <keyword score="3.81">comitato</keyword>
      <keyword score="3.78">consesso</keyword>
      <keyword score="3.77">münz</keyword>
      <keyword score="3.71">maggioranza</keyword>
      <keyword score="3.66">governo</keyword>
      <keyword score="3.57">grumes</keyword>
      <keyword score="3.47">udienza</keyword>
   </keywords>
   <genres>
      <genre>Discorsi Pubblici</genre>
   </genres>
   <text>[...] Si è affermato anche nel recente comizio che la questione di Fiemme ha un carattere generale riguardante il paese, la nazione. Accettando questo criterio e non esagerando converremo tutti che essa almeno è una questione la quale riguarda Trento come capitale del paese ed un complesso di relazioni morali e di vincoli economici fra questa capitale e due importanti vallate. Da questo largo punto di vista e non da quello semplicemente dell’interesse locale abbiamo il diritto ed il dovere di riguardare quindi il problema, anche come consiglieri comunali di Trento ed in ogni caso quali rappresentanti politici del paese. La proposta Lavis-Cembra ed Egna-Predazzo, fatta dai liberali Premesso questo, ricorda brevemente il compromesso di Bolzano, le trattative del dicembre 1911, le susseguenti trattative prima e durante la sessione dietale, per una parziale attuazione del compromesso, le trattative per la Lavis-Grumes, infine la proposta Pinalli per la Lavis-Cembra e la Egna- Predazzo. Questa proposta venne fatta a nome della deputazione trentina, popolare e liberale, sia di fronte alla maggioranza tedesca che al Governo. Di fronte a questi fattori essa rappresentò fin d’allora la concessione massima che gli italiani avrebbero fatto e che subivano perché si trovavano di fronte alla volontà del governo, all’opposizione dei tedeschi e al volere della valle di Fiemme. La proposta venne fatta per salvare il salvabile e per riservarsi la possibilità della futura continuazione della Lavis-Cembra. Solo perché i tedeschi sia col pretendere un tipo di costruzione inferiore di tale tratto di linea, sia coll’esigere un’ingerenza nella Egna-Predazzo volevano torci anche la possibilità avvenire della continuazione della Lavis-Cembra, scoppiò in Dieta l’ostruzione. Dopo la chiusura della Dieta, fu giuocoforza che i deputati parlamentari riprendessero le trattative col Governo: lo voleva già il fatto che alla Dieta bisognava, pur un giorno o l’altro venire ad una conclusione pratica e la circostanza che in Fiemme la nuova rappresentanza della Comunità generale costituiva un comitato tramviario coll’incarico di venire ad una finanziazione della ferrovia. Le trattative del Comitato in Fiemme, in maggioranza liberale per la Egna-Predazzo Che questa fosse la linea di S. Lugano non era dubbio per chi conosceva le tendenze fiemmesi, rinforzate dalle delusioni patite nelle trattative per l’avisiana coll’amministrazione democratica di Trento. Ciò apparve manifesto quando si seppe che il comitato tramviario trattava sia col signor Felice Oss-Mazzurana sia col baron Sternbach per la Egna Predazzo. Al primo allarme dell’Alto Adige, noi avvertimmo allora che il comitato era composto in maggioranza di liberali-nazionali e che quindi al partito dell’Alto Adige sarebbe stato forse facile d’intendersela. Intanto era urgente che i deputati insistessero a Vienna per avere dal governo offerte impegnative, appunto perché se frattanto fosse intervenuto un pronunziamento pubblico dei fiemmesi in favore della linea di San Lugano, sarebbe stata indebolita la posizione di chi cercava raggiungere qualche cosa sull’avisiana. Ai 23 maggio comunicai lo stato delle trattative alla Comunità generale, pregando che si volessero attendere i passi dei deputati i quali, senza impegnarsi per conto di nessuno, si sforzavano di ottenere una base concreta da presentare ai fattori competenti. Già allora eravamo ridotti sulla base Egna- Moena e Lavis-Cembra, ma il governo rimaneva duro nel proposito di dare per la linea di Egna solo un contributo in azioni di fondazione e lasciarla poi fare e gestire dal comitato di Bolzano e da parte dell’Avisio, voleva costruire il tratto fino a Cembra con un tipo assai ridotto. Di queste trattative diedi sempre informazioni vocali al podestà di Trento e l’on. Conci ne informò i comuni di Cembra. Ai 28 maggio ebbe luogo ad Egna un convegno di interessati dei comuni dell’alto Adige (sic). Le pubblicazioni che ne seguirono, l’appello rivolto da tale convegno ai fiemmesi, che fu poi largamente diffuso nella valle provocarono una reazione a Trento con una relativa discussione e deliberazione in Municipio. Il volere della Comunità. Frattanto io avevo ricevuto dalla Comunità una comunicazione in cui mi si avvertiva che «la popolazione fiemmese e la comunità generale vogliono quanto prima una congiunzione tramviaria né pensano a rinunziarvi sino al momento, in cui lo Stato e la Provincia appoggeranno la costruzione della linea avisiana. L’attuale Presidenza e l’attuale Comitato agiranno certo in tali sensi convinti che la protrazione della vertenza tramviaria non sia più assolutamente compatibile cogli interessi di Fiemme». Fu perciò che in Municipio, quando di quei giorni si voleva limitarsi ad affermazioni generiche proposi che si entrasse subito in trattative concrete colla comunità generale. Sorpassiamo le trattative coll’ing. Münz ch’ebbero luogo ai primi di giugno. Io lo mandai al Podestà ed a questa circostanza accenno per ricordare come anche allora ponevo mente a tutti i possibili miglioramenti della base governativa, giacché il Münz proponeva di fare nuovi studi e progetti, edificando sulla base Lavis-Cembra ed Egna-Predazzo che supponeva potessimo raggiungere. E veniamo alla conferenza dei 7 giugno in Municipio, presenti i delegati di Fiemme D.r Deleonardi, Fr. Giacomelli, podestà di Predazzo e Pettena capocomune di Moena. Dichiarazioni dei fiemmesi a Trento. In quella seduta alle sollecitazioni di Trento i delegati di Fiemme risposero con una comunicazione scritta nella quale reclamavano l’urgenza della ferrovia ed enumeravano i danni patiti per la sua mancanza, dicevano che Fiemme non può aspettare più oltre e che «ritengono che le lunghe trattative di vent’anni hanno dimostrato per l’accanita opposizione dei tedeschi, anche recentemente confermata, che è impossibile ottenere per l’avisiana contributi dallo Stato e dalla Provincia, credono quindi giunto il momento di provvedere in altro modo ad una congiunzione tramviaria, salvi sempre il carattere nazionale e l’indipendenza economica della valle». Tuttavia anche per l’avisiana lasciavano al Municipio di Trento un «brevissimo tempo», prima per fissare i suoi contributi, secondo per provocare dallo Stato una dichiarazione di massima sul suo atteggiamento. Si riservavano però frattanto piena libertà di azione. In quella conferenza il D.r. Deleonardi con grande calore ed energia, ripetutamente e replicando all’on. Viesi dichiarò che la linea di Egna non avrebbe portato nessun pregiudizio nazionale ai fiemmesi. Il deputato Battisti esprimeva allora con molta sicurezza la sua opinione che il governo in ogni caso non avrebbe contribuito né per la linea S. Lugano né per l’avisiana ma avrebbe turlupinato tedeschi ed italiani. Il voto del Consesso In seguito ad altre comunicazioni fatte dai deputati alla Comunità, in cui si assicurava che le trattative col Ministero continuavano, in data 16 giugno la Comunità mi scriveva essere stato riferito in pieno Consesso sullo stato delle cose e sulle mie comunicazioni ed il Consesso «nel mentre approvò l’operato del Comitato (tramviario) e lo incaricò di continuare, d’accordo cogli on. deputati della valle, le trattative, trovò di applaudire all’attività da lei spiegata in questa vertenza». Segue l’invito a sollecitare la conclusione. Accenno a questo, perché più tardi qualche membro del consesso fingerà di non saper nulla di nulla e mi accuserà d’aver mantenuto una corrispondenza segreta colla Presidenza. Intanto Trento portava il suo contributo per l’avisiana o per il compromesso e rispondeva alla Comunità di non voler provocare da sola una dichiarazione di massima del Governo, ma di voler prima accordarsi in Fiemme sui contributi della Comunità generale e poi presentarsi assieme al Ministero. Alle trattative in Cavalese non partecipai perché trattenuto a Vienna, ma il mio atteggiamento d’allora fu molto chiaro e molto logico. Ripetutamente in lettere e telegrammi lunghissimi eccitai la Comunità a votare per l’avisiana e per il compromesso, pur descrivendo il vero stato delle cose e lasciando capire che avevo ben poca speranza sul raggiungimento dell’una e di tutto l’altro. Tuttavia, l’affermazione per l’avisiana, scrissi, è un doveroso atto di solidarietà trentina, il sostenere il compromesso una buona tattica per migliorare più che fosse possibile la posizione di chi trattava col governo. Le mie lettere e i miei telegrammi giacciono nell’archivio della Comunità, ognuno può consultarli e dedurne l’onestà e la sincerità della mia condotta. Il contegno dell’on. Degasperi Un bel giorno ricevetti un telegramma della presidenza della Comunità che chiedessi un’udienza al ministro delle ferrovie; credetti trattarsi dell’ideata conferenza comune di Fiemme e Trento e domandai e feci fissare l’udienza. Ma poco dopo mi si telegrafò chiedendo che l’udienza venisse rimandata, perché non s’era concluso con Trento. Che io in questa faccenda dell’udienza ho agito lealmente basta a dimostrarlo la circostanza che ne avvertii il podestà di Trento e ne feci comunicazione al D.r. Battisti. L’accusarmi d’imbrogli, come s’è fatto nel comizio recente, è aperta slealtà . Presentatomi al Ministro, questi un po’ seccato per tale altalena, mi disse sulle prime di non avere altro tempo a disposizione, poi stabilì che non avrebbe concessa l’udienza al più tardi del giovedì. Poi incominciavano le vacanze. Tengo ancora il biglietto del ministro. Telegrafai allora alla Comunità generale, invitandola ad affrettare le sue risoluzioni ed a venire poi a Vienna, assieme a Trento, che pregai venisse invitato dalla Comunità stessa mentre io lo facevo avvisare anche per mezzo dell’on. Battisti. Nel mio telegramma dicevo che sollecitassero eventualmente a convocare il consesso, quantunque io a questo non ci tenessi molto, primo perché di fronte al Ministero bastava una dichiarazione del comitato tramviario, secondo perché temevo che il consesso potesse anche negare il proprio voto all’avisiana. Si venne così alla conferenza del 5 luglio nel ministero delle ferrovie. Il giorno prima ci eravamo raccolti ad una conferenza nel club parlamentare italiano. Si durò grande fatica a persuadere i delegati di Fiemme a fare almeno una dichiarazione di massima per l’avisiana o per il compromesso, dichiarando essi che a simili impegni il consesso non avrebbe data la sua sanatoria. Temevano evidentemente una tattica dilatoria. Si andò infine d’accordo che il Podestà di Trento avrebbe aggiunto al suo memoriale che anche Trento chiedeva una pronta evasione con riguardo alla prossima presentazione del progetto legge sulle ferrovie locali e che io, quale deputato di Fiemme, m’avrei assunto la responsabilità di dichiarare innanzi al ministro che Fiemme sarebbe disposta a finanziare anche l’avisiana. Così avvenne. L’esito della conferenza è noto. Il ministro fece la proposta Egna-Predazzo e Lavis-Cembra in termini però molto più generali e con molto minor certezza sul modo e tempo di costruzione, di quello che abbiamo oggi. Su domanda del presidente della Comunità, il ministro rispose che voleva una risposta entro i 15 luglio. Dopo la proposta del Ministro Il giorno dopo, partiti i delegati di Fiemme, ci radunammo al club italiano e qui i delegati di Trento Cappelletti e Cristofolini convennero che, date le circostanze, fare una politica negativa non convenisse; essere ancora il miglior partito quello di tentare di garantire e migliorare la base governativa. Ritornati a Trento, agli 8 luglio si tenne una sessione privata in Municipio per deliberare sul da farsi. I delegati della comunità che, frattanto, avevamo pregato di tacere, telegrafavano di voler esserne disimpegnati, perché la popolazione voleva sapere il risultato del viaggio e m’invitavano a recarmi in Fiemme ad assistere alla seduta del consesso. Nella sessione confidenziale Cappelletti, Cristofolini, Bertolini , espressero l’opinione che di fronte a due valli non era consigliabile fare un bel gesto negativo che ponesse il seme della discordia fra i trentini. Zippel disse che si dovrebbe tentare la Lavis-Grumes; che nelle attuali circostanze dolorose però forse la cosa sarebbe tollerabile se si escludesse Bolzano dalla finanziazione della Egna-Predazzo. Battisti dichiarò che come socialista al Parlamento si trovava in tale posizione di fronte alla deputazione italiana, ch’egli potrebbe fare solo un’opposizione platonica. Gli arbitri della situazione sono i deputati dietali. Avanzate come sono oramai le trattative, converrà vedere se non si possa almeno garantire la contemporaneità della costruzione del tratto dell’avisiana. Crede che si dovrebbe provare a fare pressione su Fiemme. Bertolini ricorda che alla Dieta l’ostruzione italiana venne fatta contro le pretese dei tedeschi sul modo di finanziare e costruire la Egna-Predazzo e la Lavis-Cembra non contro queste due linee come tali. E per cercare di garantir meglio le modalità richieste per rendere possibile la continuazione della Lavis-Cembra. Coll’opporsi semplicemente si farà peggio. Quando uomini come Deleonardi, della cui fede nazionale non si può dubitare, dichiarano che Fiemme in linea nazionale non ne patirà pregiudizio, non si può pretendere la solidarietà di un intero paese con una parte contro l’altra. La conclusione. Tambosi concluse col dire che il D.r Degasperi dovrebbe cercare che i fiemmesi votino tali clausole da assicurarsi nazionalmente e da rendere possibile la continuazione dell’avisiana. Su esplicita domanda mia Tambosi dichiarò che avrei potuto dire che in tal modo si faciliterebbe la posizione a Trento, ci s’indorerebbe la pillola. Per torre ogni dubbio, in seguito ad un accenno del D.r Battisti dichiarai che se il D.r Battisti andasse in Fiemme e venisse autorizzato a dire il contrario di quello che si permetteva dicessi io, non ci sarei andato. Battisti rispose ch’egli, nel caso che si recasse in Fiemme, accentuerebbe naturalmente di più il punto di vista locale di Trento, com’è dovere del suo deputato, ma in fine anch’egli avrebbe lasciato capire che se votassero la clausola, la cosa sarebbe meno grave. Dopo queste conclusioni mi decisi di andare in Fiemme, in ossequio al telegramma della Comunità. Prima di partire, scrissi al Podestà un biglietto che sarà bene ricordare, perché comprova la rettitudine e la lealtà del mio contegno. «Trento 9 luglio 1912 Egregio Signor Podestà quantunque indisposto, parto per Cavalese dove su mia preghiera verrà convocato il comitato tramviario. Farò tutto il possibile per raggiungere le condizioni e i miglioramenti su cui nel convegno di ieri in Municipio abbiamo fermata l’attenzione, dimostrando come l’intesa, che tali formule e clausule servirebbero a facilitare la posizione di Trento. Le scriverò ancora domani l’esito. In ogni caso se Ella non potesse aspettare il risultato di Fiemme per convocare l’adunanza confidenziale – ciò che crederei opportuno – abbia la cortesia d’avvertirmene a suo tempo. Con ogni ossequio D.r Degasperi». La votazione di Cavalese A Cavalese il comitato tramviario formulò la nota proposta. Espressamente io dichiarai di non voler farne che la redazione. Il comitato nella sua maggioranza liberale-nazionale combinò la proposta da presentarsi al consesso. Tre giorni dopo questo venne convocato. Che cosa avvenne in questo periodo non so dire. Io me ne stetti inerte a Tesero, mentre il Battisti girava la valle, trattando perfino col capocomune di Trodena, mentre si spargevano ad arte menzogne sul mio conto, accusato di agire contro gli altri colleghi di deputazione, sicché dovetti telegrafare all’on. Gentili perché smentisse la cosa, e sovratutto si è sollevata fra i singoli comuni la questione del quartiere, cioè del peso che, virtualmente avrebbe gravato su ogni singolo comune, se avesse dato voto favorevole la Comunità. Ma l’evoluzione più rapida e più fenomenale venne compiuta dalla delegazione di Cavalese con a capo il D.r Deleonardi, il quale votò contro la sua proposta! Cambiamento di tattica La votazione di Cavalese del luglio 1912 mutò completamente la tattica dei partiti. Avevamo un bel dire noi che il rifiuto era venuto per dissidi interni, che per il grosso della questione non aveva a che fare, che la deputazione di Cavalese partiva da criteri essenzialmente locali, che la popolazione di Fiemme era tuttavia sempre in grande maggioranza per la linea di San Lugano. La menzogna convenzionale. A Trento invece la parte radicale volle gonfiare l’importanza del voto, ci diede un significato di solidarietà trentina che non aveva, e col poggiarsi su alcuni pochi di Cavalese, ricostituì e mantenne la menzogna convenzionale che la valle di Fiemme era con Trento contro la proposta governativa. S’incominciò quindi l’agitazione per l’avisiana, finché una dichiarazione molto franca dell’on. Tambosi che in una seduta preparatoria del consiglio disse: Proclamare «vogliamo la avisiana», data la nessuna disposizione del governo e della provincia e la posizione sfavorevole di Fiemme è proclamare di volere un fiasco, tagliò le ali anche al proletario Battisti che s’era reso il compito molto facile, facendo appello alla borsa dei borghesi. Lavis-Grumes È noto che una conversazione col luogotenente Spiegelfeld diede modo di avviare trattative per la Lavis-Grumes e dall’altra (ben compreso) la linea di S. Lugano. Le trattative furono appoggiate fin sul principio dall’on. Gentili che su proposta del Tambosi, ne scrisse al Governo, ma fu appoggiato ancora più dallo sforzo incessante di tutta la deputazione popolare, la quale a Vienna sostenne tutto l’autunno e tutto l’inverno: Vogliamo la Lavis-Grumes altrimenti se ne vada il luogotenente. E questo è caratteristico per lo sforzo di parte nostra di conciliare possibilmente la soluzione proposta cogli interessi di Trento. Ma è caratteristico anche per questo. La Lavis-Cembra è circa 13 km, anzi più, la Lavis-Grumes 23. Né l’una né l’altra ci assicurano la congiunzione con Fiemme, né l’una né l’altra attirano sull’Avisio il suo commercio. Ma in ogni caso codesti 10 km da Cembra a Grumes, che costano 2 milioni mentre dal Lavis-Cembra se ne spendono quattro, questi 10 km in più di quello che noi accettiamo e che viceversa avrebbero accettato Tambosi, Battisti e compagni, non è distanza tale che autorizzi a posare i liberali e i socialisti da immacolati difensori dell’intransigenza e della dignità e lanciare contro di noi l’invettiva di traditori della causa nazionale, degli interessi di Trento, straziatori dell’unità del paese, vili servitori del Governo. Anche voi v’eravate messi sulla strada dei compromessi e della transazione, perché vi spingeva la stessa fatalità di cose, la stessa congruenza di forze che hanno spinto anche noi sulla stessa via. Ma per voi Egna-Predazzo e Lavis-Cembra + 10 km sarebbe stato un trionfo, per noi Egna-Predazzo + Lavis-Grumes – 10 km rappresenta il tradimento del paese *). La differenza maggiore si rilevò durante quest’ultimo periodo, perché i liberali, sopra erronee informazioni credevano o fingevano di credere che la valle di Fiemme fosse d’accordo nel gran rifiuto. Ma avranno dovuto disingannarsi. Io stesso che in luglio avevo dichiarato di sentirmi esonerato dall’occuparmi ulteriormente della cosa, dovetti accorgermi che la mia dichiarazione fu troppo affrettata. Non solo i tedeschi avrebbero forzata una decisione, parlavano ai Ministeri per la Egna-Predazzo e sovratutto ci aspettavano nuovamente al varco della dieta, ma in Fiemme si lavorava attivamente per la finanziazione della Egna-Predazzo. Dopo il primo convegno di Panchià in cui gli otto comuni più importanti, fatta eccezione di Cavalese, insistevano per la Egna-Predazzo-Moena, durante l’inverno si costituì un comitato dei 5 comuni più interessati, i quali fecero un piano di finanziazione, avviarono formali e concrete trattative con Bolzano, e si deve all’influenza mia e dei miei amici, se li abbiamo trattenuti per un lungo periodo da pubbliche manifestazioni o da formali impegni. Di ciò esistono protocolli e relazioni documentate. Il pericolo che bisogna scongiurare Ecco qual’era la terza eventualità, che noi volevamo scongiurare, che Fiemme si buttasse con Bolzano, che questa acquistasse un influsso d’una valle finora libera che, contribuendo alla finanziazione della S. Lugano fosse un ostacolo perfetto alla continuazione dell’avisiana. Il nostro piano ed un tempo quello dell’intiera deputazione trentina alla Dieta era di creare nella linea di S. Lugano una linea per quanto fosse possibile libera da influssi bolzanini, e sulla quale dei fattori locali potessero contribuire i fiammazzi soli. Di fronte a tale cumulo di circostanze i miei colleghi ed io, tutti in piena armonia, abbiamo favorito l’accordo degli interessati locali perché colla votazione dei contributi venisse assicurata tale soluzione. Certo è doloroso che Trento non abbia raggiunta fin d’ora la sua diretta congiunzione con Fiemme, ma troppe circostanze ci furono avverse: la linea avisiana è più lunga di parecchi chilometri e più costosa, il governo è sfavorevole, la Provincia in maggioranza nelle mani degli avversari dell’avisiana. Per di più il popolo di Fiemme è legato da tradizioni ben più vecchie del suo stradone allo sbocco di S. Lugano. Male a proposito vennero ricordati nel recente comizio i patti gebardini del 1110, perché essi sono una prova delle antichissime relazioni fra Fiemme e l’alto Adige. Allora Fiemme si considera la valle dalla «chiusa di Trodena fino al ponte della Costa» e fin a quei tempi remoti risalgono i diritti di pascolo dei fiemmazzi sul terreno dei comuni di Val d’Adige e viceversa l’obbligo della Comunità di pagare una quota per la manutenzione del ponte sull’Adige ad Egna, perché i valligiani passavano di là. Il lato nazionale Certo se il raccordo di una tramvia per il passo di S. Lugano alla stazione della meridionale Egna-Termeno, ove ora partono invece le automobili o i carri, potesse rappresentare la perdita nazionale di Fiemme, noi tutti, a qualunque costo, avremmo dovuto opporci. Ma l’opinione dei più equanimi non condivide tali timori, e basti fra tutti il direttore dell’«archivio per l’Alto Adige» , non sospetto certo di tedescofilia o di clericalismo, il quale sostiene che tale linea potrà essere nazionalmente un vantaggio. Quella certa tedescofilia in certi circoli di Fiemme del resto in diminuzione dipende dall’emigrazione temporanea come da essa dipende il volksbundismo in Vallarsa e Terragnolo, che è pur congiunta con Rovereto o di certi paesi della Valsugana, che è pure percorsa da una ferrovia la quale parte a Trento e mette capo a Venezia. Perciò abbiamo concluso: salviamo il salvabile! Non ci siamo piegati per servire nessuno, ma come l’uomo che si piega per non essere spezzato da una forza maggiore e per risollevarsi poi ancora a combattere e a vincere. Certo una cosa non abbiamo salvato, quello che sperai lungo tempo di raggiungere, cioè la solidarietà trentina, d’evitare cioè lo spettacolo doloroso di una lotta fratricida in mezzo a tanti avversari. Ma qui prevalse il vecchio odio di parte, lo spirito anticlericale e la mania della frase rimbombante e tribunizia. Di fronte al quale spettacolo noi continuiamo tranquilli e sereni l’opera nostra, consci della nostra responsabilità e del nostro dovere. Il discorso detto con grande calore e lucidità fu interrotto spesso da applausi ed infine l’oratore, contro il quale in questi giorni si appunta l’ira avversaria, venne fatto segno ad una grande ovazione. *) Esattamente secondo il progetto Fogowiz, la Lavis-Cembra è di 13,5 km la Lavis-Grumes 23,6 km. </text>
</document>
