<?xml version="1.0" encoding="UTF-8" standalone="no"?>
<document id="I.doc_195">
   <publication_date>1907-08-2</publication_date>
   <publication_place>
      <place_name>Trento</place_name>
      <place_latitude>46.0664228</place_latitude>
      <place_longitude>11.1257601</place_longitude>
   </publication_place>
   <keywords>
      <keyword score="12.79">tedeschi</keyword>
      <keyword score="11.56">tiroler volksbund</keyword>
      <keyword score="8.67">lingua</keyword>
      <keyword score="8.67">popoli</keyword>
      <keyword score="7.81">prepotenti</keyword>
      <keyword score="6.23">austria</keyword>
      <keyword score="6.22">viva</keyword>
      <keyword score="5.78">economici</keyword>
      <keyword score="5.78">nazione</keyword>
      <keyword score="5.78">pantedeschi</keyword>
      <keyword score="5.61">governo</keyword>
      <keyword score="5.14">irredentismo</keyword>
      <keyword score="5.09">perviene</keyword>
      <keyword score="4.75">fratellanza</keyword>
      <keyword score="4.54">imperatore</keyword>
      <keyword score="4.54">miseria</keyword>
      <keyword score="4.5">avanza</keyword>
      <keyword score="4.39">austriaca</keyword>
      <keyword score="4.23">uniti</keyword>
   </keywords>
   <genres>
      <genre>Discorsi Pubblici</genre>
   </genres>
   <text>[...] «Il difendere e il mantenere la nostra lingua è diritto di natura, impresso dalla volontà creatrice del nostro petto. È anche diritto che ci si perviene per la costituzione austriaca, poiché quando all’Austria si diede il nuovo statuto, non vi si scrisse che una nazione è superiore ad un’altra, che i tedeschi potessero opprimere gli slavi, i polacchi i rumeni, ma sta scritto che tutti i popoli, tutte le nazioni sotto lo scettro degli Absburgo debbano avere eguali diritti. Noi non siamo dei ribelli, dei rivoluzionari, non facciamo dell’irredentismo politico, ma vogliamo l’attuazione di quanto sta scritto nella legge. L’imperatore inaugurando col discorso di Trono la sessione parlamentare, disse di voler morire colla coscienza d’aver lasciato intatto ad ogni popolo il proprio possesso nazionale. L’imperatore vuole dunque che ad ogni popolo sia lasciata la propria lingua e il proprio costume. Ed anche noi non vogliamo altro! Chi sono gli avversari che dobbiamo combattere? Forse i tedeschi, tutti i tedeschi? No, la maggior parte di loro vuol vivere in pace con noi. Noi combattiamo una data specie di tedeschi, e sono i prepotenti, i germanizzatori. Sono dappertutto così! In Polonia quando maltrattano i bimbi nelle scuole, in Moravia quando graffiano le lapidi dei cimiteri perché non sono scritte in tedesco: il loro ideale è d’imporre a tutti la propria lingua e d’intedescare il più possibile l’Austria per mandarla in malora e costitutire un grande stato germanico. Per questo li chiamiamo pantedeschi o pangermanisti. Quando arrivarono al castello di Pergine hanno issato forse la bandiera austriaca? No, sicuro, ma la tricolore germanica. Uno dei loro capi a Innsbruck il d.r Frank, ha forse chiuso il suo discorso col grido “Viva l’Austria”? No, ma tutti hanno gridato: Viva la Pangermania! Lo so, non tutti i soci del Tiroler Volksbund sono d’accordo con questo indirizzo; ma per noi basta e ne avanza che siano d’accordo quei mestadori e quegli emissari che vengono qui a parlare del Volksbund. Non lasciamoci abbagliare da false promesse di vantaggi economici. È vero, dobbiamo cercare lavoro al nord. Ma sapete perché vi prendono? Non per amore ma perché siete bravi lavoratori. Quanto vi danno non è regalato. Ed infine perché non abbiamo lavoro a casa nostra? Chi è causa in gran parte della nostra miseria? Sempre i prepotenti, i quali per loro ottengono ferrovie, agli italiani invece della provincia lasciano l’onore di costruirgliele. Considerate un caso recente. Il capo del governo al Parlamento ha promesso ai nostri deputati di voler finalmente ricordarsi anche si noi e di riparare all’abbandono in cui ci hanno lasciati tanti anni. Ebbene, sapete chi è insorto subito contro il governo? Il partito dei prepotenti. Il loro giornale, il Tiroler Tagblatt dei 25 luglio scrive che i tedeschi radicali staranno in guardia ed impediranno che si sazi la nostra fame con denari tedeschi? Capito? Ci vogliono sempre affamati perché ci trasciniamo sulle ginocchia a chiedere soccorsi dal loro Tiroler Volksbund! Qui, o donne, vi mandano i vestitini, le camicette come regali di Natale, ma poi costringono i vostri uomini ad emigrare. Ora vogliono separarci, portare tra noi lotta per batterci. Stiamo uniti, cerchiamo di formare una sola fratellanza trentina. Chiediamo al governo quanto ci perviene per il nostro risorgimento economico. Ma stiamo uniti e gridiamo: viva il Trentino, nella sua fede cristiana e nella sua italianità». </text>
</document>
