<?xml version="1.0" encoding="UTF-8" standalone="no"?>
<document id="I.doc_303">
   <publication_date>1909-03-24</publication_date>
   <publication_place>
      <place_name>Trento</place_name>
      <place_latitude>46.0664228</place_latitude>
      <place_longitude>11.1257601</place_longitude>
   </publication_place>
   <keywords>
      <keyword score="27.65">adunanza</keyword>
      <keyword score="21.49">soci</keyword>
      <keyword score="12.42">direzione</keyword>
      <keyword score="12.3">fiduciari</keyword>
      <keyword score="10.88">tassa</keyword>
      <keyword score="10.54">segantini</keyword>
      <keyword score="9.17">sociale</keyword>
      <keyword score="8.5">società</keyword>
      <keyword score="7.82">apprendisti</keyword>
      <keyword score="7.33">cassiere</keyword>
      <keyword score="7.27">raggio</keyword>
      <keyword score="7.26">pagata</keyword>
      <keyword score="7.09">seguente</keyword>
      <keyword score="6.67">decide</keyword>
      <keyword score="6.49">statuto</keyword>
      <keyword score="6.37">unione</keyword>
      <keyword score="6.2">relazione</keyword>
      <keyword score="5.79">numero</keyword>
      <keyword score="4.61">raccolsero</keyword>
   </keywords>
   <genres>
      <genre>Discorsi Pubblici</genre>
   </genres>
   <text>Tesero, 22 Malgrado il tempo pessimo, si raccolsero nella sala del Ricreatorio un buon numero di soci dell’Unione segantini. Lodevole lo spirito di sacrificio di quelli di Predazzo che intervennero in buon numero. Era invece scarsamente rappresentato il raggio di Castello Molina. Il cassiere Angelo Delladio accenna al lagno manifestato contro alcuni soci i quali si aggiungono un apprendista lasciandolo senza lavoro dei segantini soci della società. Si spera che il caso non si ripeta. Constatato che il presidente Luigi Delugan ritira le sue dimissioni, si conferma la direzione eletta ai 3 gennaio. Il d.r Degasperi tiene quindi una relazione che viene a concludere nei seguenti punti: I soci sono obbligati ad annunziare alla società i nuovi apprendisti, i quali in base al paragrafo 19 dello statuto sociale, nel primo anno non pagano tasse ma vengono calcolati come soci. Nell’anno seguente hanno tutti gli obblighi dei soci ordinari. La direzione ed i fiduciari devono attendere che gli apprendisti vengano annunziati. I fiduciari riceveranno dalla direzione un estratto dal libro «Mastro soci» di quei membri dell’unione che appartengono al loro raggio. Vi saranno segnati in parte a sé quelli che non hanno ancora pagata la tassa sociale del 1908. I fiduciari devono eccitarli ad adempiere i loro doveri sociali. L’adunanza decide che chi non avrà pagata la tassa prima della prossima adunanza generale (probabilmente pentecoste) verrà espulso dal nesso sociale. Ogni socio deve avere lo statuto e il cassiere o il fiduciario deve segnare il pagamento della tassa. S’incarica la direzione a studiare quali effetti avrebbe per la classe dei segantini e per la società stessa l’applicazione della nuova legge industriale. Tale questione va messa all’ordine del giorno della prossima adunanza. Si nominano a firmatari del protocollo Zen e E. Ventura. Sia apre quindi una grande discussione sulla istituenda cassa di mutuo soccorso. Si constata che molti sono gli argomenti pro e contro e grandi le difficoltà di fare qualche cosa di buono; infine a titolo di prova si decide di limitarsi per quest’anno a poco, lasciando ad un altr’anno il compito d’introdurre migliorie. Dopo la relazione del d.r Degasperi si conchiude con l’accettare per quest’anno il seguente regolamento colle rispettive disposizioni particolari per il 1909. </text>
</document>
