<?xml version="1.0" encoding="UTF-8" standalone="no"?>
<document id="I.doc_339">
   <publication_date>1909-10-6</publication_date>
   <publication_place>
      <place_name>Trento</place_name>
      <place_latitude>46.0664228</place_latitude>
      <place_longitude>11.1257601</place_longitude>
   </publication_place>
   <keywords>
      <keyword score="17.78">economiche</keyword>
      <keyword score="14.65">protezionismo</keyword>
      <keyword score="8.89">popoli</keyword>
      <keyword score="8.5">crisi</keyword>
      <keyword score="8.13">doganale</keyword>
      <keyword score="8.01">mercato finanziario</keyword>
      <keyword score="7.23">capitalismo</keyword>
      <keyword score="7.07">ungheria</keyword>
      <keyword score="7.03">concludono</keyword>
      <keyword score="6.94">ideali</keyword>
      <keyword score="6.91">deputati</keyword>
      <keyword score="6.74">medesimo</keyword>
      <keyword score="6.65">inghilterra</keyword>
      <keyword score="6.59">minaccia</keyword>
      <keyword score="6.56">lontana</keyword>
      <keyword score="6.38">lavorano</keyword>
      <keyword score="6.35">industriale</keyword>
      <keyword score="6.32">parlamento</keyword>
      <keyword score="6.21">eppure</keyword>
      <keyword score="5.98">speranza</keyword>
   </keywords>
   <genres>
      <genre>Quotidiani</genre>
   </genres>
   <text>L’ultimo tentativo non era l’ultimo per il bar. Bienerth, e a Praga si tenta e si tratta ancora. Ora non è solo la Dieta boema che bisogna salvare, è il parlamento cui minaccia la sorte stessa. Al salvataggio lavorano i feudatari boemi affaticando i propri crogiuoli per combinare la pietra della pace, e con altri metodi ma col medesimo intento lavorano i partiti democratici in Boemia, a Vienna e dappertutto. Accentuano questi i problemi economici e la minaccia di una crisi industriale e finanziaria che si disegna lontana, lontana nell’orizzonte grigio. In Inghilterra si prepara la vittoria del protezionismo doganale. Migliaia di disoccupati invadono le vie di Birmingam, Manchester, Leeds, Londra e leggono con avidità e con un sussulto di speranza i proclami elettorali dei protezionisti, i quali dicono: Tarif Reform means full time! La riforma della tariffa doganale vuol dire occupazione e lavoro. Se il ministero liberale cadesse, se vincesse il protezionismo? Una crisi economica più terribile di quella americana, colpirebbe l’Europa. L’Austria-Ungheria che esporta ora in Inghilterra per un quarto di miliardo si vedrebbe ricacciata buona parte di merce dentro le barriere doganali. Lavorate quindi, deputati, concludono gli ammonitori, provvedete e prevedete! Dall’altra parte si levano voci di controllo contro le speculazioni del capitalismo. La crisi del mercato finanziario, provocata dal disagio industriale americano è finita, le borse ricominciano l’attività ad alta tensione, il pubblico specula di nuovo e volentieri, i corsi salgono, i cartelli e i trusts riprendono il vigore della loro feroce dittatura. Lasciate lavorare il parlamento, concludono le Cassandre, poiché il popolo ha bisogno delle difese della legislazione sociale. Ed infine una voce fortissima si leva dalle grandi masse: Dateci le assicurazioni sociali! I progetti giacciono indiscussi sui banchi dei deputati eppure furono proclamati in cento e cento comizi la cosa più urgente, più necessaria dell’ora che corre. Sono voci che si sperderanno senza eco? Eppure l’appello delle necessità economiche finirà col portar vittoria sulle ragioni politiche e i popoli austriaci dovranno comprendere che la difesa e l’acquisto dei propri beni ideali è da farsi di conserva col progresso economico; ovvero se questo s’addimostra impossibile, si dovrà ammettere che gli ideali erano fantasmi di un’ideologia astratta o idoli falsi di una demagogia traditrice. </text>
</document>
