<?xml version="1.0" encoding="UTF-8" standalone="no"?>
<document id="I.doc_153">
   <publication_date>1906-10-31</publication_date>
   <publication_place>
      <place_name>Trento</place_name>
      <place_latitude>46.0664228</place_latitude>
      <place_longitude>11.1257601</place_longitude>
   </publication_place>
   <keywords>
      <keyword score="63.41">eroi</keyword>
      <keyword score="16.58">gloria</keyword>
      <keyword score="7.35">festeggiarvi</keyword>
      <keyword score="7.35">inabissa</keyword>
      <keyword score="7.35">omerici</keyword>
      <keyword score="7.35">asciughino</keyword>
      <keyword score="7.35">inabissate</keyword>
      <keyword score="7.35">carlyle</keyword>
      <keyword score="7.35">intensifica</keyword>
      <keyword score="7.35">heros</keyword>
      <keyword score="7.35">poverelli</keyword>
      <keyword score="7.35">fratelli</keyword>
      <keyword score="7.35">disconosciuti</keyword>
      <keyword score="7.35">fugaci</keyword>
      <keyword score="7.35">grame</keyword>
      <keyword score="7.35">crocifissioni</keyword>
      <keyword score="7.35">vecchierelle</keyword>
      <keyword score="7.35">lagrime</keyword>
      <keyword score="7.35">calunniati</keyword>
      <keyword score="7.35">plutarco</keyword>
   </keywords>
   <genres>
      <genre>Quotidiani</genre>
   </genres>
   <text>Non pensiamo agli eroi di Plutarco, di Cornelio o di Carlyle , né ai figli della Gloria. Nemmeno agli altri eroi ed alle eroine segnate a lettere d’oro sulle pagine della storia, non agli eroi civili, militari, né a quelli dell’arte o del genio. Alla vigilia d’Ognisanti voi scomparite, o eroi omerici, o Leonida, o Milziade, e voi, eroi fugaci delle guerre, dei rivolgimenti moderni vi inabissate nella vostra polvere. L’heros si spoglia della luce diurna, s’intensifica e s’india. Domani è la festa dei nostri Eroi. Eroi dell’anfiteatro, delle belve, delle crocifissioni, delle torture, eroi dei lenti martiri, della vita consumata dal lavoro sacro ad una convinzione, eroi dell’altare e del sacrificio. Domani suoneranno le campane a distesa per festeggiarvi tutti, o Eroi della religione. E canteremo gloria a Dio d’avervi fatti e chiamati a Lui, d’avere stabilito il vostro esempio. Quanti poverelli disconosciuti, calunniati sono fra voi, quante grame vecchierelle dei nostri villaggi, per le quali i contemporanei ebbero disprezzo, i posteri l’oblio! Domani molti piangeranno su di una tomba. Ma quelli che hanno diritto di avere fiducia, asciughino le lagrime. Cristiano, i tuoi Fratelli Morti sono Eroi e di fronte alla gloria loro scompare e s’inabissa la fama e lo splendore di quaggiù. D. </text>
</document>
