<?xml version="1.0" encoding="UTF-8" standalone="no"?>
<document id="I.doc_273">
   <publication_date>1908-09-26</publication_date>
   <publication_place>
      <place_name>Trento</place_name>
      <place_latitude>46.0664228</place_latitude>
      <place_longitude>11.1257601</place_longitude>
   </publication_place>
   <keywords>
      <keyword score="16.42">giornale</keyword>
      <keyword score="13.87">trentino</keyword>
      <keyword score="11.87">collaborazione</keyword>
      <keyword score="9.61">freschezza</keyword>
      <keyword score="9.25">trimestre</keyword>
      <keyword score="8.63">coscienza</keyword>
      <keyword score="8.12">pagine</keyword>
      <keyword score="7.99">relazione</keyword>
      <keyword score="7.63">stagione</keyword>
      <keyword score="7.51">pubblico</keyword>
      <keyword score="7.41">servizio</keyword>
      <keyword score="7.26">paese</keyword>
      <keyword score="5.93">amici</keyword>
      <keyword score="5.93">amplissima</keyword>
      <keyword score="5.93">badiamo</keyword>
      <keyword score="5.93">corrispondentemente</keyword>
      <keyword score="5.93">dietale</keyword>
      <keyword score="5.93">appellarci</keyword>
      <keyword score="5.74">enunciati</keyword>
      <keyword score="5.74">confrontandola</keyword>
   </keywords>
   <genres>
      <genre>Quotidiani</genre>
   </genres>
   <text>Siamo all’ultimo trimestre del 1908. Passando rapidamente in rassegna l’attività nostra e confrontandola con le promesse fatte a capo d’anno, possiamo con sicura coscienza appellarci al giudizio dei lettori e del pubblico. Il Trentino è progredito ed è cresciuto di forza e di valore, quanto nessun altro giornale scritto per un paese territorialmente e socialmente eguale o simile al nostro. La collaborazione parlamentare, la diffusione e la freschezza delle notizie, i contributi degli scrittori tecnici e specialisti non sono mai mancati in una misura superiore ai confronti. Il servizio in occasione del processone dei Quarantadue con relazione telefonica e doppia edizione di sei pagine, il servizio telegrafico ed epistolare sui lavori parlamentari, l’amplissima relazione dietale che ci permette di riferire in poche ore in tutto il Trentino quanto la Dieta poco prima ha discusso e deliberato, dimostrano che non badiamo a spese quando si tratta di attuare i propositi enunciati. Dal febbraio 1907 al settembre 1908 il Trentino è uscito quasi per un terzo in sei pagine, invece che in quattro e per un ottavo in otto. A conti fatti quindi il Trentino supera anche in estensione di gran lunga qualunque altro giornale del paese. Corrispondentemente allo sviluppo del giornale sono venuti però ad aumentarsi anche il favore e la considerazione del pubblico, il numero dei lettori e degli abbonati. Ed oggi alla vigilia dell’ultimo trimestre, basta ci auguriamo anch’esso non sia dissimile da quello passato nel 1908 e ne coronano l’opera. La stagione autunnale è politicamente la più interessante: il giornale quindi dopo la sospensione estiva, riprende il suo posto nella vita quotidiana. Ci sia permesso d’invitare gli amici a non lasciarsi sfuggire la buona stagione della raccolta e di continuare alla parte locale la loro sollecita e stringata collaborazione. </text>
</document>
