<?xml version="1.0" encoding="UTF-8" standalone="no"?>
<document id="I.doc_250">
   <publication_date>1908-05-15</publication_date>
   <publication_place>
      <place_name>Trento</place_name>
      <place_latitude>46.0664228</place_latitude>
      <place_longitude>11.1257601</place_longitude>
   </publication_place>
   <keywords>
      <keyword score="12.97">enciclica</keyword>
      <keyword score="12.4">esultanza</keyword>
      <keyword score="11.14">riconoscenza</keyword>
      <keyword score="11.01">tregua</keyword>
      <keyword score="10.39">energie</keyword>
      <keyword score="9.99">pensiero</keyword>
      <keyword score="7.09">verbose</keyword>
      <keyword score="7.09">rincurvatevi</keyword>
      <keyword score="7.09">scaturigini</keyword>
      <keyword score="7.09">ammaestramenti</keyword>
      <keyword score="7.09">affaticate</keyword>
      <keyword score="7.09">testa</keyword>
      <keyword score="7.09">illanguidisce</keyword>
      <keyword score="7.09">cattolici</keyword>
      <keyword score="7.09">malagevole</keyword>
      <keyword score="7.09">bevete</keyword>
      <keyword score="6.86">fermissimo</keyword>
      <keyword score="6.86">novarum</keyword>
   </keywords>
   <genres>
      <genre>Quotidiani</genre>
   </genres>
   <text>Brevi parole per dire che oggi ricordiamo con riconoscenza e con esultanza la grande enciclica del sommo Maestro . Poche parole per riaffermare il nostro proposito fermissimo di seguirne gli ammaestramenti. E se oggi gli elogi dell’enciclica o le commemorazioni non sono così verbose né tanto frequenti come nei primi anni, no, non è l’entusiasmo ch’è venuto meno, né illanguidisce la fede nella democrazia cristiana. È il fervido lavoro al quale tu ci hai chiamato, o Leone, è l’opera faticosa e senza tregua a cui noi, cattolici trentini, come tanti d’altri paesi, dedichiamo tutte l’energie che impedisce il volo al pensiero e il lieto ritorno delle memorie. Tuttavia oggi per un momento, levate la testa, o voi che vi affaticate nel nostro campo, e ricordate ascoltando. Bevete dell’acqua pura nelle sue scaturigini, e poi rincurvatevi al lavoro. Alla tregua breve seguiranno le energie tenaci e lunghe. Guardate all’ideale! Che importa la fatica? Noi dobbiamo raggiungerlo. Ascoltate la dottrina vecchia e sempre nuova. La combattono a destra e a sinistra. Che monta? Il nostro pensiero sociale viene dettato da Lui e confermato autorevolmente. Avanti! La nostra via è la via diritta. «Che ciascuno faccia la parte che gli conviene; e non s’indugi, perché il ritardo potrebbe rendere più malagevole la cura di un male già tanto grave». (Rerum Novarum). </text>
</document>
