<?xml version="1.0" encoding="UTF-8" standalone="no"?>
<document id="I.doc_445">
   <publication_date>1911-06-7</publication_date>
   <publication_place>
      <place_name>Trento</place_name>
      <place_latitude>46.0664228</place_latitude>
      <place_longitude>11.1257601</place_longitude>
   </publication_place>
   <keywords>
      <keyword score="19.26">socialista</keyword>
      <keyword score="12.12">militarismo</keyword>
      <keyword score="8.83">cristianesimo</keyword>
      <keyword score="8.37">guerra</keyword>
      <keyword score="5.5">tal riguardo</keyword>
      <keyword score="5.32">antimilitarismo</keyword>
      <keyword score="5.03">spese militari</keyword>
      <keyword score="4.69">parte opposta</keyword>
      <keyword score="4.13">industrie</keyword>
      <keyword score="3.82">germania</keyword>
      <keyword score="3.81">spirito</keyword>
      <keyword score="3.48">cannoni</keyword>
      <keyword score="3.1">patria</keyword>
      <keyword score="3.09">nazioni</keyword>
      <keyword score="3.07">deputato</keyword>
      <keyword score="3.05">ferrovia</keyword>
      <keyword score="2.91">pensiero</keyword>
      <keyword score="2.89">interessi</keyword>
      <keyword score="2.81">opposizione</keyword>
      <keyword score="2.75">programma</keyword>
   </keywords>
   <genres>
      <genre>Discorsi Pubblici</genre>
   </genres>
   <text>Il D.r Degasperi, rispondendo nel comizio di Ala alle accuse dei socialisti, dopo aver spiegata la situazione particolare dei deputati nostri alla Camera austriaca e il loro contegno di fronte alle spese della marina ed all’aumento del contingente, volle dimostrare non essere vero che il nostro spirito informativo della vita pubblica sia responsabile del militarismo. Non lo spirito del cristianesimo è quello che muove la bufera né la Chiesa la quale invoca la liberazione dalla guerra, come dalla fame e dalla peste. Ma le sorgenti della fiumana fatale sgorgano altrove e precisamente in una regione lontana ed opposta a quella donde viene il Cristianesimo. Il Ferrero stesso dice che l’anima della guerra è la cupidigia la quale proprio nella vita moderna è divenuta ancor più che nel passato la passione dominante. La causa prima della guerra odierna va ricercata nello spirito di espansione e di conquista dell’industria e del commercio. La guerra ispanoamericana si fece perché i capitalisti degli Stati Uniti avevano fatto grosse investizioni nelle industrie di Cuba, la guerra boera si deve alle miniere del Transvaal, quella russo-giapponese alle foreste della Corea. Ed oggidì tutte le gelosie o le minacce di guerra che allarmano l’Europa per i paesi del Mediterraneo trovano la loro ragione nelle piantagioni della Tunisia e del Marocco sulle quali i rappresentanti della più radicale delle democrazie si gettano coll’avidità delle bestie feroci. L’oratore ricorda qui il recente scandalo sollevato in Francia contro Hanotaux, Meugeot, Cocherey, Foucher, Chailley ed altri deputati e senatori, che comperarono in Tunisia per la somma irrisoria di 10 lire l’ettaro immense piantagioni. Sono questi interessi dell’industria e della speculazione che verranno poi detti interessi delle colonie francesi, interessi della patria, alla cui difesa verranno invocate armi e navi, le quali provocheranno poi altre armi e navi da parte della Spagna o della Germania. Quest’esempio vale per tutta la situazione moderna. Ed eccovi in antitesi due figure rappresentanti di due mondi diversi: il missionario che arrischia la vita per aprire fra i barbari ed al Cristianesimo pacifiche vie ed il conquistatore commerciale che trasporta nei paesi ingenui la febbre che divora la sua patria spezzando ogni ostacolo a colpi di cannone e trascinando sulla sua strada cruenta l’appoggio o l’invidia delle nazioni europee. Quest’uomo si trova alle sorgenti del militarismo. Il rappresentante del pensiero cristiano è invece dalla parte opposta. Se risaliamo più addietro nel secolo XIX troviamo invero che le cause di quelle guerre attraverso le quali l’Europa assunse l’aspetto che ha oggidì sono diverse da quelle accennate. Ma si trovano sempre dalla parte opposta a quella donde muove il Cristianesimo. Fu lo spirito della grande rivoluzione che santificò la violenza e celebrò la conquista sanguinaria. Al canto della marsigliese s’inaugura il periodo cruento e militarista che si chiuse col 1870. Nessuna legge superiore, nessun diritto primo dell’individuo viene riconosciuto. Prima di venir applicata sotto il Terrore, la dottrina viene professata e insegnata senza scrupoli. «Noi faremo un cimitero della Francia, diceva il deputato Giacobino Carrier, piuttosto di non rigenerarla a nostro modo». Un altro D’Antonelle, insegnava: «I nemici della libertà, nemici della natura intera, non devono contare fra i suoi figli. Distruggiamoli dunque completamente... Fossero essi un milione, non si sacrificherebbe la ventiquattresima parte di sé per distruggere una cancrena che potrebbe infettare il resto del corpo?». Queste massime dopo la burrasca interna domineranno la bufera napoleonica, ed è su loro che poggia tutto il militarismo napoleonico. Il napoleonismo finisce a Sedan, ma non muore il militarismo il quale vive più che mai nel pensiero della revanche. È qui che la corrente rivoluzionaria confluisce in quella espansionista formando l’immensa fiumana che trascina le nazioni agli armamenti, e qui c’imbattiamo nella questione balcanica, nella questione alsaziana, nella questione di ogni irredentismo. L’oratore conclude a questo punto che questo complesso di cause è superiore all’ambito di un singolo stato e più forte di qualunque partito parlamentare. I socialisti stessi non sanno sottrarsi alla fatalità militare. Quando il generale Duchene ritorna vittorioso dal Madagascar , sarà il maire socialista di Marsiglia che gli declamerà l’epinicio; quando i borghesi vorranno negare ai ferrovieri la libertà dello sciopero generale ricordando che si potrebbe andar incontro ad un disastro in tempo di guerra, il loro capo Clovis Hugues griderà che, quando scoppierà la guerra, i ferrovieri lavoreranno anche sotto il fuoco dei cannoni prussiani. Caratteristico è quanto avvenne al congresso socialista di Conventry nell’aprile di quest’anno. Quelch , uno dei capi socialisti inglesi, dichiarò che i socialisti sono bensì internazionali, ma che gli inglesi devono anche volere gli armamenti necessari perché siano mantenute libere le comunicazioni tra la madre patria e le colonie. Hyndmann, altro deputato socialista, chiese senz’altro una flotta tanto forte da poter tener testa alla Germania. In Germania stessa, terra classica dell’antimilitarismo socialista, si è almeno in teoria dello stesso pensiero. Le Sozialistische Monatshefte (1899) scrivono: «che la Germania sia armata fino ai denti e possa disporre di una flotta forte in caso di una guerra commerciale è di grande importanza anche per la classe lavoratrice». Nella stessa rivista nel 1905 Calver scrive: Non si può pretendere dal proprio paese che assuma una posizione eccezionale che potrebbe diventare fatale. E Bebel stesso ai 15 gennaio 1896 affermava: Date le circostanze attuali, l’esercito è una necessità. Dei socialisti francesi è stato già detto. Il socialismo francese fornì ministri a gabinetti guerrafondai e sotto la sua cooperazione non solo il militarismo non diminuì ma crebbe in proporzioni molto più grandi che nelle altre nazioni. Che dire di Jaurès il quale nell’ultimo dibattito sul bilancio della marina prega la Camera ed il Governo di sospendere la votazione perché il consiglio militare abbia il tempo sufficiente d’approntare il progetto per la costruzione di cannoni migliori, cioè del calibro 34? Più note ancora sono in tal riguardo le ultime vicende del socialismo italiano. Bissolati aveva accettato definitivamente il programma Giolitti compresi gli aumenti militari e cinque giorni fa quando si doveva votare sul progetto governativo per i nuovi cannoni i socialisti più autorevoli Bissolati, Bonomi e Cabrini si assentarono per non votare cogli altri compagni contrari. Lo squagliarsi fu del resto tattica frequente anche dei socialisti austriaci. Dov’è la loro forza d’opposizione, senza dire che sotto il ministero Beck, votando per l’urgenza del bilancio facevano passare anche le spese militari? Il deputato Schuhmeier ha pur dichiarato nelle penultime delegazioni che «egli è contrario alle spese militari nello stato attuale; un altro paio di maniche sarebbe stato si trattasse dello stato socialista». Non è più dunque opposizione di principio ma opposizione politica. Non vengano quindi in tempo elettorale a fare un antimilitarismo a fuoco di bangala e ad accusare i popolari. Questi hanno in tal riguardo un programma molto chiaro: ogni volta che un voto negativo possa raggiungere un risultato od in ogni caso anche in cui l’espressione del volere contrario possa essere utile, i popolari voteranno contro aumenti ed aggravi militari. Può però anche intervenire il caso di un proprietario il quale di fronte alla richiesta, non voglia vendere il suo campo, ma che infine lo venda egualmente, perché sa che là deve passare la costruenda ferrovia. La legge di espropriazione è inesorabile e la ferrovia passerà lo stesso. In tali casi il proprietario vedrà di vendere al più caro prezzo possibile il suo possedimento. Ma si può dire per questo che egli favorisca la costruzione della ferrovia o addirittura spinga il convoglio? Ben altri, come abbiamo visto, sono i motori di questo treno, e non nel campo nostro vanno ricercati i macchinisti. </text>
</document>
