<?xml version="1.0" encoding="UTF-8" standalone="no"?>
<document id="I.doc_105">
   <publication_date>1906-02-1</publication_date>
   <publication_place>
      <place_name>Trento</place_name>
      <place_latitude>46.0664228</place_latitude>
      <place_longitude>11.1257601</place_longitude>
   </publication_place>
   <keywords>
      <keyword score="29.89">suffragio universale</keyword>
      <keyword score="17.34">programma</keyword>
      <keyword score="11.56">amici</keyword>
      <keyword score="11.56">popolo</keyword>
      <keyword score="11.56">idee</keyword>
      <keyword score="8.96">propaganda</keyword>
      <keyword score="8.78">cattolica</keyword>
      <keyword score="8.76">cristo</keyword>
      <keyword score="8.48">finché</keyword>
      <keyword score="8.17">spiegare</keyword>
      <keyword score="8.01">spirito</keyword>
      <keyword score="5.78">eccitiamo</keyword>
      <keyword score="5.78">propagare</keyword>
      <keyword score="5.78">liberali</keyword>
      <keyword score="5.78">innamorandoli</keyword>
      <keyword score="5.78">saltimbanchi</keyword>
      <keyword score="5.78">governarlo</keyword>
   </keywords>
   <genres>
      <genre>Periodici</genre>
   </genres>
   <text>Da molti si parla di democrazia cristiana, della sua propaganda, della sua azione, della sua finalità ma da molti e molti se ne ignora lo spirito, quale deve essere il suo terreno, quale il suo indirizzo, la sua disciplina per procedere ognora fedelmente concordi con lo spirito della Chiesa, coi criteri voluti dal Vicario di Cristo, perché senza essere unita con esso, sarebbe non edificare ma precipitare e condurre altri a rovina. È perciò che eccitiamo quanti amano il trionfo della nostra causa per adoperarsi di spiegare chiaramente a quanti più possono il nostro programma, innamorandoli delle nostre idee, mostrando loro le vie da seguire e le armi da adoperare francamente e coraggiosamente, ma sempre con serenità, manifestando solo l’amore della verità e del bene del popolo con Cristo. Quale momento più opportuno di questo per propagare le nostre idee? Per metterle al confronto con quelle dei falsi democratici? Una delle belle pagine del nostro programma è quella che riguarda il suffragio universale, di questo sacrosanto diritto che il popolo ha di prender parte alla vita pubblica, di scegliersi coloro che deve governarlo. Il tradimento dei liberali è palese. Essi si finsero amici del suffragio universale finché credevano che non venisse, finché s’illudevano che fosse lontano. Ora voltano baracca, e si mostrano quali sono: veri saltimbanchi dei mercati, per dirla con una frase della Voce cattolica. Approfittino dunque i nostri amici per mostrare e spiegare questa pagina del nostro programma: facciano agitazione per il suffragio universale, lo spieghino ai nostri contadini. Qualche cosa si è incominciato a fare, e il nostro deputato della V. curia, on. Mons. Delugan e il direttore della Voce cattolica, d.r Alcide Degasperi hanno iniziato un giro di propaganda in proposito: che essi trovino degli imitatori in ogni angolo del Trentino! fs. </text>
</document>
