<?xml version="1.0" encoding="UTF-8" standalone="no"?>
<document id="I.doc_124">
   <publication_date>1906-05-3</publication_date>
   <publication_place>
      <place_name>Trento</place_name>
      <place_latitude>46.0664228</place_latitude>
      <place_longitude>11.1257601</place_longitude>
   </publication_place>
   <keywords>
      <keyword score="25.97">vittoria</keyword>
      <keyword score="11.64">lunghe settimane</keyword>
      <keyword score="11.64">punto nero</keyword>
      <keyword score="6.66">segantini</keyword>
      <keyword score="5.82">pesciolini</keyword>
      <keyword score="5.82">vedetta</keyword>
      <keyword score="5.82">gridarono</keyword>
      <keyword score="5.32">falange</keyword>
      <keyword score="4.94">prepotente</keyword>
      <keyword score="4.86">sogna</keyword>
      <keyword score="4.86">spinte</keyword>
      <keyword score="4.78">masso</keyword>
      <keyword score="4.77">arrendersi</keyword>
      <keyword score="4.71">soldato</keyword>
      <keyword score="4.7">dovette</keyword>
      <keyword score="4.63">patate</keyword>
      <keyword score="4.5">nemico</keyword>
      <keyword score="4.39">firmare</keyword>
      <keyword score="4.35">incertezza</keyword>
      <keyword score="4.23">guai</keyword>
   </keywords>
   <genres>
      <genre>Periodici</genre>
   </genres>
   <text>Terra! Terra! Gridarono i marinai di Colombo appena scorto da lungi il punto nero: il cuore battè forte in petto a quei generosi, si aprì alla speranza; i loro volti s’irraggiarono d’un giocondo sorriso! Troppo avevano trepidato, sofferto nel viaggio verso l’ignoto. Ora s’affacciavano nuovi orizzonti, era raggiunto lo scopo. Vittoria!... Vittoria! Vittoria! Grida chi dopo che trafelato e ansante s’inerpicò di masso in masso per i gioghi ripidi e scoscesi, guadagna la superba vetta scintillante al sole. Vittoria!... Vittoria! Sogna il soldato sul campo di battaglia. Vittoria! Sogna l’esercito proletario nelle quotidiane lotte col capitale... Vittoria! Vittoria! Gridarono la scorsa settimana i segantini di Fiemme: da sette lunghe settimane la sognavano, da sette lunghe settimane lottavano per crearsi una posizione decorosa, umana! Furono settimane di trepidazione, d’incertezza: alla fine suonò la fatidica parola, alla fine scorsero il punto nero... Vittoria! Dopo infiniti sforzi, dopo una lunga e tenace attesa, dopo speranze spinte fino all’assurdo, spinte fino all’idea di prendere per fame i combattenti, fino all’esaurimento delle patate, il colosso padronale dovette arrendersi! Dovette arrendersi e portarsi a firmare il... contratto di resa in sede del nemico, in sede di quella società cui sette settimane prima si voleva negare il diritto all’esistenza, non si voleva riconoscere. I segantini non abusarono della loro potenza, furono magnanimi coi vinti, cedettero su qualche punto di minima importanza, ribassando di 10 centesimi le richieste per Nuova Italiana ed Egenthal. Ecco il frutto dell’organizzazione professionale. Questo il premio dello spirito di sacrificio, d’unione, di solidarietà. Ai costanti la vittoria! Non s’arrestino qui i segantini. Proseguano nel lavoro d’organizzazione come se fossero alla vigilia d’un’agitazione. Guai a loro se fatti temerari dalla meritata vittoria si culleranno in placido sonno. Guai a loro, se fidenti troppo nelle loro forze, trascurassero l’Unione professionale, la leva potente. Il nemico li disperderà: si avrà la rivincita. Tengano sempre le polveri asciutte. Imitino il soldato che anche dopo la vittoria tiene le armi pronte, si esercita alle stesse: che anche dopo la vittoria sta in vedetta; pronto ad ogni nuovo assalto. State certi: non è perchè non siano finite le patate che i principali, abbassate le visiere, sono passati nel vostro campo per firmare la capitolazione, bensì perchè videro che eravate uniti, concordi come un sol uomo. ... Dei pesciolini erano continuamente molestati nella loro lotta per la vita da un grosso pesce. Giornalmente la falange di questi esseri deboli era decimata. Un bel giorno si consultarono l’un l’altro sul da farsi: unitisi in compatta falange decisero di muovere collettivamente contro il prepotente signore delle acque... La dimostrazione fece sì ch’egli si ritirasse in disparte e si desse per vinto. Imbaldanziti i pesciolini di questa facile vittoria, vistisi indisturbati nel loro diritto alla vita, ben presto si sbandarono... Se n’accorse il prepotente che stava in vedetta, e subito risvegliaronsi gli antichi appetiti. I poveretti, giorno per giorno, caddero vittime delle bramose canne, del vinto d’una volta... volevano riunirsi, era troppo tardi. fs. </text>
</document>
