<?xml version="1.0" encoding="UTF-8" standalone="no"?>
<document id="I.doc_161">
   <publication_date>1906-12-11</publication_date>
   <publication_place>
      <place_name>Trento</place_name>
      <place_latitude>46.0664228</place_latitude>
      <place_longitude>11.1257601</place_longitude>
   </publication_place>
   <keywords>
      <keyword score="14.37">scopa</keyword>
      <keyword score="14.23">francia</keyword>
      <keyword score="12.23">interessi religiosi</keyword>
      <keyword score="12.23">clericali</keyword>
      <keyword score="12.23">popolo</keyword>
      <keyword score="11.36">alto adige</keyword>
      <keyword score="10.54">vita pubblica</keyword>
      <keyword score="10.19">cattolici</keyword>
      <keyword score="8.15">programma</keyword>
      <keyword score="8.15">cattolicesimo</keyword>
      <keyword score="7.46">anticlericalismo</keyword>
      <keyword score="6.74">chiesa</keyword>
      <keyword score="6.55">cristianesimo</keyword>
      <keyword score="6.16">vescovi</keyword>
      <keyword score="5.93">coscienza</keyword>
      <keyword score="4.76">trentino</keyword>
      <keyword score="4.27">questioni</keyword>
      <keyword score="4.08">liberale</keyword>
   </keywords>
   <genres>
      <genre>Discorsi Pubblici</genre>
   </genres>
   <text>Il d.r Degasperi abbiamo detto ieri, chiudeva la classificazione dei partiti asserendo che il cosiddetto clericalismo dei cattolici non è che la difesa e la rappresentanza degli interessi religiosi nella vita pubblica. Chi è detto «clericale» in Francia se non colui che pubblicamente sulla stampa, nei municipi e nel parlamento difende la libertà della Chiesa cattolica e l’integrità delle sue dottrine? Chi era ultramontano o clericale in Germania se non chi protestava contro il Kulturkampf di Bismarck il quale voleva servire la Chiesa allo Stato, imprigionando vescovi e giornalisti? Si trattava della Chiesa cattolica, dei suoi apostoli, dei suoi principii, si trattava quindi per un credente del cristianesimo, del cattolicesimo. È forse diversa la situazione in Austria? È forse differente il clericalismo e l’anticlericalismo da noi? Lasciamo stare il passato ma consideriamo la manifestazione d’oggi. Che cosa è la propaganda per la «scuola libera»? Nient’altro che una lotta contro l’insegnamento della religione. Che cos’è la «riforma matrimoniale» se non un attentato contro la «santità e indissolubilità del matrimonio»? Sono due movimenti quindi espressamente antireligiosi, anticattolici, che sono divenuti oramai molto seri specialmente nella parte tedesca della diocesi. I vescovi austriaci nell’ottobre di quest’anno indirizzarono ai credenti una pastorale comune, nella quale i due movimenti vengono caratterizzati come sopra e vien detto ai cattolici: «Voi non dormirete, mentre il nemico si accinge a spargere fra il grano la zizzania, ma veglierete e colla vostra vigilanza e fortezza ne manderete a vuoto i tentativi». E perché noi vegliamo, perché ci schieriamo attorno ai vescovi per la difesa degli interessi religiosi siamo detti clericali e i nostri avversari anticlericali? No, qui si tratta di cattolici o di non cattolici. Volete sapere come la pensano i liberali-radicali del Trentino in proposito? È un po’ difficile, perché a fatica prendono posizione aperta in questioni siffatte, amano meglio farsi eleggere con programma nazionale ed esercitare più tardi incontrollati il loro giacobinismo alla Camera com’è accaduto altra volta. Però, a lungo andare, la botte lascia trapelare di quel vino che ha. L’Alto Adige definiva la pastorale dei Vescovi austriaci una brutta lettera sinodale (Alto Adige 19 nov.) e s’augurava la fine della confessionalità dell’Austria. Che cosa l’autore intendesse sotto questa parola è evidente da tutto l’articolo. Il «grande conflitto» a cui accenna l’Alto Adige non è che il conflitto fra Chiesa e Stato o meglio fra cosiddetta coscienza moderna e gli storici principi del Cristianesimo. Ma un altro giornale liberale il Messaggero di Rovereto parlò ancora più chiaro e rivolgendosi ai liberali dell’Alto Adige scrisse ai 17 nov.: «Uniamoci tutti invece con ferma fede ed attività di lavoro per opporci a questo oltracotante clericalismo che ha già sfruttato il Trentino. Non è ancora maturo il popolo italiano per adoperare la scopa di Francia! Ma educhiamolo almeno che, quando sarà fatto conscio di sé, saprà dire la sua sovrana parola». Queste parole, contenute in un articolo tutto intiero dello stesso spirito sono un programma, sono un programma, come si suol dire, di anticlericalismo o come più esatto, di lotta nelle questioni ecclesiastico-religiose. Si vuole il bloc anticlericale per educare il popolo, affinché sia degno della scopa di Francia. Sapete che roba è questa scopa di Francia? La scopa di Francia è quella che ha spazzato via il nunzio della S. Sede da Parigi sicché il Vicario di Cristo venne proclamato in Francia uno «straniero», la scopa di Francia ha spazzato via frati e monache dai loro conventi, ha cacciato l’insegnamento religioso dalle scuola ed ora spazzerà fuori dalle Chiese tutti i sacerdoti che rimarranno fedeli al papa. Ecco la scopa di Francia che si augura al Trentino, ecco il fine a cui tendono educando intanto il popolo a tali gloriosi destini. Donde si vede che anche i nostri radicali prendono parte al movimento anticattolico generale e che se non combattono più energicamente «la rude campagna» è solo perché il popolo è ancora credente, non maturo. Qual è il dovere dei cattolici di fronte a tale situazione? 1) Tener fermo all’educazione cristiana del popolo ed educarlo cristianamente anche nella vita pubblica. Propagate quindi anzitutto la stampa quotidiana. 2) Partecipare attivamente alla vita pubblica, occupandosi di politica, elezioni e organizzazione. Fatevi quindi soci attivi della Unione politica popolare trentina, ossia divenite membri coscienti del Partito popolare trentino il quale si propone anche la difesa della libertà della Chiesa e degli interessi religiosi. L’oratore, dopo aver accennato alla nuova situazione elettorale, conclude la sua applaudita conferenza con un appello a tutti i consenzienti. Per vincere sono necessarie tre cose 1) coraggio e coscienza d’essere la maggioranza del paese 2) contatto col popolo e agitazione incessante delle nostre idee 3) ferrea disciplina che lascia da parte tutte le questioni secondarie, per raggiungere lo scopo comune. Nelle prossime elezioni generali noi ci presentiamo con un programma apertamente nazionale e sinceramente democratico, ma vi poniamo a capo la questione detta falsamente «anticlericale» ed esattamente religiosa. Si tratterà della scopa di Francia. Attenti dunque al manego della scopa di Francia! </text>
</document>
