<?xml version="1.0" encoding="UTF-8" standalone="no"?>
<document id="I.doc_50">
   <publication_date>1903-08-18</publication_date>
   <publication_place>
      <place_name>Trento</place_name>
      <place_latitude>46.0664228</place_latitude>
      <place_longitude>11.1257601</place_longitude>
   </publication_place>
   <keywords>
      <keyword score="30.77">popolazione</keyword>
      <keyword score="20.51">colori</keyword>
      <keyword score="15.63">ziano</keyword>
      <keyword score="14.74">accoglienza</keyword>
      <keyword score="14.54">rappresentanza</keyword>
      <keyword score="14.46">bande</keyword>
      <keyword score="13.84">passare</keyword>
      <keyword score="10.26">piccol</keyword>
      <keyword score="10.26">emettevano</keyword>
      <keyword score="10.26">testè</keyword>
      <keyword score="10.26">accontenteranno</keyword>
      <keyword score="10.26">sconcerti</keyword>
      <keyword score="10.26">agghiacciata</keyword>
      <keyword score="9.92">addobbo</keyword>
      <keyword score="9.92">serbiamo</keyword>
      <keyword score="9.04">disturbata</keyword>
      <keyword score="9.04">accompagnavano</keyword>
      <keyword score="9.04">santissimo</keyword>
      <keyword score="8.96">andirivieni</keyword>
   </keywords>
   <genres>
      <genre>Quotidiani</genre>
   </genres>
   <text>Ziano, 16 Ha finito testè di passare il pellegrinaggio radicale-socialista con la fila di bande che l’accompagnavano. L’addobbo esterno della via per cui esso doveva passare, consisteva in un arco con la scritta: «Benvenuti» e in cinque o sei bandiere parte coi colori di Trento e parte coi colori del Tirolo. Si tentò di far intervenire la banda e la rappresentanza comunale, ma non ne fu nulla. Anche l’accoglienza da parte della popolazione fu dura, fredda, agghiacciata. Alle grida che emettevano i giganti, di «via Ziano» ecc. non fu mai risposto dal popolo, che in piccol numero era accorso al loro passaggio nell’andata e ritorno. Lamenti ve ne sono molti, specialmente per gli sconcerti successi durante la processione col Santissimo e durante la Messa cantata, che fu disturbata da un continuo andirivieni di ciclisti. Altre notizie generali e particolari le serbiamo ad un’altra volta se il Popolo e l’Alto Adige non s’accontenteranno di questo. a.d. </text>
</document>
