<?xml version="1.0" encoding="UTF-8" standalone="no"?>
<document id="I.doc_52">
   <publication_date>1903-09-1</publication_date>
   <publication_place>
      <place_name>Trento</place_name>
      <place_latitude>46.0664228</place_latitude>
      <place_longitude>11.1257601</place_longitude>
   </publication_place>
   <keywords>
      <keyword score="42.25">adunanza</keyword>
      <keyword score="18.01">cattoliche</keyword>
      <keyword score="15.11">caldonazzo</keyword>
      <keyword score="14.77">stazione</keyword>
      <keyword score="14.08">amici</keyword>
      <keyword score="14.08">università</keyword>
      <keyword score="14.08">programma</keyword>
      <keyword score="13.33">associazione</keyword>
      <keyword score="12.31">ricevimento</keyword>
      <keyword score="11.14">solenne</keyword>
      <keyword score="10.96">universitaria</keyword>
      <keyword score="10.7">cattolica</keyword>
      <keyword score="10.1">pranzo</keyword>
   </keywords>
   <genres/>
   <text>Amici! A nome dell’Associazione universitaria cattolica trentina, vi invitiamo al Congresso che si terrà gli 8 c. m. a Caldonazzo. Tutti coloro che ci sono stati larghi del loro appoggio, tutti gli amici della causa cattolica non manchino di venire a Caldonazzo. Nell’impossibilità di spedire a ciascuno apposito invito, si consideri tale questo pubblico appello. Trento, 1 settembre 1903 Per l’Associazione univ. catt. trentina Il Presidente Il Segretario A. DEGASPERI G. DECARLI Programma del Convegno 7.14 Ricevimento alla Stazione. 8. Adunanza privata dell’Associazione Universitaria. 10. S. Messa con intervento in corpore delle Associazioni cattoliche. 11. Pranzo sociale nella sala del Castello Trapp, gentilmente concessa 1). 1.30 Ricevimento alla stazione delle Società cattoliche della Valsugana. 2. Sacra funzione. – Sfilata delle Assoc. per il paese. 3.30 Adunanza solenne al «Circolo cattolico». 6. Accompagnamento alla Stazione. 8. Rappresentazione teatrale. 1) Chi prende parte al pranzo è pregato insistentemente d’insinuarsi prima del 6 settembre presso il Signor Francesco Chiesa. – Caldonazzo. Programma dell’Adunanza solenne 1. Relazione generale del Presid. e lettura delle adesioni 2. Discorso di R. Piccinini stud. all’Università di Vienna. 3. Parole del Rappresentante il «Giovane Trentino». 4. Discorso dello stud. G. Dal Ri dell’Univ. d’Innsbruck. 5. Brevi parole del M.R. Bortolini a nome delle Società cattoliche della Valsugana. </text>
</document>
