# total number of persons:32, total number of gpes:36
[	open_square_bracket	XPB	O	_	_
.	.	XPS	O	_	_

.	.	XPS	O	_	_

.	.	XPS	O	_	_

]	close_square_bracket	XPB	O	_	_
Incaricato	incaricato	SPN	O	_	_
dalla	da/det	ES	O	_	_
Presidenza	presidenza	SS	O	_	_
dell’	di/det	ES	O	_	_
Associazione	associazione	SS	O	_	_
a	a	E	O	_	_
fungere	fungere	VF	O	_	_
in	in	E	O	_	_
questa	questo	DS	O	_	_
assemblea	assemblea	SS	O	_	_
da	da	E	O	_	_
relatore	relatore	SS	O	_	_
sulla	su/det	ES	O	_	_
questione	questione	SS	O	_	_
universitaria	universitario	AS	O	_	_
,	comma	XPW	O	_	_
mi	io	PS	O	_	_
limiterò	limitare	VI	O	_	_
anzitutto	anzitutto	B	O	_	_
ad	ad	E	O	_	_
una	uno	RS	O	_	_
breve	breve	AS	O	_	_
cronaca	cronaca	SS	O	_	_
di	di	E	O	_	_
quegli	quello	DP	O	_	_
avvenimenti	avvenimento	SP	O	_	_
i	il	RP	O	_	_
quali	quale	PP	O	_	_
fecero	fare	VI	O	_	_
sì	sì	B	O	_	_
che	che	CCHE	O	_	_
una	uno	RS	O	_	_
questione	questione	SS	O	_	_
ristretta	ristretto	AS	O	_	_
prima	prima	E	O	_	_
ad	ad	E	O	_	_
interesse	interesse	SS	O	_	_
ed	ed	C	O	_	_
importanza	importanza	SS	O	_	_
locale	locale	AS	O	_	_
,	comma	XPW	O	_	_
allargasse	allargare	VI	O	_	_
mano	mano	SS	O	_	_
mano	mano	AS	O	_	_
la	il	RS	O	_	_
propria	propria	DS	O	_	_
cerchia	cerchia	SS	O	_	_
,	comma	XPW	O	_	_
tanto	tanto	B	O	_	_
da	da	E	O	_	_
diventare	diventare	VF	O	_	_
tutto	tutto	PS	O	_	_
d’	di	E	O	_	_
un	uno	RS	O	_	_
tratto	tratto	SS	O	_	_
in	in	E	O	_	_
questi	questo	DP	O	_	_
ultimi	ultimo	AP	O	_	_
tempi	tempo	SP	O	_	_
una	uno	RS	O	_	_
questione	questione	SS	O	_	_
austriaca	austriaco	AS	O	_	_
,	comma	XPW	O	_	_
nel	in/det	ES	O	_	_
senso	senso	SS	O	_	_
più	più	B	O	_	_
largo	largo	AS	O	_	_
della	di/det	ES	O	_	_
parola	parola	SS	O	_	_
.	.	XPS	O	_	_

La	il	RS	O	_	_
prima	primo	AS	O	_	_
tappa	tappa	SS	O	_	_
era	essere	VIY	O	_	_
stata	essere	VSPY	O	_	_
segnata	segnare	VSP	O	_	_
ancora	ancora	B	O	_	_
nel	in/det	ES	O	_	_
1863	1863	N	O	_	_
,	comma	XPW	O	_	_
quando	quando	CADV	O	_	_
il	il	RS	O	_	_
deputato	deputato	SS	O	_	_
on.	onorevole	SS	O	_	_
Consolati	consolati	SPN	PER	_	_
presentava	presentare	VI	O	_	_
alla	a/det	ES	O	_	_
Dieta	dieta	SPN	O	_	_
di	di	E	O	_	_
Innsbruck	innsbruck	SPN	GPE	47.2654296	11.3927685
la	il	RS	O	_	_
proposta	proposta	SS	O	_	_
che	che	CCHE	O	_	_
all’	a/det	ES	O	_	_
Università	università	SN	O	_	_
di	di	E	O	_	_
Innsbruck	innsbruck	SPN	O	_	_
almeno	almeno	B	O	_	_
le	il	RP	O	_	_
materie	materia	SP	O	_	_
più	più	B	O	_	_
difficili	difficile	AP	O	_	_
della	di/det	ES	O	_	_
facoltà	facoltà	SN	O	_	_
legale	legale	AS	O	_	_
e	e	C	O	_	_
medica	medico	AS	O	_	_
venissero	venire	VIY	O	_	_
spiegate	spiegare	VPP	O	_	_
contemporaneamente	contemporaneamente	B	O	_	_
in	in	E	O	_	_
tedesco	tedesco	SS	O	_	_
e	e	C	O	_	_
in	in	E	O	_	_
italiano	italiano	SS	O	_	_
.	.	XPS	O	_	_

In	in	E	O	_	_
seguito	seguito	SS	O	_	_
a	a	E	O	_	_
questa	questo	DS	O	_	_
proposta	proposta	SS	O	_	_
fu	essere	VI	O	_	_
istituita	istituire	VSP	O	_	_
già	già	B	O	_	_
allora	allora	C	O	_	_
una	uno	RS	O	_	_
cattedra	cattedra	SS	O	_	_
giuridica	giuridico	AS	O	_	_
italiana	italiano	AS	O	_	_
,	comma	XPW	O	_	_
la	il	RS	O	_	_
quale	quale	PS	O	_	_
cessò	cessare	VI	O	_	_
assai	assai	B	O	_	_
presto	presto	B	O	_	_
.	.	XPS	O	_	_

Undici	undici	N	O	_	_
anni	anno	SP	O	_	_
fa	fa	B	O	_	_
però	però	C	O	_	_
parve	parere	VI	O	_	_
che	che	CCHE	O	_	_
il	il	RS	O	_	_
governo	governo	SS	O	_	_
ritirasse	ritirare	VI	O	_	_
il	il	RS	O	_	_
disegno	disegno	SS	O	_	_
primitivo	primitivo	AS	O	_	_
,	comma	XPW	O	_	_
e	e	C	O	_	_
furono	essere	VI	O	_	_
istituite	istituito	AP	O	_	_
le	il	RP	O	_	_
prime	primo	AP	O	_	_
cattedre	cattedra	SP	O	_	_
parallele	parallele	AS	O	_	_
della	di/det	ES	O	_	_
facoltà	facoltà	SN	O	_	_
giuridica	giuridico	AS	O	_	_
.	.	XPS	O	_	_

Nel	in/det	ES	O	_	_
1899	1899	N	O	_	_
il	il	RS	O	_	_
governo	governo	SS	O	_	_
fece	fare	VI	O	_	_
un	uno	RS	O	_	_
passo	passo	SS	O	_	_
in	in	E	O	_	_
avanti	avanti	B	O	_	_
e	e	C	O	_	_
col	con/det	ES	O	_	_
voto	voto	SS	O	_	_
dell’	di/det	ES	O	_	_
intera	intero	AS	O	_	_
facoltà	facoltà	SN	O	_	_
giuridica	giuridico	AS	O	_	_
venne	venire	VIY	O	_	_
stabilita	stabilire	VSP	O	_	_
l’	il	RS	O	_	_
erezione	erezione	SS	O	_	_
di	di	E	O	_	_
due	due	N	O	_	_
nuove	nuovo	AP	O	_	_
cattedre	cattedra	SP	O	_	_
,	comma	XPW	O	_	_
l’	il	RS	O	_	_
una	uno	PS	O	_	_
per	per	E	O	_	_
la	il	RS	O	_	_
procedura	procedura	SS	O	_	_
civile	civile	AS	O	_	_
,	comma	XPW	O	_	_
l’	il	RS	O	_	_
altra	altro	PS	O	_	_
per	per	E	O	_	_
l’	il	RS	O	_	_
economia	economia	SS	O	_	_
politica	politico	AS	O	_	_
,	comma	XPW	O	_	_
e	e	C	O	_	_
vennero	venire	VIY	O	_	_
invitati	invitare	VPP	O	_	_
a	a	E	O	_	_
prepararsi	preparare/rifl	VF+E	O	_	_
alla	a/det	ES	O	_	_
libera	libero	AS	O	_	_
docenza	docenza	SS	O	_	_
il	il	RS	O	_	_
dr.	dottore	SS	O	_	_
Francesco	francesco	SPN	PER	_	_
Menestrina	menestrina	SPN	PER	_	_
e	e	C	O	_	_
il	il	RS	O	_	_
dr.	dottore	SS	O	_	_
Giovanni	giovanni	SPN	PER	_	_
Lorenzoni	lorenzoni	SPN	PER	_	_
.	.	XPS	O	_	_

Nel	in/det	ES	O	_	_
primo	primo	AS	O	_	_
semestre	semestre	SS	O	_	_
infatti	infatti	C	O	_	_
del	di/det	ES	O	_	_
1900	1900	N	O	_	_
il	il	RS	O	_	_
primo	primo	SS	O	_	_
di	di	E	O	_	_
questi	questo	DP	O	_	_
giovani	giovane	SP	O	_	_
studiosi	studioso	AP	O	_	_
si	rifl	PN	O	_	_
presentava	presentare	VI	O	_	_
coi	con/det	EP	O	_	_
suoi	suo	DP	O	_	_
titoli	titolo	SP	O	_	_
a	a	E	O	_	_
conquistare	conquistare	VF	O	_	_
la	il	RS	O	_	_
cattedra	cattedra	SS	O	_	_
di	di	E	O	_	_
procedura	procedura	SS	O	_	_
civile	civile	AS	O	_	_
.	.	XPS	O	_	_

Ma	ma	C	O	_	_
allora	allora	C	O	_	_
incominciò	incominciare	VI	O	_	_
l’	il	RS	O	_	_
agitazione	agitazione	SS	O	_	_
dei	di/det	EP	O	_	_
tedeschi	tedesco	SP	O	_	_
.	.	XPS	O	_	_

Ai	a/det	EP	O	_	_
14	14	N	O	_	_
marzo	marzo	SS	O	_	_
del	di/det	ES	O	_	_
medesimo	medesimo	AS	O	_	_
anno	anno	SS	O	_	_
il	il	RS	O	_	_
deputato	deputato	SS	O	_	_
Erler	erler	SPN	PER	_	_
presentava	presentare	VI	O	_	_
alla	a/det	ES	O	_	_
Dieta	dieta	SPN	O	_	_
un’	uno	RS	O	_	_
interpellanza	interpellanza	SS	O	_	_
in	in	E	O	_	_
cui	cui	PN	O	_	_
chiedeva	chiedere	VI	O	_	_
quali	quale	DP	O	_	_
provvedimenti	provvedimento	SP	O	_	_
intendesse	intendere	VI	O	_	_
prendere	prendere	VF	O	_	_
il	il	RS	O	_	_
Governo	governo	SS	O	_	_
di	di	E	O	_	_
fronte	fronte	SS	O	_	_
all’	a/det	ES	O	_	_
invasione	invasione	SS	O	_	_
degli	di/det	EP	O	_	_
italiani	italiano	SP	O	_	_
per	per	E	O	_	_
salvare	salvare	VF	O	_	_
il	il	RS	O	_	_
carattere	carattere	SS	O	_	_
tedesco	tedesco	AS	O	_	_
dell’	di/det	ES	O	_	_
Università	università	SN	O	_	_
di	di	E	O	_	_
Innsbruck	innsbruck	SPN	O	_	_
.	.	XPS	O	_	_

L’	il	RS	O	_	_
interpellanza	interpellanza	SS	O	_	_
però	però	C	O	_	_
rimase	rimanere	VI	O	_	_
senza	senza	E	O	_	_
risposta	risposta	SS	O	_	_
e	e	C	O	_	_
il	il	RS	O	_	_
dr.	dottore	SS	O	_	_
Menestrina	menestrina	SPN	PER	_	_
dopo	dopo	C	O	_	_
aver	avere	VFY	O	_	_
conquistato	conquistare	VSP	O	_	_
passo	passo	SS	O	_	_
passo	passo	SS	O	_	_
il	il	RS	O	_	_
terreno	terreno	SS	O	_	_
,	comma	XPW	O	_	_
sembrava	sembrare	VI	O	_	_
ormai	ormai	B	O	_	_
fosse	essere	VI	O	_	_
giunto	giungere	VSP	O	_	_
alla	a/det	ES	O	_	_
meta	meta	SS	O	_	_
.	.	XPS	O	_	_

Ma	ma	C	O	_	_
gli	il	RP	O	_	_
studenti	studente	SP	O	_	_
tedeschi	tedesco	AP	O	_	_
radicali	radicale	AP	O	_	_
incominciavano	incominciare	VI	O	_	_
l’	il	RS	O	_	_
agitazione	agitazione	SS	O	_	_
,	comma	XPW	O	_	_
e	e	C	O	_	_
minacciavano	minacciare	VI	O	_	_
d’	di	E	O	_	_
impedire	impedire	VF	O	_	_
con	con	E	O	_	_
la	il	RS	O	_	_
violenza	violenza	SS	O	_	_
la	il	RS	O	_	_
solenne	solenne	AS	O	_	_
prolusione	prolusione	SS	O	_	_
in	in	E	O	_	_
italiano	italiano	SS	O	_	_
del	di/det	ES	O	_	_
nuovo	nuovo	AS	O	_	_
libero	libero	SS	O	_	_
docente	docente	AS	O	_	_
dr.	dottore	SS	O	_	_
Menestrina	menestrina	SPN	PER	_	_
.	.	XPS	O	_	_

Contemporaneamente	contemporaneamente	B	O	_	_
,	comma	XPW	O	_	_
nella	in/det	ES	O	_	_
seduta	seduta	SS	O	_	_
del	di/det	ES	O	_	_
6	6	N	O	_	_
luglio	luglio	SS	O	_	_
1901	1901	N	O	_	_
della	di/det	ES	O	_	_
Dieta	dieta	SPN	O	_	_
provinciale	provinciale	AS	O	_	_
,	comma	XPW	O	_	_
il	il	RS	O	_	_
dr.	dottore	SS	O	_	_
Pajr	pajr	SPN	PER	_	_
presentava	presentare	VI	O	_	_
un’	uno	RS	O	_	_
interpellanza	interpellanza	SS	O	_	_
diretta	diretto	AS	O	_	_
contro	contro	E	O	_	_
la	il	RS	O	_	_
utraquizzazione	utraquizzazione	SS	O	_	_
dell’	di/det	ES	O	_	_
Università	università	SN	O	_	_
di	di	E	O	_	_
Innsbruck	innsbruck	SPN	O	_	_
.	.	XPS	O	_	_

All’	a/det	ES	O	_	_
interpellante	interpellante	SS	O	_	_
si	rifl	PN	O	_	_
associava	associare	VI	O	_	_
il	il	RS	O	_	_
dr.	dottore	SS	O	_	_
Mjrbach	mjrbach	SPN	PER	_	_
,	comma	XPW	O	_	_
allora	allora	C	O	_	_
Rettore	rettore	SS	O	_	_
dell’	di/det	ES	O	_	_
Università	università	SN	O	_	_
,	comma	XPW	O	_	_
e	e	C	O	_	_
per	per	E	O	_	_
gli	il	RP	O	_	_
italiani	italiano	SP	O	_	_
il	il	RS	O	_	_
barone	barone	SS	O	_	_
Malfatti	malfatti	SPN	PER	_	_
.	.	XPS	O	_	_

Giacché	giacché	C	O	_	_
fin	fin	E	O	_	_
d’	di	E	O	_	_
allora	allora	B	O	_	_
e	e	C	O	_	_
deputati	deputato	SP	O	_	_
e	e	C	O	_	_
studenti	studente	SP	O	_	_
italiani	italiano	AP	O	_	_
,	comma	XPW	O	_	_
mentre	mentre	C	O	_	_
accettavano	accettare	VI	O	_	_
quel	quello	DS	O	_	_
riconoscimento	riconoscimento	SS	O	_	_
di	di	E	O	_	_
fatto	fatto	SS	O	_	_
dei	di/det	EP	O	_	_
nostri	nostro	DP	O	_	_
diritti	diritto	SP	O	_	_
,	comma	XPW	O	_	_
l’	il	RS	O	_	_
utraquizzazione	utraquizzazione	SS	O	_	_
dell’	di/det	ES	O	_	_
Università	università	SN	O	_	_
di	di	E	O	_	_
Innsbruck	innsbruck	SPN	O	_	_
,	comma	XPW	O	_	_
protestavano	protestare	VI	O	_	_
però	però	C	O	_	_
contro	contro	E	O	_	_
di	di	E	O	_	_
essa	essa	PS	O	_	_
come	come	CADV	O	_	_
una	uno	RS	O	_	_
mezza	mezzo	AS	O	_	_
misura	misura	SS	O	_	_
,	comma	XPW	O	_	_
né	né	C	O	_	_
degna	degno	AS	O	_	_
degli	di/det	EP	O	_	_
italiani	italiano	SP	O	_	_
,	comma	XPW	O	_	_
né	né	C	O	_	_
sufficiente	sufficiente	AS	O	_	_
,	comma	XPW	O	_	_
né	né	C	O	_	_
come	come	CADV	O	_	_
i	il	RP	O	_	_
fatti	fatto	SP	O	_	_
ebbero	avere	VI	O	_	_
di	di	E	O	_	_
recente	recente	AS	O	_	_
a	a	E	O	_	_
dimostrare	dimostrare	VF	O	_	_
possibile	possibile	AS	O	_	_
fra	fra	E	O	_	_
il	il	RS	O	_	_
radicalismo	radicalismo	SS	O	_	_
nazionale	nazionale	AS	O	_	_
dell’	di/det	ES	O	_	_
Università	università	SN	O	_	_
innsbrucchese	innsbrucchese	AS	O	_	_
.	.	XPS	O	_	_

Intanto	intanto	B	O	_	_
a	a	E	O	_	_
scongiurare	scongiurare	VF	O	_	_
una	uno	RS	O	_	_
lotta	lotta	SS	O	_	_
sul	su/det	ES	O	_	_
terreno	terreno	SS	O	_	_
accademico	accademico	AS	O	_	_
,	comma	XPW	O	_	_
la	il	RS	O	_	_
facoltà	facoltà	SN	O	_	_
giuridica	giuridico	AS	O	_	_
aveva	avere	VIY	O	_	_
deciso	decidere	VSP	O	_	_
che	che	CCHE	O	_	_
la	il	RS	O	_	_
prolusione	prolusione	SS	O	_	_
del	di/det	ES	O	_	_
prof.	prof.	SS	O	_	_
Menestrina	menestrina	SPN	PER	_	_
si	rifl	PN	O	_	_
facesse	fare	VI	O	_	_
in	in	E	O	_	_
forma	forma	SS	O	_	_
privata	privato	AS	O	_	_
,	comma	XPW	O	_	_
il	il	RS	O	_	_
che	che	CCHE	O	_	_
anche	anche	C	O	_	_
avvenne	avvenire	VI	O	_	_
.	.	XPS	O	_	_

Gli	il	RP	O	_	_
studenti	studente	SP	O	_	_
tedeschi	tedesco	AP	O	_	_
radicali	radicale	AP	O	_	_
,	comma	XPW	O	_	_
per	per	E	O	_	_
allora	allora	C	O	_	_
corbellati	corbellare	VPP	O	_	_
,	comma	XPW	O	_	_
andarono	andare	VI	O	_	_
alle	a/det	EP	O	_	_
vacanze	vacanza	SP	O	_	_
con	con	E	O	_	_
un	uno	RS	O	_	_
arrivederci	arrivederci	I	O	_	_
a	a	E	O	_	_
quest’	questo	DS	O	_	_
autunno	autunno	SS	O	_	_
che	che	CCHE	O	_	_
voleva	volere	VI	O	_	_
dire	dire	VF	O	_	_
:	:	XPS	O	_	_
Quod	quod	SPN	O	_	_
differtur	differtur	VI	O	_	_
,	comma	XPW	O	_	_
non	non	B	O	_	_
aufertur	aufertur	VI	O	_	_
.	.	XPS	O	_	_

Gli	il	RP	O	_	_
studenti	studente	SP	O	_	_
trentini	trentino	AP	O	_	_
poi	poi	B	O	_	_
tornarono	tornare	VI	O	_	_
ad	ad	E	O	_	_
Innsbruck	innsbruck	SPN	GPE	47.2654296	11.3927685
con	con	E	O	_	_
la	il	RS	O	_	_
certezza	certezza	SS	O	_	_
che	che	CCHE	O	_	_
la	il	RS	O	_	_
lotta	lotta	SS	O	_	_
sarebbe	essere	VIY	O	_	_
scoppiata	scoppiare	VSP	O	_	_
alla	a/det	ES	O	_	_
prima	primo	AS	O	_	_
lezione	lezione	SS	O	_	_
del	di/det	ES	O	_	_
prof.	prof.	SS	O	_	_
Menestrina	menestrina	SPN	PER	_	_
.	.	XPS	O	_	_

Tutti	tutto	PP	O	_	_
sanno	sapere	VI	O	_	_
che	che	CCHE	O	_	_
la	il	RS	O	_	_
previsione	previsione	SS	O	_	_
si	rifl	PN	O	_	_
avverò	avverare	VI	O	_	_
;	semicolon	XPS	O	_	_

ed	ed	C	O	_	_
ora	ora	B	O	_	_
siamo	essere	VI	O	_	_
proprio	proprio	B	O	_	_
al	a/det	ES	O	_	_
momento	momento	SS	O	_	_
epico	epico	AS	O	_	_
della	di/det	ES	O	_	_
lotta	lotta	SS	O	_	_
.	.	XPS	O	_	_

Il	il	RS	O	_	_
giorno	giorno	SS	O	_	_
27	27	N	O	_	_
ottobre	ottobre	SS	O	_	_
,	comma	XPW	O	_	_
il	il	RS	O	_	_
nuovo	nuovo	AS	O	_	_
docente	docente	SS	O	_	_
privato	privato	AS	O	_	_
saliva	salivare	VI	O	_	_
la	il	RS	O	_	_
cattedra	cattedra	SS	O	_	_
tra	tra	E	O	_	_
gli	il	RP	O	_	_
applausi	applauso	SP	O	_	_
degli	di/det	EP	O	_	_
italiani	italiano	SP	O	_	_
e	e	C	O	_	_
i	il	RP	O	_	_
fischi	fisco	SP	O	_	_
dei	di/det	EP	O	_	_
tedeschi	tedesco	SP	O	_	_
;	semicolon	XPS	O	_	_

la	il	RS	O	_	_
lotta	lotta	SS	O	_	_
intorno	intorno	E	O	_	_
a	a	E	O	_	_
quella	quello	DS	O	_	_
cattedra	cattedra	SS	O	_	_
si	rifl	PN	O	_	_
ripeté	ripeté	VI	O	_	_
tre	tre	N	O	_	_
volte	volta	SP	O	_	_
;	semicolon	XPS	O	_	_

gli	il	RP	O	_	_
italiani	italiano	SP	O	_	_
,	comma	XPW	O	_	_
forti	forte	AP	O	_	_
dell’	di/det	ES	O	_	_
appoggio	appoggio	SS	O	_	_
di	di	E	O	_	_
tutto	tutto	DS	O	_	_
il	il	RS	O	_	_
paese	paese	SS	O	_	_
che	che	CCHE	O	_	_
applaudiva	applaudire	VI	O	_	_
da	da	E	O	_	_
lontano	lontano	AS	O	_	_
e	e	C	O	_	_
da	da	E	O	_	_
vicino	vicino	AS	O	_	_
;	semicolon	XPS	O	_	_

i	il	RP	O	_	_
tedeschi	tedesco	SP	O	_	_
forti	forte	AP	O	_	_
del	di/det	ES	O	_	_
diritto	diritto	SS	O	_	_
dei	di/det	EP	O	_	_
più	più	B	O	_	_
:	:	XPS	O	_	_
eppure	eppure	B	O	_	_
,	comma	XPW	O	_	_
cosa	cosa	SS	O	_	_
strana	strano	AS	O	_	_
"!"	esclamation_mark	XPS	O	_	_

tutti	tutto	DP	O	_	_
,	comma	XPW	O	_	_
e	e	C	O	_	_
chi	chi	CCHI	O	_	_
applaudiva	applaudire	VI	O	_	_
e	e	C	O	_	_
chi	chi	CCHI	O	_	_
fischiava	fischiare	VI	O	_	_
,	comma	XPW	O	_	_
combattevano	combattere	VI	O	_	_
contro	contro	E	O	_	_
la	il	RS	O	_	_
medesima	medesimo	AS	O	_	_
cosa	cosa	SS	O	_	_
;	semicolon	XPS	O	_	_

contro	contro	E	O	_	_
l’	il	RS	O	_	_
utraquizzazione	utraquizzazione	SS	O	_	_
dell’	di/det	ES	O	_	_
Università	università	SN	O	_	_
di	di	E	O	_	_
Innsbruck	innsbruck	SPN	O	_	_
;	semicolon	XPS	O	_	_

gli	il	RP	O	_	_
italiani	italiano	SP	O	_	_
,	comma	XPW	O	_	_
perché	perché	C	O	_	_
volevano	volere	VI	O	_	_
,	comma	XPW	O	_	_
sulle	su/det	EP	O	_	_
conseguenze	conseguenza	SP	O	_	_
logiche	logico	AP	O	_	_
degli	di/det	EP	O	_	_
avversari	avversario	SP	O	_	_
,	comma	XPW	O	_	_
conquistare	conquistare	VF	O	_	_
un’	uno	RS	O	_	_
università	università	SN	O	_	_
nazionale	nazionale	AS	O	_	_
;	semicolon	XPS	O	_	_

i	il	RP	O	_	_
tedeschi	tedesco	SP	O	_	_
perché	perché	C	O	_	_
volevano	volere	VI	O	_	_
mantenere	mantenere	VF	O	_	_
all’	a/det	ES	O	_	_
università	università	SN	O	_	_
innsbrucchese	innsbrucchese	AS	O	_	_
il	il	RS	O	_	_
carattere	carattere	SS	O	_	_
tedesco	tedesco	AS	O	_	_
.	.	XPS	O	_	_

Intanto	intanto	B	O	_	_
,	comma	XPW	O	_	_
come	come	CADV	O	_	_
contraccolpo	contraccolpo	VI	O	_	_
ai	a/det	EP	O	_	_
fatti	fatto	SP	O	_	_
di	di	E	O	_	_
Innsbruck	innsbruck	SPN	GPE	47.2654296	11.3927685
,	comma	XPW	O	_	_
successero	succedere	VI	O	_	_
le	il	RP	O	_	_
dimostrazioni	dimostrazione	SP	O	_	_
di	di	E	O	_	_
Vienna	vienna	SPN	GPE	48.2083537	16.3725042
e	e	C	O	_	_
di	di	E	O	_	_
Graz	graz	SPN	GPE	47.07325875	15.4444721
e	e	C	O	_	_
le	il	RP	O	_	_
grida	grida	SP	O	_	_
di	di	E	O	_	_
:	:	XPS	O	_	_
«	«	XPO	O	_	_
Vogliamo	volere	VI	O	_	_
l’	il	RS	O	_	_
università	università	SN	O	_	_
italiana	italiano	AS	O	_	_
"!"	esclamation_mark	XPS	O	_	_

»	»	XPO	O	_	_
echeggiarono	echeggiare	VI	O	_	_
fin	fin	E	O	_	_
sotto	sotto	E	O	_	_
l’	il	RS	O	_	_
atrio	atrio	SS	O	_	_
del	di/det	ES	O	_	_
Parlamento	parlamento	SS	O	_	_
.	.	XPS	O	_	_

D’	di	E	O	_	_
allora	allora	C	O	_	_
in	in	E	O	_	_
poi	poi	B	O	_	_
la	il	RS	O	_	_
questione	questione	SS	O	_	_
dell’	di/det	ES	O	_	_
università	università	SN	O	_	_
italiana	italiano	AS	O	_	_
diventò	diventare	VI	O	_	_
una	uno	RS	O	_	_
questione	questione	SS	O	_	_
austriaca	austriaco	AS	O	_	_
.	.	XPS	O	_	_

Un’	uno	RS	O	_	_
ora	ora	SS	O	_	_
dopo	dopo	E	O	_	_
la	il	RS	O	_	_
dimostrazione	dimostrazione	SS	O	_	_
,	comma	XPW	O	_	_
i	il	RP	O	_	_
giornali	giornale	SP	O	_	_
della	di/det	ES	O	_	_
capitale	capitale	SS	O	_	_
parlavano	parlare	VI	O	_	_
a	a	E	O	_	_
lungo	lungo	AS	O	_	_
della	di/det	ES	O	_	_
questione	questione	SS	O	_	_
,	comma	XPW	O	_	_
ne	ne	PN	O	_	_
rifacevano	rifare	VI	O	_	_
la	il	RS	O	_	_
storia	storia	SS	O	_	_
e	e	C	O	_	_
la	il	RS	O	_	_
maggior	maggior	AS	O	_	_
parte	parte	SS	O	_	_
simpatizzavano	simpatizzare	VI	O	_	_
in	in	E	O	_	_
certa	certa	SS	O	_	_
maniera	maniera	SS	O	_	_
,	comma	XPW	O	_	_
naturalmente	naturalmente	B	O	_	_
senza	senza	E	O	_	_
smentire	smentire	VF	O	_	_
i	il	RP	O	_	_
loro	loro	DP	O	_	_
connazionali	connazionale	SP	O	_	_
,	comma	XPW	O	_	_
per	per	E	O	_	_
le	il	RP	O	_	_
domande	domanda	SP	O	_	_
degli	di/det	EP	O	_	_
italiani	italiano	SP	O	_	_
.	.	XPS	O	_	_

Solo	solo	B	O	_	_
l’	il	RS	O	_	_
organo	organo	SS	O	_	_
dei	di/det	EP	O	_	_
pantedeschi	pantedeschi	SP	O	_	_
,	comma	XPW	O	_	_
l’	il	RS	O	_	_
Ostdeutsche	ostdeutsche	SPN	O	_	_
Rundschau	rundschau	SPN	O	_	_
,	comma	XPW	O	_	_
si	rifl	PN	O	_	_
faceva	fare	VI	O	_	_
scrivere	scrivere	VF	O	_	_
dal	da/det	ES	O	_	_
teatro	teatro	SS	O	_	_
della	di/det	ES	O	_	_
lotta	lotta	SS	O	_	_
un	uno	RS	O	_	_
articolo	articolo	SS	O	_	_
,	comma	XPW	O	_	_
in	in	E	O	_	_
cui	cui	PN	O	_	_
osservava	osservare	VI	O	_	_
che	che	CCHE	O	_	_
gli	il	RP	O	_	_
studenti	studente	SP	O	_	_
tedeschi	tedesco	AP	O	_	_
nel	in/det	ES	O	_	_
loro	loro	DP	O	_	_
fervore	fervore	SS	O	_	_
giovanile	giovanile	AS	O	_	_
avevano	avere	VIY	O	_	_
sbagliato	sbagliare	VSP	O	_	_
tattica	tattico	AS	O	_	_
e	e	C	O	_	_
che	che	CCHE	O	_	_
essi	essi	PP	O	_	_
avevano	avere	VIY	O	_	_
ripetuto	ripetere	VSP	O	_	_
in	in	E	O	_	_
tale	tale	DS	O	_	_
maniera	maniera	SS	O	_	_
quegli	quello	DP	O	_	_
atti	atto	SP	O	_	_
di	di	E	O	_	_
generosità	generosità	SN	O	_	_
dei	di/det	EP	O	_	_
tedeschi	tedesco	SP	O	_	_
,	comma	XPW	O	_	_
per	per	E	O	_	_
i	il	RP	O	_	_
quali	quale	DP	O	_	_
essi	essi	PP	O	_	_
aiutavano	aiutare	VI	O	_	_
i	il	RP	O	_	_
propri	proprio	DP	O	_	_
avversari	avversario	SP	O	_	_
.	.	XPS	O	_	_

Parallela	parallela	VI	O	_	_
all’	a/det	ES	O	_	_
azione	azione	SS	O	_	_
universitaria	universitario	AS	O	_	_
,	comma	XPW	O	_	_
si	rifl	PN	O	_	_
svolgeva	svolgere	VI	O	_	_
l’	il	RS	O	_	_
azione	azione	SS	O	_	_
parlamentare	parlamentare	AS	O	_	_
.	.	XPS	O	_	_

I	il	RP	O	_	_
deputati	deputato	SP	O	_	_
italiani	italiano	AP	O	_	_
,	comma	XPW	O	_	_
appena	appena	B	O	_	_
avuto	avere	VSP	O	_	_
sentore	sentore	SS	O	_	_
dei	di/det	EP	O	_	_
fatti	fatto	SP	O	_	_
di	di	E	O	_	_
Innsbruck	innsbruck	SPN	GPE	47.2654296	11.3927685
,	comma	XPW	O	_	_
presentavano	presentare	VI	O	_	_
alla	a/det	ES	O	_	_
camera	camera	SS	O	_	_
un’	uno	RS	O	_	_
interpellanza	interpellanza	SS	O	_	_
,	comma	XPW	O	_	_
dove	dove	CADV	O	_	_
chiedevano	chiedere	VI	O	_	_
al	a/det	ES	O	_	_
Governo	governo	SS	O	_	_
l’	il	RS	O	_	_
erezione	erezione	SS	O	_	_
di	di	E	O	_	_
una	uno	RS	O	_	_
completa	completo	AS	O	_	_
università	università	SN	O	_	_
italiana	italiano	AS	O	_	_
a	a	E	O	_	_
Trieste	trieste	SPN	GPE	45.6500335	13.7706559
,	comma	XPW	O	_	_
ora	ora	B	O	_	_
che	che	CCHE	O	_	_
risultava	risultare	VI	O	_	_
evidentemente	evidentemente	B	O	_	_
vano	vano	AS	O	_	_
il	il	RS	O	_	_
tentativo	tentativo	SS	O	_	_
di	di	E	O	_	_
una	uno	RS	O	_	_
mezza	mezzo	AS	O	_	_
misura	misura	SS	O	_	_
a	a	E	O	_	_
Innsbruck	innsbruck	SPN	GPE	47.2654296	11.3927685
.	.	XPS	O	_	_

Qui	qui	B	O	_	_
intanto	intanto	B	O	_	_
gli	il	RP	O	_	_
avvenimenti	avvenimento	SP	O	_	_
erano	essere	VIY	O	_	_
precipitati	precipitare	VPP	O	_	_
.	.	XPS	O	_	_

Il	il	RS	O	_	_
senato	senato	SS	O	_	_
accademico	accademico	AS	O	_	_
,	comma	XPW	O	_	_
cedendo	cedere	VG	O	_	_
alle	a/det	EP	O	_	_
violenze	violenza	SP	O	_	_
degli	di/det	EP	O	_	_
studenti	studente	SP	O	_	_
tedeschi	tedesco	AP	O	_	_
radicali	radicale	AP	O	_	_
,	comma	XPW	O	_	_
ordinava	ordinare	VI	O	_	_
l’	il	RS	O	_	_
interruzione	interruzione	SS	O	_	_
delle	di/det	EP	O	_	_
lezioni	lezione	SP	O	_	_
al	a/det	ES	O	_	_
prof.	prof.	SS	O	_	_
Menestrina	menestrina	SPN	PER	_	_
.	.	XPS	O	_	_

Questo	questo	PS	O	_	_
passava	passare	VI	O	_	_
ogni	ogni	DS	O	_	_
limite	limite	SS	O	_	_
ed	ed	C	O	_	_
esasperò	esasperare	VI	O	_	_
a	a	E	O	_	_
ragione	ragione	SS	O	_	_
all’	a/det	ES	O	_	_
estremo	estremo	SS	O	_	_
gli	il	RP	O	_	_
italiani	italiano	SP	O	_	_
.	.	XPS	O	_	_

La	il	RS	O	_	_
parola	parola	SS	O	_	_
d’	di	E	O	_	_
ordine	ordine	SS	O	_	_
degli	di/det	EP	O	_	_
studenti	studente	SP	O	_	_
era	essere	VI	O	_	_
:	:	XPS	O	_	_
ad	ad	E	O	_	_
Innsbruck	innsbruck	SPN	GPE	47.2654296	11.3927685
"!"	esclamation_mark	XPS	O	_	_

e	e	C	O	_	_
chi	chi	CCHI	O	_	_
poté	poté	VI	O	_	_
,	comma	XPW	O	_	_
lasciò	lasciare	VI	O	_	_
Vienna	vienna	SPN	GPE	48.2083537	16.3725042
e	e	C	O	_	_
Graz	graz	SPN	GPE	47.07325875	15.4444721
e	e	C	O	_	_
comparì	comparì	VI	O	_	_
sul	su/det	ES	O	_	_
teatro	teatro	SS	O	_	_
della	di/det	ES	O	_	_
lotta	lotta	SS	O	_	_
.	.	XPS	O	_	_

Eravamo	essere	VI	O	_	_
al	a/det	ES	O	_	_
giorno	giorno	SS	O	_	_
7	7	N	O	_	_
novembre	novembre	SS	O	_	_
,	comma	XPW	O	_	_
e	e	C	O	_	_
tutti	tutto	PP	O	_	_
aspettavano	aspettare	VI	O	_	_
con	con	E	O	_	_
ansia	ansia	SS	O	_	_
la	il	RS	O	_	_
risposta	risposta	SS	O	_	_
del	di/det	ES	O	_	_
ministro	ministro	SS	O	_	_
Hartel	hartel	SPN	PER	_	_
.	.	XPS	O	_	_

Il	il	RS	O	_	_
prof.	prof.	SS	O	_	_
Pacchioni	pacchioni	SPN	PER	_	_
telegrafava	telegrafare	VI	O	_	_
da	da	E	O	_	_
Vienna	vienna	SPN	GPE	48.2083537	16.3725042
di	di	E	O	_	_
sperare	sperare	VF	O	_	_
bene	bene	B	O	_	_
.	.	XPS	O	_	_

Al	a/det	ES	O	_	_
Parlamento	parlamento	SS	O	_	_
,	comma	XPW	O	_	_
sulle	su/det	EP	O	_	_
gallerie	galleria	SP	O	_	_
,	comma	XPW	O	_	_
gli	il	RP	O	_	_
studenti	studente	SP	O	_	_
italiani	italiano	AP	O	_	_
pendevano	pendere	VI	O	_	_
dalle	da/det	EP	O	_	_
labbra	labbra	SP	O	_	_
del	di/det	ES	O	_	_
ministro	ministro	SS	O	_	_
:	:	XPS	O	_	_
ad	ad	E	O	_	_
Innsbruck	innsbruck	SPN	GPE	47.2654296	11.3927685
si	rifl	PN	O	_	_
aspettava	aspettare	VI	O	_	_
al	a/det	ES	O	_	_
telegrafo	telegrafo	SS	O	_	_
.	.	XPS	O	_	_

E	e	C	O	_	_
la	il	RS	O	_	_
risposta	risposta	SS	O	_	_
venne	venire	VI	O	_	_
:	:	XPS	O	_	_
tutti	tutto	PP	O	_	_
lo	lo	PS	O	_	_
sanno	sapere	VI	O	_	_
:	:	XPS	O	_	_
fu	essere	VI	O	_	_
la	il	RS	O	_	_
risposta	risposta	SS	O	_	_
di	di	E	O	_	_
un	uno	RS	O	_	_
ministro	ministro	SS	O	_	_
che	che	CCHE	O	_	_
non	non	B	O	_	_
vuole	volere	VI	O	_	_
dire	dire	VF	O	_	_
chiaramente	chiaramente	B	O	_	_
né	né	C	O	_	_
sì	sì	YF	O	_	_
né	né	C	O	_	_
no.	no.	YA	O	_	_
L’	il	RS	O	_	_
Hartel	hartel	SPN	PER	_	_
diceva	dire	VI	O	_	_
pressapoco	pressapoco	SS	O	_	_
:	:	XPS	O	_	_
finora	finora	B	O	_	_
il	il	RS	O	_	_
Governo	governo	SS	O	_	_
credette	credere	VI	O	_	_
bene	bene	B	O	_	_
di	di	E	O	_	_
venire	venire	VF	O	_	_
incontro	incontro	B	O	_	_
ai	a/det	EP	O	_	_
desideri	desiderio	SP	O	_	_
degli	di/det	EP	O	_	_
italiani	italiano	SP	O	_	_
con	con	E	O	_	_
le	il	RP	O	_	_
cattedre	cattedra	SP	O	_	_
parallele	parallele	AS	O	_	_
ad	ad	E	O	_	_
Innsbruck	innsbruck	SPN	GPE	47.2654296	11.3927685
;	semicolon	XPS	O	_	_

se	se	C	O	_	_
la	il	RS	O	_	_
cosa	cosa	SS	O	_	_
,	comma	XPW	O	_	_
per	per	E	O	_	_
le	il	RP	O	_	_
lotte	lotta	SP	O	_	_
nazionali	nazionale	AP	O	_	_
,	comma	XPW	O	_	_
non	non	B	O	_	_
sarà	essere	VI	O	_	_
possibile	possibile	AS	O	_	_
,	comma	XPW	O	_	_
come	come	CADV	O	_	_
pare	parere	VI	O	_	_
,	comma	XPW	O	_	_
il	il	RS	O	_	_
Governo	governo	SS	O	_	_
dovrà	dovere	VI	O	_	_
pensare	pensare	VF	O	_	_
a	a	E	O	_	_
provvedere	provvedere	VF	O	_	_
altrimenti	altrimenti	B	O	_	_
a	a	E	O	_	_
che	che	CCHE	O	_	_
gli	il	RP	O	_	_
italiani	italiano	SP	O	_	_
possano	potere	VI	O	_	_
godersi	godere/rifl	VF+E	O	_	_
un’	uno	RS	O	_	_
istruzione	istruzione	SS	O	_	_
superiore	superiore	AS	O	_	_
.	.	XPS	O	_	_

I	il	RP	O	_	_
deputati	deputato	SP	O	_	_
ed	ed	C	O	_	_
in	in	E	O	_	_
genere	genere	SS	O	_	_
gli	il	RP	O	_	_
studenti	studente	SP	O	_	_
in	in	E	O	_	_
Vienna	vienna	SPN	GPE	48.2083537	16.3725042
videro	vedere	VI	O	_	_
in	in	E	O	_	_
queste	questo	DP	O	_	_
ultime	ultimo	AP	O	_	_
parole	parola	SP	O	_	_
una	uno	RS	O	_	_
promessa	promessa	SS	O	_	_
abbastanza	abbastanza	B	O	_	_
chiara	chiaro	AS	O	_	_
per	per	E	O	_	_
l’	il	RS	O	_	_
Università	università	SN	O	_	_
a	a	E	O	_	_
Trieste	trieste	SPN	GPE	45.6500335	13.7706559
.	.	XPS	O	_	_

A	a	E	O	_	_
Innsbruck	innsbruck	SPN	GPE	47.2654296	11.3927685
,	comma	XPW	O	_	_
invece	invece	C	O	_	_
nel	in/det	ES	O	_	_
grande	grande	AS	O	_	_
comizio	comizio	SS	O	_	_
del	di/det	ES	O	_	_
7	7	N	O	_	_
novembre	novembre	SS	O	_	_
in	in	E	O	_	_
cui	cui	PN	O	_	_
erano	essere	VIY	O	_	_
rappresentati	rappresentare	VPP	O	_	_
tutti	tutto	DP	O	_	_
gli	il	RP	O	_	_
studenti	studente	SP	O	_	_
,	comma	XPW	O	_	_
vari	vario	AP	O	_	_
municipi	municipio	SP	O	_	_
e	e	C	O	_	_
la	il	RS	O	_	_
stampa	stampa	SS	O	_	_
,	comma	XPW	O	_	_
gli	il	RP	O	_	_
studenti	studente	SP	O	_	_
votarono	votare	VI	O	_	_
un	uno	RS	O	_	_
ordine	ordine	SS	O	_	_
del	di/det	ES	O	_	_
giorno	giorno	SS	O	_	_
radicale	radicale	AS	O	_	_
su	su	E	O	_	_
tutta	tutto	DS	O	_	_
la	il	RS	O	_	_
linea	linea	SS	O	_	_
.	.	XPS	O	_	_

Io	io	PS	O	_	_
non	non	B	O	_	_
voglio	volere	VI	O	_	_
qui	qui	B	O	_	_
decidere	decidere	VF	O	_	_
,	comma	XPW	O	_	_
se	se	C	O	_	_
esso	esso	PS	O	_	_
fosse	essere	VIY	O	_	_
giustificato	giustificare	VSP	O	_	_
o	o	C	O	_	_
ingiustificato	ingiustificato	AS	O	_	_
,	comma	XPW	O	_	_
opportuno	opportuno	AS	O	_	_
o	o	C	O	_	_
meno	meno	B	O	_	_
opportuno	opportuno	AS	O	_	_
:	:	XPS	O	_	_
su	su	E	O	_	_
tale	tale	DS	O	_	_
cosa	cosa	SS	O	_	_
deciderà	decidere	VI	O	_	_
il	il	RS	O	_	_
futuro	futuro	SS	O	_	_
e	e	C	O	_	_
questo	questo	DS	O	_	_
futuro	futuro	SS	O	_	_
speriamo	sperare	VI	O	_	_
non	non	B	O	_	_
sia	essere	VIY	O	_	_
ancora	ancora	B	O	_	_
giunto	giungere	VSP	O	_	_
.	.	XPS	O	_	_

Certo	certo	B	O	_	_
è	essere	VI	O	_	_
che	che	CCHE	O	_	_
la	il	RS	O	_	_
stampa	stampa	SS	O	_	_
tedesca	tedesco	AS	O	_	_
e	e	C	O	_	_
slava	slavo	AS	O	_	_
interpretò	interpretare	VI	O	_	_
la	il	RS	O	_	_
risposta	risposta	SS	O	_	_
in	in	E	O	_	_
genere	genere	SS	O	_	_
più	più	B	O	_	_
favorevolmente	favorevolmente	B	O	_	_
che	che	CCHE	O	_	_
noi	noi	PP	O	_	_
:	:	XPS	O	_	_
tanto	tanto	PS	O	_	_
è	essere	VI	O	_	_
vero	vero	AS	O	_	_
che	che	CCHE	O	_	_
la	il	RS	O	_	_
parola	parola	SS	O	_	_
d’	di	E	O	_	_
ordine	ordine	SS	O	_	_
per	per	E	O	_	_
tutte	tutto	DP	O	_	_
le	il	RP	O	_	_
nazioni	nazione	SP	O	_	_
non	non	B	O	_	_
equiparate	equiparare	VPP	O	_	_
fu	essere	VI	O	_	_
questa	questo	PS	O	_	_
:	:	XPS	O	_	_
se	se	C	O	_	_
ricevono	ricevere	VI	O	_	_
l’	il	RS	O	_	_
università	università	SN	O	_	_
gli	il	RP	O	_	_
italiani	italiano	SP	O	_	_
,	comma	XPW	O	_	_
perché	perché	C	O	_	_
non	non	B	O	_	_
ce	ce	B	O	_	_
ne	ne	PN	O	_	_
danno	dare	VI	O	_	_
una	uno	RS	O	_	_
anche	anche	C	O	_	_
a	a	E	O	_	_
noi	noi	PP	O	_	_
?	?	XPS	O	_	_

E	e	C	O	_	_
d’	di	E	O	_	_
improvviso	improvviso	AS	O	_	_
ci	ci	B	O	_	_
trovammo	trovare	VI	O	_	_
a	a	E	O	_	_
lato	lato	SS	O	_	_
nuovi	nuovo	AP	O	_	_
e	e	C	O	_	_
più	più	B	O	_	_
forti	forte	AP	O	_	_
competitori	competitore	SP	O	_	_
–	–	XPO	O	_	_
gli	il	RP	O	_	_
sloveni	sloveno	SP	O	_	_
,	comma	XPW	O	_	_
i	il	RP	O	_	_
croati	croato	SP	O	_	_
,	comma	XPW	O	_	_
i	il	RP	O	_	_
ruteni	ruteno	SP	O	_	_
,	comma	XPW	O	_	_
gli	il	RP	O	_	_
czechi	czechi	SP	O	_	_
,	comma	XPW	O	_	_
i	il	RP	O	_	_
tedeschi	tedesco	SP	O	_	_
:	:	XPS	O	_	_
la	il	RS	O	_	_
questione	questione	SS	O	_	_
era	essere	VIY	O	_	_
precipitata	precipitare	VSP	O	_	_
al	a/det	ES	O	_	_
plurale	plurale	SS	O	_	_
.	.	XPS	O	_	_

La	il	RS	O	_	_
stampa	stampa	SS	O	_	_
tedesca	tedesco	AS	O	_	_
ne	ne	PN	O	_	_
approfittò	approfittare	VI	O	_	_
per	per	E	O	_	_
trarre	trarre	VF	O	_	_
la	il	RS	O	_	_
cosa	cosa	SS	O	_	_
in	in	E	O	_	_
ridicolo	ridicolo	SS	O	_	_
,	comma	XPW	O	_	_
e	e	C	O	_	_
si	rifl	PN	O	_	_
parlò	parlare	VI	O	_	_
d’	di	E	O	_	_
università	università	SN	O	_	_
ladina	ladino	AS	O	_	_
e	e	C	O	_	_
d’	di	E	O	_	_
una	uno	PS	O	_	_
per	per	E	O	_	_
gli	il	RP	O	_	_
zingari	zingaro	SP	O	_	_
.	.	XPS	O	_	_

In	in	E	O	_	_
seguito	seguito	SS	O	_	_
a	a	E	O	_	_
questo	questo	PS	O	_	_
ed	ed	C	O	_	_
alle	a/det	EP	O	_	_
condizioni	condizione	SP	O	_	_
di	di	E	O	_	_
moribondo	moribondo	SS	O	_	_
in	in	E	O	_	_
cui	cui	PN	O	_	_
si	rifl	PN	O	_	_
trovava	trovare	VI	O	_	_
il	il	RS	O	_	_
Parlamento	parlamento	SS	O	_	_
,	comma	XPW	O	_	_
qui	qui	B	O	_	_
non	non	B	O	_	_
fece	fare	VI	O	_	_
passi	passo	SP	O	_	_
in	in	E	O	_	_
avanti	avanti	E	O	_	_
la	il	RS	O	_	_
nostra	nostro	DS	O	_	_
causa	causa	SS	O	_	_
,	comma	XPW	O	_	_
benché	benché	C	O	_	_
i	il	RP	O	_	_
nostri	nostro	DP	O	_	_
deputati	deputato	SP	O	_	_
non	non	B	O	_	_
perdessero	perdere	VI	O	_	_
alcuna	alcuno	DS	O	_	_
occasione	occasione	SS	O	_	_
sia	sia	C	O	_	_
nel	in/det	ES	O	_	_
plenum	plenum	SS	O	_	_
della	di/det	ES	O	_	_
Camera	camera	SS	O	_	_
,	comma	XPW	O	_	_
sia	sia	C	O	_	_
nelle	in/det	EP	O	_	_
commissioni	commissione	SP	O	_	_
o	o	C	O	_	_
per	per	E	O	_	_
via	via	SS	O	_	_
di	di	E	O	_	_
interpellanza	interpellanza	SS	O	_	_
.	.	XPS	O	_	_

Ad	ad	E	O	_	_
Innsbruck	innsbruck	SPN	GPE	47.2654296	11.3927685
successe	succedere	VI	O	_	_
una	uno	RS	O	_	_
sommossa	sommossa	SS	O	_	_
verso	verso	E	O	_	_
destra	destra	SS	O	_	_
.	.	XPS	O	_	_

Gli	il	RP	O	_	_
studenti	studente	SP	O	_	_
tedeschi	tedesco	AP	O	_	_
radicali	radicale	AP	O	_	_
capirono	capire	VI	O	_	_
che	che	CCHE	O	_	_
le	il	RP	O	_	_
loro	loro	DP	O	_	_
violenze	violenza	SP	O	_	_
facevano	fare	VI	O	_	_
il	il	RS	O	_	_
nostro	nostro	DS	O	_	_
comodo	comodo	SS	O	_	_
ed	ed	C	O	_	_
ubbidendo	ubbidire	VG	O	_	_
alla	a/det	ES	O	_	_
Ostdeutsche	ostdeutsche	SPN	O	_	_
Rundschau	rundschau	SPN	O	_	_
,	comma	XPW	O	_	_
riprovarono	riprovare	VI	O	_	_
per	per	E	O	_	_
vile	vile	AS	O	_	_
interesse	interesse	SS	O	_	_
il	il	RS	O	_	_
passato	passato	SS	O	_	_
e	e	C	O	_	_
promisero	promettere	VI	O	_	_
di	di	E	O	_	_
essere	essere	VF	O	_	_
per	per	E	O	_	_
l’	il	RS	O	_	_
avvenire	avvenire	SS	O	_	_
gli	il	RP	O	_	_
uomini	uomo	SP	O	_	_
dell’	di/det	ES	O	_	_
ordine	ordine	SS	O	_	_
.	.	XPS	O	_	_

Altrettanto	altrettanto	B	O	_	_
chiedeva	chiedere	VI	O	_	_
il	il	RS	O	_	_
Rettore	rettore	SS	O	_	_
agli	a/det	EP	O	_	_
italiani	italiano	SP	O	_	_
,	comma	XPW	O	_	_
ma	ma	C	O	_	_
questi	questo	PP	O	_	_
non	non	B	O	_	_
s’	s’	PN	O	_	_
impegnarono	impegnare	VI	O	_	_
.	.	XPS	O	_	_

L’	il	RS	O	_	_
università	università	SN	O	_	_
venne	venire	VI	O	_	_
tuttavia	tuttavia	B	O	_	_
riaperta	riaprire	VSP	O	_	_
e	e	C	O	_	_
le	il	RP	O	_	_
lezioni	lezione	SP	O	_	_
del	di/det	ES	O	_	_
prof.	prof.	SS	O	_	_
Menestrina	menestrina	SPN	PER	_	_
ripigliarono	ripigliare	VI	O	_	_
il	il	RS	O	_	_
loro	loro	DP	O	_	_
corso	corso	SS	O	_	_
tranquillamente	tranquillamente	B	O	_	_
,	comma	XPW	O	_	_
però	però	C	O	_	_
tra	tra	E	O	_	_
le	il	RP	O	_	_
dichiarazioni	dichiarazione	SP	O	_	_
dei	di/det	EP	O	_	_
giornali	giornale	SP	O	_	_
tedeschi	tedesco	AP	O	_	_
che	che	CCHE	O	_	_
dicevano	dire	VI	O	_	_
:	:	XPS	O	_	_
È	essere	VI	O	_	_
l’	il	RS	O	_	_
ultima	ultimo	AS	O	_	_
concessione	concessione	SS	O	_	_
che	che	CCHE	O	_	_
vi	vi	B	O	_	_
facciamo	fare	VI	O	_	_
.	.	XPS	O	_	_

E	e	C	O	_	_
la	il	RS	O	_	_
questione	questione	SS	O	_	_
rimase	rimanere	VI	O	_	_
insoluta	insoluto	AS	O	_	_
.	.	XPS	O	_	_

È	essere	VI	O	_	_
chiaro	chiaro	AS	O	_	_
che	che	CCHE	O	_	_
ora	ora	B	O	_	_
essa	essa	PP	O	_	_
si	rifl	PN	O	_	_
trova	trovare	VI	O	_	_
in	in	E	O	_	_
un	uno	RS	O	_	_
periodo	periodo	SS	O	_	_
di	di	E	O	_	_
tregua	tregua	SS	O	_	_
,	comma	XPW	O	_	_
non	non	B	O	_	_
concessa	concessa	VI	O	_	_
da	da	E	O	_	_
noi	noi	PP	O	_	_
ma	ma	C	O	_	_
portata	portare	VSP	O	_	_
dalla	da/det	ES	O	_	_
necessità	necessità	SN	O	_	_
delle	di/det	EP	O	_	_
cose	cosa	SP	O	_	_
:	:	XPS	O	_	_
quando	quando	CADV	O	_	_
ne	ne	PN	O	_	_
uscirà	uscire	VI	O	_	_
?	?	XPS	O	_	_

non	non	B	O	_	_
è	essere	VI	O	_	_
facile	facile	AS	O	_	_
il	il	RS	O	_	_
dirlo	dire/pro	VF+E	O	_	_
:	:	XPS	O	_	_
probabilmente	probabilmente	B	O	_	_
la	il	RS	O	_	_
lotta	lotta	SS	O	_	_
scoppierà	scoppiare	VI	O	_	_
di	di	E	O	_	_
nuovo	nuovo	AS	O	_	_
quando	quando	CADV	O	_	_
si	rifl	PN	O	_	_
inaugurerà	inaugurare	VI	O	_	_
la	il	RS	O	_	_
seconda	seconda	SS	O	_	_
delle	di/det	EP	O	_	_
due	due	N	O	_	_
cattedre	cattedra	SP	O	_	_
stabilite	stabilire	VPP	O	_	_
,	comma	XPW	O	_	_
quella	quello	PS	O	_	_
del	di/det	ES	O	_	_
dr.	dottore	SS	O	_	_
Lorenzoni	lorenzoni	SPN	PER	_	_
.	.	XPS	O	_	_

Questo	questo	PS	O	_	_
è	essere	VI	O	_	_
certo	certo	B	O	_	_
,	comma	XPW	O	_	_
che	che	CCHE	O	_	_
il	il	RS	O	_	_
Governo	governo	SS	O	_	_
si	rifl	PN	O	_	_
troverà	trovare	VI	O	_	_
sempre	sempre	B	O	_	_
più	più	B	O	_	_
stretto	stretto	AS	O	_	_
nel	in/det	ES	O	_	_
dilemma	dilemma	SS	O	_	_
o	o	C	O	_	_
di	di	E	O	_	_
mantenere	mantenere	VF	O	_	_
e	e	C	O	_	_
completare	completare	VF	O	_	_
le	il	RP	O	_	_
cattedre	cattedra	SP	O	_	_
parallele	parallele	AS	O	_	_
in	in	E	O	_	_
Innsbruck	innsbruck	SPN	GPE	47.2654296	11.3927685
e	e	C	O	_	_
scontentare	scontentare	VF	O	_	_
tanto	tanto	B	O	_	_
italiani	italiano	AP	O	_	_
che	che	CCHE	O	_	_
tedeschi	tedesco	AP	O	_	_
,	comma	XPW	O	_	_
o	o	C	O	_	_
di	di	E	O	_	_
concederci	concedere/pro/loc	VF+E	O	_	_
un’	uno	RS	O	_	_
università	università	SN	O	_	_
propria	propria	AS	O	_	_
su	su	E	O	_	_
terra	terra	SS	O	_	_
italiana	italiano	AS	O	_	_
,	comma	XPW	O	_	_
accontentarci	accontentare/loc/pro	VF+E	O	_	_
almeno	almeno	B	O	_	_
noi	noi	PP	O	_	_
.	.	XPS	O	_	_

Il	il	RS	O	_	_
Governo	governo	SS	O	_	_
avrebbe	avere	VIY	O	_	_
pure	pure	B	O	_	_
escogitata	escogitare	VSP	O	_	_
una	uno	RS	O	_	_
via	via	SS	O	_	_
di	di	E	O	_	_
mezzo	mezzo	SS	O	_	_
,	comma	XPW	O	_	_
quella	quello	PS	O	_	_
cioè	cioe`	B	O	_	_
di	di	E	O	_	_
completare	completare	VF	O	_	_
le	il	RP	O	_	_
cattedre	cattedra	SP	O	_	_
in	in	E	O	_	_
Innsbruck	innsbruck	SPN	GPE	47.2654296	11.3927685
,	comma	XPW	O	_	_
poi	poi	B	O	_	_
dichiararle	dichiarare/pro	VF+E	O	_	_
indipendenti	indipendente	AP	O	_	_
,	comma	XPW	O	_	_
istituendo	istituire	VG	O	_	_
un’	uno	RS	O	_	_
accademia	accademia	SS	O	_	_
per	per	E	O	_	_
sé	sé	PN	O	_	_
e	e	C	O	_	_
gli	il	RP	O	_	_
italiani	italiano	SP	O	_	_
in	in	E	O	_	_
Innsbruck	innsbruck	SPN	GPE	47.2654296	11.3927685
.	.	XPS	O	_	_

Ma	ma	C	O	_	_
questo	questo	DS	O	_	_
progetto	progetto	SS	O	_	_
,	comma	XPW	O	_	_
oltreché	oltreché	C	O	_	_
con	con	E	O	_	_
ogni	ogni	DS	O	_	_
probabilità	probabilità	SN	O	_	_
non	non	B	O	_	_
incontrerebbe	incontrare	VI	O	_	_
le	il	RP	O	_	_
simpatie	simpatia	SP	O	_	_
dei	di/det	EP	O	_	_
tedeschi	tedesco	SP	O	_	_
,	comma	XPW	O	_	_
non	non	B	O	_	_
potrebbe	potere	VI	O	_	_
essere	essere	VFY	O	_	_
accettato	accettare	VSP	O	_	_
dagli	da/det	EP	O	_	_
italiani	italiano	SP	O	_	_
.	.	XPS	O	_	_

Che	che	CCHE	O	_	_
cosa	cosa	SS	O	_	_
vorrebbe	volere	VI	O	_	_
dire	dire	VF	O	_	_
un’	uno	RS	O	_	_
accademia	accademia	SS	O	_	_
italiana	italiano	AS	O	_	_
o	o	C	O	_	_
una	uno	RS	O	_	_
semi-università	semi-università	SN	O	_	_
incompleta	incompleto	AS	O	_	_
in	in	E	O	_	_
terra	terra	SS	O	_	_
tedesca	tedesco	AS	O	_	_
,	comma	XPW	O	_	_
come	come	CADV	O	_	_
vi	voi	PP	O	_	_
si	rifl	PN	O	_	_
adatterebbe	adattare	VI	O	_	_
la	il	RS	O	_	_
nostra	nostro	DS	O	_	_
dignità	dignità	SN	O	_	_
e	e	C	O	_	_
quella	quello	PS	O	_	_
dei	di/det	EP	O	_	_
docenti	docente	SP	O	_	_
?	?	XPS	O	_	_

Del	di/det	ES	O	_	_
resto	resto	SS	O	_	_
noi	noi	PP	O	_	_
non	non	B	O	_	_
avremmo	avere	VIY	O	_	_
conquistato	conquistare	VSP	O	_	_
che	che	CCHE	O	_	_
una	uno	RS	O	_	_
scuola	scuola	SS	O	_	_
professionale	professionale	AS	O	_	_
mai	mai	B	O	_	_
un	uno	RS	O	_	_
centro	centro	SS	O	_	_
di	di	E	O	_	_
cultura	cultura	SS	O	_	_
nazionale	nazionale	AS	O	_	_
.	.	XPS	O	_	_

Poiché	poiché	B	O	_	_
,	comma	XPW	O	_	_
o	o	C	O	_	_
signori	signore	SP	O	_	_
,	comma	XPW	O	_	_
quale	quale	PS	O	_	_
è	essere	VI	O	_	_
la	il	RS	O	_	_
ragione	ragione	SS	O	_	_
prima	primo	AS	O	_	_
della	di/det	ES	O	_	_
nostra	nostro	DS	O	_	_
domanda	domanda	SS	O	_	_
?	?	XPS	O	_	_

Certo	certo	B	O	_	_
vi	vi	B	O	_	_
hanno	avere	VI	O	_	_
parte	parte	SS	O	_	_
anche	anche	C	O	_	_
motivi	motivo	SP	O	_	_
professionali	professionale	AP	O	_	_
:	:	XPS	O	_	_
che	che	CCHE	O	_	_
il	il	RS	O	_	_
medico	medico	SS	O	_	_
,	comma	XPW	O	_	_
il	il	RS	O	_	_
professore	professore	SS	O	_	_
,	comma	XPW	O	_	_
l’	il	RS	O	_	_
avvocato	avvocato	SS	O	_	_
possano	potere	VI	O	_	_
studiare	studiare	VF	O	_	_
in	in	E	O	_	_
quella	quello	DS	O	_	_
lingua	lingua	SS	O	_	_
nella	in/det	ES	O	_	_
quale	quale	PS	O	_	_
insegnano	insegnare	VI	O	_	_
e	e	C	O	_	_
non	non	B	O	_	_
debba	dovere	VI	O	_	_
accadere	accadere	VF	O	_	_
,	comma	XPW	O	_	_
come	come	CADV	O	_	_
avviene	avvenire	VI	O	_	_
a	a	E	O	_	_
taluno	taluno	SS	O	_	_
,	comma	XPW	O	_	_
di	di	E	O	_	_
rifare	rifare	VF	O	_	_
poi	poi	B	O	_	_
per	per	E	O	_	_
la	il	RS	O	_	_
pratica	pratica	SS	O	_	_
i	il	RP	O	_	_
suoi	suo	DP	O	_	_
studi	studio	SP	O	_	_
in	in	E	O	_	_
italiano	italiano	SS	O	_	_
.	.	XPS	O	_	_

Ma	ma	C	O	_	_
non	non	B	O	_	_
è	essere	VI	O	_	_
questa	questo	PS	O	_	_
,	comma	XPW	O	_	_
o	o	C	O	_	_
signori	signore	SP	O	_	_
,	comma	XPW	O	_	_
la	il	RS	O	_	_
ragione	ragione	SS	O	_	_
principale	principale	AS	O	_	_
.	.	XPS	O	_	_

Noi	noi	PP	O	_	_
vogliamo	volere	VI	O	_	_
università	università	SN	O	_	_
italiana	italiano	AS	O	_	_
su	su	E	O	_	_
suolo	suolo	SS	O	_	_
italiano	italiano	AS	O	_	_
per	per	E	O	_	_
stabilirvi	stabilire/loc/voi	VF+E	O	_	_
la	il	RS	O	_	_
nostra	nostro	DS	O	_	_
palestra	palestra	SS	O	_	_
di	di	E	O	_	_
cultura	cultura	SS	O	_	_
e	e	C	O	_	_
i	il	RP	O	_	_
nostri	nostro	DP	O	_	_
laboratori	laboratorio	SP	O	_	_
della	di/det	ES	O	_	_
scienza	scienza	SS	O	_	_
,	comma	XPW	O	_	_
ove	ove	B	O	_	_
agli	a/det	EP	O	_	_
studenti	studente	SP	O	_	_
italiani	italiano	AP	O	_	_
austriaci	austriaci	AP	O	_	_
sia	sia	C	O	_	_
possibile	possibile	AS	O	_	_
di	di	E	O	_	_
coltivarsi	coltivare/rifl	VF+E	O	_	_
anche	anche	C	O	_	_
oltre	oltre	E	O	_	_
quello	quello	PS	O	_	_
che	che	CCHE	O	_	_
tende	tendere	VI	O	_	_
l’	il	RS	O	_	_
esaminatore	esaminatore	SS	O	_	_
,	comma	XPW	O	_	_
ove	ove	B	O	_	_
la	il	RS	O	_	_
gioventù	gioventù	SN	O	_	_
prenda	prendere	VI	O	_	_
amore	amore	SS	O	_	_
alla	a/det	ES	O	_	_
scienza	scienza	SS	O	_	_
alle	a/det	EP	O	_	_
lettere	lettera	SP	O	_	_
,	comma	XPW	O	_	_
sì	sì	B	O	_	_
da	da	E	O	_	_
crescere	crescere	VF	O	_	_
degna	degno	AS	O	_	_
della	di/det	ES	O	_	_
nostra	nostro	DS	O	_	_
grande	grande	AS	O	_	_
cultura	cultura	SS	O	_	_
nazionale	nazionale	AS	O	_	_
"!"	esclamation_mark	XPS	O	_	_

Le	il	RP	O	_	_
università	università	SN	O	_	_
,	comma	XPW	O	_	_
o	o	C	O	_	_
signori	signore	SP	O	_	_
,	comma	XPW	O	_	_
sono	essere	VIY	O	_	_
state	essere	VPP	O	_	_
sempre	sempre	B	O	_	_
non	non	B	O	_	_
solo	solo	B	O	_	_
i	il	RP	O	_	_
laboratori	laboratorio	SP	O	_	_
del	di/det	ES	O	_	_
pensiero	pensiero	SS	O	_	_
scientifico	scientifico	AS	O	_	_
,	comma	XPW	O	_	_
ma	ma	C	O	_	_
anche	anche	C	O	_	_
le	il	RP	O	_	_
fucine	fucina	SP	O	_	_
ove	ove	B	O	_	_
si	rifl	PN	O	_	_
idearono	ideare	VI	O	_	_
e	e	C	O	_	_
produssero	produssero	VI	O	_	_
i	il	RP	O	_	_
grandi	grande	AP	O	_	_
rivolgimenti	rivolgimento	SP	O	_	_
intellettuali	intellettuale	AP	O	_	_
dei	di/det	EP	O	_	_
popoli	popolo	SP	O	_	_
.	.	XPS	O	_	_

Ebbene	ebbene	C	O	_	_
,	comma	XPW	O	_	_
o	o	C	O	_	_
signori	signore	SP	O	_	_
,	comma	XPW	O	_	_
noi	noi	PP	O	_	_
vogliamo	volere	VI	O	_	_
un’	uno	RS	O	_	_
università	università	SN	O	_	_
italiana	italiano	AS	O	_	_
la	il	RS	O	_	_
quale	quale	PS	O	_	_
ci	ci	PP	O	_	_
metta	mettere	VI	O	_	_
in	in	E	O	_	_
grado	grado	SS	O	_	_
di	di	E	O	_	_
gareggiare	gareggiare	VF	O	_	_
con	con	E	O	_	_
le	il	RP	O	_	_
altre	altro	DP	O	_	_
nazioni	nazione	SP	O	_	_
dell’	di/det	ES	O	_	_
Austria	austria	SPN	O	_	_
,	comma	XPW	O	_	_
noi	noi	PP	O	_	_
vogliamo	volere	VI	O	_	_
un’	uno	RS	O	_	_
università	università	SN	O	_	_
ove	ove	B	O	_	_
si	rifl	PN	O	_	_
formi	formare	VI	O	_	_
una	uno	RS	O	_	_
generazione	generazione	SS	O	_	_
che	che	CCHE	O	_	_
trovi	trovare	VI	O	_	_
il	il	RS	O	_	_
vanto	vanto	SS	O	_	_
non	non	B	O	_	_
nello	in/det	ES	O	_	_
sprezzare	sprezzare	VF	O	_	_
i	il	RP	O	_	_
tedeschi	tedesco	SP	O	_	_
e	e	C	O	_	_
la	il	RS	O	_	_
loro	loro	DP	O	_	_
cultura	cultura	SS	O	_	_
;	semicolon	XPS	O	_	_

richiamandosi	richiamare/rifl	VG+E	O	_	_
ai	a/det	EP	O	_	_
nostri	nostro	DP	O	_	_
grandi	grande	AP	O	_	_
Padri	padri	SPN	O	_	_
,	comma	XPW	O	_	_
ma	ma	C	O	_	_
nel	in/det	ES	O	_	_
far	fare	VF	O	_	_
sempre	sempre	B	O	_	_
meglio	meglio	B	O	_	_
dei	di/det	EP	O	_	_
tedeschi	tedesco	SP	O	_	_
nel	in/det	ES	O	_	_
superare	superare	VF	O	_	_
la	il	RS	O	_	_
loro	loro	DP	O	_	_
cultura	cultura	SS	O	_	_
,	comma	XPW	O	_	_
vogliamo	volere	VI	O	_	_
in	in	E	O	_	_
poche	poco	DP	O	_	_
parole	parola	SP	O	_	_
una	uno	RS	O	_	_
università	università	SN	O	_	_
italiana	italiano	AS	O	_	_
la	il	RS	O	_	_
quale	quale	PS	O	_	_
sviluppi	sviluppare	VI	O	_	_
il	il	RS	O	_	_
nazionalismo	nazionalismo	SS	O	_	_
positivo	positivo	AS	O	_	_
dei	di/det	EP	O	_	_
doveri	dovere	SP	O	_	_
e	e	C	O	_	_
non	non	B	O	_	_
solo	solo	B	O	_	_
dei	di/det	EP	O	_	_
diritti	diritto	SP	O	_	_
,	comma	XPW	O	_	_
in	in	E	O	_	_
maniera	maniera	SS	O	_	_
che	che	CCHE	O	_	_
si	rifl	PN	O	_	_
possa	potere	VI	O	_	_
dire	dire	VF	O	_	_
agli	a/det	EP	O	_	_
italiani	italiano	SP	O	_	_
in	in	E	O	_	_
Austria	austria	SPN	GPE	47.2000338	13.199959
non	non	B	O	_	_
che	che	CCHE	O	_	_
gli	il	RP	O	_	_
italiani	italiano	SP	O	_	_
sono	essere	VI	O	_	_
semplicemente	semplicemente	B	O	_	_
gli	il	RP	O	_	_
avversari	avversario	SP	O	_	_
nazionali	nazionale	AP	O	_	_
degli	di/det	EP	O	_	_
slavi	slavo	SP	O	_	_
o	o	C	O	_	_
dei	di/det	EP	O	_	_
tedeschi	tedesco	SP	O	_	_
,	comma	XPW	O	_	_
ma	ma	C	O	_	_
che	che	CCHE	O	_	_
sono	essere	VI	O	_	_
un	uno	RS	O	_	_
popolo	popolo	SS	O	_	_
,	comma	XPW	O	_	_
che	che	CCHE	O	_	_
è	essere	VI	O	_	_
più	più	B	O	_	_
colto	colto	SS	O	_	_
e	e	C	O	_	_
più	più	B	O	_	_
sviluppato	sviluppato	AS	O	_	_
degli	di/det	EP	O	_	_
slavi	slavo	SP	O	_	_
e	e	C	O	_	_
dei	di/det	EP	O	_	_
tedeschi	tedesco	SP	O	_	_
.	.	XPS	O	_	_

E	e	C	O	_	_
questa	questo	PS	O	_	_
nostra	nostro	DS	O	_	_
domanda	domanda	SS	O	_	_
,	comma	XPW	O	_	_
o	o	C	O	_	_
signori	signore	SP	O	_	_
,	comma	XPW	O	_	_
ci	ci	B	O	_	_
è	essere	VIY	O	_	_
garantita	garantire	VSP	O	_	_
dalla	da/det	ES	O	_	_
costituzione	costituzione	SS	O	_	_
nel	in/det	ES	O	_	_
paragrafo	paragrafo	SS	O	_	_
19	19	N	O	_	_
delle	di/det	EP	O	_	_
leggi	leggio	SP	O	_	_
fondamentali	fondamentale	AP	O	_	_
.	.	XPS	O	_	_

La	il	RS	O	_	_
legge	legge	SS	O	_	_
c’	ci	B	O	_	_
è	essere	VI	O	_	_
,	comma	XPW	O	_	_
ma	ma	C	O	_	_
chi	chi	CCHI	O	_	_
vi	vi	B	O	_	_
pon	pon	VI	O	_	_
mano	mano	SS	O	_	_
?	?	XPS	O	_	_

I	il	RP	O	_	_
tedeschi	tedesco	SP	O	_	_
ci	ci	B	O	_	_
sogliono	sogliono	VI	O	_	_
rinfacciare	rinfacciare	VF	O	_	_
difficoltà	difficoltà	SN	O	_	_
pratiche	pratico	AP	O	_	_
,	comma	XPW	O	_	_
mancanza	mancanza	SS	O	_	_
di	di	E	O	_	_
professori	professore	SP	O	_	_
e	e	C	O	_	_
di	di	E	O	_	_
studenti	studente	SP	O	_	_
.	.	XPS	O	_	_

Il	il	RS	O	_	_
corpo	corpo	SS	O	_	_
docente	docente	AS	O	_	_
italiano	italiano	AS	O	_	_
di	di	E	O	_	_
Innsbruck	innsbruck	SPN	GPE	47.2654296	11.3927685
,	comma	XPW	O	_	_
con	con	E	O	_	_
la	il	RS	O	_	_
sua	suo	DS	O	_	_
risposta	risposta	SS	O	_	_
al	a/det	ES	O	_	_
prof.	prof.	SS	O	_	_
Waldner	waldner	SPN	PER	_	_
,	comma	XPW	O	_	_
pubblicata	pubblicare	VSP	O	_	_
dai	da/det	EP	O	_	_
giornali	giornale	SP	O	_	_
,	comma	XPW	O	_	_
si	rifl	PN	O	_	_
dispensa	dispensare	VI	O	_	_
dal	da/det	ES	O	_	_
confutare	confutare	VF	O	_	_
questo	questo	DS	O	_	_
poco	poco	B	O	_	_
solido	solido	AS	O	_	_
argomento	argomento	SS	O	_	_
.	.	XPS	O	_	_

Ma	ma	C	O	_	_
se	se	C	O	_	_
anche	anche	C	O	_	_
la	il	RS	O	_	_
nostra	nostro	DS	O	_	_
debolezza	debolezza	SS	O	_	_
esistesse	esistere	VI	O	_	_
di	di	E	O	_	_
fatto	fatto	SS	O	_	_
,	comma	XPW	O	_	_
non	non	B	O	_	_
si	rifl	PN	O	_	_
entrerebbe	entrare	VI	O	_	_
nel	in/det	ES	O	_	_
circolo	circolo	SS	O	_	_
vizioso	vizioso	AS	O	_	_
di	di	E	O	_	_
non	non	B	O	_	_
concederci	concedere/pro/loc	VF+E	O	_	_
la	il	RS	O	_	_
cultura	cultura	SS	O	_	_
,	comma	XPW	O	_	_
perché	perché	C	O	_	_
non	non	B	O	_	_
abbiamo	avere	VI	O	_	_
la	il	RS	O	_	_
cultura	cultura	SS	O	_	_
?	?	XPS	O	_	_

Una	uno	RS	O	_	_
debolezza	debolezza	SS	O	_	_
vera	vero	AS	O	_	_
fu	essere	VIY	O	_	_
forse	forse	B	O	_	_
che	che	CCHE	O	_	_
per	per	E	O	_	_
il	il	RS	O	_	_
passato	passato	SS	O	_	_
non	non	B	O	_	_
abbiamo	avere	VIY	O	_	_
affermato	affermare	VSP	O	_	_
abbastanza	abbastanza	B	O	_	_
forte	forte	AS	O	_	_
questo	questo	DS	O	_	_
diritto	diritto	SS	O	_	_
,	comma	XPW	O	_	_
e	e	C	O	_	_
a	a	E	O	_	_
questo	questo	DS	O	_	_
c’	ci	B	O	_	_
è	essere	VI	O	_	_
ancora	ancora	B	O	_	_
tempo	tempo	SS	O	_	_
di	di	E	O	_	_
rimediare	rimediare	VF	O	_	_
;	semicolon	XPS	O	_	_

marchiamo	marchiare	VI	O	_	_
forte	forte	AS	O	_	_
il	il	RS	O	_	_
nostro	nostro	DS	O	_	_
diritto	diritto	SS	O	_	_
di	di	E	O	_	_
un’	uno	RS	O	_	_
università	università	SN	O	_	_
italiana	italiano	AS	O	_	_
.	.	XPS	O	_	_

E	e	C	O	_	_
poiché	poiché	C	O	_	_
per	per	E	O	_	_
ora	ora	B	O	_	_
le	il	RP	O	_	_
circostanze	circostanza	SP	O	_	_
pratiche	pratico	AP	O	_	_
e	e	C	O	_	_
la	il	RS	O	_	_
voce	voce	SS	O	_	_
comune	comune	SS	O	_	_
indicano	indire	VI	O	_	_
Trieste	trieste	SPN	GPE	45.6500335	13.7706559
come	come	CADV	O	_	_
sede	sede	SS	O	_	_
dell’	di/det	ES	O	_	_
Università	università	SN	O	_	_
,	comma	XPW	O	_	_
affrontiamo	affrontare	VI	O	_	_
tutti	tutto	DP	O	_	_
la	il	RS	O	_	_
ritrosia	ritrosia	SS	O	_	_
del	di/det	ES	O	_	_
Governo	governo	SS	O	_	_
e	e	C	O	_	_
la	il	RS	O	_	_
pervicacia	pervicacia	SS	O	_	_
dei	di/det	EP	O	_	_
tedeschi	tedesco	SP	O	_	_
radicali	radicale	AP	O	_	_
con	con	E	O	_	_
un	uno	RS	O	_	_
grido	grido	SS	O	_	_
unanime	unanime	AP	O	_	_
:	:	XPS	O	_	_
Viva	viva	I	O	_	_
l’	il	RS	O	_	_
università	università	SN	O	_	_
italiana	italiano	AS	O	_	_
di	di	E	O	_	_
Trieste	trieste	SPN	GPE	45.6500335	13.7706559
"!"	esclamation_mark	XPS	O	_	_

Ancora	ancora	B	O	_	_
una	uno	RS	O	_	_
dichiarazione	dichiarazione	SS	O	_	_
che	che	CCHE	O	_	_
riguarda	riguardare	VI	O	_	_
specialmente	specialmente	B	O	_	_
noi	noi	PP	O	_	_
,	comma	XPW	O	_	_
studenti	studente	SP	O	_	_
delle	di/det	EP	O	_	_
Associazioni	associazione	SP	O	_	_
cattoliche	cattolico	AP	O	_	_
.	.	XPS	O	_	_

Lo	il	RS	O	_	_
studente	studente	SS	O	_	_
socialista	socialista	AS	O	_	_
Ferdinando	ferdinando	SPN	PER	_	_
Pasini	pasini	SPN	PER	_	_
,	comma	XPW	O	_	_
fungendo	fungere	VG	O	_	_
da	da	E	O	_	_
relatore	relatore	SS	O	_	_
dell’	di/det	ES	O	_	_
ottavo	ottavo	AS	O	_	_
congresso	congresso	SS	O	_	_
della	di/det	ES	O	_	_
Società	società	SN	O	_	_
degli	di/det	EP	O	_	_
studenti	studente	SP	O	_	_
trentini	trentino	AP	O	_	_
,	comma	XPW	O	_	_
finiva	finire	VI	O	_	_
la	il	RS	O	_	_
sua	suo	DS	O	_	_
relazione	relazione	SS	O	_	_
con	con	E	O	_	_
le	il	RP	O	_	_
precise	preciso	AP	O	_	_
parole	parola	SP	O	_	_
che	che	CCHE	O	_	_
non	non	B	O	_	_
posso	potere	VI	O	_	_
fare	fare	VF	O	_	_
a	a	E	O	_	_
meno	meno	B	O	_	_
di	di	E	O	_	_
leggere	leggere	VF	O	_	_
:	:	XPS	O	_	_
«	«	XPO	O	_	_
Tutta	tutto	DS	O	_	_
quanta	quanto	DS	O	_	_
la	il	RS	O	_	_
mia	mio	DS	O	_	_
relazione	relazione	SS	O	_	_
è	essere	VIY	O	_	_
stata	essere	VSPY	O	_	_
fatta	fare	VSP	O	_	_
col	con/det	ES	O	_	_
tacito	tacito	SS	O	_	_
presupposto	presupposto	AS	O	_	_
,	comma	XPW	O	_	_
che	che	CCHE	O	_	_
la	il	RS	O	_	_
nostra	nostro	DS	O	_	_
campagna	campagna	SS	O	_	_
sia	sia	C	O	_	_
diretta	diretto	AS	O	_	_
ad	ad	E	O	_	_
ottenere	ottenere	VF	O	_	_
un	uno	RS	O	_	_
vero	vero	AS	O	_	_
istituto	istituto	SS	O	_	_
superiore	superiore	AS	O	_	_
di	di	E	O	_	_
studi	studio	SP	O	_	_
aperto	aperto	AS	O	_	_
a	a	E	O	_	_
tutti	tutto	DP	O	_	_
i	il	RP	O	_	_
soffi	soffio	SP	O	_	_
della	di/det	ES	O	_	_
scienza	scienza	SS	O	_	_
moderna	moderno	AS	O	_	_
,	comma	XPW	O	_	_
senza	senza	E	O	_	_
menoma	menoma	SS	O	_	_
restrizione	restrizione	SS	O	_	_
allo	a/det	ES	O	_	_
spirito	spirito	SS	O	_	_
della	di/det	ES	O	_	_
libera	libero	AS	O	_	_
ricerca	ricerca	SS	O	_	_
e	e	C	O	_	_
del	di/det	ES	O	_	_
libero	libero	AS	O	_	_
pensiero	pensiero	SS	O	_	_
,	comma	XPW	O	_	_
non	non	B	O	_	_
quale	quale	PS	O	_	_
anche	anche	C	O	_	_
la	il	RS	O	_	_
loro	loro	DP	O	_	_
solita	solito	AS	O	_	_
intransigenza	intransigenza	SS	O	_	_
ed	ed	C	O	_	_
intolleranza	intolleranza	SS	O	_	_
,	comma	XPW	O	_	_
i	il	RP	O	_	_
clericali	clericale	SP	O	_	_
già	già	B	O	_	_
cominciano	cominciare	VI	O	_	_
a	a	E	O	_	_
pretendere	pretendere	VF	O	_	_
.	.	XPS	O	_	_

Gli	il	RP	O	_	_
studenti	studente	SP	O	_	_
di	di	E	O	_	_
quel	quello	DS	O	_	_
partito	partito	SS	O	_	_
,	comma	XPW	O	_	_
nel	in/det	ES	O	_	_
loro	loro	DP	O	_	_
congresso	congresso	SS	O	_	_
del	di/det	ES	O	_	_
18	18	N	O	_	_
settembre	settembre	SS	O	_	_
a.c.	a.c.	YA	O	_	_
a	a	E	O	_	_
Mezzocorona	mezzocorona	SPN	GPE	46.2154357	11.1207858
,	comma	XPW	O	_	_
vollero	volere	VI	O	_	_
occuparsi	occupare/rifl	VF+E	O	_	_
,	comma	XPW	O	_	_
quest’	questo	DS	O	_	_
anno	anno	SS	O	_	_
,	comma	XPW	O	_	_
anche	anche	C	O	_	_
della	di/det	ES	O	_	_
questione	questione	SS	O	_	_
universitaria	universitario	AS	O	_	_
,	comma	XPW	O	_	_
ma	ma	C	O	_	_
in	in	E	O	_	_
seduta	seduta	SS	O	_	_
segreta	segreto	AS	O	_	_
,	comma	XPW	O	_	_
dove	dove	CADV	O	_	_
,	comma	XPW	O	_	_
secondo	secondo	E	O	_	_
le	il	RP	O	_	_
scarse	scarse	SP	O	_	_
e	e	C	O	_	_
riservate	riservate	SP	O	_	_
notizie	notizie	AP	O	_	_
della	di/det	ES	O	_	_
Voce	voce	SPN	O	_	_
Cattolica	cattolica	SPN	O	_	_
si	rifl	PN	O	_	_
discusse	discutere	VI	O	_	_
vivamente	vivamente	B	O	_	_
e	e	C	O	_	_
a	a	E	O	_	_
lungo	lungo	AS	O	_	_
sulla	su/det	ES	O	_	_
questione	questione	SS	O	_	_
,	comma	XPW	O	_	_
e	e	C	O	_	_
si	rifl	PN	O	_	_
decise	decidere	VI	O	_	_
di	di	E	O	_	_
invitare	invitare	VF	O	_	_
i	il	RP	O	_	_
deputati	deputato	SP	O	_	_
e	e	C	O	_	_
in	in	E	O	_	_
modo	modo	SS	O	_	_
speciale	speciale	AS	O	_	_
quelli	quello	PP	O	_	_
di	di	E	O	_	_
parte	parte	SS	O	_	_
clericale	clericale	AS	O	_	_
a	a	E	O	_	_
occuparsi	occupare/rifl	VF+E	O	_	_
energicamente	energicamente	B	O	_	_
della	di/det	ES	O	_	_
università	università	SN	O	_	_
italiana	italiano	AS	O	_	_
,	comma	XPW	O	_	_
provvedendo	provvedere	VG	O	_	_
al	a/det	ES	O	_	_
sentito	sentito	SS	O	_	_
bisogno	bisogno	SS	O	_	_
degli	di/det	EP	O	_	_
studenti	studente	SP	O	_	_
accademici	accademico	AP	O	_	_
italiani	italiano	AP	O	_	_
.	.	XPS	O	_	_

Di	di	E	O	_	_
occuparsi	occupare/rifl	VF+E	O	_	_
in	in	E	O	_	_
che	che	CCHE	O	_	_
modo	modo	SS	O	_	_
ai	a/det	EP	O	_	_
deputati	deputato	SP	O	_	_
di	di	E	O	_	_
parte	parte	SS	O	_	_
clericale	clericale	AS	O	_	_
non	non	B	O	_	_
è	essere	VI	O	_	_
qui	qui	B	O	_	_
veramente	veramente	B	O	_	_
detto	dire	VSP	O	_	_
,	comma	XPW	O	_	_
e	e	C	O	_	_
noi	noi	PP	O	_	_
ne	ne	PN	O	_	_
resteremmo	restare	VI	O	_	_
ancora	ancora	B	O	_	_
all’	a/det	ES	O	_	_
oscuro	oscuro	SS	O	_	_
,	comma	XPW	O	_	_
se	se	C	O	_	_
non	non	B	O	_	_
sapessimo	sapere	VI	O	_	_
fin	fin	E	O	_	_
dal	da/det	ES	O	_	_
giugno	giugno	SS	O	_	_
scorso	scorso	AS	O	_	_
,	comma	XPW	O	_	_
che	che	CCHE	O	_	_
nella	in/det	ES	O	_	_
festa	festa	SS	O	_	_
universitaria	universitario	AS	O	_	_
della	di/det	ES	O	_	_
fondazione	fondazione	SS	O	_	_
della	di/det	ES	O	_	_
Società	società	SN	O	_	_
Cattolica	cattolica	SPN	O	_	_
in	in	E	O	_	_
Innsbruck	innsbruck	SPN	O	_	_
,	comma	XPW	O	_	_
tra	tra	E	O	_	_
i	il	RP	O	_	_
discorsi	discorso	SP	O	_	_
e	e	C	O	_	_
i	il	RP	O	_	_
brindisi	brindisi	SP	O	_	_
delle	di/det	EP	O	_	_
persone	persona	SP	O	_	_
importanti	importante	AP	O	_	_
intervenute	intervenire	VPP	O	_	_
,	comma	XPW	O	_	_
ce	ce	B	O	_	_
n’	n’	B	O	_	_
è	essere	VIY	O	_	_
stato	essere	VSP	O	_	_
anche	anche	C	O	_	_
uno	uno	PS	O	_	_
,	comma	XPW	O	_	_
e	e	C	O	_	_
precisamente	precisamente	B	O	_	_
un	uno	RS	O	_	_
deputato	deputato	SS	O	_	_
“	“	XPO	O	_	_
in	in	E	O	_	_
nero	nero	AS	O	_	_
ammanto	ammanto	SS	O	_	_
”	”	XPO	O	_	_
che	che	CCHE	O	_	_
credette	credere	VI	O	_	_
bene	bene	B	O	_	_
di	di	E	O	_	_
augurare	augurare	VF	O	_	_
alla	a/det	ES	O	_	_
futura	futuro	AS	O	_	_
università	università	SN	O	_	_
cattolica	cattolico	AS	O	_	_
italiana	italiano	AS	O	_	_
"!"	esclamation_mark	XPS	O	_	_

E	e	C	O	_	_
questo	questo	PS	O	_	_
,	comma	XPW	O	_	_
mi	io	PS	O	_	_
diceva	dire	VI	O	_	_
in	in	E	O	_	_
confidenza	confidenza	SS	O	_	_
uno	uno	PS	O	_	_
di	di	E	O	_	_
quei	quello	DP	O	_	_
giovani	giovane	SP	O	_	_
véliti	véliti	VPP	O	_	_
del	di/det	ES	O	_	_
clericalismo	clericalismo	SS	O	_	_
,	comma	XPW	O	_	_
questo	questo	PS	O	_	_
è	essere	VI	O	_	_
il	il	RS	O	_	_
programma	programma	SS	O	_	_
e	e	C	O	_	_
il	il	RS	O	_	_
voto	voto	SS	O	_	_
di	di	E	O	_	_
noi	noi	PP	O	_	_
studenti	studente	SP	O	_	_
cattolici	cattolico	AP	O	_	_
:	:	XPS	O	_	_
vogliamo	volere	VI	O	_	_
proprio	proprio	B	O	_	_
una	uno	RS	O	_	_
università	università	SN	O	_	_
di	di	E	O	_	_
carattere	carattere	SS	O	_	_
confessionale	confessionale	AS	O	_	_
,	comma	XPW	O	_	_
sul	su/det	ES	O	_	_
tipo	tipo	SS	O	_	_
di	di	E	O	_	_
quella	quello	PS	O	_	_
che	che	CCHE	O	_	_
si	rifl	PN	O	_	_
sta	stare	VI	O	_	_
piantando	piantare	VG	O	_	_
ora	ora	B	O	_	_
in	in	E	O	_	_
Salisburgo	salisburgo	SPN	GPE	47.8001977	13.0410592
.	.	XPS	O	_	_

Non	non	B	O	_	_
ne	ne	PN	O	_	_
abbiamo	avere	VI	O	_	_
ancora	ancora	B	O	_	_
proclamata	proclamare	VSP	O	_	_
e	e	C	O	_	_
iniziata	iniziare	VSP	O	_	_
pubblicamente	pubblicamente	B	O	_	_
la	il	RS	O	_	_
lotta	lotta	SS	O	_	_
,	comma	XPW	O	_	_
ma	ma	C	O	_	_
,	comma	XPW	O	_	_
a	a	E	O	_	_
dire	dire	VF	O	_	_
la	il	RS	O	_	_
verità	verità	SN	O	_	_
,	comma	XPW	O	_	_
se	se	C	O	_	_
due	due	N	O	_	_
anni	anno	SP	O	_	_
fa	fa	B	O	_	_
al	a/det	ES	O	_	_
congresso	congresso	SS	O	_	_
di	di	E	O	_	_
Pergine	pergine	SPN	GPE	46.0616404	11.2398474
abbiamo	avere	VIY	O	_	_
espresso	esprimere	VSP	O	_	_
il	il	RS	O	_	_
voto	voto	SS	O	_	_
per	per	E	O	_	_
una	uno	RS	O	_	_
Università	università	SN	O	_	_
a	a	E	O	_	_
Trento	trento	SPN	GPE	46.0664228	11.1257601
,	comma	XPW	O	_	_
si	rifl	PN	O	_	_
era	essere	VIY	O	_	_
perché	perché	C	O	_	_
crediamo	credere	VI	O	_	_
che	che	CCHE	O	_	_
una	uno	RS	O	_	_
università	università	SN	O	_	_
cattolica	cattolico	AS	O	_	_
non	non	B	O	_	_
possa	potere	VI	O	_	_
sussistere	sussistere	VF	O	_	_
in	in	E	O	_	_
Austria	austria	SPN	GPE	47.2000338	13.199959
fuorché	fuorché	B	O	_	_
a	a	E	O	_	_
Trento	trento	SPN	GPE	46.0664228	11.1257601
.	.	XPS	O	_	_

Denuncio	denuncio	SPN	O	_	_
fin	fin	E	O	_	_
d’	di	E	O	_	_
ora	ora	B	O	_	_
,	comma	XPW	O	_	_
o	o	C	O	_	_
signori	signore	SP	O	_	_
,	comma	XPW	O	_	_
queste	questo	PP	O	_	_
perfide	perfido	AP	O	_	_
intenzioni	intenzione	SP	O	_	_
che	che	CCHE	O	_	_
non	non	B	O	_	_
si	rifl	PN	O	_	_
ha	avere	VI	O	_	_
il	il	RS	O	_	_
coraggio	coraggio	SS	O	_	_
di	di	E	O	_	_
portare	portare	VF	O	_	_
alla	a/det	ES	O	_	_
luce	luce	SS	O	_	_
del	di/det	ES	O	_	_
sole	sole	SS	O	_	_
,	comma	XPW	O	_	_
perché	perché	C	O	_	_
si	rifl	PN	O	_	_
sappia	sapere	VI	O	_	_
qual	quale	AS	O	_	_
valore	valore	SS	O	_	_
dobbiamo	dovere	VI	O	_	_
accordare	accordare	VF	O	_	_
alla	a/det	ES	O	_	_
cooperazione	cooperazione	SS	O	_	_
,	comma	XPW	O	_	_
che	che	CCHE	O	_	_
costoro	costui	PP	O	_	_
vorrebbero	volere	VI	O	_	_
fingere	fingere	VF	O	_	_
alla	a/det	ES	O	_	_
nostra	nostro	DS	O	_	_
causa	causa	SS	O	_	_
,	comma	XPW	O	_	_
le	le	PS	O	_	_
denuncio	denunciare	VI	O	_	_
con	con	E	O	_	_
tutte	tutto	DP	O	_	_
le	il	RP	O	_	_
forze	forza	SP	O	_	_
dell’	di/det	ES	O	_	_
anima	anima	SS	O	_	_
contro	contro	E	O	_	_
un	uno	RS	O	_	_
tale	tale	DS	O	_	_
programma	programma	SS	O	_	_
,	comma	XPW	O	_	_
destinato	destinare	VSP	O	_	_
a	a	E	O	_	_
buttare	buttare	VF	O	_	_
presto	presto	B	O	_	_
o	o	C	O	_	_
tardi	tardi	B	O	_	_
,	comma	XPW	O	_	_
e	e	C	O	_	_
probabilmente	probabilmente	B	O	_	_
nel	in/det	ES	O	_	_
momento	momento	SS	O	_	_
più	più	B	O	_	_
difficile	difficile	AS	O	_	_
della	di/det	ES	O	_	_
lotta	lotta	SS	O	_	_
,	comma	XPW	O	_	_
il	il	RS	O	_	_
flagello	flagello	SS	O	_	_
della	di/det	ES	O	_	_
guerra	guerra	SS	O	_	_
civile	civile	AS	O	_	_
tra	tra	E	O	_	_
gli	il	RP	O	_	_
italiani	italiano	SP	O	_	_
dell’	di/det	ES	O	_	_
Austria	austria	SPN	O	_	_
e	e	C	O	_	_
magari	magari	B	O	_	_
a	a	E	O	_	_
distruggere	distruggere	VF	O	_	_
per	per	E	O	_	_
sempre	sempre	B	O	_	_
tanti	tanto	DP	O	_	_
sforzi	sforzo	SP	O	_	_
ininterrotti	ininterrotto	AP	O	_	_
ch’	che	CCHE	O	_	_
essi	essi	PP	O	_	_
hanno	avere	VI	O	_	_
fatti	fatto	SP	O	_	_
per	per	E	O	_	_
migliorare	migliorare	VF	O	_	_
le	il	RP	O	_	_
condizioni	condizione	SP	O	_	_
intellettuali	intellettuale	AP	O	_	_
della	di/det	ES	O	_	_
loro	loro	DP	O	_	_
nazione	nazione	SS	O	_	_
;	semicolon	XPS	O	_	_

le	le	PS	O	_	_
denuncio	denunciare	VI	O	_	_
esortando	esortare	VG	O	_	_
i	il	RP	O	_	_
nostri	nostro	DP	O	_	_
deputati	deputato	SP	O	_	_
di	di	E	O	_	_
parte	parte	SS	O	_	_
non	non	B	O	_	_
clericale	clericale	AS	O	_	_
a	a	E	O	_	_
continuare	continuare	VF	O	_	_
nella	in/det	ES	O	_	_
campagna	campagna	SS	O	_	_
universitaria	universitario	AS	O	_	_
col	con/det	ES	O	_	_
metodo	metodo	SS	O	_	_
seguito	seguire	VSP	O	_	_
fino	fino	E	O	_	_
ad	ad	E	O	_	_
oggi	oggi	B	O	_	_
;	semicolon	XPS	O	_	_

cioè	cioe`	B	O	_	_
col	con/det	ES	O	_	_
prescindere	prescindere	VF	O	_	_
affatto	affatto	B	O	_	_
dai	da/det	EP	O	_	_
clericali	clericale	SP	O	_	_
,	comma	XPW	O	_	_
anzi	anzi	C	O	_	_
con	con	E	O	_	_
l’	il	RS	O	_	_
ignorarne	ignorare/part	VF+E	O	_	_
addirittura	addirittura	B	O	_	_
l’	il	RS	O	_	_
esistenza	esistenza	SS	O	_	_
poiché	poiché	C	O	_	_
essi	essi	PP	O	_	_
non	non	B	O	_	_
offrono	offrire	VI	O	_	_
per	per	E	O	_	_
tutte	tutto	PP	O	_	_
,	comma	XPW	O	_	_
indistintamente	indistintamente	B	O	_	_
,	comma	XPW	O	_	_
le	il	RP	O	_	_
varie	varie	SP	O	_	_
correnti	corrente	AP	O	_	_
del	di/det	ES	O	_	_
pensiero	pensiero	SS	O	_	_
moderno	moderno	AS	O	_	_
,	comma	XPW	O	_	_
quelle	quello	PP	O	_	_
garanzie	garanzia	SP	O	_	_
di	di	E	O	_	_
libertà	libertà	SN	O	_	_
che	che	CCHE	O	_	_
noi	noi	PP	O	_	_
saremmo	essere	VI	O	_	_
sempre	sempre	B	O	_	_
disposti	disporre	VPP	O	_	_
a	a	E	O	_	_
garantire	garantire	VF	O	_	_
anche	anche	C	O	_	_
al	a/det	ES	O	_	_
loro	loro	DP	O	_	_
pensiero	pensiero	SS	O	_	_
;	semicolon	XPS	O	_	_

e	e	C	O	_	_
perché	perché	C	O	_	_
noi	noi	PP	O	_	_
piuttosto	piuttosto	B	O	_	_
di	di	E	O	_	_
mettere	mettere	VF	O	_	_
capo	capo	SS	O	_	_
ad	ad	E	O	_	_
una	uno	RS	O	_	_
università	università	SN	O	_	_
,	comma	XPW	O	_	_
che	che	CCHE	O	_	_
riuscirebbe	riuscire	VI	O	_	_
un	uno	RS	O	_	_
pericolo	pericolo	SS	O	_	_
costante	costante	AS	O	_	_
per	per	E	O	_	_
la	il	RS	O	_	_
civiltà	civiltà	SN	O	_	_
ribadendo	ribadire	VG	O	_	_
i	il	RP	O	_	_
ceppi	ceppo	SP	O	_	_
dell’	di/det	ES	O	_	_
ingegno	ingegno	SS	O	_	_
umano	umano	AS	O	_	_
,	comma	XPW	O	_	_
preferiamo	preferire	VI	O	_	_
mille	mille	N	O	_	_
volte	volta	SP	O	_	_
e	e	C	O	_	_
più	più	B	O	_	_
di	di	E	O	_	_
rinunciarvi	rinunciare/voi/loc	VF+E	O	_	_
per	per	E	O	_	_
ora	ora	B	O	_	_
e	e	C	O	_	_
per	per	E	O	_	_
sempre	sempre	B	O	_	_
»	»	XPO	O	_	_
.	.	XPS	O	_	_

Signori	signore	SP	O	_	_
"!"	esclamation_mark	XPS	O	_	_

io	io	PS	O	_	_
non	non	B	O	_	_
v’	v’	PS	O	_	_
ho	avere	VIY	O	_	_
letto	leggere	VSP	O	_	_
questo	questo	DS	O	_	_
sfogo	sfogo	SS	O	_	_
del	di/det	ES	O	_	_
signor	signore	SS	O	_	_
Pasini	pasini	SPN	PER	_	_
per	per	E	O	_	_
avere	avere	VF	O	_	_
occasione	occasione	SS	O	_	_
di	di	E	O	_	_
un	uno	RS	O	_	_
attacco	attacco	SS	O	_	_
personale	personale	AS	O	_	_
.	.	XPS	O	_	_

È	essere	VIY	O	_	_
certo	certo	B	O	_	_
però	però	C	O	_	_
ch’	che	CCHE	O	_	_
egli	egli	PS	O	_	_
è	essere	VI	O	_	_
un	uno	RS	O	_	_
ingannato	ingannato	SS	O	_	_
o	o	C	O	_	_
un	uno	RS	O	_	_
ingannatore	ingannatore	SS	O	_	_
.	.	XPS	O	_	_

Giacché	giacché	B	O	_	_
,	comma	XPW	O	_	_
come	come	CADV	O	_	_
fu	essere	VIY	O	_	_
già	già	B	O	_	_
dichiarato	dichiarare	VSP	O	_	_
da	da	E	O	_	_
un	uno	RS	O	_	_
mio	mio	DS	O	_	_
collega	collega	SS	O	_	_
in	in	E	O	_	_
una	uno	RS	O	_	_
solenne	solenne	AS	O	_	_
adunanza	adunanza	SS	O	_	_
di	di	E	O	_	_
studenti	studente	SP	O	_	_
ad	ad	E	O	_	_
Innsbruck	innsbruck	SPN	GPE	47.2654296	11.3927685
,	comma	XPW	O	_	_
è	essere	VIY	O	_	_
falso	falso	VSP	O	_	_
che	che	CCHE	O	_	_
l’	il	RS	O	_	_
Associazione	associazione	SS	O	_	_
universitaria	universitario	AS	O	_	_
cattolica	cattolico	AS	O	_	_
tridentina	tridentina	SS	O	_	_
abbia	avere	VIY	O	_	_
avuta	avere	VSP	O	_	_
l’	il	RS	O	_	_
idea	idea	SS	O	_	_
di	di	E	O	_	_
un’	uno	RS	O	_	_
università	università	SN	O	_	_
italiana	italiano	AS	O	_	_
cattolica	cattolico	AS	O	_	_
,	comma	XPW	O	_	_
ovverosia	ovverosia	SS	O	_	_
confessionale	confessionale	AS	O	_	_
;	semicolon	XPS	O	_	_

e	e	C	O	_	_
sappia	sapere	VI	O	_	_
il	il	RS	O	_	_
signor	signore	SS	O	_	_
Pasini	pasini	SPN	PER	_	_
,	comma	XPW	O	_	_
che	che	CCHE	O	_	_
se	se	C	O	_	_
l’	il	RS	O	_	_
idea	idea	SS	O	_	_
l’	il	RS	O	_	_
avessimo	avere	VIY	O	_	_
avuta	avere	VSP	O	_	_
,	comma	XPW	O	_	_
avremmo	avere	VIY	O	_	_
avuto	avere	VSP	O	_	_
anche	anche	C	O	_	_
il	il	RS	O	_	_
coraggio	coraggio	SS	O	_	_
di	di	E	O	_	_
pubblicarla	pubblicare/pro	VF+E	O	_	_
come	come	CADV	O	_	_
abbiamo	avere	VIY	O	_	_
avuto	avere	VSP	O	_	_
il	il	RS	O	_	_
coraggio	coraggio	SS	O	_	_
di	di	E	O	_	_
manifestare	manifestare	VF	O	_	_
tant’	tant’	SS	O	_	_
altre	altro	DP	O	_	_
idee	idea	SP	O	_	_
di	di	E	O	_	_
ordine	ordine	SS	O	_	_
religioso	religioso	AS	O	_	_
che	che	CCHE	O	_	_
hanno	avere	VIY	O	_	_
costato	costare	VSP	O	_	_
a	a	E	O	_	_
qualcuno	qualcuno	PS	O	_	_
di	di	E	O	_	_
noi	noi	PP	O	_	_
,	comma	XPW	O	_	_
oltre	oltre	B	O	_	_
che	che	CCHE	O	_	_
ingiurie	ingiurie	AP	O	_	_
e	e	C	O	_	_
isolamento	isolamento	SS	O	_	_
perfetto	perfetto	AS	O	_	_
,	comma	XPW	O	_	_
anche	anche	C	O	_	_
pugni	pugno	SP	O	_	_
e	e	C	O	_	_
schiaffi	schiaffo	SP	O	_	_
.	.	XPS	O	_	_

Ma	ma	C	O	_	_
di	di	E	O	_	_
questo	questo	PS	O	_	_
,	comma	XPW	O	_	_
o	o	C	O	_	_
signori	signore	SP	O	_	_
,	comma	XPW	O	_	_
si	rifl	PN	O	_	_
è	essere	VIY	O	_	_
già	già	B	O	_	_
parlato	parlare	VSP	O	_	_
abbastanza	abbastanza	B	O	_	_
ad	ad	E	O	_	_
Innsbruck	innsbruck	SPN	GPE	47.2654296	11.3927685
.	.	XPS	O	_	_

Volevo	volere	VI	O	_	_
soltanto	soltanto	B	O	_	_
«	«	XPO	O	_	_
denunciare	denunciare	VF	O	_	_
»	»	XPO	O	_	_
anch’	anch’	C	O	_	_
io	io	PS	O	_	_
qualche	qualche	DS	O	_	_
cosa	cosa	SS	O	_	_
qui	qui	B	O	_	_
davanti	davanti	E	O	_	_
al	a/det	ES	O	_	_
vero	vero	AS	O	_	_
popolo	popolo	SS	O	_	_
trentino	trentino	AS	O	_	_
,	comma	XPW	O	_	_
dinanzi	dinanzi	B	O	_	_
ai	a/det	EP	O	_	_
suoi	suo	DP	O	_	_
rappresentanti	rappresentante	SP	O	_	_
,	comma	XPW	O	_	_
volevo	volere	VI	O	_	_
,	comma	XPW	O	_	_
ripeto	ripetere	VI	O	_	_
,	comma	XPW	O	_	_
«	«	XPO	O	_	_
denunciare	denunciare	VF	O	_	_
»	»	XPO	O	_	_
anch’	anch’	C	O	_	_
io	io	PS	O	_	_
qualche	qualche	DS	O	_	_
cosa	cosa	SS	O	_	_
.	.	XPS	O	_	_

Denuncio	denuncio	SPN	O	_	_
fin	fin	E	O	_	_
d’	di	E	O	_	_
ora	ora	B	O	_	_
,	comma	XPW	O	_	_
o	o	C	O	_	_
signori	signore	SP	O	_	_
,	comma	XPW	O	_	_
–	–	XPO	O	_	_
dirò	dire	VI	O	_	_
anch’	anch’	B	O	_	_
io	io	PS	O	_	_
col	con/det	ES	O	_	_
Pasini	pasini	SPN	PER	_	_
,	comma	XPW	O	_	_
–	–	XPO	O	_	_
questo	questo	DS	O	_	_
perfido	perfido	AS	O	_	_
sistema	sistema	SS	O	_	_
di	di	E	O	_	_
creare	creare	VF	O	_	_
pregiudizi	pregiudizio	SP	O	_	_
o	o	C	O	_	_
false	falso	AP	O	_	_
opinioni	opinione	SP	O	_	_
in	in	E	O	_	_
riguardo	riguardo	SS	O	_	_
agli	a/det	EP	O	_	_
avversari	avversario	SP	O	_	_
per	per	E	O	_	_
poi	poi	B	O	_	_
annientarli	annientare/pro	VF+E	O	_	_
,	comma	XPW	O	_	_
sistema	sistema	SS	O	_	_
che	che	CCHE	O	_	_
è	essere	VIY	O	_	_
tanto	tanto	B	O	_	_
più	più	B	O	_	_
da	da	E	O	_	_
deplorarsi	deplorare/rifl	VF+E	O	_	_
quando	quando	CADV	O	_	_
si	rifl	PN	O	_	_
tratti	trattare	VI	O	_	_
di	di	E	O	_	_
una	uno	RS	O	_	_
questione	questione	SS	O	_	_
che	che	CCHE	O	_	_
è	essere	VI	O	_	_
di	di	E	O	_	_
tutti	tutto	DP	O	_	_
gli	il	RP	O	_	_
italiani	italiano	SP	O	_	_
.	.	XPS	O	_	_

Riguardo	riguardo	SS	O	_	_
a	a	E	O	_	_
noi	noi	PP	O	_	_
,	comma	XPW	O	_	_
i	il	RP	O	_	_
fatti	fatto	SP	O	_	_
vennero	venire	VI	O	_	_
a	a	E	O	_	_
smentire	smentire	VF	O	_	_
queste	questo	DP	O	_	_
false	falso	AP	O	_	_
insinuazioni	insinuazione	SP	O	_	_
.	.	XPS	O	_	_

Nessuno	nessuno	PS	O	_	_
di	di	E	O	_	_
noi	noi	PP	O	_	_
mancò	mancare	VI	O	_	_
in	in	E	O	_	_
quei	quello	DP	O	_	_
giorni	giorno	SP	O	_	_
né	né	B	O	_	_
al	a/det	ES	O	_	_
lavoro	lavoro	SS	O	_	_
delle	di/det	EP	O	_	_
assemblee	assemblea	SP	O	_	_
,	comma	XPW	O	_	_
né	né	B	O	_	_
a	a	E	O	_	_
quello	quello	PS	O	_	_
dei	di/det	EP	O	_	_
comitati	comitato	SP	O	_	_
.	.	XPS	O	_	_

Pareva	parere	VI	O	_	_
che	che	CCHE	O	_	_
la	il	RS	O	_	_
pace	pace	SS	O	_	_
fosse	essere	VIY	O	_	_
fatta	fare	VSP	O	_	_
e	e	C	O	_	_
non	non	B	O	_	_
si	rifl	PN	O	_	_
dovesse	dovere	VI	O	_	_
temere	temere	VF	O	_	_
«	«	XPO	O	_	_
il	il	RS	O	_	_
flagello	flagello	SS	O	_	_
della	di/det	ES	O	_	_
guerra	guerra	SS	O	_	_
civile	civile	AS	O	_	_
»	»	XPO	O	_	_
.	.	XPS	O	_	_

Ma	ma	C	O	_	_
poi	poi	B	O	_	_
,	comma	XPW	O	_	_
passate	passare	VPP	O	_	_
le	il	RP	O	_	_
burrasche	burrasca	SP	O	_	_
,	comma	XPW	O	_	_
parvero	parere	VI	O	_	_
ritornare	ritornare	VF	O	_	_
i	il	RP	O	_	_
consigli	consiglio	SP	O	_	_
antichi	antico	AP	O	_	_
,	comma	XPW	O	_	_
e	e	C	O	_	_
da	da	E	O	_	_
Vienna	vienna	SPN	GPE	48.2083537	16.3725042
si	rifl	PN	O	_	_
tentò	tentare	VI	O	_	_
ogni	ogni	DS	O	_	_
mezzo	mezzo	SS	O	_	_
per	per	E	O	_	_
cacciarci	cacciare/loc/pro	VF+E	O	_	_
dal	da/det	ES	O	_	_
comitato	comitato	SS	O	_	_
,	comma	XPW	O	_	_
si	rifl	PN	O	_	_
tirarono	tirare	VI	O	_	_
in	in	E	O	_	_
campo	campo	SS	O	_	_
le	il	RP	O	_	_
nostre	nostro	DP	O	_	_
opinioni	opinione	SP	O	_	_
religiose	religioso	AP	O	_	_
ed	ed	C	O	_	_
ecclesiastico-politiche	ecclesiastico-politiche	AP	O	_	_
,	comma	XPW	O	_	_
e	e	C	O	_	_
si	rifl	PN	O	_	_
tentò	tentare	VI	O	_	_
in	in	E	O	_	_
pubblica	pubblico	AS	O	_	_
adunanza	adunanza	SS	O	_	_
di	di	E	O	_	_
metterle	mettere/pro	VF+E	O	_	_
in	in	E	O	_	_
contraddizione	contraddizione	SS	O	_	_
,	comma	XPW	O	_	_
udite	udire	VPP	O	_	_
,	comma	XPW	O	_	_
o	o	C	O	_	_
signori	signore	SP	O	_	_
,	comma	XPW	O	_	_
con	con	E	O	_	_
l’	il	RS	O	_	_
università	università	SN	O	_	_
italiana	italiano	AS	O	_	_
.	.	XPS	O	_	_

Era	essere	VI	O	_	_
la	il	RS	O	_	_
pratica	pratica	SS	O	_	_
della	di/det	ES	O	_	_
teoria	teoria	SS	O	_	_
,	comma	XPW	O	_	_
tanto	tanto	B	O	_	_
applaudita	applaudito	AS	O	_	_
a	a	E	O	_	_
Rovereto	rovereto	SPN	GPE	45.8915375	11.0384953
,	comma	XPW	O	_	_
di	di	E	O	_	_
Ferdinando	ferdinando	SPN	PER	_	_
Pasini	pasini	SPN	PER	_	_
,	comma	XPW	O	_	_
il	il	RS	O	_	_
quale	quale	PS	O	_	_
non	non	B	O	_	_
contento	contento	SS	O	_	_
di	di	E	O	_	_
escludere	escludere	VF	O	_	_
noi	noi	PP	O	_	_
studenti	studente	SP	O	_	_
e	e	C	O	_	_
di	di	E	O	_	_
presentare	presentare	VF	O	_	_
ordini	ordine	SP	O	_	_
a	a	E	O	_	_
nome	nome	SS	O	_	_
di	di	E	O	_	_
tutti	tutto	DP	O	_	_
gli	il	RP	O	_	_
studenti	studente	SP	O	_	_
accademici	accademico	AP	O	_	_
trentini	trentino	AP	O	_	_
,	comma	XPW	O	_	_
esortava	esortare	VI	O	_	_
«	«	XPO	O	_	_
i	il	RP	O	_	_
deputati	deputato	SP	O	_	_
di	di	E	O	_	_
parte	parte	SS	O	_	_
non	non	B	O	_	_
clericale	clericale	AS	O	_	_
a	a	E	O	_	_
continuare	continuare	VF	O	_	_
nella	in/det	ES	O	_	_
campagna	campagna	SS	O	_	_
universitaria	universitario	AS	O	_	_
col	con/det	ES	O	_	_
metodo	metodo	SS	O	_	_
seguito	seguire	VSP	O	_	_
fino	fino	E	O	_	_
ad	ad	E	O	_	_
oggi	oggi	B	O	_	_
,	comma	XPW	O	_	_
cioè	cioe`	B	O	_	_
di	di	E	O	_	_
prescindere	prescindere	VF	O	_	_
affatto	affatto	B	O	_	_
dai	da/det	EP	O	_	_
clericali	clericale	SP	O	_	_
,	comma	XPW	O	_	_
anzi	anzi	C	O	_	_
con	con	E	O	_	_
l’	il	RS	O	_	_
ignorarne	ignorare/part	VF+E	O	_	_
addirittura	addirittura	B	O	_	_
l’	il	RS	O	_	_
esistenza	esistenza	SS	O	_	_
»	»	XPO	O	_	_
.	.	XPS	O	_	_

Ebbene	ebbene	C	O	_	_
,	comma	XPW	O	_	_
o	o	C	O	_	_
signori	signore	SP	O	_	_
,	comma	XPW	O	_	_
contro	contro	E	O	_	_
tale	tale	AS	O	_	_
altezzoso	altezzoso	AS	O	_	_
sistema	sistema	SS	O	_	_
di	di	E	O	_	_
sorpassarci	sorpassare/pro/loc	VF+E	O	_	_
e	e	C	O	_	_
di	di	E	O	_	_
ignorarci	ignorare/loc/pro	VF+E	O	_	_
,	comma	XPW	O	_	_
noi	noi	PP	O	_	_
protestiamo	protestare	VI	O	_	_
energicamente	energicamente	B	O	_	_
e	e	C	O	_	_
con	con	E	O	_	_
tutta	tutto	DS	O	_	_
l’	il	RS	O	_	_
anima	anima	SS	O	_	_
e	e	C	O	_	_
v’	v’	B	O	_	_
assicuro	assicurare	VI	O	_	_
che	che	CCHE	O	_	_
cercheremo	cercare	VI	O	_	_
di	di	E	O	_	_
far	fare	VF	O	_	_
sentire	sentire	VF	O	_	_
in	in	E	O	_	_
tutte	tutto	DP	O	_	_
le	il	RP	O	_	_
occasioni	occasione	SP	O	_	_
la	il	RS	O	_	_
nostra	nostro	DS	O	_	_
esistenza	esistenza	SS	O	_	_
.	.	XPS	O	_	_

Vivaddio	vivaddio	SS	O	_	_
"!"	esclamation_mark	XPS	O	_	_

Non	non	B	O	_	_
è	essere	VI	O	_	_
questo	questo	DS	O	_	_
nostro	nostro	DS	O	_	_
paese	paese	SS	O	_	_
nella	in/det	ES	O	_	_
sua	suo	DS	O	_	_
gran	grande	AS	O	_	_
maggioranza	maggioranza	SS	O	_	_
cattolico	cattolico	AS	O	_	_
?	?	XPS	O	_	_

Non	non	B	O	_	_
sta	stare	VI	O	_	_
il	il	RS	O	_	_
popolo	popolo	SS	O	_	_
,	comma	XPW	O	_	_
il	il	RS	O	_	_
vero	vero	AS	O	_	_
popolo	popolo	SS	O	_	_
,	comma	XPW	O	_	_
dietro	dietro	E	O	_	_
di	di	E	O	_	_
noi	noi	PP	O	_	_
,	comma	XPW	O	_	_
o	o	C	O	_	_
i	il	RP	O	_	_
suoi	suo	DP	O	_	_
rappresentanti	rappresentante	SP	O	_	_
non	non	B	O	_	_
sono	essere	VI	O	_	_
in	in	E	O	_	_
maggioranza	maggioranza	SS	O	_	_
di	di	E	O	_	_
parte	parte	SS	O	_	_
cattolica	cattolico	AS	O	_	_
?	?	XPS	O	_	_

Non	non	B	O	_	_
c’	ci	B	O	_	_
è	essere	VI	O	_	_
bisogno	bisogno	SS	O	_	_
di	di	E	O	_	_
esortazioni	esortazione	SP	O	_	_
,	comma	XPW	O	_	_
ma	ma	C	O	_	_
se	se	C	O	_	_
fosse	essere	VI	O	_	_
il	il	RS	O	_	_
caso	caso	SS	O	_	_
noi	noi	PP	O	_	_
vorremmo	volere	VI	O	_	_
dire	dire	VF	O	_	_
ai	a/det	EP	O	_	_
nostri	nostro	DP	O	_	_
deputati	deputato	SP	O	_	_
:	:	XPS	O	_	_
Rispondete	rispondere	VI	O	_	_
a	a	E	O	_	_
queste	questo	DP	O	_	_
esortazioni	esortazione	SP	O	_	_
di	di	E	O	_	_
parte	parte	SS	O	_	_
anticlericale	anticlericale	AS	O	_	_
con	con	E	O	_	_
l’	il	RS	O	_	_
occuparvi	occupare/loc/voi	VF+E	O	_	_
con	con	E	O	_	_
sempre	sempre	B	O	_	_
maggiore	maggiore	AS	O	_	_
energia	energia	SS	O	_	_
della	di/det	ES	O	_	_
questione	questione	SS	O	_	_
universitaria	universitario	AS	O	_	_
,	comma	XPW	O	_	_
e	e	C	O	_	_
gli	il	RP	O	_	_
studenti	studente	SP	O	_	_
e	e	C	O	_	_
l’	il	RS	O	_	_
immensa	immenso	AS	O	_	_
maggioranza	maggioranza	SS	O	_	_
del	di/det	ES	O	_	_
Trentino	trentino	SPN	GPE	46.102869	11.12961993
saranno	essere	VI	O	_	_
con	con	E	O	_	_
voi	voi	PS	O	_	_
.	.	XPS	O	_	_

Ancora	ancora	B	O	_	_
una	uno	RS	O	_	_
cosa	cosa	SS	O	_	_
.	.	XPS	O	_	_

Il	il	RS	O	_	_
signor	signore	SS	O	_	_
Pasini	pasini	SPN	PER	_	_
terminava	terminare	VI	O	_	_
la	il	RS	O	_	_
sua	suo	DS	O	_	_
applaudita	applaudita	SS	O	_	_
filippica	filippica	AS	O	_	_
,	comma	XPW	O	_	_
motivandola	motivare/pro	VG+E	O	_	_
con	con	E	O	_	_
l’	il	RS	O	_	_
assicurare	assicurare	VF	O	_	_
che	che	CCHE	O	_	_
i	il	RP	O	_	_
clericali	clericale	SP	O	_	_
non	non	B	O	_	_
concederebbero	concedere	VI	O	_	_
agli	a/det	EP	O	_	_
avversari	avversario	SP	O	_	_
la	il	RS	O	_	_
libertà	libertà	SN	O	_	_
di	di	E	O	_	_
pensiero	pensiero	SS	O	_	_
e	e	C	O	_	_
di	di	E	O	_	_
ricerca	ricerca	SS	O	_	_
.	.	XPS	O	_	_

Lasciate	lasciare	VPP	O	_	_
che	che	CCHE	O	_	_
gli	gli	PS	O	_	_
risponda	rispondere	VI	O	_	_
con	con	E	O	_	_
un	uno	RS	O	_	_
augurio	augurio	SS	O	_	_
.	.	XPS	O	_	_

No	no	B	O	_	_
,	comma	XPW	O	_	_
o	o	C	O	_	_
studenti	studente	SP	O	_	_
anticlericali	anticlericale	AP	O	_	_
,	comma	XPW	O	_	_
andate	andare	VPP	O	_	_
pure	pure	B	O	_	_
nei	in/det	EP	O	_	_
laboratori	laboratorio	SP	O	_	_
,	comma	XPW	O	_	_
nei	in/det	EP	O	_	_
gabinetti	gabinetto	SP	O	_	_
,	comma	XPW	O	_	_
nelle	in/det	EP	O	_	_
biblioteche	biblioteca	SP	O	_	_
,	comma	XPW	O	_	_
cercate	cercare	VPP	O	_	_
di	di	E	O	_	_
ricercare	ricercare	VF	O	_	_
,	comma	XPW	O	_	_
studiate	studiare	VPP	O	_	_
e	e	C	O	_	_
ristudiate	ristudiare	VPP	O	_	_
col	con/det	ES	O	_	_
vostro	vostro	DS	O	_	_
ingegno	ingegno	SS	O	_	_
libero	libero	AS	O	_	_
da	da	E	O	_	_
tutti	tutto	DP	O	_	_
i	il	RP	O	_	_
ceppi	ceppo	SP	O	_	_
.	.	XPS	O	_	_

Cercate	cercate	SPN	O	_	_
"!"	esclamation_mark	XPS	O	_	_

Novelli	novelli	SPN	PER	_	_
Ulissi	ulissi	SPN	PER	_	_
,	comma	XPW	O	_	_
ripartite	ripartire	VPP	O	_	_
da	da	E	O	_	_
Itaca	itaca	SPN	O	_	_
,	comma	XPW	O	_	_
non	non	B	O	_	_
cacciati	cacciare	VPP	O	_	_
dalla	da/det	ES	O	_	_
noia	noia	SS	O	_	_
,	comma	XPW	O	_	_
come	come	CADV	O	_	_
diceva	dire	VI	O	_	_
nella	in/det	ES	O	_	_
sua	suo	DS	O	_	_
ultima	ultimo	AS	O	_	_
conferenza	conferenza	SS	O	_	_
sulle	su/det	EP	O	_	_
funzioni	funzione	SP	O	_	_
sociali	sociale	AP	O	_	_
del	di/det	ES	O	_	_
pessimismo	pessimismo	SS	O	_	_
il	il	RS	O	_	_
prof.	prof.	SS	O	_	_
Pasini	pasini	SPN	PER	_	_
,	comma	XPW	O	_	_
ma	ma	C	O	_	_
attirati	attirare	VPP	O	_	_
dalla	da/det	ES	O	_	_
sete	sete	SS	O	_	_
del	di/det	ES	O	_	_
vero	vero	SS	O	_	_
e	e	C	O	_	_
del	di/det	ES	O	_	_
buono	buono	SS	O	_	_
.	.	XPS	O	_	_

Avventuratevi	avventuratevi	VI	O	_	_
sul	su/det	ES	O	_	_
mare	mare	SS	O	_	_
tempestoso	tempestoso	AS	O	_	_
,	comma	XPW	O	_	_
passate	passare	VPP	O	_	_
le	il	RP	O	_	_
colonne	colonna	SP	O	_	_
d’	di	E	O	_	_
Ercole	ercole	SPN	O	_	_
,	comma	XPW	O	_	_
lanciatevi	lanciatevi	VI	O	_	_
arditamente	arditamente	B	O	_	_
per	per	E	O	_	_
l’	il	RS	O	_	_
oceano	oceano	SS	O	_	_
infinito	infinito	AS	O	_	_
,	comma	XPW	O	_	_
vagate	vagare	VPP	O	_	_
e	e	C	O	_	_
cercate	cercare	VPP	O	_	_
"!"	esclamation_mark	XPS	O	_	_

Se	se	C	O	_	_
la	il	RS	O	_	_
stella	stella	SS	O	_	_
vi	vi	B	O	_	_
sarà	essere	VI	O	_	_
propizia	propizio	AS	O	_	_
,	comma	XPW	O	_	_
se	se	C	O	_	_
non	non	B	O	_	_
farete	fare	VI	O	_	_
prima	prima	B	O	_	_
naufragio	naufragio	SS	O	_	_
,	comma	XPW	O	_	_
troverete	trovare	VI	O	_	_
il	il	RS	O	_	_
monte	monte	SS	O	_	_
della	di/det	ES	O	_	_
salute	salute	SS	O	_	_
.	.	XPS	O	_	_

Dopo	dopo	E	O	_	_
tante	tanto	DP	O	_	_
fatiche	fatica	SP	O	_	_
e	e	C	O	_	_
tante	tanto	DP	O	_	_
aberrazioni	aberrazione	SP	O	_	_
ritornerete	ritornare	VI	O	_	_
sulle	su/det	EP	O	_	_
antiche	antico	AP	O	_	_
vie	via	SP	O	_	_
degli	di/det	EP	O	_	_
avi	avo	SP	O	_	_
,	comma	XPW	O	_	_
alla	a/det	ES	O	_	_
religione	religione	SS	O	_	_
delle	di/det	EP	O	_	_
vostre	vostro	DP	O	_	_
madri	madre	SP	O	_	_
,	comma	XPW	O	_	_
al	a/det	ES	O	_	_
Vero	vero	SPN	O	_	_
davanti	davanti	E	O	_	_
al	a/det	ES	O	_	_
quale	quale	PS	O	_	_
chinan	chinan	VI	O	_	_
la	il	RS	O	_	_
fronte	fronte	SS	O	_	_
e	e	C	O	_	_
Dante	dante	SPN	PER	_	_
Alighieri	alighieri	SPN	PER	_	_
e	e	C	O	_	_
Michelangelo	michelangelo	SPN	PER	_	_
e	e	C	O	_	_
Raffaello	raffaello	SPN	PER	_	_
e	e	C	O	_	_
il	il	RS	O	_	_
Vico	vico	SPN	PER	_	_
e	e	C	O	_	_
il	il	RS	O	_	_
Muratori	muratori	SPN	O	_	_
e	e	C	O	_	_
Alessandro	alessandro	SPN	PER	_	_
Manzoni	manzoni	SPN	PER	_	_
e	e	C	O	_	_
tutte	tutto	DP	O	_	_
le	il	RP	O	_	_
maggiori	maggiore	AP	O	_	_
glorie	gloria	SP	O	_	_
italiane	italiano	AP	O	_	_
.	.	XPS	O	_	_
