# total number of persons:11, total number of gpes:36
La	il	RS	O	_	_
direzione	direzione	SS	O	_	_
del	di/det	ES	O	_	_
Tiroler	tiroler	SPN	O	_	_
Volksbund	volksbund	SPN	O	_	_
credette	credere	VI	O	_	_
necessario	necessario	AS	O	_	_
di	di	E	O	_	_
spedire	spedire	VF	O	_	_
al	a/det	ES	O	_	_
Ministero	ministero	SS	O	_	_
dell’	di/det	ES	O	_	_
interno	interno	SS	O	_	_
la	il	RS	O	_	_
seguente	seguente	SS	O	_	_
proposta	proposta	SS	O	_	_
:	:	XPS	O	_	_
«	«	XPO	O	_	_
Eccelso	eccelso	SPN	O	_	_
i.r.	i.r.	YA	O	_	_
Ministero	ministero	SPN	O	_	_
dell’	di/det	ES	O	_	_
Interno	interno	SPN	O	_	_
"!"	esclamation_mark	XPS	O	_	_

In	in	E	O	_	_
un	uno	RS	O	_	_
telegramma	telegramma	SS	O	_	_
del	di/det	ES	O	_	_
deputato	deputato	SS	O	_	_
Avancini	avancini	SPN	PER	_	_
all’i.r.	all’i.r.	SPN	O	_	_
Ministero	ministero	SPN	O	_	_
dell’	di/det	ES	O	_	_
interno	interno	SS	O	_	_
in	in	E	O	_	_
Vienna	vienna	SPN	GPE	48.2083537	16.3725042
si	rifl	PN	O	_	_
dice	dire	VI	O	_	_
che	che	CCHE	O	_	_
la	il	RS	O	_	_
Luogotenenza	luogotenenza	SPN	O	_	_
d’	di	E	O	_	_
Innsbruck	innsbruck	SPN	GPE	47.2654296	11.3927685
permise	permettere	VI	O	_	_
una	uno	RS	O	_	_
gita	gita	SS	O	_	_
dimostrativa	dimostrativo	AS	O	_	_
e	e	C	O	_	_
agitatoria	agitatoria	AS	O	_	_
del	di/det	ES	O	_	_
Tiroler	tiroler	SPN	O	_	_
Volksbund	volksbund	SPN	O	_	_
organizzata	organizzare	VSP	O	_	_
dal	da/det	ES	O	_	_
pantedesco	pantedesco	SS	O	_	_
Meyer	meyer	SPN	PER	_	_
nel	in/det	ES	O	_	_
nostro	nostro	DS	O	_	_
territorio	territorio	SS	O	_	_
.	.	XPS	O	_	_

Contro	contro	E	O	_	_
questa	questo	DS	O	_	_
insinuazione	insinuazione	SS	O	_	_
noi	noi	PP	O	_	_
protestiamo	protestare	VI	O	_	_
energicamente	energicamente	B	O	_	_
in	in	E	O	_	_
tutta	tutto	DS	O	_	_
forma	forma	SS	O	_	_
,	comma	XPW	O	_	_
perché	perché	C	O	_	_
il	il	RS	O	_	_
Tiroler	tiroler	SPN	O	_	_
Volksbund	volksbund	SPN	O	_	_
non	non	B	O	_	_
partecipò	partecipare	VI	O	_	_
in	in	E	O	_	_
nessun	nessun	DS	O	_	_
modo	modo	SS	O	_	_
,	comma	XPW	O	_	_
sia	essere	VI	O	_	_
direttamente	direttamente	B	O	_	_
sia	essere	VI	O	_	_
indirettamente	indirettamente	B	O	_	_
,	comma	XPW	O	_	_
a	a	E	O	_	_
indire	indire	VF	O	_	_
,	comma	XPW	O	_	_
preparare	preparare	VF	O	_	_
e	e	C	O	_	_
fare	fare	VF	O	_	_
la	il	RS	O	_	_
gita	gita	SS	O	_	_
che	che	CCHE	O	_	_
chiuse	chiudere	VI	O	_	_
il	il	RS	O	_	_
quinto	quinto	AS	O	_	_
congresso	congresso	SS	O	_	_
dei	di/det	EP	O	_	_
ginnasti	ginnasta	SP	O	_	_
tedeschi	tedesco	AP	O	_	_
.	.	XPS	O	_	_

Noi	noi	PP	O	_	_
protestiamo	protestare	VI	O	_	_
anche	anche	C	O	_	_
contro	contro	E	O	_	_
l’	il	RS	O	_	_
idea	idea	SS	O	_	_
che	che	CCHE	O	_	_
vi	vi	B	O	_	_
sia	essere	VI	O	_	_
una	uno	RS	O	_	_
qualche	qualche	DS	O	_	_
parte	parte	SS	O	_	_
del	di/det	ES	O	_	_
Tirolo	tirolo	SPN	GPE	47.223193	11.5261028
,	comma	XPW	O	_	_
che	che	CCHE	O	_	_
i	il	RP	O	_	_
deputati	deputato	SP	O	_	_
,	comma	XPW	O	_	_
partecipi	partecipi	SP	O	_	_
alla	a/det	ES	O	_	_
spedizione	spedizione	SS	O	_	_
del	di/det	ES	O	_	_
telegramma	telegramma	SS	O	_	_
,	comma	XPW	O	_	_
possano	potere	VI	O	_	_
designare	designare	VF	O	_	_
come	come	CADV	O	_	_
territorio	territorio	SS	O	_	_
loro	loro	PP	O	_	_
proprio	proprio	B	O	_	_
.	.	XPS	O	_	_

Innsbruck	innsbruck	SPN	GPE	47.2654296	11.3927685
,	comma	XPW	O	_	_
2	2	N	O	_	_
aprile	aprile	SS	O	_	_
1907	1907	N	O	_	_
.	.	XPS	O	_	_

Per	per	E	O	_	_
il	il	RS	O	_	_
Tiroler	tiroler	SPN	O	_	_
Volksbund	volksbund	SPN	O	_	_
Il	il	RS	O	_	_
Presidente	presidente	SS	O	_	_
Prof.	prof.	SPN	O	_	_
D.r	d.r	YA	O	_	_
Wackernell	wackernell	SPN	O	_	_
Il	il	RS	O	_	_
cassiere	cassiere	SS	O	_	_
Il	il	RS	O	_	_
segretario	segretario	SS	O	_	_
Eccardo	eccardo	SPN	O	_	_
de	de	E	O	_	_
Schumacher	schumacher	SPN	O	_	_
Giuseppe	giuseppe	SPN	PER	_	_
de	de	E	PER	_	_
Rossi	rossi	SPN	PER	_	_
»	»	XPO	O	_	_
.	.	XPS	O	_	_

Non	non	B	O	_	_
occorrono	occorrere	VI	O	_	_
molte	molto	DP	O	_	_
parole	parola	SP	O	_	_
,	comma	XPW	O	_	_
per	per	E	O	_	_
rilevare	rilevare	VF	O	_	_
il	il	RS	O	_	_
veleno	veleno	SS	O	_	_
della	di/det	ES	O	_	_
chiusa	chiusa	SS	O	_	_
,	comma	XPW	O	_	_
che	che	CCHE	O	_	_
in	in	E	O	_	_
sostanza	sostanza	SS	O	_	_
nega	negare	VI	O	_	_
l’	il	RS	O	_	_
esistenza	esistenza	SS	O	_	_
di	di	E	O	_	_
un	uno	RS	O	_	_
territorio	territorio	SS	O	_	_
nettamente	nettamente	B	O	_	_
italiano	italiano	AS	O	_	_
.	.	XPS	O	_	_

Ma	ma	C	O	_	_
già	già	B	O	_	_
si	rifl	PN	O	_	_
conoscono	conoscere	VI	O	_	_
le	il	RP	O	_	_
teorie	teoria	SP	O	_	_
dei	di/det	EP	O	_	_
Volksbundisti	volksbundisti	SPN	O	_	_
e	e	C	O	_	_
le	il	RP	O	_	_
loro	loro	DP	O	_	_
mire	mira	SP	O	_	_
.	.	XPS	O	_	_

L’	il	RS	O	_	_
importante	importante	AS	O	_	_
però	però	C	O	_	_
si	rifl	PN	O	_	_
è	essere	VIY	O	_	_
che	che	CCHE	O	_	_
dal	da/det	ES	O	_	_
documento	documento	SS	O	_	_
riportato	riportare	VSP	O	_	_
risulta	risultare	VI	O	_	_
chiaro	chiaro	AS	O	_	_
,	comma	XPW	O	_	_
come	come	CADV	O	_	_
al	a/det	ES	O	_	_
Volksbund	volksbund	SPN	O	_	_
comincia	cominciare	VI	O	_	_
a	a	E	O	_	_
scottare	scottare	VF	O	_	_
il	il	RS	O	_	_
terreno	terreno	SS	O	_	_
sotto	sotto	E	O	_	_
i	il	RP	O	_	_
piedi	piede	SP	O	_	_
.	.	XPS	O	_	_

Esso	esso	PS	O	_	_
prende	prendere	VI	O	_	_
occasione	occasione	SS	O	_	_
dal	da/det	ES	O	_	_
fatto	fatto	SS	O	_	_
che	che	CCHE	O	_	_
la	il	RS	O	_	_
gita	gita	SS	O	_	_
non	non	B	O	_	_
fu	essere	VI	O	_	_
indetta	indetto	AS	O	_	_
formalmente	formalmente	B	O	_	_
da	da	E	O	_	_
lui	lui	PS	O	_	_
,	comma	XPW	O	_	_
per	per	E	O	_	_
rigettare	rigettare	VF	O	_	_
da	da	E	O	_	_
sé	sé	PN	O	_	_
l’	il	RS	O	_	_
odiosità	odiosità	SN	O	_	_
di	di	E	O	_	_
quell’	quell	DS	O	_	_
atto	atto	SS	O	_	_
provocatorio	provocatorio	AS	O	_	_
e	e	C	O	_	_
inconsulto	inconsulto	AS	O	_	_
.	.	XPS	O	_	_

Vana	vana	SPN	PER	_	_
fatica	faticare	VI	O	_	_
"!"	esclamation_mark	XPS	O	_	_

Lo	lo	PS	O	_	_
sappiamo	sapere	VI	O	_	_
che	che	CCHE	O	_	_
il	il	RS	O	_	_
Tiroler	tiroler	SPN	O	_	_
Volksbund	volksbund	SPN	O	_	_
ci	ci	PP	O	_	_
tiene	tenere	VI	O	_	_
a	a	E	O	_	_
non	non	B	O	_	_
compromettersi	compromettere/rifl	VF+E	O	_	_
in	in	E	O	_	_
modis	modis	SS	O	_	_
et	et	B	O	_	_
formis	formis	VI	O	_	_
e	e	C	O	_	_
che	che	CCHE	O	_	_
,	comma	XPW	O	_	_
come	come	CADV	O	_	_
fece	fare	VI	O	_	_
di	di	E	O	_	_
recente	recente	AS	O	_	_
l’	il	RS	O	_	_
on	on	SN	O	_	_
.	.	XPS	O	_	_

Erler	erler	SPN	PER	_	_
al	a/det	ES	O	_	_
Parlamento	parlamento	SS	O	_	_
,	comma	XPW	O	_	_
quando	quando	CADV	O	_	_
viene	venire	VIY	O	_	_
accusato	accusare	VSP	O	_	_
di	di	E	O	_	_
invasioni	invasione	SP	O	_	_
e	e	C	O	_	_
mire	mire	VF	O	_	_
germaniste	germanista	SP	O	_	_
,	comma	XPW	O	_	_
si	rifl	PN	O	_	_
appella	appellare	VI	O	_	_
al	a/det	ES	O	_	_
suo	suo	DS	O	_	_
statuto	statuto	SS	O	_	_
,	comma	XPW	O	_	_
che	che	CCHE	O	_	_
ne	ne	PN	O	_	_
stabilisce	stabilire	VI	O	_	_
come	come	CADV	O	_	_
scopo	scopo	SS	O	_	_
la	il	RS	O	_	_
difesa	difesa	SS	O	_	_
dell’	di/det	ES	O	_	_
unità	unità	SN	O	_	_
della	di/det	ES	O	_	_
provincia	provincia	SS	O	_	_
e	e	C	O	_	_
delle	di/det	EP	O	_	_
cosiddette	cosiddetto	AP	O	_	_
basi	base	SP	O	_	_
tedesche	tedesco	AP	O	_	_
.	.	XPS	O	_	_

Ma	ma	C	O	_	_
la	il	RS	O	_	_
lettera	lettera	SS	O	_	_
viene	venire	VIY	O	_	_
spiegata	spiegare	VSP	O	_	_
e	e	C	O	_	_
commentata	commentare	VSP	O	_	_
dai	da/det	EP	O	_	_
fatti	fatto	SP	O	_	_
.	.	XPS	O	_	_

E	e	C	O	_	_
i	il	RP	O	_	_
fatti	fatto	SP	O	_	_
ci	ci	B	O	_	_
dicono	dire	VI	O	_	_
,	comma	XPW	O	_	_
come	come	CADV	O	_	_
rilevò	rilevare	VI	O	_	_
ottimamente	ottimamente	B	O	_	_
a	a	E	O	_	_
più	più	B	O	_	_
riprese	ripresa	SP	O	_	_
ed	ed	C	O	_	_
anche	anche	C	O	_	_
lo	il	RS	O	_	_
scorso	scorso	AS	O	_	_
venerdì	venerdì	SN	O	_	_
il	il	RS	O	_	_
Vaterland	vaterland	SPN	O	_	_
di	di	E	O	_	_
Vienna	vienna	SPN	O	_	_
,	comma	XPW	O	_	_
giornale	giornale	SS	O	_	_
cattolico	cattolico	AS	O	_	_
conservatore	conservatore	SS	O	_	_
,	comma	XPW	O	_	_
i	il	RP	O	_	_
fatti	fatto	SP	O	_	_
ci	ci	B	O	_	_
dicono	dire	VI	O	_	_
che	che	CCHE	O	_	_
il	il	RS	O	_	_
Volksbund	volksbund	SPN	O	_	_
tende	tendere	VI	O	_	_
a	a	E	O	_	_
germanizzare	germanizzare	VF	O	_	_
il	il	RS	O	_	_
Trentino	trentino	SPN	GPE	46.102869	11.12961993
.	.	XPS	O	_	_

Il	il	RS	O	_	_
Volksbund	volksbund	SPN	O	_	_
vuole	volere	VI	O	_	_
rendere	rendere	VF	O	_	_
tedeschi	tedesco	SP	O	_	_
quei	quello	DP	O	_	_
pochi	poco	DP	O	_	_
paeselli	paeselli	SP	O	_	_
,	comma	XPW	O	_	_
dove	dove	CADV	O	_	_
non	non	B	O	_	_
si	rifl	PN	O	_	_
parla	parlare	VI	O	_	_
tedesco	tedesco	AS	O	_	_
,	comma	XPW	O	_	_
ma	ma	C	O	_	_
uno	uno	RS	O	_	_
slambrot	slambrot	SS	O	_	_
,	comma	XPW	O	_	_
un	uno	RS	O	_	_
linguaggio	linguaggio	SS	O	_	_
maccheronico	maccheronico	AS	O	_	_
misto	misto	AS	O	_	_
di	di	E	O	_	_
tedesco	tedesco	SS	O	_	_
e	e	C	O	_	_
italiano	italiano	AS	O	_	_
.	.	XPS	O	_	_

Il	il	RS	O	_	_
Volksbund	volksbund	SPN	O	_	_
,	comma	XPW	O	_	_
vuole	volere	VI	O	_	_
rendere	rendere	VF	O	_	_
tedesco	tedesco	AS	O	_	_
qualche	qualche	DS	O	_	_
altro	altro	DS	O	_	_
paese	paese	SS	O	_	_
dove	dove	CADV	O	_	_
l’	il	RS	O	_	_
italiano	italiano	SS	O	_	_
è	essere	VI	O	_	_
la	il	RS	O	_	_
lingua	lingua	SS	O	_	_
usata	usare	VSP	O	_	_
da	da	E	O	_	_
tutti	tutto	PP	O	_	_
in	in	E	O	_	_
famiglia	famiglia	SS	O	_	_
,	comma	XPW	O	_	_
in	in	E	O	_	_
chiesa	chiesa	SS	O	_	_
e	e	C	O	_	_
nella	in/det	ES	O	_	_
scuola	scuola	SS	O	_	_
.	.	XPS	O	_	_

Il	il	RS	O	_	_
Volksbund	volksbund	SPN	O	_	_
,	comma	XPW	O	_	_
col	con/det	ES	O	_	_
pretesto	pretesto	SS	O	_	_
di	di	E	O	_	_
aiutare	aiutare	VF	O	_	_
gli	il	RP	O	_	_
operai	operaio	SP	O	_	_
emigranti	emigrante	AP	O	_	_
,	comma	XPW	O	_	_
tenta	tentare	VI	O	_	_
di	di	E	O	_	_
fondare	fondare	VF	O	_	_
in	in	E	O	_	_
paesi	paese	SP	O	_	_
italiani	italiano	AP	O	_	_
–	–	XPO	O	_	_
come	come	CADV	O	_	_
San	san	SPN	O	_	_
Sebastiano	sebastiano	SPN	O	_	_
,	comma	XPW	O	_	_
Caldonazzo	caldonazzo	SPN	O	_	_
ecc.	ecc.	YA	O	_	_
–	–	XPO	O	_	_
scuole	scuola	SP	O	_	_
tedesche	tedesco	AP	O	_	_
,	comma	XPW	O	_	_
di	di	E	O	_	_
cui	cui	PN	O	_	_
ognuno	ognuno	PS	O	_	_
capisce	capire	VI	O	_	_
lo	il	RS	O	_	_
scopo	scopo	SS	O	_	_
.	.	XPS	O	_	_

Il	il	RS	O	_	_
Volksbund	volksbund	SPN	O	_	_
,	comma	XPW	O	_	_
nella	in/det	ES	O	_	_
sua	suo	DS	O	_	_
agitazione	agitazione	SS	O	_	_
,	comma	XPW	O	_	_
si	rifl	PN	O	_	_
serve	servire	VI	O	_	_
sopratutto	sopratutto	B	O	_	_
del	di/det	ES	O	_	_
Meyer	meyer	SPN	O	_	_
,	comma	XPW	O	_	_
suddito	suddito	VSP	O	_	_
austriaco	austriaco	AS	O	_	_
una	uno	RS	O	_	_
volta	volta	SS	O	_	_
,	comma	XPW	O	_	_
e	e	C	O	_	_
ora	ora	B	O	_	_
suddito	suddito	VSP	O	_	_
germanico	germanico	AS	O	_	_
,	comma	XPW	O	_	_
uno	uno	PS	O	_	_
dei	di/det	EP	O	_	_
più	più	B	O	_	_
fanatici	fanatico	AP	O	_	_
pantedeschi	pantedeschi	SP	O	_	_
,	comma	XPW	O	_	_
che	che	CCHE	O	_	_
pretende	pretendere	VI	O	_	_
essere	essere	VF	O	_	_
i	il	RP	O	_	_
trentini	trentino	SP	O	_	_
–	–	XPO	O	_	_
fatte	fare	VPP	O	_	_
poche	poco	DP	O	_	_
eccezioni	eccezione	SP	O	_	_
–	–	XPO	O	_	_
tedeschi	tedesco	AP	O	_	_
che	che	CCHE	O	_	_
parlano	parlare	VI	O	_	_
italiano	italiano	AS	O	_	_
e	e	C	O	_	_
che	che	CCHE	O	_	_
devonsi	devonsi	VI	O	_	_
rigenerare	rigenerare	VF	O	_	_
al	a/det	ES	O	_	_
tedeschismo	tedeschismo	SS	O	_	_
e	e	C	O	_	_
conquistare	conquistare	VF	O	_	_
alla	a/det	ES	O	_	_
Germania	germania	SPN	GPE	51.0834196	10.4234469
.	.	XPS	O	_	_

Il	il	RS	O	_	_
Volksbund	volksbund	SPN	O	_	_
lascia	lasciare	VI	O	_	_
che	che	CCHE	O	_	_
il	il	RS	O	_	_
Meyer	meyer	SPN	PER	_	_
,	comma	XPW	O	_	_
anche	anche	C	O	_	_
nella	in/det	ES	O	_	_
sua	suo	DS	O	_	_
recente	recente	AS	O	_	_
gita	gita	SS	O	_	_
provocatoria	provocatorio	AS	O	_	_
,	comma	XPW	O	_	_
faccia	fare	VI	O	_	_
propaganda	propaganda	SS	O	_	_
impudente	impudente	AS	O	_	_
per	per	E	O	_	_
nuovi	nuovo	AP	O	_	_
gruppi	gruppo	SP	O	_	_
della	di/det	ES	O	_	_
società	società	SN	O	_	_
,	comma	XPW	O	_	_
sfruttando	sfruttare	VG	O	_	_
la	il	RS	O	_	_
confusione	confusione	SS	O	_	_
a	a	E	O	_	_
bell’	bello	AS	O	_	_
arte	arte	SS	O	_	_
alimentata	alimentare	VSP	O	_	_
tra	tra	E	O	_	_
i	il	RP	O	_	_
contadini	contadino	SP	O	_	_
costretti	costringere	VPP	O	_	_
ad	ad	E	O	_	_
emigrare	emigrare	VF	O	_	_
,	comma	XPW	O	_	_
che	che	CCHE	O	_	_
austriaco	austriaco	VI	O	_	_
sia	sia	C	O	_	_
lo	il	RS	O	_	_
stesso	stesso	DS	O	_	_
che	che	CCHE	O	_	_
tedesco	tedesco	AS	O	_	_
e	e	C	O	_	_
italiano	italiano	AS	O	_	_
lo	lo	PS	O	_	_
stesso	stesso	DS	O	_	_
che	che	CCHE	O	_	_
irredentista	irredentista	AS	O	_	_
.	.	XPS	O	_	_

Il	il	RS	O	_	_
Volksbund	volksbund	SPN	O	_	_
coll’	con/det	ES	O	_	_
azione	azione	SS	O	_	_
sua	suo	DS	O	_	_
ha	avere	VIY	O	_	_
rincrudite	rincrudire	VPP	O	_	_
le	il	RP	O	_	_
ostilità	ostilità	SN	O	_	_
nazionali	nazionale	AP	O	_	_
,	comma	XPW	O	_	_
ha	avere	VIY	O	_	_
cresciuto	crescere	VSP	O	_	_
l’	il	RS	O	_	_
ardire	ardire	VF	O	_	_
e	e	C	O	_	_
aguzzato	aguzzare	VSP	O	_	_
l’	il	RS	O	_	_
appetito	appetito	SS	O	_	_
dei	di/det	EP	O	_	_
pantedeschi	pantedeschi	SP	O	_	_
,	comma	XPW	O	_	_
e	e	C	O	_	_
mettendosi	mettere/rifl	VG+E	O	_	_
di	di	E	O	_	_
fatto	fatto	SS	O	_	_
sotto	sotto	E	O	_	_
la	il	RS	O	_	_
loro	loro	DP	O	_	_
egida	egida	SS	O	_	_
e	e	C	O	_	_
la	il	RS	O	_	_
loro	loro	PP	O	_	_
guida	guida	SS	O	_	_
,	comma	XPW	O	_	_
ha	avere	VIY	O	_	_
preparata	preparare	VSP	O	_	_
e	e	C	O	_	_
aperta	aperto	AS	O	_	_
la	il	RS	O	_	_
via	via	SS	O	_	_
anche	anche	C	O	_	_
all’	a/det	ES	O	_	_
ultima	ultimo	AS	O	_	_
gita	gita	SS	O	_	_
,	comma	XPW	O	_	_
sul	su/det	ES	O	_	_
cui	cui	PN	O	_	_
carattere	carattere	SS	O	_	_
provocante	provocante	B	O	_	_
dissero	dire	VI	O	_	_
gravi	grave	AP	O	_	_
parole	parola	SP	O	_	_
i	il	RP	O	_	_
giornali	giornale	SP	O	_	_
tedeschi	tedesco	AP	O	_	_
più	più	B	O	_	_
imparziali	imparziale	AP	O	_	_
.	.	XPS	O	_	_

Con	con	E	O	_	_
tutto	tutto	DS	O	_	_
ciò	ciò`	PS	O	_	_
ce	ce	B	O	_	_
n’	n’	PN	O	_	_
è	essere	VI	O	_	_
d’	di	E	O	_	_
avanzo	avanzo	SS	O	_	_
,	comma	XPW	O	_	_
per	per	E	O	_	_
giustificare	giustificare	VF	O	_	_
il	il	RS	O	_	_
severo	severo	AS	O	_	_
giudizio	giudizio	SS	O	_	_
del	di/det	ES	O	_	_
Vaterland	vaterland	SPN	O	_	_
da	da	E	O	_	_
noi	noi	PP	O	_	_
riassunto	riassumere	VSP	O	_	_
nel	in/det	ES	O	_	_
numero	numero	SS	O	_	_
di	di	E	O	_	_
sabato	sabato	SS	O	_	_
,	comma	XPW	O	_	_
e	e	C	O	_	_
sarebbe	essere	VI	O	_	_
ora	ora	B	O	_	_
e	e	C	O	_	_
tempo	tempo	SS	O	_	_
che	che	CCHE	O	_	_
i	il	RP	O	_	_
più	più	B	O	_	_
assennati	assennato	AP	O	_	_
fra	fra	E	O	_	_
i	il	RP	O	_	_
tedeschi	tedesco	SP	O	_	_
intimassero	intimare	VI	O	_	_
un	uno	RS	O	_	_
energico	energico	AS	O	_	_
basta	basta	SS	O	_	_
"!"	esclamation_mark	XPS	O	_	_

a	a	E	O	_	_
coloro	colui	PP	O	_	_
che	che	CCHE	O	_	_
credettero	credere	VI	O	_	_
di	di	E	O	_	_
fare	fare	VF	O	_	_
un	uno	RS	O	_	_
grande	grande	AS	O	_	_
atto	atto	SS	O	_	_
di	di	E	O	_	_
politica	politica	SS	O	_	_
,	comma	XPW	O	_	_
accettando	accettare	VG	O	_	_
l’	il	RS	O	_	_
idea	idea	SS	O	_	_
del	di/det	ES	O	_	_
Volksbund	volksbund	SPN	O	_	_
,	comma	XPW	O	_	_
partita	partire	VSP	O	_	_
dal	da/det	ES	O	_	_
Rohmeder	rohmeder	SPN	O	_	_
,	comma	XPW	O	_	_
e	e	C	O	_	_
facendola	fare/pro	VG+E	O	_	_
propria	propria	AS	O	_	_
con	con	E	O	_	_
grave	grave	AS	O	_	_
danno	danno	SS	O	_	_
della	di/det	ES	O	_	_
pace	pace	SS	O	_	_
nazionale	nazionale	AS	O	_	_
,	comma	XPW	O	_	_
della	di/det	ES	O	_	_
giustizia	giustizia	SS	O	_	_
e	e	C	O	_	_
degli	di/det	EP	O	_	_
stessi	stessi	SP	O	_	_
interessi	interessi	VPP	O	_	_
della	di/det	ES	O	_	_
provincia	provincia	SS	O	_	_
.	.	XPS	O	_	_

Si	rifl	PN	O	_	_
convincano	convincere	VI	O	_	_
pure	pure	B	O	_	_
il	il	RS	O	_	_
Wackernell	wackernell	SPN	O	_	_
e	e	C	O	_	_
soci	socio	SP	O	_	_
:	:	XPS	O	_	_
colle	con/det	EP	O	_	_
rettifiche	rettifiche	AP	O	_	_
e	e	C	O	_	_
colle	con/det	EP	O	_	_
proteste	protesta	SP	O	_	_
non	non	B	O	_	_
faranno	fare	VI	O	_	_
nulla	nulla	PS	O	_	_
.	.	XPS	O	_	_

Anche	anche	C	O	_	_
i	il	RP	O	_	_
socialisti	socialista	SP	O	_	_
protestano	protestare	VI	O	_	_
che	che	CCHE	O	_	_
le	il	RP	O	_	_
loro	loro	DP	O	_	_
società	società	SN	O	_	_
di	di	E	O	_	_
mestiere	mestiere	SS	O	_	_
sono	essere	VI	O	_	_
neutre	neutre	AS	O	_	_
,	comma	XPW	O	_	_
ma	ma	C	O	_	_
nessuno	nessuno	PS	O	_	_
ci	ci	PP	O	_	_
crede	credere	VI	O	_	_
,	comma	XPW	O	_	_
perché	perché	C	O	_	_
la	il	RS	O	_	_
lettera	lettera	SS	O	_	_
dello	di/det	ES	O	_	_
statuto	statuto	SS	O	_	_
è	essere	VI	O	_	_
troppo	troppo	B	O	_	_
bene	bene	B	O	_	_
spiegata	spiegare	VSP	O	_	_
dai	da/det	EP	O	_	_
fatti	fatto	SP	O	_	_
.	.	XPS	O	_	_

Così	così	B	O	_	_
è	essere	VI	O	_	_
del	di/det	ES	O	_	_
Volksbund	volksbund	SPN	O	_	_
,	comma	XPW	O	_	_
il	il	RS	O	_	_
quale	quale	PS	O	_	_
,	comma	XPW	O	_	_
oltre	oltre	E	O	_	_
al	a/det	ES	O	_	_
resto	resto	SS	O	_	_
,	comma	XPW	O	_	_
provoca	provocare	VI	O	_	_
anche	anche	C	O	_	_
gravi	grave	AP	O	_	_
danni	danno	SP	O	_	_
religiosi	religioso	AP	O	_	_
nei	in/det	EP	O	_	_
paesi	paese	SP	O	_	_
nostri	nostro	AP	O	_	_
,	comma	XPW	O	_	_
ove	ove	B	O	_	_
si	rifl	PN	O	_	_
annidò	annidare	VI	O	_	_
e	e	C	O	_	_
aizzò	aizzare	VI	O	_	_
parte	parte	SS	O	_	_
del	di/det	ES	O	_	_
popolo	popolo	SS	O	_	_
contro	contro	E	O	_	_
l’	il	RS	O	_	_
altra	altro	DS	O	_	_
parte	parte	SS	O	_	_
e	e	C	O	_	_
contro	contro	E	O	_	_
il	il	RS	O	_	_
clero	clero	SS	O	_	_
di	di	E	O	_	_
cura	cura	SS	O	_	_
d’	di	E	O	_	_
anime	anime	SS	O	_	_
,	comma	XPW	O	_	_
contrario	contrario	AS	O	_	_
per	per	E	O	_	_
ragioni	ragione	SP	O	_	_
di	di	E	O	_	_
difesa	difesa	SS	O	_	_
e	e	C	O	_	_
di	di	E	O	_	_
giusta	giusto	AS	O	_	_
difesa	difesa	SS	O	_	_
nazionale	nazionale	AS	O	_	_
e	e	C	O	_	_
per	per	E	O	_	_
motivi	motivo	SP	O	_	_
superiori	superiore	AP	O	_	_
,	comma	XPW	O	_	_
alla	a/det	ES	O	_	_
novella	novello	AS	O	_	_
invasione	invasione	SS	O	_	_
,	comma	XPW	O	_	_
condotta	condurre	VSP	O	_	_
da	da	E	O	_	_
uomini	uomo	SP	O	_	_
che	che	CCHE	O	_	_
sono	essere	VI	O	_	_
tutt’	tutt’	AS	O	_	_
altro	altro	PS	O	_	_
che	che	CCHE	O	_	_
in	in	E	O	_	_
odore	odore	SS	O	_	_
di	di	E	O	_	_
«	«	XPO	O	_	_
cattolicismo	cattolicismo	SS	O	_	_
»	»	XPO	O	_	_
.	.	XPS	O	_	_

Che	che	CCHE	O	_	_
dicono	dire	VI	O	_	_
di	di	E	O	_	_
ciò	ciò`	PS	O	_	_
i	il	RP	O	_	_
cattolici	cattolico	SP	O	_	_
tedeschi	tedesco	AP	O	_	_
che	che	CCHE	O	_	_
si	rifl	PN	O	_	_
sono	essere	VIY	O	_	_
messi	mettere	VPP	O	_	_
a	a	E	O	_	_
disposizione	disposizione	SS	O	_	_
del	di/det	ES	O	_	_
Meyer	meyer	SPN	O	_	_
e	e	C	O	_	_
compagnia	compagnia	SS	O	_	_
?	?	XPS	O	_	_

Fatica	fatica	SPN	O	_	_
vana	vano	AS	O	_	_
del	di/det	ES	O	_	_
Volksbund	volksbund	SPN	O	_	_
,	comma	XPW	O	_	_
fatica	fatica	SS	O	_	_
vana	vano	AS	O	_	_
dei	di/det	EP	O	_	_
socialisti	socialista	SP	O	_	_
"!"	esclamation_mark	XPS	O	_	_

I	il	RP	O	_	_
quali	quale	PP	O	_	_
in	in	E	O	_	_
primo	primo	AS	O	_	_
luogo	luogo	SS	O	_	_
,	comma	XPW	O	_	_
dopo	dopo	E	O	_	_
l’	il	RS	O	_	_
intervento	intervento	SS	O	_	_
dell’	di/det	ES	O	_	_
Avancini	avancini	SPN	PER	_	_
a	a	E	O	_	_
Pergine	pergine	SPN	GPE	46.0616404	11.2398474
,	comma	XPW	O	_	_
credettero	credere	VI	O	_	_
anch’	anch’	B	O	_	_
essi	essi	PP	O	_	_
necessaria	necessario	AS	O	_	_
una	uno	RS	O	_	_
dichiarazione	dichiarazione	SS	O	_	_
,	comma	XPW	O	_	_
e	e	C	O	_	_
questa	questo	DS	O	_	_
avvenne	avvenire	VI	O	_	_
in	in	E	O	_	_
forma	forma	SS	O	_	_
di	di	E	O	_	_
una	uno	RS	O	_	_
lettera	lettera	SS	O	_	_
del	di/det	ES	O	_	_
deputato	deputato	SS	O	_	_
di	di	E	O	_	_
Trento	trento	SPN	GPE	46.0664228	11.1257601
alla	a/det	ES	O	_	_
Neue	neue	SPN	O	_	_
Freie	freie	SPN	O	_	_
Presse	presse	SPN	O	_	_
,	comma	XPW	O	_	_
nella	in/det	ES	O	_	_
quale	quale	PS	O	_	_
,	comma	XPW	O	_	_
come	come	CADV	O	_	_
riferimmo	riferimmo	SS	O	_	_
sabato	sabato	SS	O	_	_
,	comma	XPW	O	_	_
l’	il	RS	O	_	_
on	on	SN	O	_	_
.	.	XPS	O	_	_

Avancini	avancini	SPN	PER	_	_
accentuava	accentuare	VI	O	_	_
di	di	E	O	_	_
essersi	essersi	YF	O	_	_
recato	recare	VSP	O	_	_
a	a	E	O	_	_
Pergine	pergine	SPN	GPE	46.0616404	11.2398474
unicamente	unicamente	B	O	_	_
per	per	E	O	_	_
metter	mettere	VF	O	_	_
pace	pace	SS	O	_	_
e	e	C	O	_	_
aggiungeva	aggiungere	VI	O	_	_
di	di	E	O	_	_
essere	essere	VF	O	_	_
contrario	contrario	AS	O	_	_
a	a	E	O	_	_
ogni	ogni	DS	O	_	_
fanatismo	fanatismo	SS	O	_	_
nazionale	nazionale	AS	O	_	_
,	comma	XPW	O	_	_
anche	anche	C	O	_	_
nel	in/det	ES	O	_	_
presente	presente	AS	O	_	_
caso	caso	SS	O	_	_
in	in	E	O	_	_
cui	cui	PN	O	_	_
ne	ne	PN	O	_	_
vedeva	vedere	VI	O	_	_
gli	il	RP	O	_	_
eccessi	eccesso	SP	O	_	_
da	da	E	O	_	_
ambo	ambo	SS	O	_	_
le	il	RP	O	_	_
parti	parte	SP	O	_	_
.	.	XPS	O	_	_

L’	il	RS	O	_	_
Alto	alto	SPN	GPE	46.65596895	11.22964387
Adige	adige	SPN	GPE	46.65596895	11.22964387
che	che	CCHE	O	_	_
se	se	C	O	_	_
la	la	PS	O	_	_
prendeva	prendere	VI	O	_	_
col	con/det	ES	O	_	_
d.r	d.r	YA	O	_	_
Gentili	gentili	SPN	O	_	_
perché	perché	C	O	_	_
questi	questo	PP	O	_	_
preferisce	preferire	VI	O	_	_
l’	il	RS	O	_	_
educazione	educazione	SS	O	_	_
del	di/det	ES	O	_	_
popolo	popolo	SS	O	_	_
a	a	E	O	_	_
cert’	cert’	SS	O	_	_
altri	altro	DP	O	_	_
metodi	metodo	SP	O	_	_
,	comma	XPW	O	_	_
non	non	B	O	_	_
disse	dire	VI	O	_	_
ancora	ancora	B	O	_	_
verbo	verbo	SS	O	_	_
sul	su/det	ES	O	_	_
contenuto	contenuto	SS	O	_	_
della	di/det	ES	O	_	_
lettera	lettera	SS	O	_	_
dell’	di/det	ES	O	_	_
on	on	SN	O	_	_
.	.	XPS	O	_	_

Avancini	avancini	SPN	PER	_	_
,	comma	XPW	O	_	_
e	e	C	O	_	_
in	in	E	O	_	_
modo	modo	SS	O	_	_
speciale	speciale	AS	O	_	_
sulla	su/det	ES	O	_	_
frase	frase	SS	O	_	_
,	comma	XPW	O	_	_
pur	pur	C	O	_	_
ora	ora	B	O	_	_
da	da	E	O	_	_
noi	noi	PP	O	_	_
sottolineata	sottolineare	VSP	O	_	_
e	e	C	O	_	_
che	che	CCHE	O	_	_
è	essere	VI	O	_	_
un’	uno	RS	O	_	_
aperta	aperto	AS	O	_	_
condanna	condanna	SS	O	_	_
dell’	di/det	ES	O	_	_
eletto	eletto	SS	O	_	_
dai	da/det	EP	O	_	_
radicali	radicale	SP	O	_	_
alla	a/det	ES	O	_	_
politica	politica	SS	O	_	_
nazionale	nazionale	AS	O	_	_
da	da	E	O	_	_
questi	questo	DP	O	_	_
amata	amato	AS	O	_	_
,	comma	XPW	O	_	_
esaltata	esaltare	VSP	O	_	_
e	e	C	O	_	_
praticata	praticare	VSP	O	_	_
.	.	XPS	O	_	_

Non	non	B	O	_	_
contenti	contento	AP	O	_	_
della	di/det	ES	O	_	_
lettera	lettera	SS	O	_	_
dell’	di/det	ES	O	_	_
Avancini	avancini	SPN	PER	_	_
,	comma	XPW	O	_	_
riprodotta	riprodurre	VSP	O	_	_
anche	anche	C	O	_	_
nell’	in/det	ES	O	_	_
organo	organo	SS	O	_	_
maggiore	maggiore	AS	O	_	_
dei	di/det	EP	O	_	_
socialisti	socialista	SP	O	_	_
austriaci	austriaci	AP	O	_	_
,	comma	XPW	O	_	_
l’	il	RS	O	_	_
Arbeiter	arbeiter	SPN	O	_	_
Zeitung	zeitung	SPN	O	_	_
di	di	E	O	_	_
Vienna	vienna	SPN	GPE	48.2083537	16.3725042
,	comma	XPW	O	_	_
i	il	RP	O	_	_
socialisti	socialista	SP	O	_	_
continuano	continuare	VI	O	_	_
a	a	E	O	_	_
lavarsi	lavare/rifl	VF+E	O	_	_
le	il	RP	O	_	_
mani	mano	SP	O	_	_
come	come	CADV	O	_	_
Pilato	pilato	SPN	PER	_	_
e	e	C	O	_	_
a	a	E	O	_	_
negare	negare	VF	O	_	_
ogni	ogni	DS	O	_	_
loro	loro	DP	O	_	_
partecipazione	partecipazione	SS	O	_	_
ai	a/det	EP	O	_	_
fatti	fatto	SP	O	_	_
di	di	E	O	_	_
Pergine	pergine	SPN	GPE	46.0616404	11.2398474
e	e	C	O	_	_
di	di	E	O	_	_
Calliano	calliano	SPN	GPE	45.008551	8.257535
.	.	XPS	O	_	_

A	a	E	O	_	_
tale	tale	DS	O	_	_
scopo	scopo	SS	O	_	_
scende	scendere	VI	O	_	_
in	in	E	O	_	_
campo	campo	SS	O	_	_
con	con	E	O	_	_
un	uno	RS	O	_	_
articolo	articolo	SS	O	_	_
la	il	RS	O	_	_
Volkszeitung	volkszeitung	SPN	O	_	_
,	comma	XPW	O	_	_
organo	organo	SS	O	_	_
dei	di/det	EP	O	_	_
compagni	compagno	SP	O	_	_
innsbruchesi	innsbruchesi	AP	O	_	_
,	comma	XPW	O	_	_
e	e	C	O	_	_
l’	il	RS	O	_	_
Arbeiter	arbeiter	SPN	O	_	_
Zeitung	zeitung	SPN	O	_	_
è	essere	VI	O	_	_
pronta	pronto	AS	O	_	_
di	di	E	O	_	_
nuovo	nuovo	AS	O	_	_
a	a	E	O	_	_
dar	dare	VF	O	_	_
luogo	luogo	SS	O	_	_
alle	a/det	EP	O	_	_
ripetute	ripetute	SP	O	_	_
scuse	scuse	AP	O	_	_
.	.	XPS	O	_	_

Premesso	premettere	VSP	O	_	_
che	che	CCHE	O	_	_
la	il	RS	O	_	_
gita	gita	SS	O	_	_
fu	essere	VIY	O	_	_
annunziata	annunziare	VSP	O	_	_
con	con	E	O	_	_
modi	modio	SP	O	_	_
provocanti	provocante	AP	O	_	_
per	per	E	O	_	_
gli	il	RP	O	_	_
italiani	italiano	SP	O	_	_
,	comma	XPW	O	_	_
la	il	RS	O	_	_
Volks	volks	SPN	O	_	_
-	-	XPO	O	_	_
Zeitung	zeitung	SPN	O	_	_
aggiunge	aggiungere	VI	O	_	_
che	che	CCHE	O	_	_
non	non	B	O	_	_
c’	ci	B	O	_	_
era	essere	VI	O	_	_
da	da	E	O	_	_
temere	temere	VF	O	_	_
pericolo	pericolo	SS	O	_	_
alcuno	alcuno	PS	O	_	_
da	da	E	O	_	_
due	due	N	O	_	_
folle	folla	SP	O	_	_
di	di	E	O	_	_
gitanti	gitante	SP	O	_	_
,	comma	XPW	O	_	_
chiama	chiamare	VI	O	_	_
«	«	XPO	O	_	_
pazzi	pazzi	AS	O	_	_
»	»	XPO	O	_	_
i	il	RP	O	_	_
nazionali	nazionale	SP	O	_	_
italiani	italiano	AP	O	_	_
e	e	C	O	_	_
i	il	RP	O	_	_
nazionali	nazionale	SP	O	_	_
tedeschi	tedesco	AP	O	_	_
,	comma	XPW	O	_	_
asserisce	asserire	VI	O	_	_
che	che	CCHE	O	_	_
nessun	nessun	DS	O	_	_
socialista	socialista	SS	O	_	_
prese	prendere	VPP	O	_	_
parte	parte	SS	O	_	_
ai	a/det	EP	O	_	_
fatti	fatto	SP	O	_	_
di	di	E	O	_	_
Pergine	pergine	SPN	GPE	46.0616404	11.2398474
e	e	C	O	_	_
in	in	E	O	_	_
modo	modo	SS	O	_	_
speciale	speciale	AS	O	_	_
a	a	E	O	_	_
quelli	quello	PP	O	_	_
di	di	E	O	_	_
Calliano	calliano	SPN	GPE	45.008551	8.257535
,	comma	XPW	O	_	_
e	e	C	O	_	_
si	rifl	PN	O	_	_
affanna	affannare	VI	O	_	_
a	a	E	O	_	_
gridare	gridare	VF	O	_	_
che	che	CCHE	O	_	_
il	il	RS	O	_	_
Popolo	popolo	SPN	O	_	_
di	di	E	O	_	_
Trento	trento	SPN	O	_	_
non	non	B	O	_	_
si	rifl	PN	O	_	_
prestò	prestare	VI	O	_	_
ad	ad	E	O	_	_
inscenare	inscenare	VF	O	_	_
alcuna	alcuno	DS	O	_	_
dimostrazione	dimostrazione	SS	O	_	_
,	comma	XPW	O	_	_
mentre	mentre	C	O	_	_
di	di	E	O	_	_
ciò	ciò`	PS	O	_	_
si	rifl	PN	O	_	_
fecero	fare	VI	O	_	_
rei	rei	VI	O	_	_
i	il	RP	O	_	_
due	due	N	O	_	_
fogli	foglio	SP	O	_	_
irredentisti	irredentista	AP	O	_	_
Alto	alto	SPN	GPE	46.65596895	11.22964387
Adige	adige	SPN	GPE	46.65596895	11.22964387
e	e	C	O	_	_
Trentino	trentino	SPN	GPE	46.102869	11.12961993
.	.	XPS	O	_	_

Queste	questo	DP	O	_	_
menzogne	menzogna	SP	O	_	_
,	comma	XPW	O	_	_
la	il	RS	O	_	_
Volks	volks	SPN	O	_	_
-	-	XPO	O	_	_
Zeitung	zeitung	SPN	O	_	_
di	di	E	O	_	_
Innsbruck	innsbruck	SPN	GPE	47.2654296	11.3927685
e	e	C	O	_	_
l’	il	RS	O	_	_
Arbeiter	arbeiter	SPN	O	_	_
Zeitung	zeitung	SPN	O	_	_
di	di	E	O	_	_
Vienna	vienna	SPN	GPE	48.2083537	16.3725042
,	comma	XPW	O	_	_
possono	potere	VI	O	_	_
raccontarle	raccontare/pro	VF+E	O	_	_
precisamente	precisamente	B	O	_	_
.	.	XPS	O	_	_

.	.	XPS	O	_	_

.	.	XPS	O	_	_

a	a	E	O	_	_
Innsbruck	innsbruck	SPN	GPE	47.2654296	11.3927685
e	e	C	O	_	_
a	a	E	O	_	_
Vienna	vienna	SPN	GPE	48.2083537	16.3725042
"!"	esclamation_mark	XPS	O	_	_

Chi	chi	CCHI	O	_	_
ci	ci	B	O	_	_
sia	essere	VIY	O	_	_
stato	essere	VSP	O	_	_
allo	a/det	ES	O	_	_
scontro	scontro	SS	O	_	_
di	di	E	O	_	_
Pergine	pergine	SPN	GPE	46.0616404	11.2398474
e	e	C	O	_	_
a	a	E	O	_	_
quello	quello	PS	O	_	_
di	di	E	O	_	_
Calliano	calliano	SPN	GPE	45.008551	8.257535
,	comma	XPW	O	_	_
si	rifl	PN	O	_	_
vedrà	vedere	VI	O	_	_
;	semicolon	XPS	O	_	_

che	che	CCHE	O	_	_
cosa	cosa	SS	O	_	_
abbia	avere	VIY	O	_	_
detto	dire	VSP	O	_	_
e	e	C	O	_	_
stampato	stampare	VSP	O	_	_
il	il	RS	O	_	_
Popolo	popolo	SPN	O	_	_
si	rifl	PN	O	_	_
sa	sapere	VI	O	_	_
,	comma	XPW	O	_	_
e	e	C	O	_	_
anche	anche	C	O	_	_
si	rifl	PN	O	_	_
sa	sapere	VI	O	_	_
come	come	CADV	O	_	_
si	rifl	PN	O	_	_
contennero	contenere	VI	O	_	_
l’	il	RS	O	_	_
Alto	alto	SPN	GPE	46.65596895	11.22964387
Adige	adige	SPN	GPE	46.65596895	11.22964387
da	da	E	O	_	_
una	uno	RS	O	_	_
parte	parte	SS	O	_	_
e	e	C	O	_	_
il	il	RS	O	_	_
Trentino	trentino	SPN	GPE	46.102869	11.12961993
dall’	da/det	ES	O	_	_
altra	altro	PS	O	_	_
.	.	XPS	O	_	_

Così	così	B	O	_	_
pure	pure	B	O	_	_
è	essere	VI	O	_	_
a	a	E	O	_	_
tutti	tutto	DP	O	_	_
noto	noto	AS	O	_	_
che	che	CCHE	O	_	_
il	il	RS	O	_	_
Trentino	trentino	SPN	GPE	46.102869	11.12961993
difende	difendere	VI	O	_	_
la	il	RS	O	_	_
nazionalità	nazionalità	SN	O	_	_
con	con	E	O	_	_
modi	modio	SP	O	_	_
fermi	fermo	AP	O	_	_
ma	ma	C	O	_	_
dignitosi	dignitoso	AP	O	_	_
,	comma	XPW	O	_	_
senza	senza	E	O	_	_
trascendere	trascendere	VF	O	_	_
né	né	B	O	_	_
all’	a/det	ES	O	_	_
irredentismo	irredentismo	SS	O	_	_
né	né	C	O	_	_
ad	ad	E	O	_	_
eccessi	eccesso	SP	O	_	_
,	comma	XPW	O	_	_
come	come	CADV	O	_	_
calunniano	calunniare	VI	O	_	_
la	il	RS	O	_	_
Volkszeitung	volkszeitung	SPN	O	_	_
e	e	C	O	_	_
dietro	dietro	E	O	_	_
di	di	E	O	_	_
lei	lei	PS	O	_	_
la	il	RS	O	_	_
Arbeiter	arbeiter	SPN	O	_	_
-	-	XPO	O	_	_
Zeitung	zeitung	SPN	O	_	_
:	:	XPS	O	_	_
come	come	CADV	O	_	_
è	essere	VI	O	_	_
noto	noto	AS	O	_	_
che	che	CCHE	O	_	_
il	il	RS	O	_	_
Popolo	popolo	SPN	O	_	_
e	e	C	O	_	_
il	il	RS	O	_	_
suo	suo	DS	O	_	_
direttore	direttore	SS	O	_	_
,	comma	XPW	O	_	_
quanto	quanto	B	O	_	_
a	a	E	O	_	_
irredentismo	irredentismo	SS	O	_	_
,	comma	XPW	O	_	_
diedero	dare	VI	O	_	_
spesso	spesso	B	O	_	_
dei	di/det	EP	O	_	_
punti	punto	SP	O	_	_
all’	a/det	ES	O	_	_
Alto	alto	SPN	GPE	46.65596895	11.22964387
Adige	adige	SPN	GPE	46.65596895	11.22964387
:	:	XPS	O	_	_
e	e	C	O	_	_
se	se	C	O	_	_
il	il	RS	O	_	_
d.r	d.r	YA	O	_	_
Battisti	battisti	SPN	O	_	_
ci	ci	PP	O	_	_
tiene	tenere	VI	O	_	_
al	a/det	ES	O	_	_
suo	suo	DS	O	_	_
garibaldismo	garibaldismo	SS	O	_	_
dovrebbe	dovere	VI	O	_	_
dare	dare	VF	O	_	_
un’	uno	RS	O	_	_
energica	energico	AS	O	_	_
lezione	lezione	SS	O	_	_
ai	a/det	EP	O	_	_
compagni	compagno	SP	O	_	_
di	di	E	O	_	_
là	là	B	O	_	_
fuori	fuori	B	O	_	_
,	comma	XPW	O	_	_
come	come	CADV	O	_	_
l’	il	RS	O	_	_
Alto	alto	SPN	GPE	46.65596895	11.22964387
Adige	adige	SPN	GPE	46.65596895	11.22964387
,	comma	XPW	O	_	_
così	così	B	O	_	_
geloso	geloso	AS	O	_	_
che	che	CCHE	O	_	_
i	il	RP	O	_	_
suoi	suo	DP	O	_	_
metodi	metodo	SP	O	_	_
non	non	B	O	_	_
siano	essere	VIY	O	_	_
criticati	criticare	VPP	O	_	_
o	o	C	O	_	_
posposti	posporre	VPP	O	_	_
ad	ad	E	O	_	_
altri	altro	PP	O	_	_
,	comma	XPW	O	_	_
dovrebbe	dovere	VI	O	_	_
levare	levare	VF	O	_	_
la	il	RS	O	_	_
voce	voce	SS	O	_	_
contro	contro	E	O	_	_
il	il	RS	O	_	_
deputato	deputato	SS	O	_	_
di	di	E	O	_	_
Trento	trento	SPN	GPE	46.0664228	11.1257601
,	comma	XPW	O	_	_
eletto	eleggere	VSP	O	_	_
coi	con/det	EP	O	_	_
voti	voto	SP	O	_	_
dei	di/det	EP	O	_	_
liberali	liberale	SP	O	_	_
.	.	XPS	O	_	_

Ma	ma	C	O	_	_
queste	questo	DP	O	_	_
son	son	SP	O	_	_
cose	cosa	SP	O	_	_
che	che	CCHE	O	_	_
se	se	C	O	_	_
le	le	PS	O	_	_
sbrigheranno	sbrigare	VI	O	_	_
tra	tra	E	O	_	_
loro	loro	PP	O	_	_
i	il	RP	O	_	_
rossi	rosso	SP	O	_	_
internazionali	internazionale	AP	O	_	_
,	comma	XPW	O	_	_
i	il	RP	O	_	_
rossi	rosso	SP	O	_	_
garibaldini	garibaldino	AP	O	_	_
e	e	C	O	_	_
i	il	RP	O	_	_
radicali	radicale	SP	O	_	_
di	di	E	O	_	_
Trento	trento	SPN	GPE	46.0664228	11.1257601
:	:	XPS	O	_	_
noi	noi	PP	O	_	_
intanto	intanto	B	O	_	_
constatiamo	constatare	VI	O	_	_
che	che	CCHE	O	_	_
tutto	tutto	DS	O	_	_
questo	questo	PS	O	_	_
arrabattarsi	arrabattare/rifl	VF+E	O	_	_
dei	di/det	EP	O	_	_
socialisti	socialista	SP	O	_	_
per	per	E	O	_	_
cavarsela	cavarsela	SS	O	_	_
e	e	C	O	_	_
per	per	E	O	_	_
gettare	gettare	VF	O	_	_
addosso	addossare	VI	O	_	_
ad	ad	E	O	_	_
altri	altro	PP	O	_	_
le	il	RP	O	_	_
responsabilità	responsabilità	SN	O	_	_
,	comma	XPW	O	_	_
oltre	oltre	B	O	_	_
che	che	CCHE	O	_	_
esser	esser	PP	O	_	_
un	uno	RS	O	_	_
segno	segno	SS	O	_	_
di	di	E	O	_	_
tristi	tristo	AP	O	_	_
condizioni	condizione	SP	O	_	_
interne	interno	AP	O	_	_
e	e	C	O	_	_
di	di	E	O	_	_
forte	forte	AS	O	_	_
impaccio	impaccio	SS	O	_	_
,	comma	XPW	O	_	_
è	essere	VI	O	_	_
fatica	fatica	SS	O	_	_
gettata	gettato	AS	O	_	_
,	comma	XPW	O	_	_
specialmente	specialmente	B	O	_	_
quando	quando	CADV	O	_	_
cercano	cercare	VI	O	_	_
di	di	E	O	_	_
sostituire	sostituire	VF	O	_	_
il	il	RS	O	_	_
Trentino	trentino	SPN	GPE	46.102869	11.12961993
al	a/det	ES	O	_	_
Popolo	popolo	SPN	O	_	_
che	che	CCHE	O	_	_
,	comma	XPW	O	_	_
in	in	E	O	_	_
occasione	occasione	SS	O	_	_
dei	di/det	EP	O	_	_
recenti	recente	AP	O	_	_
fatti	fatto	SP	O	_	_
,	comma	XPW	O	_	_
accusava	accusare	VI	O	_	_
i	il	RP	O	_	_
«	«	XPO	O	_	_
clericali	clericale	AP	O	_	_
»	»	XPO	O	_	_
di	di	E	O	_	_
essere	essere	VF	O	_	_
antinazionali	antinazionale	AP	O	_	_
e	e	C	O	_	_
i	il	RP	O	_	_
loro	loro	DP	O	_	_
deputati	deputato	SP	O	_	_
di	di	E	O	_	_
non	non	B	O	_	_
essere	essere	VFY	O	_	_
comparsi	comparsi	VF+E	O	_	_
a	a	E	O	_	_
Calliano	calliano	SPN	GPE	45.008551	8.257535
a	a	E	O	_	_
quietare	quietare	VF	O	_	_
.	.	XPS	O	_	_

.	.	XPS	O	_	_

.	.	XPS	O	_	_

gli	il	RP	O	_	_
altri	altro	PP	O	_	_
.	.	XPS	O	_	_

Egregi	egregi	SPN	O	_	_
compagni	compagno	SP	O	_	_
,	comma	XPW	O	_	_
mettetevi	mettetevi	VI	O	_	_
d’	di	E	O	_	_
accordo	accordo	SS	O	_	_
"!"	esclamation_mark	XPS	O	_	_

La	il	RS	O	_	_
politica	politica	SS	O	_	_
a	a	E	O	_	_
faccia	faccia	SS	O	_	_
doppia	doppio	AS	O	_	_
non	non	B	O	_	_
va	andare	VI	O	_	_
,	comma	XPW	O	_	_
e	e	C	O	_	_
a	a	E	O	_	_
Trento	trento	SPN	GPE	46.0664228	11.1257601
si	rifl	PN	O	_	_
leggono	leggere	VI	O	_	_
anche	anche	C	O	_	_
i	il	RP	O	_	_
fogli	foglio	SP	O	_	_
socialisti	socialista	AP	O	_	_
di	di	E	O	_	_
Innsbruck	innsbruck	SPN	GPE	47.2654296	11.3927685
e	e	C	O	_	_
di	di	E	O	_	_
Vienna	vienna	SPN	GPE	48.2083537	16.3725042
.	.	XPS	O	_	_

Ma	ma	C	O	_	_
i	il	RP	O	_	_
compagni	compagno	SP	O	_	_
tedeschi	tedesco	AP	O	_	_
leggono	leggere	VI	O	_	_
il	il	RS	O	_	_
Popolo	popolo	SS	O	_	_
di	di	E	O	_	_
Trento	trento	SPN	GPE	46.0664228	11.1257601
?	?	XPS	O	_	_
