# total number of persons:7, total number of gpes:3
Ieri	ieri	B	O	_	_
sera	sera	SS	O	_	_
nella	in/det	ES	O	_	_
breve	breve	AS	O	_	_
ora	ora	SS	O	_	_
di	di	E	O	_	_
ricreazione	ricreazione	SS	O	_	_
concessaci	concessaci	VI	O	_	_
tanto	tanto	B	O	_	_
spesso	spesso	B	O	_	_
dalla	da/det	ES	O	_	_
nostra	nostro	DS	O	_	_
vita	vita	SS	O	_	_
di	di	E	O	_	_
borghesi	borghese	SP	O	_	_
o	o	C	O	_	_
sfruttatori	sfruttatore	SP	O	_	_
abbiamo	avere	VIY	O	_	_
preso	prendere	VSP	O	_	_
in	in	E	O	_	_
mano	mano	SS	O	_	_
quel	quello	DS	O	_	_
giornaletto	giornaletto	SS	O	_	_
paradossale	paradossale	AS	O	_	_
che	che	CCHE	O	_	_
non	non	B	O	_	_
senza	senza	E	O	_	_
una	uno	RS	O	_	_
punta	punta	SS	O	_	_
d’	di	E	O	_	_
ironia	ironia	SS	O	_	_
si	rifl	PN	O	_	_
intitola	intitolare	VI	O	_	_
Avvenire	avvenire	SPN	O	_	_
del	di/det	ES	O	_	_
lavoratore	lavoratore	SS	O	_	_
.	.	XPS	O	_	_

Abbiamo	avere	VIY	O	_	_
letto	leggere	VSP	O	_	_
e	e	C	O	_	_
,	comma	XPW	O	_	_
come	come	CADV	O	_	_
il	il	RS	O	_	_
solito	solito	AS	O	_	_
,	comma	XPW	O	_	_
concluso	concludere	VSP	O	_	_
con	con	E	O	_	_
un	uno	RS	O	_	_
amen	amen	SS	O	_	_
e	e	C	O	_	_
così	così	B	O	_	_
sia	essere	VI	O	_	_
,	comma	XPW	O	_	_
senza	senza	C	O	_	_
che	che	CCHE	O	_	_
ci	ci	PP	O	_	_
passasse	passare	VI	O	_	_
pel	pel	AS	O	_	_
capo	capo	SS	O	_	_
nemmeno	nemmeno	B	O	_	_
l’	il	RS	O	_	_
ombra	ombra	SS	O	_	_
del	di/det	ES	O	_	_
pensiero	pensiero	SS	O	_	_
di	di	E	O	_	_
contraddire	contraddire	VF	O	_	_
,	comma	XPW	O	_	_
di	di	E	O	_	_
polemizzare	polemizzare	VF	O	_	_
,	comma	XPW	O	_	_
di	di	E	O	_	_
dubitare	dubitare	VF	O	_	_
.	.	XPS	O	_	_

Oramai	oramai	B	O	_	_
codesto	codesto	DS	O	_	_
sacrificio	sacrificio	SS	O	_	_
dell’	di/det	ES	O	_	_
intelletto	intelletto	SS	O	_	_
,	comma	XPW	O	_	_
codesta	codesto	DS	O	_	_
rassegnazione	rassegnazione	SS	O	_	_
alla	a/det	ES	O	_	_
sentenza	sentenza	SS	O	_	_
fermissima	fermo	AS	O	_	_
ed	ed	C	O	_	_
incancellabile	incancellabile	AS	O	_	_
ci	ci	B	O	_	_
è	essere	VIY	O	_	_
divenuta	divenire	VSP	O	_	_
una	uno	RS	O	_	_
seconda	secondo	AS	O	_	_
natura	natura	SS	O	_	_
.	.	XPS	O	_	_

I	il	RP	O	_	_
lettori	lettore	SP	O	_	_
non	non	B	O	_	_
ignorano	ignorare	VI	O	_	_
come	come	CADV	O	_	_
i	il	RP	O	_	_
giacobini	giacobino	SP	O	_	_
di	di	E	O	_	_
Via	via	SPN	O	_	_
S.	s.	YA	O	_	_
Pietro	pietro	SPN	O	_	_
siano	essere	VIY	O	_	_
riusciti	riuscire	VPP	O	_	_
a	a	E	O	_	_
ridurci	ridurci	VF+E	O	_	_
a	a	E	O	_	_
tale	tale	DS	O	_	_
stato	stato	SS	O	_	_
di	di	E	O	_	_
perfetta	perfetta	SS	O	_	_
e	e	C	O	_	_
supina	supino	AS	O	_	_
sommissione	sommissione	SS	O	_	_
:	:	XPS	O	_	_
prima	prima	C	O	_	_
hanno	avere	VIY	O	_	_
proclamato	proclamare	VSP	O	_	_
l’	il	RS	O	_	_
aforisma	aforisma	SS	O	_	_
della	di/det	ES	O	_	_
nostra	nostro	DS	O	_	_
ignoranza	ignoranza	SS	O	_	_
,	comma	XPW	O	_	_
tanto	tanto	B	O	_	_
larga	largo	AS	O	_	_
e	e	C	O	_	_
profonda	profondo	AS	O	_	_
che	che	CCHE	O	_	_
va	andare	VI	O	_	_
dai	da/det	EP	O	_	_
limiti	limite	SP	O	_	_
primi	primo	AP	O	_	_
del	di/det	ES	O	_	_
senso	senso	SS	O	_	_
comune	comune	SS	O	_	_
fino	fino	E	O	_	_
ai	a/det	EP	O	_	_
rudimenti	rudimento	SP	O	_	_
della	di/det	ES	O	_	_
grammatica	grammatica	SS	O	_	_
e	e	C	O	_	_
del	di/det	ES	O	_	_
bello	bello	SS	O	_	_
stile	stile	AS	O	_	_
;	semicolon	XPS	O	_	_

poi	poi	B	O	_	_
,	comma	XPW	O	_	_
ad	ad	E	O	_	_
una	uno	RS	O	_	_
nostra	nostro	DS	O	_	_
replica	replica	SS	O	_	_
,	comma	XPW	O	_	_
hanno	avere	VIY	O	_	_
dimostrato	dimostrare	VSP	O	_	_
in	in	E	O	_	_
maniera	maniera	SS	O	_	_
intuitiva	intuitivo	AS	O	_	_
la	il	RS	O	_	_
nostra	nostro	DS	O	_	_
balordaggine	balordaggine	SS	O	_	_
e	e	C	O	_	_
cretineria	cretineria	SS	O	_	_
;	semicolon	XPS	O	_	_

infine	infine	B	O	_	_
,	comma	XPW	O	_	_
perché	perché	C	O	_	_
arrischiamo	arrischiare	VI	O	_	_
alcune	alcuni	DP	O	_	_
parole	parola	SP	O	_	_
di	di	E	O	_	_
dubbio	dubbio	SS	O	_	_
intorno	intorno	E	O	_	_
alla	a/det	ES	O	_	_
giustezza	giustezza	SS	O	_	_
delle	di/det	EP	O	_	_
sullodate	sullodato	AP	O	_	_
sentenze	sentenza	SP	O	_	_
,	comma	XPW	O	_	_
ci	ci	PP	O	_	_
hanno	avere	VIY	O	_	_
minacciato	minacciare	VSP	O	_	_
prima	prima	B	O	_	_
in	in	E	O	_	_
forma	forma	SS	O	_	_
privata	privato	AS	O	_	_
poi	poi	B	O	_	_
in	in	E	O	_	_
forma	forma	SS	O	_	_
solenne	solenne	AS	O	_	_
e	e	C	O	_	_
collettiva	collettivo	AS	O	_	_
di	di	E	O	_	_
finirla	finire/pro	VF+E	O	_	_
a	a	E	O	_	_
bastonate	bastonata	SP	O	_	_
.	.	XPS	O	_	_

Quest’	questo	DS	O	_	_
ultimo	ultimo	AS	O	_	_
argomento	argomento	SS	O	_	_
fu	essere	VI	O	_	_
decisivo	decisivo	AS	O	_	_
.	.	XPS	O	_	_

D’	di	E	O	_	_
allora	allora	C	O	_	_
in	in	E	O	_	_
poi	poi	B	O	_	_
la	il	RS	O	_	_
lettura	lettura	SS	O	_	_
dell’	di/det	ES	O	_	_
amabile	amabile	AS	O	_	_
foglietto	foglietto	SS	O	_	_
ci	ci	B	O	_	_
serve	servire	VI	O	_	_
come	come	CADV	O	_	_
reagente	reagente	B	O	_	_
negli	in/det	EP	O	_	_
scarsi	scarso	AP	O	_	_
momenti	momento	SP	O	_	_
di	di	E	O	_	_
ipertrofia	ipertrofia	SS	O	_	_
nervosa	nervoso	AS	O	_	_
e	e	C	O	_	_
di	di	E	O	_	_
assoluta	assoluto	AS	O	_	_
atonia	atonia	SS	O	_	_
dei	di/det	EP	O	_	_
nostri	nostro	DP	O	_	_
organi	organo	SP	O	_	_
volitivi	volitivo	AP	O	_	_
.	.	XPS	O	_	_

Così	così	B	O	_	_
nemmeno	nemmeno	B	O	_	_
ieri	ieri	B	O	_	_
sera	sera	SS	O	_	_
la	il	RS	O	_	_
nostra	nostro	DS	O	_	_
psiche	psiche	SP	O	_	_
si	rifl	PN	O	_	_
è	essere	VIY	O	_	_
arrischiata	arrischiare	VSP	O	_	_
di	di	E	O	_	_
rompere	rompere	VF	O	_	_
la	il	RS	O	_	_
consegna	consegna	SS	O	_	_
di	di	E	O	_	_
russare	russare	VF	O	_	_
,	comma	XPW	O	_	_
quando	quando	CADV	O	_	_
abbiamo	avere	VIY	O	_	_
letto	leggere	VSP	O	_	_
nell’	in/det	ES	O	_	_
Avvenire	avvenire	SPN	O	_	_
i	il	RP	O	_	_
seguenti	seguente	SP	O	_	_
assiomi	assiomi	AP	O	_	_
:	:	XPS	O	_	_
«	«	XPO	O	_	_
Il	il	RS	O	_	_
Vaticano	vaticano	SPN	GPE	41.9034912	12.4528349
odierno	odierno	AS	O	_	_
è	essere	VI	O	_	_
identico	identico	AS	O	_	_
al	a/det	ES	O	_	_
vaticano	vaticano	SS	O	_	_
del	di/det	ES	O	_	_
secolo	secolo	SS	O	_	_
XVI	xvi	N	O	_	_
.	.	XPS	O	_	_

È	essere	VI	O	_	_
il	il	RS	O	_	_
covo	covo	SS	O	_	_
dell’	di/det	ES	O	_	_
intolleranza	intolleranza	SS	O	_	_
e	e	C	O	_	_
di	di	E	O	_	_
una	uno	RS	O	_	_
banda	banda	SS	O	_	_
di	di	E	O	_	_
rapinatori	rapinatore	SP	O	_	_
.	.	XPS	O	_	_

Come	come	CADV	O	_	_
ai	a/det	EP	O	_	_
tempi	tempo	SP	O	_	_
di	di	E	O	_	_
Lutero	lutero	SPN	O	_	_
,	comma	XPW	O	_	_
anche	anche	C	O	_	_
oggi	oggi	B	O	_	_
il	il	RS	O	_	_
papa	papa	SS	O	_	_
scomunica	scomunica	AS	O	_	_
i	il	RP	O	_	_
preti	prete	SP	O	_	_
che	che	CCHE	O	_	_
rifiutano	rifiutare	VI	O	_	_
di	di	E	O	_	_
credere	credere	VF	O	_	_
agli	a/det	EP	O	_	_
assurdi	assurdo	SP	O	_	_
mostruosi	mostruoso	AP	O	_	_
della	di/det	ES	O	_	_
teologia	teologia	SS	O	_	_
cattolica	cattolico	AS	O	_	_
,	comma	XPW	O	_	_
anzi	anzi	C	O	_	_
clericale	clericale	AS	O	_	_
;	semicolon	XPS	O	_	_

come	come	CADV	O	_	_
ai	a/det	EP	O	_	_
tempi	tempo	SP	O	_	_
del	di/det	ES	O	_	_
buon	buon	AS	O	_	_
Lamennais	lamennais	SPN	O	_	_
che	che	CCHE	O	_	_
si	rifl	PN	O	_	_
vide	vedere	VI	O	_	_
proscritto	proscritto	SS	O	_	_
dalla	da/det	ES	O	_	_
Chiesa	chiesa	SS	O	_	_
anche	anche	C	O	_	_
oggi	oggi	B	O	_	_
per	per	E	O	_	_
le	il	RP	O	_	_
sue	suo	DP	O	_	_
coraggiose	coraggioso	AP	O	_	_
Paroles	paroles	SPN	O	_	_
d’	di	E	O	_	_
un	uno	RS	O	_	_
croyant	croyant	SS	O	_	_
,	comma	XPW	O	_	_
anche	anche	C	O	_	_
oggi	oggi	B	O	_	_
la	il	RS	O	_	_
sacra	sacro	AS	O	_	_
congregazione	congregazione	SS	O	_	_
dell’	di/det	ES	O	_	_
indice	indice	SS	O	_	_
condanna	condanna	SS	O	_	_
i	il	RP	O	_	_
libri	libro	SP	O	_	_
dei	di/det	EP	O	_	_
modernisti	modernista	SP	O	_	_
e	e	C	O	_	_
ne	ne	PN	O	_	_
proibisce	proibire	VI	O	_	_
la	il	RS	O	_	_
lettura	lettura	SS	O	_	_
ai	a/det	EP	O	_	_
fedeli	fedele	SP	O	_	_
,	comma	XPW	O	_	_
colla	con/det	ES	O	_	_
minaccia	minaccia	AS	O	_	_
–	–	XPO	O	_	_
ormai	ormai	B	O	_	_
ridicola	ridicolo	AS	O	_	_
–	–	XPO	O	_	_
degli	di/det	EP	O	_	_
eterni	eterno	SP	O	_	_
e	e	C	O	_	_
roventi	rovente	AP	O	_	_
castighi	castigo	SP	O	_	_
infernali	infernale	AP	O	_	_
»	»	XPO	O	_	_
.	.	XPS	O	_	_

E	e	C	O	_	_
più	più	B	O	_	_
sotto	sotto	B	O	_	_
:	:	XPS	O	_	_
«	«	XPO	O	_	_
Certi	certi	SP	O	_	_
giganteschi	gigantesco	AP	O	_	_
sauriani	sauriani	SP	O	_	_
dell’	di/det	ES	O	_	_
età	età	SN	O	_	_
preistorica	preistorico	AS	O	_	_
,	comma	XPW	O	_	_
sono	essere	VI	O	_	_
giunti	giunto	AP	O	_	_
a	a	E	O	_	_
noi	noi	PP	O	_	_
perché	perché	C	O	_	_
furono	essere	VIY	O	_	_
custoditi	custodire	VPP	O	_	_
e	e	C	O	_	_
preservati	preservare	VPP	O	_	_
da	da	E	O	_	_
un	uno	RS	O	_	_
impenetrabile	impenetrabile	AS	O	_	_
strato	strato	SS	O	_	_
di	di	E	O	_	_
ghiaccio	ghiaccio	SS	O	_	_
.	.	XPS	O	_	_

Ma	ma	C	O	_	_
non	non	B	O	_	_
appena	appena	B	O	_	_
sono	essere	VIY	O	_	_
posti	porre	VPP	O	_	_
a	a	E	O	_	_
contatto	contatto	SS	O	_	_
dell’	di/det	ES	O	_	_
aria	aria	SS	O	_	_
,	comma	XPW	O	_	_
l’	il	RS	O	_	_
involucro	involucro	SS	O	_	_
esterno	esterno	AS	O	_	_
scompare	scomparire	VI	O	_	_
,	comma	XPW	O	_	_
la	il	RS	O	_	_
maschera	maschera	SS	O	_	_
cade	cadere	VI	O	_	_
:	:	XPS	O	_	_
le	il	RP	O	_	_
mostruose	mostruoso	AP	O	_	_
carcasse	carcassa	SP	O	_	_
si	rifl	PN	O	_	_
piegano	piegare	VI	O	_	_
e	e	C	O	_	_
si	rifl	PN	O	_	_
spezzano	spezzare	VI	O	_	_
;	semicolon	XPS	O	_	_

lo	il	RS	O	_	_
scheletro	scheletro	SS	O	_	_
si	rifl	PN	O	_	_
riduce	ridurre	VI	O	_	_
a	a	E	O	_	_
un	uno	RS	O	_	_
mucchio	mucchio	SS	O	_	_
di	di	E	O	_	_
ossa	ossa	SS	O	_	_
,	comma	XPW	O	_	_
che	che	CCHE	O	_	_
gli	il	RP	O	_	_
scienziati	scienziato	SP	O	_	_
riportano	riportare	VI	O	_	_
poi	poi	B	O	_	_
nelle	in/det	EP	O	_	_
posizioni	posizione	SP	O	_	_
primitive	primitivo	AP	O	_	_
,	comma	XPW	O	_	_
ricostruendo	ricostruire	VG	O	_	_
l’	il	RS	O	_	_
animale	animale	SS	O	_	_
.	.	XPS	O	_	_

Così	così	B	O	_	_
è	essere	VI	O	_	_
della	di/det	ES	O	_	_
chiesa	chiesa	SS	O	_	_
di	di	E	O	_	_
Roma	roma	SPN	GPE	41.8933439	12.4830718
.	.	XPS	O	_	_

È	essere	VI	O	_	_
un	uno	RS	O	_	_
grande	grande	AS	O	_	_
cadavere	cadavere	SS	O	_	_
»	»	XPO	O	_	_
.	.	XPS	O	_	_

Amen	amen	SPN	PER	_	_
,	comma	XPW	O	_	_
aggiungemmo	aggiungere	VI	O	_	_
noi	noi	PP	O	_	_
,	comma	XPW	O	_	_
pensando	pensare	VG	O	_	_
con	con	E	O	_	_
orrore	orrore	SS	O	_	_
alle	a/det	EP	O	_	_
botte	botta	SP	O	_	_
conclusionali	conclusionale	AP	O	_	_
.	.	XPS	O	_	_

Ma	ma	C	O	_	_
stamattina	stamattina	B	O	_	_
,	comma	XPW	O	_	_
–	–	XPO	O	_	_
vedete	vedere	VI	O	_	_
un	uno	RS	O	_	_
po’	poco	B	O	_	_
quel	quel	PS	O	_	_
che	che	CCHE	O	_	_
può	potere	VI	O	_	_
accadere	accadere	VF	O	_	_
–	–	XPO	O	_	_
abbiamo	avere	VI	O	_	_
rimesso	rimettere	VSP	O	_	_
un	uno	RS	O	_	_
tantino	tantino	SS	O	_	_
di	di	E	O	_	_
coraggio	coraggio	SS	O	_	_
in	in	E	O	_	_
corpo	corpo	SS	O	_	_
ed	ed	C	O	_	_
in	in	E	O	_	_
un	uno	RS	O	_	_
momento	momento	SS	O	_	_
d’	di	E	O	_	_
energia	energia	SS	O	_	_
abbiamo	avere	VIY	O	_	_
deciso	decidere	VSP	O	_	_
di	di	E	O	_	_
.	.	XPS	O	_	_

.	.	XPS	O	_	_

.	.	XPS	O	_	_

osare	osare	VF	O	_	_
la	il	RS	O	_	_
contraddizione	contraddizione	SS	O	_	_
.	.	XPS	O	_	_

Infatti	infatti	C	O	_	_
«	«	XPO	O	_	_
ambasciator	ambasciator	SS	O	_	_
non	non	B	O	_	_
porta	portare	VI	O	_	_
pena	pena	SS	O	_	_
»	»	XPO	O	_	_
ed	ed	C	O	_	_
è	essere	VI	O	_	_
da	da	E	O	_	_
ammettersi	ammettere/rifl	VF+E	O	_	_
che	che	CCHE	O	_	_
ciò	ciò`	PS	O	_	_
valga	valere	VI	O	_	_
più	più	B	O	_	_
che	che	CCHE	O	_	_
mai	mai	B	O	_	_
di	di	E	O	_	_
fronte	fronte	SS	O	_	_
al	a/det	ES	O	_	_
signor	signore	SS	O	_	_
Mussolini	mussolini	SPN	PER	_	_
che	che	CCHE	O	_	_
un	uno	RS	O	_	_
bel	bello	AS	O	_	_
giorno	giorno	SS	O	_	_
ci	ci	PP	O	_	_
ha	avere	VIY	O	_	_
tenuto	tenere	VSP	O	_	_
una	uno	RS	O	_	_
lezione	lezione	SS	O	_	_
sul	su/det	ES	O	_	_
codice	codice	SS	O	_	_
cavalleresco	cavalleresco	AS	O	_	_
.	.	XPS	O	_	_

Dunque	dunque	C	O	_	_
al	a/det	ES	O	_	_
maestro	maestro	SS	O	_	_
e	e	C	O	_	_
dono	dono	SS	O	_	_
dell’	di/det	ES	O	_	_
Avvenire	avvenire	SPN	O	_	_
mandiamo	mandare	VI	O	_	_
l’	il	RS	O	_	_
ambasciata	ambasciata	SS	O	_	_
che	che	CCHE	O	_	_
a	a	E	O	_	_
contraddire	contraddire	VF	O	_	_
alle	a/det	EP	O	_	_
sue	suo	DP	O	_	_
sentenze	sentenza	SP	O	_	_
s’	s’	PN	O	_	_
è	essere	VIY	O	_	_
incaricato	incaricare	VSP	O	_	_
uno	uno	PS	O	_	_
dei	di/det	EP	O	_	_
più	più	B	O	_	_
autorevoli	autorevole	AP	O	_	_
socialisti	socialista	SP	O	_	_
austriaci	austriaci	AP	O	_	_
,	comma	XPW	O	_	_
il	il	RS	O	_	_
d.r	d.r	YA	O	_	_
Renner	renner	SPN	O	_	_
,	comma	XPW	O	_	_
nella	in/det	ES	O	_	_
rivista	rivista	SS	O	_	_
socialista	socialista	AS	O	_	_
Der	der	SPN	O	_	_
Kampf	kampf	SPN	O	_	_
,	comma	XPW	O	_	_
giuntaci	giuntaci	VI	O	_	_
stamattina	stamattina	B	O	_	_
.	.	XPS	O	_	_

Vi	vi	B	O	_	_
leggiamo	leggere	VI	O	_	_
infatti	infatti	C	O	_	_
un	uno	RS	O	_	_
articolo	articolo	SS	O	_	_
che	che	CCHE	O	_	_
condanna	condannare	VI	O	_	_
expressis	expressis	SS	O	_	_
verbis	verbis	AS	O	_	_
la	il	RS	O	_	_
tattica	tattica	SS	O	_	_
dei	di/det	EP	O	_	_
socialisti	socialista	SP	O	_	_
i	il	RP	O	_	_
quali	quale	PP	O	_	_
concentrano	concentrare	VI	O	_	_
le	il	RP	O	_	_
loro	loro	DP	O	_	_
forze	forza	SP	O	_	_
nella	in/det	ES	O	_	_
campagna	campagna	SS	O	_	_
contro	contro	E	O	_	_
la	il	RS	O	_	_
Chiesa	chiesa	SS	O	_	_
e	e	C	O	_	_
contro	contro	E	O	_	_
le	il	RP	O	_	_
sue	suo	DP	O	_	_
dottrine	dottrina	SP	O	_	_
.	.	XPS	O	_	_

In	in	E	O	_	_
tale	tale	AS	O	_	_
«	«	XPO	O	_	_
Kulturkampf	kulturkampf	SPN	O	_	_
»	»	XPO	O	_	_
,	comma	XPW	O	_	_
dice	dire	VI	O	_	_
il	il	RS	O	_	_
d.r	d.r	YA	O	_	_
Renner	renner	SPN	O	_	_
,	comma	XPW	O	_	_
il	il	RS	O	_	_
socialismo	socialismo	SS	O	_	_
non	non	B	O	_	_
è	essere	VI	O	_	_
che	che	CCHE	O	_	_
un	uno	RS	O	_	_
pedissequo	pedissequo	SS	O	_	_
della	di/det	ES	O	_	_
borghesia	borghesia	SS	O	_	_
liberale	liberale	AS	O	_	_
volgarizzando	volgarizzare	VG	O	_	_
per	per	E	O	_	_
le	il	RP	O	_	_
masse	massa	SP	O	_	_
i	il	RP	O	_	_
principi	principio	SP	O	_	_
fucinati	fucinare	VPP	O	_	_
dai	da/det	EP	O	_	_
liberali	liberale	SP	O	_	_
da	da	E	O	_	_
un	uno	RS	O	_	_
secolo	secolo	SS	O	_	_
e	e	C	O	_	_
mezzo	mezzo	SS	O	_	_
.	.	XPS	O	_	_

Lo	il	RS	O	_	_
scrittore	scrittore	SS	O	_	_
ed	ed	C	O	_	_
il	il	RS	O	_	_
deputato	deputato	SS	O	_	_
socialista	socialista	AS	O	_	_
nega	negare	VI	O	_	_
che	che	CCHE	O	_	_
il	il	RS	O	_	_
concetto	concetto	SS	O	_	_
anticlericale	anticlericale	AS	O	_	_
della	di/det	ES	O	_	_
Chiesa	chiesa	SS	O	_	_
,	comma	XPW	O	_	_
copiato	copiare	VSP	O	_	_
dai	da/det	EP	O	_	_
socialisti	socialista	SP	O	_	_
,	comma	XPW	O	_	_
sia	sia	C	O	_	_
vero	vero	AS	O	_	_
.	.	XPS	O	_	_

È	essere	VI	O	_	_
falso	falso	AS	O	_	_
che	che	CCHE	O	_	_
la	il	RS	O	_	_
Chiesa	chiesa	SS	O	_	_
sia	sia	C	O	_	_
un	uno	RS	O	_	_
cadavere	cadavere	SS	O	_	_
,	comma	XPW	O	_	_
che	che	CCHE	O	_	_
sia	essere	VI	O	_	_
«	«	XPO	O	_	_
uno	uno	RS	O	_	_
spettro	spettro	SS	O	_	_
del	di/det	ES	O	_	_
XIII	xiii	N	O	_	_
secolo	secolo	SS	O	_	_
che	che	CCHE	O	_	_
bisogna	bisognare	VI	O	_	_
finalmente	finalmente	B	O	_	_
portare	portare	VF	O	_	_
alla	a/det	ES	O	_	_
sepoltura	sepoltura	SS	O	_	_
»	»	XPO	O	_	_
.	.	XPS	O	_	_

La	il	RS	O	_	_
Chiesa	chiesa	SPN	O	_	_
ha	avere	VIY	O	_	_
superato	superare	VSP	O	_	_
ben	ben	B	O	_	_
altre	altro	DP	O	_	_
crisi	crisi	SN	O	_	_
che	che	CCHE	O	_	_
le	il	RP	O	_	_
presenti	presente	AP	O	_	_
,	comma	XPW	O	_	_
ha	avere	VIY	O	_	_
superato	superare	VSP	O	_	_
tempi	tempo	SP	O	_	_
in	in	E	O	_	_
cui	cui	PN	O	_	_
tutti	tutto	DP	O	_	_
gli	il	RP	O	_	_
intellettuali	intellettuale	SP	O	_	_
le	le	PS	O	_	_
erano	essere	VIY	O	_	_
avversi	avversi	VPP	O	_	_
.	.	XPS	O	_	_

Lo	il	RS	O	_	_
scrittore	scrittore	SS	O	_	_
socialista	socialista	AS	O	_	_
ammonisce	ammonire	VI	O	_	_
i	il	RP	O	_	_
suoi	suo	DP	O	_	_
compagni	compagno	SP	O	_	_
di	di	E	O	_	_
non	non	B	O	_	_
seguire	seguire	VF	O	_	_
la	il	RS	O	_	_
falsa	falso	AS	O	_	_
via	via	SS	O	_	_
del	di/det	ES	O	_	_
«	«	XPO	O	_	_
Kulturkampf	kulturkampf	SPN	O	_	_
»	»	XPO	O	_	_
.	.	XPS	O	_	_

Il	il	RS	O	_	_
socialismo	socialismo	SS	O	_	_
,	comma	XPW	O	_	_
secondo	secondo	E	O	_	_
il	il	RS	O	_	_
Renner	renner	SPN	PER	_	_
,	comma	XPW	O	_	_
deve	dovere	VI	O	_	_
semplicemente	semplicemente	B	O	_	_
dedicarsi	dedicare/rifl	VF+E	O	_	_
alla	a/det	ES	O	_	_
lotta	lotta	SS	O	_	_
di	di	E	O	_	_
classe	classe	SS	O	_	_
.	.	XPS	O	_	_

Bisogna	bisognare	VI	O	_	_
creare	creare	VF	O	_	_
la	il	RS	O	_	_
libertà	libertà	SN	O	_	_
economica	economico	AS	O	_	_
.	.	XPS	O	_	_

Si	rifl	PN	O	_	_
vedrà	vedere	VI	O	_	_
poi	poi	B	O	_	_
quali	quale	PP	O	_	_
piante	pianta	SP	O	_	_
fioriranno	fiorire	VI	O	_	_
su	su	E	O	_	_
questo	questo	DS	O	_	_
nuovo	nuovo	AS	O	_	_
terreno	terreno	SS	O	_	_
,	comma	XPW	O	_	_
quale	quale	PS	O	_	_
nuova	nuovo	AS	O	_	_
coscienza	coscienza	SS	O	_	_
religiosa	religioso	AS	O	_	_
si	rifl	PN	O	_	_
formerà	formare	VI	O	_	_
.	.	XPS	O	_	_

Ma	ma	C	O	_	_
oggidì	oggidì	B	O	_	_
non	non	B	O	_	_
si	rifl	PN	O	_	_
deve	dovere	VI	O	_	_
spingere	spingere	VF	O	_	_
l’	il	RS	O	_	_
operaio	operaio	SS	O	_	_
ad	ad	E	O	_	_
una	uno	RS	O	_	_
lotta	lotta	SS	O	_	_
con	con	E	O	_	_
la	il	RS	O	_	_
sua	suo	DS	O	_	_
fede	fede	SS	O	_	_
.	.	XPS	O	_	_

Dall’	da/det	ES	O	_	_
articolo	articolo	SS	O	_	_
si	rifl	PN	O	_	_
deduce	dedurre	VI	O	_	_
che	che	CCHE	O	_	_
il	il	RS	O	_	_
Renner	renner	SPN	PER	_	_
per	per	E	O	_	_
suo	suo	DS	O	_	_
conto	conto	SS	O	_	_
ritiene	ritenere	VI	O	_	_
che	che	CCHE	O	_	_
l’	il	RS	O	_	_
evoluzione	evoluzione	SS	O	_	_
economica	economico	AS	O	_	_
,	comma	XPW	O	_	_
prodotta	produrre	VSP	O	_	_
dalla	da/det	ES	O	_	_
lotta	lotta	SS	O	_	_
di	di	E	O	_	_
classe	classe	SS	O	_	_
,	comma	XPW	O	_	_
scuoterà	scuotere	VI	O	_	_
anche	anche	C	O	_	_
le	il	RP	O	_	_
basi	base	SP	O	_	_
della	di/det	ES	O	_	_
Chiesa	chiesa	SS	O	_	_
cattolica	cattolico	AS	O	_	_
.	.	XPS	O	_	_

Ma	ma	C	O	_	_
quale	quale	DS	O	_	_
differenza	differenza	SS	O	_	_
fra	fra	E	O	_	_
il	il	RS	O	_	_
suo	suo	DS	O	_	_
modo	modo	SS	O	_	_
di	di	E	O	_	_
giudicare	giudicare	VF	O	_	_
e	e	C	O	_	_
quello	quello	PS	O	_	_
dei	di/det	EP	O	_	_
nostri	nostro	DP	O	_	_
giacobinucci	giacobinucci	SP	O	_	_
.	.	XPS	O	_	_

Quale	quale	DS	O	_	_
indipendenza	indipendenza	SS	O	_	_
marxistica	marxistico	AS	O	_	_
di	di	E	O	_	_
fronte	fronte	SS	O	_	_
alla	a/det	ES	O	_	_
schiavitù	schiavitù	SS	O	_	_
volteriana	volteriano	AS	O	_	_
degli	di/det	EP	O	_	_
anarcoidi	anarcoide	SP	O	_	_
dell’	di/det	ES	O	_	_
Avvenire	avvenire	SPN	O	_	_
"!"	esclamation_mark	XPS	O	_	_

Il	il	RS	O	_	_
Renner	renner	SPN	PER	_	_
osserva	osservare	VI	O	_	_
che	che	CCHE	O	_	_
la	il	RS	O	_	_
Chiesa	chiesa	SS	O	_	_
,	comma	XPW	O	_	_
questo	questo	DS	O	_	_
cadavere	cadavere	SS	O	_	_
,	comma	XPW	O	_	_
ha	avere	VIY	O	_	_
sempre	sempre	B	O	_	_
saputo	sapere	VSP	O	_	_
adattarsi	adattare/rifl	VF+E	O	_	_
ai	a/det	EP	O	_	_
tempi	tempo	SP	O	_	_
e	e	C	O	_	_
che	che	CCHE	O	_	_
oggi	oggi	B	O	_	_
è	essere	VI	O	_	_
più	più	B	O	_	_
viva	vivo	AS	O	_	_
che	che	CCHE	O	_	_
mai	mai	B	O	_	_
e	e	C	O	_	_
che	che	CCHE	O	_	_
molte	molto	DP	O	_	_
età	età	SN	O	_	_
che	che	CCHE	O	_	_
i	il	RP	O	_	_
suoi	suo	DP	O	_	_
avversari	avversario	SP	O	_	_
chiamarono	chiamare	VI	O	_	_
tenebrose	tenebroso	AP	O	_	_
e	e	C	O	_	_
di	di	E	O	_	_
morte	morte	SS	O	_	_
furono	essere	VI	O	_	_
per	per	E	O	_	_
il	il	RS	O	_	_
vigore	vigore	SS	O	_	_
suo	suo	DS	O	_	_
salutari	salutare	AP	O	_	_
al	a/det	ES	O	_	_
popolo	popolo	SS	O	_	_
.	.	XPS	O	_	_

Il	il	RS	O	_	_
secolo	secolo	SS	O	_	_
XIII	xiii	N	O	_	_
che	che	CCHE	O	_	_
i	il	RP	O	_	_
giacobini	giacobino	SP	O	_	_
chiamano	chiamare	VI	O	_	_
tenebroso	tenebroso	AS	O	_	_
è	essere	VIY	O	_	_
illuminato	illuminare	VSP	O	_	_
dal	da/det	ES	O	_	_
sole	sole	SS	O	_	_
di	di	E	O	_	_
Assisi	assisi	SPN	GPE	43.0711952	12.6146669
;	semicolon	XPS	O	_	_

quando	quando	CADV	O	_	_
sorse	sorgere	VI	O	_	_
l’	il	RS	O	_	_
autorità	autorità	SN	O	_	_
dei	di/det	EP	O	_	_
feudali	feudali	SP	O	_	_
e	e	C	O	_	_
di	di	E	O	_	_
stato	stato	SS	O	_	_
la	il	RS	O	_	_
Chiesa	chiesa	SS	O	_	_
era	essere	VI	O	_	_
l’	il	RS	O	_	_
organizzazione	organizzazione	SS	O	_	_
democratica	democratico	AS	O	_	_
del	di/det	ES	O	_	_
popolo	popolo	SS	O	_	_
e	e	C	O	_	_
quando	quando	CADV	O	_	_
i	il	RP	O	_	_
principi	principio	SP	O	_	_
volevano	volere	VI	O	_	_
abolire	abolire	VF	O	_	_
gli	il	RP	O	_	_
stati	stato	SP	O	_	_
generali	generale	AP	O	_	_
furono	essere	VIY	O	_	_
gesuiti	gesuiti	VPP	O	_	_
che	che	CCHE	O	_	_
difesero	difendere	VI	O	_	_
la	il	RS	O	_	_
sovranità	sovranità	SN	O	_	_
popolare	popolare	AS	O	_	_
.	.	XPS	O	_	_

Non	non	B	O	_	_
è	essere	VI	O	_	_
vero	vero	AS	O	_	_
,	comma	XPW	O	_	_
dice	dire	VI	O	_	_
il	il	RS	O	_	_
Renner	renner	SPN	PER	_	_
,	comma	XPW	O	_	_
che	che	CCHE	O	_	_
la	il	RS	O	_	_
Chiesa	chiesa	SS	O	_	_
istituì	istituì	AS	O	_	_
feste	festa	SP	O	_	_
sopra	sopra	E	O	_	_
feste	festa	SP	O	_	_
al	a/det	ES	O	_	_
tempo	tempo	SS	O	_	_
dell’	di/det	ES	O	_	_
opposizione	opposizione	SS	O	_	_
democratica	democratico	AS	O	_	_
contro	contro	E	O	_	_
i	il	RP	O	_	_
principi	principio	SP	O	_	_
tanto	tanto	B	O	_	_
per	per	E	O	_	_
ridurre	ridurre	VF	O	_	_
la	il	RS	O	_	_
possibilità	possibilità	SN	O	_	_
di	di	E	O	_	_
guadagno	guadagno	SS	O	_	_
ai	a/det	EP	O	_	_
poveri	povero	SP	O	_	_
,	comma	XPW	O	_	_
fu	essere	VI	O	_	_
invece	invece	B	O	_	_
per	per	E	O	_	_
sgravare	sgravare	VF	O	_	_
dai	da/det	EP	O	_	_
troppi	troppo	DP	O	_	_
pesi	peso	SP	O	_	_
i	il	RP	O	_	_
dipendenti	dipendente	SP	O	_	_
.	.	XPS	O	_	_

Oggi	oggi	B	O	_	_
,	comma	XPW	O	_	_
continua	continuare	VI	O	_	_
il	il	RS	O	_	_
Renner	renner	SPN	PER	_	_
,	comma	XPW	O	_	_
la	il	RS	O	_	_
Chiesa	chiesa	SS	O	_	_
eleva	elevare	VI	O	_	_
a	a	E	O	_	_
papa	papa	SS	O	_	_
il	il	RS	O	_	_
figlio	figlio	SS	O	_	_
di	di	E	O	_	_
un	uno	RS	O	_	_
servo	servo	SS	O	_	_
comunale	comunale	AS	O	_	_
"!"	esclamation_mark	XPS	O	_	_

Così	così	B	O	_	_
lo	il	RS	O	_	_
scrittore	scrittore	SS	O	_	_
socialista	socialista	AS	O	_	_
,	comma	XPW	O	_	_
volendo	volere	VG	O	_	_
dimostrare	dimostrare	VF	O	_	_
che	che	CCHE	O	_	_
la	il	RS	O	_	_
forza	forza	SS	O	_	_
della	di/det	ES	O	_	_
Chiesa	chiesa	SS	O	_	_
consiste	consistere	VI	O	_	_
nella	in/det	ES	O	_	_
sua	suo	DS	O	_	_
adattabilità	adattabilità	SN	O	_	_
di	di	E	O	_	_
fronte	fronte	SS	O	_	_
alle	a/det	EP	O	_	_
classi	classe	SP	O	_	_
sociali	sociale	AP	O	_	_
,	comma	XPW	O	_	_
mentre	mentre	C	O	_	_
il	il	RS	O	_	_
presupposto	presupposto	SS	O	_	_
gli	gli	PS	O	_	_
ottenebra	ottenebrare	VI	O	_	_
il	il	RS	O	_	_
ragionamento	ragionamento	SS	O	_	_
,	comma	XPW	O	_	_
giunge	giungere	VI	O	_	_
però	però	C	O	_	_
a	a	E	O	_	_
tanta	tanto	DS	O	_	_
oggettività	oggettività	SN	O	_	_
dall’	da/det	ES	O	_	_
ammettere	ammettere	VF	O	_	_
certi	certo	DP	O	_	_
grandi	grande	AP	O	_	_
fatti	fatto	SP	O	_	_
storici	storico	AP	O	_	_
che	che	CCHE	O	_	_
i	il	RP	O	_	_
suoi	suo	DP	O	_	_
compagni	compagno	SP	O	_	_
rinnegano	rinnegare	VI	O	_	_
ed	ed	C	O	_	_
a	a	E	O	_	_
stabilire	stabilire	VF	O	_	_
della	di/det	ES	O	_	_
Chiesa	chiesa	SS	O	_	_
perlomeno	perlomeno	B	O	_	_
un	uno	RS	O	_	_
concetto	concetto	SS	O	_	_
molto	molto	B	O	_	_
diverso	diverso	AS	O	_	_
da	da	E	O	_	_
quello	quello	PS	O	_	_
dei	di/det	EP	O	_	_
propagandisti	propagandista	SP	O	_	_
briachi	briachi	AP	O	_	_
d’	di	E	O	_	_
odio	odio	SS	O	_	_
giacobino	giacobino	AS	O	_	_
.	.	XPS	O	_	_
