# total number of persons:2, total number of gpes:3
Vienna	vienna	SPN	GPE	48.2083537	16.3725042
,	comma	XPW	O	_	_
7.	7.	N	O	_	_
Questa	questo	DS	O	_	_
settimana	settimana	SS	O	_	_
la	il	RS	O	_	_
commissione	commissione	SS	O	_	_
del	di/det	ES	O	_	_
bilancio	bilancio	SS	O	_	_
vide	vedere	VI	O	_	_
un	uno	RS	O	_	_
mutamento	mutamento	SS	O	_	_
di	di	E	O	_	_
scena	scena	SS	O	_	_
che	che	CCHE	O	_	_
poco	poco	DS	O	_	_
tempo	tempo	SS	O	_	_
fa	fa	B	O	_	_
si	rifl	PN	O	_	_
sarebbe	essere	VIY	O	_	_
ritenuto	ritenere	VSP	O	_	_
impossibile	impossibile	AS	O	_	_
.	.	XPS	O	_	_

L’	il	RS	O	_	_
on	on	SN	O	_	_
.	.	XPS	O	_	_

d.r	d.r	YA	O	_	_
Bugatto	bugatto	SPN	O	_	_
chiese	chiedere	VI	O	_	_
anzitutto	anzitutto	B	O	_	_
se	se	C	O	_	_
,	comma	XPW	O	_	_
dopo	dopo	E	O	_	_
sei	sei	N	O	_	_
mesi	mese	SP	O	_	_
di	di	E	O	_	_
studio	studio	SS	O	_	_
,	comma	XPW	O	_	_
il	il	RS	O	_	_
sottocomitato	sottocomitato	SS	O	_	_
per	per	E	O	_	_
la	il	RS	O	_	_
Facoltà	facoltà	SN	O	_	_
giuridica	giuridico	AS	O	_	_
italiana	italiano	AS	O	_	_
potesse	potere	VI	O	_	_
dar	dare	VF	O	_	_
prova	prova	SS	O	_	_
dei	di/det	EP	O	_	_
suoi	suo	DP	O	_	_
progressi	progresso	SP	O	_	_
.	.	XPS	O	_	_

Uno	uno	PS	O	_	_
dei	di/det	EP	O	_	_
membri	membro	SP	O	_	_
,	comma	XPW	O	_	_
presente	presente	AS	O	_	_
all’	a/det	ES	O	_	_
interpellanza	interpellanza	SS	O	_	_
,	comma	XPW	O	_	_
scoppia	scoppiare	VI	O	_	_
in	in	E	O	_	_
una	uno	RS	O	_	_
risata	risata	SS	O	_	_
.	.	XPS	O	_	_

Il	il	RS	O	_	_
presidente	presidente	SS	O	_	_
,	comma	XPW	O	_	_
l’	il	RS	O	_	_
on	on	SN	O	_	_
.	.	XPS	O	_	_

Rosner	rosner	SPN	O	_	_
,	comma	XPW	O	_	_
pure	pure	B	O	_	_
presente	presente	AS	O	_	_
,	comma	XPW	O	_	_
nota	noto	AS	O	_	_
che	che	CCHE	O	_	_
il	il	RS	O	_	_
sottocomitato	sottocomitato	SS	O	_	_
è	essere	VI	O	_	_
monco	monco	AS	O	_	_
.	.	XPS	O	_	_

Il	il	RS	O	_	_
rappresentante	rappresentante	SS	O	_	_
degli	di/det	EP	O	_	_
Sloveni	sloveni	SPN	O	_	_
,	comma	XPW	O	_	_
nominato	nominare	VSP	O	_	_
a	a	E	O	_	_
far	fare	VF	O	_	_
parte	parte	SS	O	_	_
delle	di/det	EP	O	_	_
delegazioni	delegazione	SP	O	_	_
,	comma	XPW	O	_	_
depose	deporre	VI	O	_	_
il	il	RS	O	_	_
mandato	mandato	SS	O	_	_
nella	in/det	ES	O	_	_
commissione	commissione	SS	O	_	_
del	di/det	ES	O	_	_
bilancio	bilancio	SS	O	_	_
e	e	C	O	_	_
,	comma	XPW	O	_	_
per	per	E	O	_	_
conseguenza	conseguenza	SS	O	_	_
,	comma	XPW	O	_	_
nel	in/det	ES	O	_	_
sottocomitato	sottocomitato	SS	O	_	_
per	per	E	O	_	_
la	il	RS	O	_	_
Facoltà	facoltà	SN	O	_	_
.	.	XPS	O	_	_

Bisogna	bisognare	VI	O	_	_
dunque	dunque	C	O	_	_
coprire	coprire	VF	O	_	_
il	il	RS	O	_	_
posto	posto	SS	O	_	_
vacante	vacante	AS	O	_	_
:	:	XPS	O	_	_
ciò	ciò	B	O	_	_
fatto	fare	VSP	O	_	_
,	comma	XPW	O	_	_
egli	egli	PS	O	_	_
indirà	indire	VI	O	_	_
una	uno	RS	O	_	_
seduta	seduta	SS	O	_	_
e	e	C	O	_	_
riferirà	riferire	VI	O	_	_
.	.	XPS	O	_	_

L’	il	RS	O	_	_
on	on	SN	O	_	_
.	.	XPS	O	_	_

d.r	d.r	YA	O	_	_
Bugatto	bugatto	SPN	O	_	_
,	comma	XPW	O	_	_
non	non	B	O	_	_
contento	contento	AS	O	_	_
di	di	E	O	_	_
tali	tale	AP	O	_	_
dichiarazioni	dichiarazione	SP	O	_	_
,	comma	XPW	O	_	_
fa	fare	VI	O	_	_
proposta	proposta	SS	O	_	_
formale	formale	AS	O	_	_
che	che	CCHE	O	_	_
entro	entro	E	O	_	_
il	il	RS	O	_	_
novembre	novembre	SS	O	_	_
il	il	RS	O	_	_
sottocomitato	sottocomitato	SS	O	_	_
debba	dovere	VI	O	_	_
corrispondere	corrispondere	VF	O	_	_
all’	a/det	ES	O	_	_
incarico	incarico	SS	O	_	_
affidatogli	affidatogli	VG+E	O	_	_
;	semicolon	XPS	O	_	_

caso	caso	SS	O	_	_
contrario	contrario	AS	O	_	_
,	comma	XPW	O	_	_
la	il	RS	O	_	_
questione	questione	SS	O	_	_
della	di/det	ES	O	_	_
Facoltà	facoltà	SN	O	_	_
giuridica	giuridico	AS	O	_	_
viene	venire	VIY	O	_	_
rivocata	rivocata	VSP	O	_	_
alla	a/det	ES	O	_	_
commissione	commissione	SS	O	_	_
del	di/det	ES	O	_	_
bilancio	bilancio	SS	O	_	_
.	.	XPS	O	_	_

Sua	suo	DS	O	_	_
Ecc	ecc	SPN	O	_	_
.	.	XPS	O	_	_

l’	l’	PS	O	_	_
on	on	B	O	_	_
.	.	XPS	O	_	_

Korytowski	korytowski	SPN	O	_	_
,	comma	XPW	O	_	_
presidente	presidente	SS	O	_	_
della	di/det	ES	O	_	_
commissione	commissione	SS	O	_	_
,	comma	XPW	O	_	_
risponde	rispondere	VI	O	_	_
che	che	CCHE	O	_	_
alla	a/det	ES	O	_	_
fine	fine	SS	O	_	_
della	di/det	ES	O	_	_
seduta	seduta	SS	O	_	_
metterà	mettere	VI	O	_	_
ai	a/det	EP	O	_	_
voti	voto	SP	O	_	_
questa	questo	DS	O	_	_
proposta	proposta	SS	O	_	_
.	.	XPS	O	_	_

Nei	in/det	EP	O	_	_
corridoi	corridoio	SP	O	_	_
,	comma	XPW	O	_	_
durante	durante	E	O	_	_
la	il	RS	O	_	_
giornata	giornata	SS	O	_	_
,	comma	XPW	O	_	_
in	in	E	O	_	_
mezzo	mezzo	SS	O	_	_
ai	a/det	EP	O	_	_
discorsi	discorso	SP	O	_	_
sulla	su/det	ES	O	_	_
guerra	guerra	SS	O	_	_
balcanica	balcanico	AS	O	_	_
e	e	C	O	_	_
sulle	su/det	EP	O	_	_
delegazioni	delegazione	SP	O	_	_
si	rifl	PN	O	_	_
trova	trovare	VI	O	_	_
tempo	tempo	SS	O	_	_
di	di	E	O	_	_
almanaccare	almanaccare	VF	O	_	_
intorno	intorno	E	O	_	_
alla	a/det	ES	O	_	_
proposta	proposta	SS	O	_	_
Bugatto	bugatto	SPN	O	_	_
.	.	XPS	O	_	_

Riuscirà	riuscire	VI	O	_	_
o	o	C	O	_	_
sarà	essere	VIY	O	_	_
bocciata	bocciare	VSP	O	_	_
?	?	XPS	O	_	_

Fu	essere	VI	O	_	_
un	uno	RS	O	_	_
colpo	colpo	SS	O	_	_
felice	felice	AS	O	_	_
o	o	C	O	_	_
sbagliò	sbagliare	VI	O	_	_
centro	centro	SS	O	_	_
e	e	C	O	_	_
bersaglio	bersaglio	SS	O	_	_
?	?	XPS	O	_	_

Si	rifl	PN	O	_	_
arriva	arrivare	VI	O	_	_
alla	a/det	ES	O	_	_
fine	fine	SS	O	_	_
della	di/det	ES	O	_	_
seduta	seduta	SS	O	_	_
,	comma	XPW	O	_	_
si	rifl	PN	O	_	_
vota	votare	VI	O	_	_
:	:	XPS	O	_	_
nessuno	nessuno	PS	O	_	_
si	rifl	PN	O	_	_
oppose	opporre	VI	O	_	_
.	.	XPS	O	_	_

Il	il	RS	O	_	_
sottocomitato	sottocomitato	SS	O	_	_
dovrà	dovere	VI	O	_	_
svegliarsi	svegliare/rifl	VF+E	O	_	_
;	semicolon	XPS	O	_	_

altrimenti	altrimenti	B	O	_	_
sarà	essere	VIY	O	_	_
condannato	condannare	VSP	O	_	_
al	a/det	ES	O	_	_
sonno	sonno	SS	O	_	_
eterno	eterno	AS	O	_	_
e	e	C	O	_	_
dalla	da/det	ES	O	_	_
sua	suo	DS	O	_	_
morta	morta	SS	O	_	_
gora	gora	VI	O	_	_
la	il	RS	O	_	_
Facoltà	facoltà	SN	O	_	_
rientrerà	rientrare	VI	O	_	_
da	da	E	O	_	_
sé	sé	PN	O	_	_
nell’	in/det	ES	O	_	_
agone	agone	SS	O	_	_
del	di/det	ES	O	_	_
bilancio	bilancio	SS	O	_	_
.	.	XPS	O	_	_

Come	come	CADV	O	_	_
si	rifl	PN	O	_	_
spiega	spiegare	VI	O	_	_
questa	questo	DS	O	_	_
sorpresa	sorpresa	SS	O	_	_
?	?	XPS	O	_	_

Mah	mah	I	O	_	_
"!"	esclamation_mark	XPS	O	_	_

la	il	RS	O	_	_
guerra	guerra	SS	O	_	_
libica	libico	AS	O	_	_
è	essere	VIY	O	_	_
finita	finire	VSP	O	_	_
;	semicolon	XPS	O	_	_

la	il	RS	O	_	_
Triplice	triplice	SPN	O	_	_
sente	sentire	VI	O	_	_
il	il	RS	O	_	_
bisogno	bisogno	SS	O	_	_
di	di	E	O	_	_
stringere	stringere	VF	O	_	_
a	a	E	O	_	_
sé	sé	PN	O	_	_
maggiormente	maggiormente	B	O	_	_
l’	il	RS	O	_	_
Italia	italia	SPN	O	_	_
;	semicolon	XPS	O	_	_

i	il	RP	O	_	_
tedeschi	tedesco	SP	O	_	_
dell’	di/det	ES	O	_	_
Austria	austria	SPN	O	_	_
vedono	vedere	VI	O	_	_
con	con	E	O	_	_
angoscia	angoscia	SS	O	_	_
crescere	crescere	VF	O	_	_
l’	il	RS	O	_	_
influsso	influsso	SS	O	_	_
slavo	slavo	AS	O	_	_
per	per	E	O	_	_
le	il	RP	O	_	_
vittorie	vittoria	SP	O	_	_
degli	di/det	EP	O	_	_
alleati	alleato	SP	O	_	_
balcanici	balcanico	AP	O	_	_
contro	contro	E	O	_	_
il	il	RS	O	_	_
turco	turco	SS	O	_	_
e	e	C	O	_	_
vanno	andare	VI	O	_	_
spiando	spiare	VG	O	_	_
coll’	con/det	ES	O	_	_
occhio	occhio	SS	O	_	_
errante	errante	AS	O	_	_
se	se	C	O	_	_
possono	potere	VI	O	_	_
trovare	trovare	VF	O	_	_
qualche	qualche	DS	O	_	_
appoggio	appoggio	SS	O	_	_
contro	contro	E	O	_	_
la	il	RS	O	_	_
montante	montante	SS	O	_	_
marea	marea	AS	O	_	_
.	.	XPS	O	_	_

In	in	E	O	_	_
questo	questo	DS	O	_	_
momento	momento	SS	O	_	_
si	rifl	PN	O	_	_
ricordano	ricordare	VI	O	_	_
di	di	E	O	_	_
nuovo	nuovo	AS	O	_	_
che	che	CCHE	O	_	_
vi	vi	B	O	_	_
è	essere	VI	O	_	_
un	uno	RS	O	_	_
blocco	blocco	SS	O	_	_
romano	romano	AS	O	_	_
;	semicolon	XPS	O	_	_

quel	quello	DS	O	_	_
blocco	blocco	SS	O	_	_
di	di	E	O	_	_
cui	cui	PN	O	_	_
l’	l’	PS	O	_	_
on	on	PN	O	_	_
.	.	XPS	O	_	_

Erler	erler	SPN	PER	_	_
parlava	parlare	VI	O	_	_
sempre	sempre	B	O	_	_
con	con	E	O	_	_
tanto	tanto	DS	O	_	_
sprezzo	sprezzo	SS	O	_	_
.	.	XPS	O	_	_

A	a	E	O	_	_
proposito	proposito	SS	O	_	_
,	comma	XPW	O	_	_
colla	con/det	ES	O	_	_
scomparsa	scomparso	AS	O	_	_
dei	di/det	EP	O	_	_
turchi	turco	SP	O	_	_
dalla	da/det	ES	O	_	_
Libia	libia	SPN	GPE	26.8234472	18.1236723
è	essere	VIY	O	_	_
scomparso	scomparire	VSP	O	_	_
anche	anche	C	O	_	_
l’	il	RS	O	_	_
on	on	B	O	_	_
.	.	XPS	O	_	_

Erler	erler	SPN	PER	_	_
dalla	da/det	ES	O	_	_
commissione	commissione	SS	O	_	_
bilancio	bilancio	SS	O	_	_
.	.	XPS	O	_	_

Forse	forse	B	O	_	_
non	non	B	O	_	_
gli	gli	PS	O	_	_
dava	dare	VI	O	_	_
il	il	RS	O	_	_
cuore	cuore	SS	O	_	_
di	di	E	O	_	_
vedere	vedere	VF	O	_	_
risorta	risorta	VI	O	_	_
la	il	RS	O	_	_
questione	questione	SS	O	_	_
della	di/det	ES	O	_	_
Facoltà	facoltà	SN	O	_	_
.	.	XPS	O	_	_

Intanto	intanto	B	O	_	_
procedono	procedere	VI	O	_	_
pure	pure	B	O	_	_
le	il	RP	O	_	_
trattative	trattativa	SP	O	_	_
per	per	E	O	_	_
le	il	RP	O	_	_
cattedre	cattedra	SP	O	_	_
all’	a/det	ES	O	_	_
Accademia	accademia	SS	O	_	_
Revoltella	revoltella	SPN	O	_	_
.	.	XPS	O	_	_

Al	a/det	ES	O	_	_
Ministero	ministero	SS	O	_	_
dell’	di/det	ES	O	_	_
istruzione	istruzione	SS	O	_	_
si	rifl	PN	O	_	_
annunzia	annunziare	VI	O	_	_
un	uno	RS	O	_	_
nuovo	nuovo	AS	O	_	_
passo	passo	SS	O	_	_
avanti	avanti	B	O	_	_
.	.	XPS	O	_	_

Immaginatevi	immaginatevi	VSP	O	_	_
che	che	CCHE	O	_	_
a	a	E	O	_	_
un	uno	RS	O	_	_
professore	professore	SS	O	_	_
,	comma	XPW	O	_	_
credo	credere	VI	O	_	_
di	di	E	O	_	_
diritto	diritto	SS	O	_	_
commerciale	commerciale	AS	O	_	_
,	comma	XPW	O	_	_
andato	andare	VSP	O	_	_
in	in	E	O	_	_
pensione	pensione	SS	O	_	_
se	se	C	O	_	_
n’	n’	B	O	_	_
è	essere	VI	O	_	_
già	già	B	O	_	_
sostituito	sostituire	VSP	O	_	_
un	uno	RS	O	_	_
altro	altro	PS	O	_	_
.	.	XPS	O	_	_

E	e	C	O	_	_
poi	poi	B	O	_	_
gl’	il	RP	O	_	_
italiani	italiano	AP	O	_	_
si	rifl	PN	O	_	_
lamentano	lamentare	VI	O	_	_
"!"	esclamation_mark	XPS	O	_	_

Anche	anche	C	O	_	_
il	il	RS	O	_	_
decreto	decreto	SS	O	_	_
per	per	E	O	_	_
le	il	RP	O	_	_
cattedre	cattedra	SP	O	_	_
nuove	nuovo	AP	O	_	_
dev’	dev’	VI	O	_	_
essere	essere	VF	O	_	_
in	in	E	O	_	_
corso	corso	SS	O	_	_
.	.	XPS	O	_	_

Veramente	veramente	B	O	_	_
,	comma	XPW	O	_	_
la	il	RS	O	_	_
scorsa	scorsa	SS	O	_	_
estate	estate	SS	O	_	_
si	rifl	PN	O	_	_
diceva	dire	VI	O	_	_
ch’	che	CCHE	O	_	_
era	essere	VI	O	_	_
già	già	B	O	_	_
spedito	spedire	VSP	O	_	_
e	e	C	O	_	_
il	il	RS	O	_	_
Luogotenente	luogotenente	SPN	O	_	_
di	di	E	O	_	_
Trieste	trieste	SPN	GPE	45.6500335	13.7706559
negava	negare	VI	O	_	_
d’	di	E	O	_	_
averlo	avere/pro	VF+E	O	_	_
ricevuto	ricevere	VSP	O	_	_
,	comma	XPW	O	_	_
faceva	fare	VI	O	_	_
poca	poca	DP	O	_	_
buona	buono	AS	O	_	_
figura	figura	SS	O	_	_
,	comma	XPW	O	_	_
per	per	E	O	_	_
quanto	quanto	QNS	O	_	_
sembri	sembrare	VI	O	_	_
che	che	CCHE	O	_	_
certe	certe	VI	O	_	_
posizioni	posizione	SP	O	_	_
non	non	B	O	_	_
portino	portare	VI	O	_	_
con	con	E	O	_	_
sé	sé	PN	O	_	_
la	il	RS	O	_	_
consuetudine	consuetudine	SS	O	_	_
di	di	E	O	_	_
dire	dire	VF	O	_	_
la	il	RS	O	_	_
verità	verità	SN	O	_	_
.	.	XPS	O	_	_

Del	di/det	ES	O	_	_
resto	resto	SS	O	_	_
il	il	RS	O	_	_
«	«	XPO	O	_	_
principe	principe	SS	O	_	_
rosso	rosso	AS	O	_	_
»	»	XPO	O	_	_
non	non	B	O	_	_
fa	fare	VI	O	_	_
mistero	mistero	SS	O	_	_
della	di/det	ES	O	_	_
sua	suo	DS	O	_	_
poca	poca	DP	O	_	_
benevolenza	benevolenza	SS	O	_	_
per	per	E	O	_	_
quel	quello	DS	O	_	_
decreto	decreto	SS	O	_	_
.	.	XPS	O	_	_

.	.	XPS	O	_	_

.	.	XPS	O	_	_

Farà	fare	VI	O	_	_
di	di	E	O	_	_
tutto	tutto	PS	O	_	_
per	per	E	O	_	_
poter	potere	VF	O	_	_
dire	dire	VF	O	_	_
che	che	CCHE	O	_	_
non	non	B	O	_	_
è	essere	VIY	O	_	_
arrivato	arrivare	VSP	O	_	_
:	:	XPS	O	_	_
e	e	C	O	_	_
quando	quando	CADV	O	_	_
non	non	B	O	_	_
potesse	potere	VI	O	_	_
negarlo	negare/pro	VF+E	O	_	_
,	comma	XPW	O	_	_
farà	fare	VI	O	_	_
di	di	E	O	_	_
tutto	tutto	PS	O	_	_
per	per	E	O	_	_
non	non	B	O	_	_
doverlo	dovere/pro	VF+E	O	_	_
eseguire	eseguire	VF	O	_	_
.	.	XPS	O	_	_

Tanta	tanto	DS	O	_	_
avversione	avversione	SS	O	_	_
per	per	E	O	_	_
sì	sì	B	O	_	_
poca	poco	DS	O	_	_
cosa	cosa	SS	O	_	_
"!"	esclamation_mark	XPS	O	_	_

E	e	C	O	_	_
che	che	CCHE	O	_	_
non	non	B	O	_	_
si	rifl	PN	O	_	_
debba	dovere	VI	O	_	_
dire	dire	VF	O	_	_
col	con/det	ES	O	_	_
poeta	poeta	SS	O	_	_
spagnuolo	spagnuolo	AS	O	_	_
:	:	XPS	O	_	_
«	«	XPO	O	_	_
Molto	molto	B	O	_	_
fracasso	fracasso	AS	O	_	_
per	per	E	O	_	_
nulla	nulla	PS	O	_	_
»	»	XPO	O	_	_
"!"	esclamation_mark	XPS	O	_	_
