# total number of persons:0, total number of gpes:0
Il	il	RS	O	_	_
Comitato	comitato	SS	O	_	_
Diocesano	diocesano	SPN	O	_	_
vi	vi	B	O	_	_
invita	invitare	VI	O	_	_
martedì	martedì	SN	O	_	_
prossimo	prossimo	AS	O	_	_
alla	a/det	ES	O	_	_
sua	suo	DS	O	_	_
adunanza	adunanza	SS	O	_	_
generale	generale	AS	O	_	_
.	.	XPS	O	_	_

Dev’	dev’	VI	O	_	_
essere	essere	VF	O	_	_
questa	questo	PS	O	_	_
non	non	B	O	_	_
una	uno	RS	O	_	_
semplice	semplice	AS	O	_	_
rassegna	rassegna	SS	O	_	_
dell’	di/det	ES	O	_	_
attività	attività	SN	O	_	_
dell’	di/det	ES	O	_	_
associazione	associazione	SS	O	_	_
,	comma	XPW	O	_	_
ma	ma	C	O	_	_
una	uno	RS	O	_	_
breve	breve	AS	O	_	_
rivista	rivista	SS	O	_	_
di	di	E	O	_	_
tutto	tutto	DS	O	_	_
il	il	RS	O	_	_
bilancio	bilancio	SS	O	_	_
morale	morale	AS	O	_	_
dell’	di/det	ES	O	_	_
azione	azione	SS	O	_	_
cattolica	cattolico	AS	O	_	_
,	comma	XPW	O	_	_
come	come	CADV	O	_	_
si	rifl	PN	O	_	_
svolse	svolgere	VI	O	_	_
negli	in/det	EP	O	_	_
ultimi	ultimo	AP	O	_	_
anni	anno	SP	O	_	_
.	.	XPS	O	_	_

La	il	RS	O	_	_
nostra	nostro	DS	O	_	_
attività	attività	SN	O	_	_
sociale	sociale	AS	O	_	_
è	essere	VIY	O	_	_
venuta	venire	VSP	O	_	_
,	comma	XPW	O	_	_
per	per	E	O	_	_
il	il	RS	O	_	_
corso	corso	SS	O	_	_
naturale	naturale	AS	O	_	_
delle	di/det	EP	O	_	_
cose	cosa	SP	O	_	_
,	comma	XPW	O	_	_
a	a	E	O	_	_
suddividersi	suddividere/rifl	VF+E	O	_	_
in	in	E	O	_	_
vari	vario	AP	O	_	_
rami	ramo	SP	O	_	_
che	che	CCHE	O	_	_
,	comma	XPW	O	_	_
assorbendo	assorbire	VG	O	_	_
da	da	E	O	_	_
soli	solo	AP	O	_	_
le	il	RP	O	_	_
energie	energia	SP	O	_	_
di	di	E	O	_	_
parecchi	parecchio	AP	O	_	_
dei	di/det	EP	O	_	_
nostri	nostro	AP	O	_	_
,	comma	XPW	O	_	_
facilmente	facilmente	B	O	_	_
li	li	PP	O	_	_
potrebbe	potere	VI	O	_	_
staccare	staccare	VF	O	_	_
da	da	E	O	_	_
quella	quello	DS	O	_	_
concezione	concezione	SS	O	_	_
unitaria	unitario	AS	O	_	_
e	e	C	O	_	_
universale	universale	AS	O	_	_
dell’	di/det	ES	O	_	_
azione	azione	SS	O	_	_
cattolica	cattolico	AS	O	_	_
che	che	CCHE	O	_	_
la	la	PS	O	_	_
deve	dovere	VI	O	_	_
informare	informare	VF	O	_	_
e	e	C	O	_	_
pervadere	pervadere	VF	O	_	_
tutta	tutto	PS	O	_	_
.	.	XPS	O	_	_

Colgano	cogliere	VI	O	_	_
quindi	quindi	C	O	_	_
occasione	occasione	SS	O	_	_
tutti	tutto	PP	O	_	_
coloro	colui	PP	O	_	_
che	che	CCHE	O	_	_
lavorano	lavorare	VI	O	_	_
attorno	attorno	E	O	_	_
le	il	RP	O	_	_
nostre	nostro	DP	O	_	_
opere	opera	SP	O	_	_
sociali	sociale	AP	O	_	_
e	e	C	O	_	_
si	rifl	PN	O	_	_
riuniscano	riunire	VI	O	_	_
sotto	sotto	E	O	_	_
gli	il	RP	O	_	_
auspici	auspicio	SP	O	_	_
di	di	E	O	_	_
quella	quello	DS	O	_	_
società	società	SN	O	_	_
che	che	CCHE	O	_	_
fu	essere	VI	O	_	_
ispiratrice	ispiratrice	AS	O	_	_
o	o	C	O	_	_
moderatrice	moderatrice	AS	O	_	_
delle	di/det	EP	O	_	_
altre	altro	DP	O	_	_
,	comma	XPW	O	_	_
di	di	E	O	_	_
quell’	quell	DS	O	_	_
associazione	associazione	SS	O	_	_
che	che	CCHE	O	_	_
deve	dovere	VI	O	_	_
fornire	fornire	VF	O	_	_
l’	il	RS	O	_	_
ossigeno	ossigeno	SS	O	_	_
dei	di/det	EP	O	_	_
principii	principii	SP	O	_	_
e	e	C	O	_	_
degli	di/det	EP	O	_	_
ideali	ideale	SP	O	_	_
a	a	E	O	_	_
tutte	tutto	DP	O	_	_
le	il	RP	O	_	_
organizzazioni	organizzazione	SP	O	_	_
di	di	E	O	_	_
programma	programma	SS	O	_	_
sociale	sociale	AS	O	_	_
cristiano	cristiano	AS	O	_	_
.	.	XPS	O	_	_

In	in	E	O	_	_
mezzo	mezzo	SS	O	_	_
all’	a/det	ES	O	_	_
attività	attività	SN	O	_	_
febbrile	febbrile	AS	O	_	_
delle	di/det	EP	O	_	_
varie	varie	DP	O	_	_
associazioni	associazione	SP	O	_	_
centrali	centrale	AP	O	_	_
noi	noi	PP	O	_	_
sentiamo	sentire	VI	O	_	_
il	il	RS	O	_	_
bisogno	bisogno	SS	O	_	_
di	di	E	O	_	_
sottrarci	sottrarci	VF+E	O	_	_
un	uno	RS	O	_	_
giorno	giorno	SS	O	_	_
al	a/det	ES	O	_	_
peso	peso	SS	O	_	_
sempre	sempre	B	O	_	_
più	più	B	O	_	_
grave	grave	AS	O	_	_
delle	di/det	EP	O	_	_
opere	opera	SP	O	_	_
nostre	nostro	DP	O	_	_
,	comma	XPW	O	_	_
di	di	E	O	_	_
liberarci	liberare/pro/loc	VF+E	O	_	_
dal	da/det	ES	O	_	_
complesso	complesso	AS	O	_	_
meccanismo	meccanismo	SS	O	_	_
che	che	CCHE	O	_	_
ci	ci	PP	O	_	_
impone	imporre	VI	O	_	_
il	il	RS	O	_	_
quotidiano	quotidiano	SS	O	_	_
lavoro	lavoro	SS	O	_	_
,	comma	XPW	O	_	_
per	per	E	O	_	_
riaffermare	riaffermare	VF	O	_	_
in	in	E	O	_	_
un’	uno	RS	O	_	_
atmosfera	atmosfera	SS	O	_	_
meno	meno	B	O	_	_
agitata	agitare	VSP	O	_	_
le	il	RP	O	_	_
supreme	supremo	AP	O	_	_
idealità	idealità	SN	O	_	_
del	di/det	ES	O	_	_
nostro	nostro	DS	O	_	_
operare	operare	VF	O	_	_
e	e	C	O	_	_
i	il	RP	O	_	_
principii	principii	SP	O	_	_
immutabili	immutabile	AP	O	_	_
che	che	CCHE	O	_	_
devono	dovere	VI	O	_	_
guidarci	guidare/loc/pro	VF+E	O	_	_
.	.	XPS	O	_	_

Ma	ma	C	O	_	_
anche	anche	C	O	_	_
gli	il	RP	O	_	_
altri	altro	DP	O	_	_
soci	socio	SP	O	_	_
ed	ed	C	O	_	_
amici	amico	SP	O	_	_
che	che	CCHE	O	_	_
s’	s’	PN	O	_	_
occupano	occupare	VI	O	_	_
meno	meno	B	O	_	_
direttamente	direttamente	B	O	_	_
dell’	di/det	ES	O	_	_
azione	azione	SS	O	_	_
cattolica	cattolico	AS	O	_	_
sono	essere	VI	O	_	_
vivamente	vivamente	B	O	_	_
pregati	pregare	VPP	O	_	_
d’	di	E	O	_	_
intervenire	intervenire	VF	O	_	_
.	.	XPS	O	_	_

Il	il	RS	O	_	_
rumore	rumore	SS	O	_	_
della	di/det	ES	O	_	_
campagna	campagna	SS	O	_	_
politica	politico	AS	O	_	_
,	comma	XPW	O	_	_
l’	il	RS	O	_	_
urgenza	urgenza	SS	O	_	_
delle	di/det	EP	O	_	_
opere	opera	SP	O	_	_
economiche	economico	AP	O	_	_
hanno	avere	VI	O	_	_
forse	forse	B	O	_	_
distolto	distogliere	VSP	O	_	_
l’	il	RS	O	_	_
attenzione	attenzione	SS	O	_	_
nostra	nostro	AS	O	_	_
più	più	B	O	_	_
che	che	CCHE	O	_	_
non	non	B	O	_	_
convenisse	convenire	VI	O	_	_
dai	da/det	EP	O	_	_
problemi	problema	SP	O	_	_
morali	morale	AP	O	_	_
dell’	di/det	ES	O	_	_
educazione	educazione	SS	O	_	_
del	di/det	ES	O	_	_
nostro	nostro	DS	O	_	_
popolo	popolo	SS	O	_	_
,	comma	XPW	O	_	_
della	di/det	ES	O	_	_
preparazione	preparazione	SS	O	_	_
della	di/det	ES	O	_	_
classe	classe	SS	O	_	_
operaia	operaio	AS	O	_	_
,	comma	XPW	O	_	_
della	di/det	ES	O	_	_
formazione	formazione	SS	O	_	_
della	di/det	ES	O	_	_
gioventù	gioventù	SN	O	_	_
studiosa	studioso	AS	O	_	_
.	.	XPS	O	_	_

L’	il	RS	O	_	_
adunanza	adunanza	SS	O	_	_
del	di/det	ES	O	_	_
Comitato	comitato	SS	O	_	_
Diocesano	diocesano	SPN	O	_	_
e	e	C	O	_	_
l’	il	RS	O	_	_
ordine	ordine	SS	O	_	_
del	di/det	ES	O	_	_
giorno	giorno	SS	O	_	_
che	che	CCHE	O	_	_
vi	vi	B	O	_	_
verrà	venire	VIY	O	_	_
trattato	trattare	VSP	O	_	_
vengono	venire	VI	O	_	_
in	in	E	O	_	_
buon	buon	AS	O	_	_
punto	punto	SS	O	_	_
per	per	E	O	_	_
ricordarci	ricordare/pro/loc	VF+E	O	_	_
quanto	quanto	QNS	O	_	_
immenso	immenso	AS	O	_	_
sia	essere	VI	O	_	_
ancora	ancora	B	O	_	_
il	il	RS	O	_	_
campo	campo	SS	O	_	_
del	di/det	ES	O	_	_
nostro	nostro	DS	O	_	_
lavoro	lavoro	SS	O	_	_
,	comma	XPW	O	_	_
quanto	quanto	B	O	_	_
ci	ci	PP	O	_	_
rimane	rimanere	VI	O	_	_
ancora	ancora	B	O	_	_
da	da	E	O	_	_
fare	fare	VF	O	_	_
per	per	E	O	_	_
la	il	RS	O	_	_
propaganda	propaganda	SS	O	_	_
delle	di/det	EP	O	_	_
idee	idea	SP	O	_	_
,	comma	XPW	O	_	_
per	per	E	O	_	_
la	il	RS	O	_	_
diffusione	diffusione	SS	O	_	_
della	di/det	ES	O	_	_
coltura	coltura	SS	O	_	_
,	comma	XPW	O	_	_
per	per	E	O	_	_
francare	francare	VF	O	_	_
il	il	RS	O	_	_
popolo	popolo	SS	O	_	_
trentino	trentino	AS	O	_	_
dagli	da/det	EP	O	_	_
errori	errore	SP	O	_	_
sociali	sociale	AP	O	_	_
che	che	CCHE	O	_	_
vengono	venire	VIY	O	_	_
quotidianamente	quotidianamente	B	O	_	_
sparsi	spargere	VPP	O	_	_
e	e	C	O	_	_
propugnati	propugnare	VPP	O	_	_
.	.	XPS	O	_	_

Si	rifl	PN	O	_	_
ricordino	ricordare	VI	O	_	_
gli	il	RP	O	_	_
amici	amico	SP	O	_	_
:	:	XPS	O	_	_
nell’	in/det	ES	O	_	_
età	età	SN	O	_	_
ove	ove	B	O	_	_
l’	il	RS	O	_	_
organizzazione	organizzazione	SS	O	_	_
ha	avere	VIY	O	_	_
riassunto	riassumere	VSP	O	_	_
un	uno	RS	O	_	_
eminente	eminente	AS	O	_	_
valore	valore	SS	O	_	_
sociale	sociale	AS	O	_	_
,	comma	XPW	O	_	_
non	non	B	O	_	_
è	essere	VIY	O	_	_
lecito	lecito	VSP	O	_	_
affidare	affidare	VF	O	_	_
l’	il	RS	O	_	_
apologia	apologia	SS	O	_	_
delle	di/det	EP	O	_	_
idee	idea	SP	O	_	_
e	e	C	O	_	_
il	il	RS	O	_	_
progresso	progresso	SS	O	_	_
della	di/det	ES	O	_	_
propria	propria	DS	O	_	_
azione	azione	SS	O	_	_
morale	morale	AS	O	_	_
all’	a/det	ES	O	_	_
opera	opera	SS	O	_	_
staccata	staccare	VSP	O	_	_
dell’	di/det	ES	O	_	_
individuo	individuo	SS	O	_	_
.	.	XPS	O	_	_

Solo	solo	B	O	_	_
l’	il	RS	O	_	_
opera	opera	SS	O	_	_
associata	associare	VSP	O	_	_
,	comma	XPW	O	_	_
organizzata	organizzare	VSP	O	_	_
,	comma	XPW	O	_	_
ridà	ridare	VI	O	_	_
il	il	RS	O	_	_
suo	suo	DS	O	_	_
pieno	pieno	AS	O	_	_
valore	valore	SS	O	_	_
anche	anche	C	O	_	_
al	a/det	ES	O	_	_
lavoro	lavoro	SS	O	_	_
individuale	individuale	AS	O	_	_
.	.	XPS	O	_	_

Anche	anche	C	O	_	_
nel	in/det	ES	O	_	_
«	«	XPO	O	_	_
far	fare	VF	O	_	_
del	di/det	ES	O	_	_
bene	bene	SS	O	_	_
»	»	XPO	O	_	_
nelle	in/det	EP	O	_	_
opere	opera	SP	O	_	_
morali	morale	AP	O	_	_
ed	ed	C	O	_	_
educative	educativo	AP	O	_	_
è	essere	VI	O	_	_
indispensabile	indispensabile	AS	O	_	_
ormai	ormai	B	O	_	_
una	uno	RS	O	_	_
certa	certo	AS	O	_	_
economia	economia	SS	O	_	_
,	comma	XPW	O	_	_
una	uno	RS	O	_	_
direzione	direzione	SS	O	_	_
che	che	CCHE	O	_	_
garantisca	garantire	VI	O	_	_
l’	il	RS	O	_	_
azione	azione	SS	O	_	_
concentrata	concentrare	VSP	O	_	_
di	di	E	O	_	_
tutte	tutto	DP	O	_	_
le	il	RP	O	_	_
energie	energia	SP	O	_	_
su	su	E	O	_	_
un	uno	RS	O	_	_
dato	dato	SS	O	_	_
punto	punto	SS	O	_	_
.	.	XPS	O	_	_

Venite	venire	VI	O	_	_
quindi	quindi	B	O	_	_
tutti	tutto	PP	O	_	_
,	comma	XPW	O	_	_
o	o	C	O	_	_
soci	socio	SP	O	_	_
delle	di/det	EP	O	_	_
vallate	vallata	SP	O	_	_
,	comma	XPW	O	_	_
vengano	venire	VIY	O	_	_
specialmente	specialmente	B	O	_	_
i	il	RP	O	_	_
direttori	direttorio	SP	O	_	_
,	comma	XPW	O	_	_
i	il	RP	O	_	_
rappresentanti	rappresentante	SP	O	_	_
delle	di/det	EP	O	_	_
società	società	SN	O	_	_
operaie	operaio	AP	O	_	_
,	comma	XPW	O	_	_
dei	di/det	EP	O	_	_
circoli	circolo	SP	O	_	_
di	di	E	O	_	_
lettura	lettura	SS	O	_	_
.	.	XPS	O	_	_

C’	ci	B	O	_	_
è	essere	VI	O	_	_
bisogno	bisogno	SS	O	_	_
di	di	E	O	_	_
discussione	discussione	SS	O	_	_
,	comma	XPW	O	_	_
di	di	E	O	_	_
affiatamento	affiatamento	SS	O	_	_
,	comma	XPW	O	_	_
di	di	E	O	_	_
rinnovare	rinnovare	VF	O	_	_
,	comma	XPW	O	_	_
di	di	E	O	_	_
restaurare	restaurare	VF	O	_	_
.	.	XPS	O	_	_

Ridiamo	ridere	VI	O	_	_
all’	a/det	ES	O	_	_
azione	azione	SS	O	_	_
cattolica	cattolico	AS	O	_	_
una	uno	PS	O	_	_
di	di	E	O	_	_
quelle	quello	PP	O	_	_
giornate	giornata	SP	O	_	_
che	che	CCHE	O	_	_
la	la	PS	O	_	_
spinsero	spingere	VI	O	_	_
innanzi	innanzi	E	O	_	_
,	comma	XPW	O	_	_
indicando	indicare	VG	O	_	_
nuove	nuovo	AP	O	_	_
vie	via	SP	O	_	_
e	e	C	O	_	_
richiamando	richiamare	VG	O	_	_
l’	il	RS	O	_	_
attenzione	attenzione	SS	O	_	_
dei	di/det	EP	O	_	_
socialmente	socialmente	B	O	_	_
credenti	credente	AP	O	_	_
e	e	C	O	_	_
militanti	militante	AP	O	_	_
sull’	su/det	ES	O	_	_
opera	opera	SS	O	_	_
degli	di/det	EP	O	_	_
avversari	avversario	SP	O	_	_
o	o	C	O	_	_
sulle	su/det	EP	O	_	_
tendenze	tendenza	SP	O	_	_
che	che	CCHE	O	_	_
si	rifl	PN	O	_	_
manifestano	manifestare	VI	O	_	_
nel	in/det	ES	O	_	_
momento	momento	SS	O	_	_
presente	presente	AS	O	_	_
della	di/det	ES	O	_	_
vita	vita	SS	O	_	_
pubblica	pubblico	AS	O	_	_
.	.	XPS	O	_	_

E	e	C	O	_	_
di	di	E	O	_	_
fronte	fronte	SS	O	_	_
a	a	E	O	_	_
codesti	codesto	DP	O	_	_
avversari	avversario	AP	O	_	_
,	comma	XPW	O	_	_
i	il	RP	O	_	_
quali	quale	PP	O	_	_
sperano	sperare	VI	O	_	_
di	di	E	O	_	_
scusare	scusare	VF	O	_	_
la	il	RS	O	_	_
propria	propria	DS	O	_	_
inerzia	inerzia	SS	O	_	_
col	con/det	ES	O	_	_
negare	negare	VF	O	_	_
all’	a/det	ES	O	_	_
attività	attività	SN	O	_	_
nostra	nostro	DS	O	_	_
l’	il	RS	O	_	_
aureola	aureola	SS	O	_	_
di	di	E	O	_	_
ideali	ideale	SP	O	_	_
nobilmente	nobilmente	B	O	_	_
e	e	C	O	_	_
sinceramente	sinceramente	B	O	_	_
sentiti	sentire	VPP	O	_	_
,	comma	XPW	O	_	_
riconfermiamo	riconfermare	VI	O	_	_
solennemente	solennemente	B	O	_	_
il	il	RS	O	_	_
nostro	nostro	DS	O	_	_
comune	comune	SS	O	_	_
volere	volere	VF	O	_	_
di	di	E	O	_	_
subordinare	subordinare	VF	O	_	_
tutta	tutto	DS	O	_	_
la	il	RS	O	_	_
varia	varia	SS	O	_	_
e	e	C	O	_	_
molteplice	molteplice	AS	O	_	_
attività	attività	SN	O	_	_
delle	di/det	EP	O	_	_
numerose	numeroso	AP	O	_	_
associazioni	associazione	SP	O	_	_
all’	a/det	ES	O	_	_
ultimo	ultimo	SS	O	_	_
e	e	C	O	_	_
principalissimo	principale	AS	O	_	_
fine	fine	SS	O	_	_
di	di	E	O	_	_
mantenere	mantenere	VF	O	_	_
al	a/det	ES	O	_	_
popolo	popolo	SS	O	_	_
trentino	trentino	AS	O	_	_
il	il	RS	O	_	_
patrimonio	patrimonio	SS	O	_	_
morale	morale	AS	O	_	_
religioso	religioso	AS	O	_	_
degli	di/det	EP	O	_	_
avi	avo	SP	O	_	_
nostri	nostro	AP	O	_	_
,	comma	XPW	O	_	_
usando	usare	VG	O	_	_
a	a	E	O	_	_
sua	suo	DS	O	_	_
difesa	difesa	SS	O	_	_
e	e	C	O	_	_
a	a	E	O	_	_
suo	suo	DS	O	_	_
incremento	incremento	SS	O	_	_
di	di	E	O	_	_
tutti	tutto	DP	O	_	_
i	il	RP	O	_	_
mezzi	mezzo	SP	O	_	_
che	che	CCHE	O	_	_
la	il	RS	O	_	_
scienza	scienza	SS	O	_	_
e	e	C	O	_	_
il	il	RS	O	_	_
progresso	progresso	SS	O	_	_
d’	di	E	O	_	_
oggi	oggi	B	O	_	_
ci	ci	B	O	_	_
offrono	offrire	VI	O	_	_
.	.	XPS	O	_	_
