# total number of persons:43, total number of gpes:10
«	«	XPO	O	_	_
oggidì	oggidì	B	O	_	_
di	di	E	O	_	_
tutta	tutto	DS	O	_	_
la	il	RS	O	_	_
nostra	nostro	DS	O	_	_
cultura	cultura	SS	O	_	_
non	non	B	O	_	_
sono	essere	VI	O	_	_
rimaste	rimaste	SP	O	_	_
che	che	CCHE	O	_	_
tre	tre	N	O	_	_
cose	cosa	SP	O	_	_
:	:	XPS	O	_	_
il	il	RS	O	_	_
bacillo	bacillo	SS	O	_	_
,	comma	XPW	O	_	_
l’	il	RS	O	_	_
anima	anima	SS	O	_	_
servile	servile	AS	O	_	_
(	open_parenthesis	XPB	O	_	_
servilismo	servilismo	SS	O	_	_
)	close_parenthesis	XPB	O	_	_
e	e	C	O	_	_
Israele	israele	SPN	GPE	30.8760272	35.0015196
,	comma	XPW	O	_	_
ed	ed	C	O	_	_
Israele	israele	SPN	GPE	30.8760272	35.0015196
è	essere	VI	O	_	_
la	il	RS	O	_	_
più	più	B	O	_	_
grande	grande	AS	O	_	_
di	di	E	O	_	_
tutte	tutto	DP	O	_	_
e	e	C	O	_	_
tre	tre	N	O	_	_
»	»	XPO	O	_	_
1	1	N	O	_	_
)	close_parenthesis	XPB	O	_	_
.	.	XPS	O	_	_

Con	con	E	O	_	_
queste	questo	DP	O	_	_
parole	parola	SP	O	_	_
amare	amare	VF	O	_	_
,	comma	XPW	O	_	_
o	o	C	O	_	_
signori	signore	SP	O	_	_
,	comma	XPW	O	_	_
Lagarde	lagarde	SPN	PER	_	_
chiudeva	chiudere	VI	O	_	_
la	il	RS	O	_	_
sua	suo	DS	O	_	_
rassegna	rassegna	SS	O	_	_
del	di/det	ES	O	_	_
secolo	secolo	SS	O	_	_
XIX	xix	N	O	_	_
,	comma	XPW	O	_	_
e	e	C	O	_	_
finiva	finire	VI	O	_	_
quelle	quello	DP	O	_	_
pagine	pagina	SP	O	_	_
piene	pieno	AP	O	_	_
di	di	E	O	_	_
critica	critica	SS	O	_	_
acerba	acerbo	AS	O	_	_
ed	ed	C	O	_	_
audace	audace	AS	O	_	_
,	comma	XPW	O	_	_
nelle	in/det	EP	O	_	_
quali	quale	PP	O	_	_
,	comma	XPW	O	_	_
coraggiosamente	coraggiosamente	B	O	_	_
,	comma	XPW	O	_	_
aveva	avere	VIY	O	_	_
scritto	scrivere	VSP	O	_	_
come	come	CADV	O	_	_
conclusione	conclusione	SS	O	_	_
di	di	E	O	_	_
tutto	tutto	DS	O	_	_
un	uno	RS	O	_	_
libro	libro	SS	O	_	_
:	:	XPS	O	_	_
Siamo	essere	VI	O	_	_
in	in	E	O	_	_
decadenza	decadenza	SS	O	_	_
"!"	esclamation_mark	XPS	O	_	_

Decadenza	decadenza	SS	O	_	_
"!"	esclamation_mark	XPS	O	_	_

Questa	questo	DS	O	_	_
parola	parola	SS	O	_	_
suonava	suonare	VI	O	_	_
male	male	B	O	_	_
fra	fra	E	O	_	_
i	il	RP	O	_	_
concerti	concerto	SP	O	_	_
di	di	E	O	_	_
ammirazione	ammirazione	SS	O	_	_
per	per	E	O	_	_
il	il	RS	O	_	_
secolo	secolo	SS	O	_	_
del	di/det	ES	O	_	_
progresso	progresso	SS	O	_	_
che	che	CCHE	O	_	_
se	rifl	PN	O	_	_
ne	ne	PN	O	_	_
andava	andare	VI	O	_	_
e	e	C	O	_	_
fra	fra	E	O	_	_
le	il	RP	O	_	_
invocazioni	invocazione	SP	O	_	_
solennemente	solennemente	B	O	_	_
profetiche	profetico	AP	O	_	_
a	a	E	O	_	_
quello	quello	PS	O	_	_
che	che	CCHE	O	_	_
veniva	venire	VI	O	_	_
.	.	XPS	O	_	_

I	il	RP	O	_	_
beati	beato	SP	O	_	_
spiriti	spiriti	VPP	O	_	_
di	di	E	O	_	_
professione	professione	SS	O	_	_
,	comma	XPW	O	_	_
avvezzi	avvezzi	SP	O	_	_
a	a	E	O	_	_
decantare	decantare	VF	O	_	_
tutti	tutto	PP	O	_	_
i	il	RP	O	_	_
giorni	giorno	SP	O	_	_
le	il	RP	O	_	_
conquiste	conquista	SP	O	_	_
della	di/det	ES	O	_	_
moderna	moderno	AS	O	_	_
civiltà	civiltà	SN	O	_	_
,	comma	XPW	O	_	_
gridarono	gridare	VI	O	_	_
all’	a/det	ES	O	_	_
assurdo	assurdo	SS	O	_	_
,	comma	XPW	O	_	_
al	a/det	ES	O	_	_
pessimista	pessimista	SS	O	_	_
.	.	XPS	O	_	_

Ci	ci	PP	O	_	_
fu	essere	VI	O	_	_
però	però	C	O	_	_
chi	chi	CCHI	O	_	_
seppe	sapere	VI	O	_	_
loro	loro	DP	O	_	_
rispondere	rispondere	VF	O	_	_
che	che	CCHE	O	_	_
appunto	appunto	B	O	_	_
questo	questo	DS	O	_	_
loro	loro	DP	O	_	_
gridare	gridare	VF	O	_	_
era	essere	VI	O	_	_
un	uno	RS	O	_	_
altro	altro	DS	O	_	_
sintomo	sintomo	SS	O	_	_
della	di/det	ES	O	_	_
decadenza	decadenza	SS	O	_	_
:	:	XPS	O	_	_
così	così	B	O	_	_
avevano	avere	VIY	O	_	_
fatto	fare	VSP	O	_	_
i	il	RP	O	_	_
sofisti	sofista	SP	O	_	_
della	di/det	ES	O	_	_
Grecia	grecia	SPN	O	_	_
,	comma	XPW	O	_	_
così	così	B	O	_	_
i	il	RP	O	_	_
retori	retore	SP	O	_	_
di	di	E	O	_	_
Roma	roma	SPN	GPE	41.8933439	12.4830718
,	comma	XPW	O	_	_
così	così	B	O	_	_
gli	il	RP	O	_	_
umanisti	umanista	SP	O	_	_
del	di/det	ES	O	_	_
secolo	secolo	SS	O	_	_
XV	xv	N	O	_	_
.	.	XPS	O	_	_

Quando	quando	CADV	O	_	_
la	il	RS	O	_	_
Grecia	grecia	SPN	O	_	_
era	essere	VI	O	_	_
già	già	B	O	_	_
tributaria	tributario	AS	O	_	_
a	a	E	O	_	_
Filippo	filippo	SPN	O	_	_
,	comma	XPW	O	_	_
i	il	RP	O	_	_
sofisti	sofista	SP	O	_	_
declamavano	declamare	VI	O	_	_
ancora	ancora	B	O	_	_
il	il	RS	O	_	_
progresso	progresso	SS	O	_	_
;	semicolon	XPS	O	_	_

mentre	mentre	C	O	_	_
la	il	RS	O	_	_
minaccia	minaccia	SS	O	_	_
dei	di/det	EP	O	_	_
barbari	barbaro	SP	O	_	_
era	essere	VI	O	_	_
vicina	vicino	AS	O	_	_
al	a/det	ES	O	_	_
compimento	compimento	SS	O	_	_
,	comma	XPW	O	_	_
Simmaco	simmaco	SPN	PER	_	_
dirigeva	dirigere	VI	O	_	_
all’	a/det	ES	O	_	_
Imperatore	imperatore	SPN	O	_	_
dotti	dotto	SP	O	_	_
promemoria	promemoria	SS	O	_	_
sulla	su/det	ES	O	_	_
dea	dea	SS	O	_	_
delle	di/det	EP	O	_	_
vittorie	vittoria	SP	O	_	_
,	comma	XPW	O	_	_
e	e	C	O	_	_
quando	quando	CADV	O	_	_
la	il	RS	O	_	_
vita	vita	SS	O	_	_
cattolica	cattolico	AS	O	_	_
si	rifl	PN	O	_	_
trovava	trovare	VI	O	_	_
in	in	E	O	_	_
basso	basso	SS	O	_	_
,	comma	XPW	O	_	_
molto	molto	B	O	_	_
in	in	E	O	_	_
basso	basso	SS	O	_	_
,	comma	XPW	O	_	_
non	non	B	O	_	_
fecero	fare	VI	O	_	_
i	il	RP	O	_	_
dotti	dotto	SP	O	_	_
l’	il	RS	O	_	_
apoteosi	apoteosi	SN	O	_	_
di	di	E	O	_	_
Leone	leone	SPN	PER	_	_
X	x	SPN	O	_	_
?	?	XPS	O	_	_

E	e	C	O	_	_
se	se	C	O	_	_
poi	poi	B	O	_	_
i	il	RP	O	_	_
giornali	giornale	SP	O	_	_
rincorarono	rincorare	VI	O	_	_
ironicamente	ironicamente	B	O	_	_
questi	questo	DP	O	_	_
moralisti	moralista	SP	O	_	_
pettegoli	pettegolo	AP	O	_	_
,	comma	XPW	O	_	_
osservando	osservare	VG	O	_	_
che	che	CCHE	O	_	_
la	il	RS	O	_	_
cultura	cultura	SS	O	_	_
moderna	moderno	AS	O	_	_
infine	infine	B	O	_	_
non	non	B	O	_	_
correva	correre	VI	O	_	_
pericolo	pericolo	SS	O	_	_
,	comma	XPW	O	_	_
perché	perché	C	O	_	_
non	non	B	O	_	_
vi	vi	B	O	_	_
sono	essere	VI	O	_	_
più	più	B	O	_	_
barbari	barbaro	AP	O	_	_
,	comma	XPW	O	_	_
un	uno	RS	O	_	_
coro	coro	SS	O	_	_
ancor	ancor	B	O	_	_
più	più	B	O	_	_
forte	forte	AS	O	_	_
ribatteva	ribattere	VI	O	_	_
collo	con/det	ES	O	_	_
storico	storico	AS	O	_	_
Niebuhr	niebuhr	SPN	PER	_	_
:	:	XPS	O	_	_
«	«	XPO	O	_	_
Non	non	B	O	_	_
c’	ci	B	O	_	_
è	essere	VI	O	_	_
bisogno	bisogno	SS	O	_	_
davvero	davvero	B	O	_	_
che	che	CCHE	O	_	_
i	il	RP	O	_	_
barbari	barbaro	SP	O	_	_
scendano	scendere	VI	O	_	_
d’	di	E	O	_	_
oltre	oltre	E	O	_	_
le	il	RP	O	_	_
frontiere	frontiera	SP	O	_	_
;	semicolon	XPS	O	_	_

essi	essi	PP	O	_	_
vengono	venire	VI	O	_	_
su	su	E	O	_	_
nel	in/det	ES	O	_	_
bel	bello	AS	O	_	_
mezzo	mezzo	SS	O	_	_
dei	di/det	EP	O	_	_
popoli	popolo	SP	O	_	_
presenti	presente	AP	O	_	_
»	»	XPO	O	_	_
.	.	XPS	O	_	_

E	e	C	O	_	_
così	così	B	O	_	_
,	comma	XPW	O	_	_
o	o	C	O	_	_
signori	signore	SP	O	_	_
,	comma	XPW	O	_	_
le	il	RP	O	_	_
voci	voce	SP	O	_	_
di	di	E	O	_	_
Cassandra	cassandra	SPN	O	_	_
si	rifl	PN	O	_	_
fanno	fare	VI	O	_	_
più	più	B	O	_	_
numerose	numeroso	AP	O	_	_
e	e	C	O	_	_
più	più	B	O	_	_
forti	forte	AP	O	_	_
,	comma	XPW	O	_	_
mentre	mentre	C	O	_	_
anche	anche	C	O	_	_
chi	chi	CCHI	O	_	_
non	non	B	O	_	_
è	essere	VIY	O	_	_
solito	solito	VSP	O	_	_
vedere	vedere	VF	O	_	_
le	il	RP	O	_	_
cose	cosa	SP	O	_	_
sotto	sotto	E	O	_	_
la	il	RS	O	_	_
corteccia	corteccia	SS	O	_	_
,	comma	XPW	O	_	_
non	non	B	O	_	_
ha	avere	VI	O	_	_
più	più	B	O	_	_
il	il	RS	O	_	_
coraggio	coraggio	SS	O	_	_
di	di	E	O	_	_
protestare	protestare	VF	O	_	_
che	che	CCHE	O	_	_
la	il	RS	O	_	_
questione	questione	SS	O	_	_
sia	essere	VIY	O	_	_
stata	essere	VSPY	O	_	_
posta	porre	VSP	O	_	_
.	.	XPS	O	_	_

Evidentemente	evidentemente	B	O	_	_
la	il	RS	O	_	_
diversità	diversità	SN	O	_	_
del	di/det	ES	O	_	_
giudizio	giudizio	SS	O	_	_
trova	trovare	VI	O	_	_
la	il	RS	O	_	_
sua	suo	DS	O	_	_
ragione	ragione	SS	O	_	_
in	in	E	O	_	_
due	due	N	O	_	_
diverse	diverso	AP	O	_	_
concezioni	concezione	SP	O	_	_
della	di/det	ES	O	_	_
vita	vita	SS	O	_	_
dell’	di/det	ES	O	_	_
umanità	umanità	SN	O	_	_
:	:	XPS	O	_	_
l’	il	RS	O	_	_
una	uno	RS	O	_	_
cristiana	cristiana	SS	O	_	_
,	comma	XPW	O	_	_
colla	con/det	ES	O	_	_
creazione	creazione	SS	O	_	_
,	comma	XPW	O	_	_
il	il	RS	O	_	_
peccato	peccato	SS	O	_	_
di	di	E	O	_	_
origine	origine	SS	O	_	_
e	e	C	O	_	_
la	il	RS	O	_	_
redenzione	redenzione	SS	O	_	_
;	semicolon	XPS	O	_	_

l’	il	RS	O	_	_
altra	altro	PS	O	_	_
la	il	RS	O	_	_
«	«	XPO	O	_	_
scientifica	scientifico	AS	O	_	_
»	»	XPO	O	_	_
,	comma	XPW	O	_	_
la	il	RS	O	_	_
quale	quale	PS	O	_	_
spiega	spiegare	VI	O	_	_
la	il	RS	O	_	_
storia	storia	SS	O	_	_
colla	con/det	ES	O	_	_
lotta	lotta	SS	O	_	_
per	per	E	O	_	_
l’	il	RS	O	_	_
esistenza	esistenza	SS	O	_	_
che	che	CCHE	O	_	_
lentamente	lentamente	B	O	_	_
–	–	XPO	O	_	_
ma	ma	C	O	_	_
di	di	E	O	_	_
continuo	continuo	AS	O	_	_
–	–	XPO	O	_	_
va	andare	VI	O	_	_
avvicinando	avvicinare	VG	O	_	_
l’	il	RS	O	_	_
uomo	uomo	SS	O	_	_
alla	a/det	ES	O	_	_
perfezione	perfezione	SS	O	_	_
.	.	XPS	O	_	_

La	il	RS	O	_	_
seconda	seconda	SS	O	_	_
esclude	escludere	VI	O	_	_
a	a	E	O	_	_
priori	priore	SP	O	_	_
ogni	ogni	DS	O	_	_
idea	idea	SS	O	_	_
di	di	E	O	_	_
decadenza	decadenza	SS	O	_	_
;	semicolon	XPS	O	_	_

la	il	RS	O	_	_
prima	primo	AS	O	_	_
fa	fare	VI	O	_	_
dipendere	dipendere	VF	O	_	_
il	il	RS	O	_	_
progresso	progresso	SS	O	_	_
ed	ed	C	O	_	_
il	il	RS	O	_	_
regresso	regresso	SS	O	_	_
da	da	E	O	_	_
certe	certo	DP	O	_	_
leggi	leggio	SP	O	_	_
morali	morale	AP	O	_	_
generali	generale	AP	O	_	_
,	comma	XPW	O	_	_
le	il	RP	O	_	_
quali	quale	PP	O	_	_
sono	essere	VI	O	_	_
la	il	RS	O	_	_
quintessenza	quintessenza	SS	O	_	_
del	di/det	ES	O	_	_
cristianesimo	cristianesimo	SS	O	_	_
.	.	XPS	O	_	_

Ora	ora	B	O	_	_
,	comma	XPW	O	_	_
secondo	secondo	E	O	_	_
questi	questo	DP	O	_	_
principi	principio	SP	O	_	_
cristiani	cristiano	AP	O	_	_
,	comma	XPW	O	_	_
facciamo	fare	VI	O	_	_
anche	anche	C	O	_	_
noi	noi	PP	O	_	_
,	comma	XPW	O	_	_
o	o	C	O	_	_
signori	signore	SP	O	_	_
,	comma	XPW	O	_	_
questa	questo	DS	O	_	_
domanda	domanda	SS	O	_	_
:	:	XPS	O	_	_
la	il	RS	O	_	_
cultura	cultura	SS	O	_	_
moderna	moderno	AS	O	_	_
si	rifl	PN	O	_	_
può	potere	VI	O	_	_
dire	dire	VF	O	_	_
in	in	E	O	_	_
decadenza	decadenza	SS	O	_	_
?	?	XPS	O	_	_

Qui	qui	B	O	_	_
io	io	PS	O	_	_
rispondo	rispondere	VI	O	_	_
senz’	senz'	E	O	_	_
altro	altro	DS	O	_	_
affermativamente	affermativamente	SS	O	_	_
.	.	XPS	O	_	_

Esaminiamo	esaminare	VI	O	_	_
infatti	infatti	C	O	_	_
al	a/det	ES	O	_	_
lume	lume	SS	O	_	_
di	di	E	O	_	_
questa	questo	DS	O	_	_
principi	principi	SS	O	_	_
,	comma	XPW	O	_	_
e	e	C	O	_	_
brevemente	brevemente	B	O	_	_
,	comma	XPW	O	_	_
lo	il	RS	O	_	_
stato	stato	SS	O	_	_
presente	presente	AS	O	_	_
della	di/det	ES	O	_	_
nostra	nostro	DS	O	_	_
cultura	cultura	SS	O	_	_
,	comma	XPW	O	_	_
di	di	E	O	_	_
quella	quello	PS	O	_	_
che	che	CCHE	O	_	_
si	rifl	PN	O	_	_
dice	dire	VI	O	_	_
più	più	B	O	_	_
propriamente	propriamente	B	O	_	_
moderna	moderno	AS	O	_	_
.	.	XPS	O	_	_

«	«	XPO	O	_	_
Dal	da/det	ES	O	_	_
marcio	marcio	SS	O	_	_
di	di	E	O	_	_
nazioni	nazione	SP	O	_	_
decadute	decaduto	AP	O	_	_
,	comma	XPW	O	_	_
da	da	E	O	_	_
religioni	religione	SP	O	_	_
intimamente	intimamente	B	O	_	_
corrotte	corrompere	VPP	O	_	_
salga	salire	VI	O	_	_
la	il	RS	O	_	_
pura	puro	AS	O	_	_
umanità	umanità	SN	O	_	_
"!"	esclamation_mark	XPS	O	_	_

»	»	XPO	O	_	_
.	.	XPS	O	_	_

Questo	questo	PS	O	_	_
superbo	superbo	AS	O	_	_
desiderio	desiderio	SS	O	_	_
di	di	E	O	_	_
un	uno	RS	O	_	_
radicale	radicale	SS	O	_	_
del	di/det	ES	O	_	_
’48	’48	N	O	_	_
divenne	divenire	VI	O	_	_
il	il	RS	O	_	_
programma	programma	SS	O	_	_
,	comma	XPW	O	_	_
la	il	RS	O	_	_
meta	meta	SS	O	_	_
delle	di/det	EP	O	_	_
nostre	nostro	DP	O	_	_
classi	classe	SP	O	_	_
colte	colto	AP	O	_	_
.	.	XPS	O	_	_

Riflesso	riflesso	SS	O	_	_
del	di/det	ES	O	_	_
materialismo	materialismo	SS	O	_	_
pratico	pratico	AS	O	_	_
che	che	CCHE	O	_	_
rodeva	rodere	VI	O	_	_
già	già	B	O	_	_
queste	questo	DP	O	_	_
classi	classe	SP	O	_	_
sfruttatrici	sfruttatrici	AP	O	_	_
,	comma	XPW	O	_	_
il	il	RS	O	_	_
materialismo	materialismo	SS	O	_	_
teoretico	teoretico	AS	O	_	_
invase	invadere	VI	O	_	_
la	il	RS	O	_	_
filosofia	filosofia	SS	O	_	_
,	comma	XPW	O	_	_
l’	il	RS	O	_	_
arte	arte	SS	O	_	_
,	comma	XPW	O	_	_
la	il	RS	O	_	_
letteratura	letteratura	SS	O	_	_
,	comma	XPW	O	_	_
tutta	tutto	DS	O	_	_
una	uno	RS	O	_	_
civiltà	civiltà	SN	O	_	_
.	.	XPS	O	_	_

Il	il	RS	O	_	_
risorgere	risorgere	VF	O	_	_
delle	di/det	EP	O	_	_
scienze	scienza	SP	O	_	_
naturali	naturale	AP	O	_	_
per	per	E	O	_	_
Darwin	darwin	SPN	O	_	_
parve	parere	VI	O	_	_
segnare	segnare	VF	O	_	_
la	il	RS	O	_	_
via	via	SS	O	_	_
del	di/det	ES	O	_	_
secolo	secolo	SS	O	_	_
rigoglioso	rigoglioso	AS	O	_	_
d’	di	E	O	_	_
energie	energia	SP	O	_	_
speculative	speculativo	AP	O	_	_
,	comma	XPW	O	_	_
e	e	C	O	_	_
la	il	RS	O	_	_
filosofia	filosofia	SS	O	_	_
con	con	E	O	_	_
rinnovato	rinnovato	AS	O	_	_
ardore	ardore	SS	O	_	_
si	rifl	PN	O	_	_
lanciò	lanciare	VI	O	_	_
sulle	su/det	EP	O	_	_
nuove	nuovo	AP	O	_	_
tracce	traccia	SP	O	_	_
,	comma	XPW	O	_	_
in	in	E	O	_	_
cerca	cerca	SS	O	_	_
dell’	di/det	ES	O	_	_
«	«	XPO	O	_	_
humanitas	humanitas	SS	O	_	_
»	»	XPO	O	_	_
.	.	XPS	O	_	_

Si	rifl	PN	O	_	_
trattava	trattare	VI	O	_	_
di	di	E	O	_	_
ricostruire	ricostruire	VF	O	_	_
l’	il	RS	O	_	_
armonia	armonia	SS	O	_	_
intellettuale	intellettuale	AS	O	_	_
e	e	C	O	_	_
spirituale	spirituale	AS	O	_	_
,	comma	XPW	O	_	_
che	che	CCHE	O	_	_
col	con/det	ES	O	_	_
ripudio	ripudio	SS	O	_	_
del	di/det	ES	O	_	_
cristianesimo	cristianesimo	SS	O	_	_
era	essere	VIY	O	_	_
andata	andare	VSP	O	_	_
perduta	perduto	AS	O	_	_
,	comma	XPW	O	_	_
e	e	C	O	_	_
della	di/det	ES	O	_	_
cui	cui	PN	O	_	_
mancanza	mancanza	SS	O	_	_
si	rifl	PN	O	_	_
presentivano	presentare	VI	O	_	_
le	il	RP	O	_	_
rovine	rovina	SP	O	_	_
.	.	XPS	O	_	_

Assistemmo	assistere	VI	O	_	_
quindi	quindi	B	O	_	_
alla	a/det	ES	O	_	_
costruzione	costruzione	SS	O	_	_
di	di	E	O	_	_
una	uno	RS	O	_	_
serie	serie	SN	O	_	_
di	di	E	O	_	_
ipotesi	ipotesi	SN	O	_	_
,	comma	XPW	O	_	_
l’	il	RS	O	_	_
una	uno	PS	O	_	_
delle	di/det	EP	O	_	_
quali	quale	PP	O	_	_
distruggeva	distruggere	VI	O	_	_
l’	il	RS	O	_	_
altra	altro	PS	O	_	_
,	comma	XPW	O	_	_
e	e	C	O	_	_
che	che	CCHE	O	_	_
erano	essere	VI	O	_	_
estranee	estraneo	AP	O	_	_
al	a/det	ES	O	_	_
cristianesimo	cristianesimo	SS	O	_	_
,	comma	XPW	O	_	_
e	e	C	O	_	_
non	non	B	O	_	_
sempre	sempre	B	O	_	_
ostili	ostile	AP	O	_	_
.	.	XPS	O	_	_

Se	se	C	O	_	_
esaminiamo	esaminare	VI	O	_	_
anzi	anzi	B	O	_	_
i	il	RP	O	_	_
risultati	risultato	SP	O	_	_
di	di	E	O	_	_
questa	questo	DS	O	_	_
scienza	scienza	SS	O	_	_
,	comma	XPW	O	_	_
ci	ci	PP	O	_	_
si	rifl	PN	O	_	_
trova	trovare	VI	O	_	_
tropo	tropo	B	O	_	_
spesso	spesso	B	O	_	_
una	uno	RS	O	_	_
tendenza	tendenza	SS	O	_	_
preconcetta	preconcetto	AS	O	_	_
–	–	XPO	O	_	_
cosa	cosa	SS	O	_	_
forse	forse	B	O	_	_
naturale	naturale	AS	O	_	_
,	comma	XPW	O	_	_
dati	dato	SP	O	_	_
i	il	RP	O	_	_
precedenti	precedente	SP	O	_	_
.	.	XPS	O	_	_

Lo	il	RS	O	_	_
scienziato	scienziato	SS	O	_	_
cioè	cioe`	B	O	_	_
cerca	cercare	VI	O	_	_
qualche	qualche	DS	O	_	_
cosa	cosa	SS	O	_	_
che	che	CCHE	O	_	_
sia	essere	VI	O	_	_
fuori	fuori	E	O	_	_
del	di/det	ES	O	_	_
cristianesimo	cristianesimo	SS	O	_	_
ed	ed	C	O	_	_
intorno	intorno	E	O	_	_
a	a	E	O	_	_
questo	questo	PS	O	_	_
qualche	qualche	DS	O	_	_
cosa	cosa	SS	O	_	_
fabbrica	fabbrica	AS	O	_	_
la	il	RS	O	_	_
sua	suo	DS	O	_	_
teoria	teoria	SS	O	_	_
o	o	C	O	_	_
il	il	RS	O	_	_
suo	suo	DS	O	_	_
sistema	sistema	SS	O	_	_
il	il	RS	O	_	_
quale	quale	PS	O	_	_
–	–	XPO	O	_	_
fatalmente	fatalmente	B	O	_	_
–	–	XPO	O	_	_
riesce	riuscire	VI	O	_	_
un	uno	RS	O	_	_
aborto	aborto	SS	O	_	_
.	.	XPS	O	_	_

E	e	C	O	_	_
tale	tale	AS	O	_	_
fu	essere	VI	O	_	_
oramai	oramai	B	O	_	_
dichiarato	dichiarare	VSP	O	_	_
l’	il	RS	O	_	_
ultimo	ultimo	AS	O	_	_
tentativo	tentativo	SS	O	_	_
di	di	E	O	_	_
Haeckel	haeckel	SPN	O	_	_
2	2	N	O	_	_
)	close_parenthesis	XPB	O	_	_
e	e	C	O	_	_
l’	il	RS	O	_	_
altro	altro	PS	O	_	_
che	che	CCHE	O	_	_
riguarda	riguardare	VI	O	_	_
più	più	B	O	_	_
specialmente	specialmente	B	O	_	_
la	il	RS	O	_	_
cultura	cultura	SS	O	_	_
,	comma	XPW	O	_	_
di	di	E	O	_	_
H.	h.	YA	O	_	_
Stewart	stewart	SPN	O	_	_
Chamberlain	chamberlain	SPN	PER	_	_
3	3	N	O	_	_
)	close_parenthesis	XPB	O	_	_
.	.	XPS	O	_	_

In	in	E	O	_	_
tal	tale	SS	O	_	_
maniera	maniera	SS	O	_	_
la	il	RS	O	_	_
scienza	scienza	SS	O	_	_
che	che	CCHE	O	_	_
si	rifl	PN	O	_	_
era	essere	VIY	O	_	_
proposta	proporre	VSP	O	_	_
la	il	RS	O	_	_
ricostruzione	ricostruzione	SS	O	_	_
dell’	di/det	ES	O	_	_
unità	unità	SN	O	_	_
universale	universale	AS	O	_	_
degli	di/det	EP	O	_	_
spiriti	spirito	SP	O	_	_
,	comma	XPW	O	_	_
lavorò	lavorare	VI	O	_	_
più	più	B	O	_	_
che	che	CCHE	O	_	_
mai	mai	B	O	_	_
a	a	E	O	_	_
creare	creare	VF	O	_	_
la	il	RS	O	_	_
presente	presente	AS	O	_	_
anarchia	anarchia	SS	O	_	_
intellettuale	intellettuale	AS	O	_	_
e	e	C	O	_	_
religiosa	religioso	AS	O	_	_
.	.	XPS	O	_	_

A	a	E	O	_	_
me	io	PS	O	_	_
pare	parere	VI	O	_	_
che	che	CCHE	O	_	_
di	di	E	O	_	_
tutto	tutto	DS	O	_	_
questo	questo	PS	O	_	_
lavoro	lavoro	SS	O	_	_
deleterio	deleterio	AS	O	_	_
,	comma	XPW	O	_	_
compiutosi	compiutosi	VG+E	O	_	_
nei	in/det	EP	O	_	_
gabinetti	gabinetto	SP	O	_	_
dei	di/det	EP	O	_	_
dotti	dotto	SP	O	_	_
,	comma	XPW	O	_	_
siano	essere	VIY	O	_	_
passate	passare	VPP	O	_	_
sostanzialmente	sostanzialmente	B	O	_	_
nella	in/det	ES	O	_	_
coscienza	coscienza	SS	O	_	_
popolare	popolare	AS	O	_	_
due	due	N	O	_	_
correnti	corrente	SP	O	_	_
:	:	XPS	O	_	_
la	il	RS	O	_	_
corrente	corrente	SS	O	_	_
positivista	positivista	AS	O	_	_
,	comma	XPW	O	_	_
la	il	RS	O	_	_
quale	quale	PS	O	_	_
esclude	escludere	VI	O	_	_
dal	da/det	ES	O	_	_
sensibile	sensibile	SS	O	_	_
ogni	ogni	DS	O	_	_
causa	causa	SS	O	_	_
superiore	superiore	AS	O	_	_
ed	ed	C	O	_	_
interna	interno	AS	O	_	_
e	e	C	O	_	_
la	il	RS	O	_	_
corrente	corrente	SS	O	_	_
pessimista	pessimista	AS	O	_	_
,	comma	XPW	O	_	_
la	il	RS	O	_	_
quale	quale	PS	O	_	_
trova	trovare	VI	O	_	_
la	il	RS	O	_	_
sua	suo	DS	O	_	_
ragione	ragione	SS	O	_	_
nell’	in/det	ES	O	_	_
ignoramus	ignoramus	SS	O	_	_
,	comma	XPW	O	_	_
messo	mettere	VSP	O	_	_
a	a	E	O	_	_
conclusione	conclusione	SS	O	_	_
di	di	E	O	_	_
tutta	tutto	DS	O	_	_
la	il	RS	O	_	_
critica	critica	SS	O	_	_
scientifica	scientifico	AS	O	_	_
fino	fino	E	O	_	_
ad	ad	E	O	_	_
oggi	oggi	B	O	_	_
.	.	XPS	O	_	_

E	e	C	O	_	_
sono	essere	VI	O	_	_
appunto	appunto	B	O	_	_
queste	questo	DP	O	_	_
due	due	N	O	_	_
correnti	corrente	SP	O	_	_
che	che	CCHE	O	_	_
innondano	innondano	VI	O	_	_
e	e	C	O	_	_
trascinano	trascinare	VI	O	_	_
via	via	B	O	_	_
la	il	RS	O	_	_
vita	vita	SS	O	_	_
nostra	nostro	AS	O	_	_
e	e	C	O	_	_
vi	vi	B	O	_	_
imprimono	imprimere	VI	O	_	_
il	il	RS	O	_	_
marchio	marchio	SS	O	_	_
della	di/det	ES	O	_	_
decadenza	decadenza	SS	O	_	_
.	.	XPS	O	_	_

E	e	C	O	_	_
invano	invano	B	O	_	_
la	il	RS	O	_	_
prima	primo	AS	O	_	_
corrente	corrente	SS	O	_	_
,	comma	XPW	O	_	_
la	il	RS	O	_	_
positivista	positivista	SS	O	_	_
crea	creare	VI	O	_	_
in	in	E	O	_	_
arte	arte	SS	O	_	_
il	il	RS	O	_	_
verismo	verismo	SS	O	_	_
e	e	C	O	_	_
il	il	RS	O	_	_
naturalismo	naturalismo	SS	O	_	_
in	in	E	O	_	_
letteratura	letteratura	SS	O	_	_
.	.	XPS	O	_	_

«	«	XPO	O	_	_
Ricacciate	ricacciare	VPP	O	_	_
nella	in/det	ES	O	_	_
cerchia	cerchia	SS	O	_	_
umana	umano	AS	O	_	_
ed	ed	C	O	_	_
umanizzate	umanizzare	VPP	O	_	_
tutti	tutto	DP	O	_	_
gli	il	RP	O	_	_
ideali	ideale	SP	O	_	_
»	»	XPO	O	_	_
,	comma	XPW	O	_	_
non	non	B	O	_	_
era	essere	VI	O	_	_
solo	solo	B	O	_	_
la	il	RS	O	_	_
meta	meta	SS	O	_	_
di	di	E	O	_	_
Cavallotti	cavallotti	SPN	PER	_	_
,	comma	XPW	O	_	_
ma	ma	C	O	_	_
è	essere	VI	O	_	_
una	uno	RS	O	_	_
tendenza	tendenza	SS	O	_	_
dell’	di/det	ES	O	_	_
arte	arte	SS	O	_	_
e	e	C	O	_	_
della	di/det	ES	O	_	_
letteratura	letteratura	SS	O	_	_
più	più	B	O	_	_
in	in	E	O	_	_
voga	voga	SS	O	_	_
.	.	XPS	O	_	_

Respinti	respinto	SP	O	_	_
gli	il	RP	O	_	_
ideali	ideale	SP	O	_	_
cristiani	cristiano	AP	O	_	_
,	comma	XPW	O	_	_
eminentemente	eminentemente	B	O	_	_
sociali	sociale	AP	O	_	_
ed	ed	C	O	_	_
educativi	educativo	AP	O	_	_
,	comma	XPW	O	_	_
l’	il	RS	O	_	_
arte	arte	SS	O	_	_
–	–	XPO	O	_	_
e	e	C	O	_	_
qui	qui	B	O	_	_
parlo	parlare	VI	O	_	_
dell’	di/det	ES	O	_	_
arte	arte	SS	O	_	_
nel	in/det	ES	O	_	_
suo	suo	DS	O	_	_
significato	significato	SS	O	_	_
estetico	estetico	AS	O	_	_
universale	universale	AS	O	_	_
–	–	XPO	O	_	_
seguendo	seguire	VG	O	_	_
l’	il	RS	O	_	_
evoluzione	evoluzione	SS	O	_	_
scientifica	scientifico	AS	O	_	_
,	comma	XPW	O	_	_
è	essere	VIY	O	_	_
discesa	discendere	VSP	O	_	_
all’	a/det	ES	O	_	_
ideale	ideale	SS	O	_	_
del	di/det	ES	O	_	_
«	«	XPO	O	_	_
puro	puro	AS	O	_	_
humanum	humanum	SS	O	_	_
»	»	XPO	O	_	_
di	di	E	O	_	_
lì	lì	B	O	_	_
a	a	E	O	_	_
quello	quello	PS	O	_	_
della	di/det	ES	O	_	_
«	«	XPO	O	_	_
sana	sano	AS	O	_	_
sensualità	sensualità	SN	O	_	_
»	»	XPO	O	_	_
ed	ed	C	O	_	_
infine	infine	B	O	_	_
a	a	E	O	_	_
quello	quello	PS	O	_	_
che	che	CCHE	O	_	_
i	il	RP	O	_	_
veristi	verista	SP	O	_	_
non	non	B	O	_	_
si	rifl	PN	O	_	_
peritarono	peritare	VI	O	_	_
di	di	E	O	_	_
chiamare	chiamare	VF	O	_	_
«	«	XPO	O	_	_
ideale	ideale	AS	O	_	_
della	di/det	ES	O	_	_
porcheria	porcheria	SS	O	_	_
»	»	XPO	O	_	_
.	.	XPS	O	_	_

Di	di	E	O	_	_
più	più	B	O	_	_
l’	il	RS	O	_	_
arte	arte	SS	O	_	_
,	comma	XPW	O	_	_
causa	causare	VI	O	_	_
l’	il	RS	O	_	_
anarchia	anarchia	SS	O	_	_
intellettuale	intellettuale	AS	O	_	_
invadente	invadente	B	O	_	_
si	rifl	PN	O	_	_
è	essere	VIY	O	_	_
ritirata	ritirare	VSP	O	_	_
nel	in/det	ES	O	_	_
suo	suo	DS	O	_	_
tempio	tempio	SS	O	_	_
vi	vi	B	O	_	_
si	rifl	PN	O	_	_
è	essere	VIY	O	_	_
fatto	fare	VSP	O	_	_
un	uno	RS	O	_	_
culto	culto	SS	O	_	_
naturale	naturale	AS	O	_	_
,	comma	XPW	O	_	_
indipendente	indipendente	AS	O	_	_
dalle	da/det	EP	O	_	_
leggi	leggio	SP	O	_	_
morali	morale	AP	O	_	_
e	e	C	O	_	_
si	rifl	PN	O	_	_
è	essere	VIY	O	_	_
dichiarata	dichiarare	VSP	O	_	_
fine	fine	SS	O	_	_
a	a	E	O	_	_
sé	sé	PN	O	_	_
stessa	stesso	DS	O	_	_
,	comma	XPW	O	_	_
col	con/det	ES	O	_	_
diritto	diritto	SS	O	_	_
di	di	E	O	_	_
spaziare	spaziare	VF	O	_	_
liberamente	liberamente	B	O	_	_
nel	in/det	ES	O	_	_
campo	campo	SS	O	_	_
della	di/det	ES	O	_	_
natura	natura	SS	O	_	_
sensibile	sensibile	AS	O	_	_
,	comma	XPW	O	_	_
senza	senza	E	O	_	_
alcun	alcuno	DS	O	_	_
ritegno	ritegno	SS	O	_	_
sovrannaturale	sovrannaturale	AS	O	_	_
.	.	XPS	O	_	_

Allora	allora	C	O	_	_
la	il	RS	O	_	_
formola	formola	SS	O	_	_
dell’	di/det	ES	O	_	_
«	«	XPO	O	_	_
arte	arte	SS	O	_	_
per	per	E	O	_	_
l’	il	RS	O	_	_
arte	arte	SS	O	_	_
»	»	XPO	O	_	_
diventò	diventare	VI	O	_	_
segnale	segnale	SS	O	_	_
della	di/det	ES	O	_	_
decadenza	decadenza	SS	O	_	_
.	.	XPS	O	_	_

L’	il	RS	O	_	_
arte	arte	SS	O	_	_
divenne	divenire	VI	O	_	_
all’	a/det	ES	O	_	_
uomo	uomo	SS	O	_	_
dea	dea	AS	O	_	_
o	o	C	O	_	_
tiranna	tiranna	SS	O	_	_
e	e	C	O	_	_
non	non	B	O	_	_
potendo	potere	VG	O	_	_
più	più	B	O	_	_
essere	essere	VF	O	_	_
la	il	RS	O	_	_
rappresentazione	rappresentazione	SS	O	_	_
del	di/det	ES	O	_	_
vero	vero	SS	O	_	_
,	comma	XPW	O	_	_
fu	essere	VI	O	_	_
lo	il	RS	O	_	_
specchio	specchio	SS	O	_	_
–	–	XPO	O	_	_
con	con	E	O	_	_
poche	poco	DP	O	_	_
eccezioni	eccezione	SP	O	_	_
che	che	CCHE	O	_	_
avremo	avere	VI	O	_	_
occasioni	occasione	SP	O	_	_
di	di	E	O	_	_
rilevare	rilevare	VF	O	_	_
–	–	XPO	O	_	_
dell’	di/det	ES	O	_	_
anarchia	anarchia	SS	O	_	_
morale	morale	AS	O	_	_
della	di/det	ES	O	_	_
nostra	nostro	DS	O	_	_
vita	vita	SS	O	_	_
paganeggiante	paganeggiante	AS	O	_	_
.	.	XPS	O	_	_

Dovremo	dovere	VI	O	_	_
quindi	quindi	B	O	_	_
meravigliarci	meravigliare/loc/pro	VF+E	O	_	_
,	comma	XPW	O	_	_
o	o	C	O	_	_
signori	signore	SP	O	_	_
,	comma	XPW	O	_	_
se	se	C	O	_	_
uno	uno	PS	O	_	_
di	di	E	O	_	_
questi	questo	DP	O	_	_
letterati	letterato	SP	O	_	_
moderni	moderno	AP	O	_	_
,	comma	XPW	O	_	_
Octave	octave	SPN	O	_	_
Mirbeau	mirbeau	SPN	O	_	_
,	comma	XPW	O	_	_
giunse	giungere	VI	O	_	_
a	a	E	O	_	_
dire	dire	VF	O	_	_
:	:	XPS	O	_	_
«	«	XPO	O	_	_
Riprovo	riprovare	VI	O	_	_
ogni	ogni	DS	O	_	_
restrizione	restrizione	SS	O	_	_
governativa	governativo	AS	O	_	_
ed	ed	C	O	_	_
ogni	ogni	DS	O	_	_
censura	censura	SS	O	_	_
che	che	CCHE	O	_	_
sono	essere	VI	O	_	_
sempre	sempre	B	O	_	_
state	essere	VPP	O	_	_
ridicole	ridicole	SP	O	_	_
.	.	XPS	O	_	_

Non	non	B	O	_	_
so	sapere	VI	O	_	_
che	che	CCHE	O	_	_
cosa	cosa	SS	O	_	_
sia	essere	VI	O	_	_
il	il	RS	O	_	_
pudore	pudore	SS	O	_	_
,	comma	XPW	O	_	_
che	che	CCHE	O	_	_
cosa	cosa	SS	O	_	_
sia	essere	VI	O	_	_
la	il	RS	O	_	_
pornografia	pornografia	SS	O	_	_
.	.	XPS	O	_	_

Il	il	RS	O	_	_
solo	solo	AS	O	_	_
vizio	vizio	SS	O	_	_
di	di	E	O	_	_
cui	cui	PN	O	_	_
io	io	PS	O	_	_
abbia	avere	VIY	O	_	_
veramente	veramente	B	O	_	_
orrore	orrore	SS	O	_	_
,	comma	XPW	O	_	_
perché	perché	C	O	_	_
li	li	PP	O	_	_
contiene	contenere	VI	O	_	_
tutti	tutto	PP	O	_	_
,	comma	XPW	O	_	_
è	essere	VI	O	_	_
quello	quello	PS	O	_	_
che	che	CCHE	O	_	_
le	il	RP	O	_	_
persone	persona	SP	O	_	_
oneste	onesto	AP	O	_	_
chiamano	chiamare	VI	O	_	_
la	il	RS	O	_	_
virtù	virtù	SS	O	_	_
?	?	XPS	O	_	_

»	»	XPO	O	_	_
.	.	XPS	O	_	_

Era	essere	VIY	O	_	_
poi	poi	B	O	_	_
anche	anche	C	O	_	_
logico	logico	AS	O	_	_
che	che	CCHE	O	_	_
quest’	questo	DS	O	_	_
arte	arte	SS	O	_	_
,	comma	XPW	O	_	_
così	così	B	O	_	_
vuota	vuoto	AS	O	_	_
d’	di	E	O	_	_
energia	energia	SS	O	_	_
interiore	interiore	AS	O	_	_
,	comma	XPW	O	_	_
diventasse	diventare	VI	O	_	_
soprattutto	soprattutto	B	O	_	_
un	uno	RS	O	_	_
culto	culto	SS	O	_	_
della	di/det	ES	O	_	_
forma	forma	SS	O	_	_
.	.	XPS	O	_	_

La	il	RS	O	_	_
pittura	pittura	SS	O	_	_
si	rifl	PN	O	_	_
seppellì	seppellire	VI	O	_	_
nei	in/det	EP	O	_	_
petali	petalo	SP	O	_	_
di	di	E	O	_	_
fiori	fiore	SP	O	_	_
strani	strano	AP	O	_	_
artistici	artistico	AP	O	_	_
(	open_parenthesis	XPB	O	_	_
secessionismo	secessionismo	SS	O	_	_
)	close_parenthesis	XPB	O	_	_
,	comma	XPW	O	_	_
la	il	RS	O	_	_
scultura	scultura	SS	O	_	_
ritrasse	ritrare	VI	O	_	_
finalmente	finalmente	B	O	_	_
la	il	RS	O	_	_
bella	bella	SS	O	_	_
«	«	XPO	O	_	_
bestia	bestia	SS	O	_	_
bionda	biondo	AS	O	_	_
»	»	XPO	O	_	_
e	e	C	O	_	_
il	il	RS	O	_	_
«	«	XPO	O	_	_
primo	primo	AS	O	_	_
dei	di/det	EP	O	_	_
mammiferi	mammifero	SP	O	_	_
»	»	XPO	O	_	_
e	e	C	O	_	_
la	il	RS	O	_	_
letteratura	letteratura	SS	O	_	_
senza	senza	E	O	_	_
un	uno	RS	O	_	_
substrato	substrato	SS	O	_	_
filosofico	filosofico	AS	O	_	_
e	e	C	O	_	_
sincero	sincero	AS	O	_	_
,	comma	XPW	O	_	_
parve	parere	VI	O	_	_
una	uno	RS	O	_	_
bella	bello	AS	O	_	_
donna	donna	SS	O	_	_
delicata	delicato	AS	O	_	_
,	comma	XPW	O	_	_
la	il	RS	O	_	_
quale	quale	PS	O	_	_
,	comma	XPW	O	_	_
coi	con/det	EP	O	_	_
piedi	piede	SP	O	_	_
nel	in/det	ES	O	_	_
fango	fango	SS	O	_	_
,	comma	XPW	O	_	_
guarda	guardare	VI	O	_	_
con	con	E	O	_	_
gli	il	RP	O	_	_
occhi	occhio	SP	O	_	_
languidi	languido	AP	O	_	_
verso	verso	E	O	_	_
il	il	RS	O	_	_
cielo	cielo	SS	O	_	_
ove	ove	B	O	_	_
in	in	E	O	_	_
mancanza	mancanza	SS	O	_	_
dell’	di/det	ES	O	_	_
«	«	XPO	O	_	_
ideale	ideale	AS	O	_	_
»	»	XPO	O	_	_
si	rifl	PN	O	_	_
è	essere	VIY	O	_	_
formato	formare	VSP	O	_	_
un	uno	RS	O	_	_
fantasma	fantasma	SS	O	_	_
di	di	E	O	_	_
bellezza	bellezza	SS	O	_	_
fatto	fare	VSP	O	_	_
di	di	E	O	_	_
nuvole	nuvola	SP	O	_	_
e	e	C	O	_	_
di	di	E	O	_	_
colori	colore	SP	O	_	_
.	.	XPS	O	_	_

Tale	tale	AS	O	_	_
è	essere	VI	O	_	_
l’	il	RS	O	_	_
arte	arte	SS	O	_	_
del	di/det	ES	O	_	_
Verlaine	verlaine	SPN	O	_	_
,	comma	XPW	O	_	_
del	di/det	ES	O	_	_
Rimbaud	rimbaud	SPN	O	_	_
e	e	C	O	_	_
del	di/det	ES	O	_	_
Mallarmè	mallarmè	SPN	O	_	_
,	comma	XPW	O	_	_
tale	tale	AS	O	_	_
è	essere	VI	O	_	_
l’	il	RS	O	_	_
arte	arte	SS	O	_	_
dei	di/det	EP	O	_	_
superuomini	superuomini	SP	O	_	_
dannunziani	dannunziano	AP	O	_	_
,	comma	XPW	O	_	_
il	il	RS	O	_	_
cui	cui	PN	O	_	_
maestro	maestro	SS	O	_	_
,	comma	XPW	O	_	_
malgrado	malgrado	E	O	_	_
delle	di/det	EP	O	_	_
splendide	splendido	AP	O	_	_
pagine	pagina	SP	O	_	_
date	dare	VPP	O	_	_
alla	a/det	ES	O	_	_
letteratura	letteratura	SS	O	_	_
,	comma	XPW	O	_	_
concentra	concentrare	VI	O	_	_
in	in	E	O	_	_
sé	sé	PN	O	_	_
tutti	tutto	DP	O	_	_
gli	il	RP	O	_	_
elementi	elemento	SP	O	_	_
di	di	E	O	_	_
decadenza	decadenza	SS	O	_	_
,	comma	XPW	O	_	_
fra	fra	E	O	_	_
i	il	RP	O	_	_
quali	quale	PP	O	_	_
,	comma	XPW	O	_	_
prodotto	prodotto	SS	O	_	_
logico	logico	AS	O	_	_
della	di/det	ES	O	_	_
vanità	vanità	SN	O	_	_
di	di	E	O	_	_
concetto	concetto	SS	O	_	_
,	comma	XPW	O	_	_
fu	essere	VIY	O	_	_
notata	notare	VSP	O	_	_
in	in	E	O	_	_
ultimo	ultimo	SS	O	_	_
anche	anche	C	O	_	_
la	il	RS	O	_	_
degenerazione	degenerazione	SS	O	_	_
della	di/det	ES	O	_	_
forma	forma	SS	O	_	_
4	4	N	O	_	_
)	close_parenthesis	XPB	O	_	_
.	.	XPS	O	_	_

Questo	questo	PS	O	_	_
,	comma	XPW	O	_	_
signori	signore	SP	O	_	_
,	comma	XPW	O	_	_
un	uno	RS	O	_	_
lato	lato	SS	O	_	_
della	di/det	ES	O	_	_
nostra	nostro	DS	O	_	_
cultura	cultura	SS	O	_	_
«	«	XPO	O	_	_
senza	senza	E	O	_	_
dogma	dogma	SS	O	_	_
»	»	XPO	O	_	_
.	.	XPS	O	_	_

Ma	ma	C	O	_	_
ho	avere	VIY	O	_	_
detto	dire	VSP	O	_	_
che	che	CCHE	O	_	_
in	in	E	O	_	_
essa	essa	PP	O	_	_
domina	dominare	VI	O	_	_
anche	anche	C	O	_	_
un’	uno	RS	O	_	_
altra	altro	DS	O	_	_
corrente	corrente	SS	O	_	_
pessimista	pessimista	AS	O	_	_
.	.	XPS	O	_	_

Il	il	RS	O	_	_
Tierens	tierens	SPN	O	_	_
Geraert	geraert	SPN	O	_	_
ha	avere	VIY	O	_	_
riassunto	riassumere	VSP	O	_	_
il	il	RS	O	_	_
bilancio	bilancio	SS	O	_	_
del	di/det	ES	O	_	_
pensiero	pensiero	SS	O	_	_
del	di/det	ES	O	_	_
secolo	secolo	SS	O	_	_
XIX	xix	N	O	_	_
in	in	E	O	_	_
queste	questo	DP	O	_	_
parole	parola	SP	O	_	_
:	:	XPS	O	_	_
«	«	XPO	O	_	_
Le	il	RP	O	_	_
tristezze	tristezza	SP	O	_	_
contemporanee	contemporaneo	AP	O	_	_
»	»	XPO	O	_	_
;	semicolon	XPS	O	_	_

e	e	C	O	_	_
triste	tristo	AP	O	_	_
è	essere	VI	O	_	_
in	in	E	O	_	_
vero	vero	SS	O	_	_
il	il	RS	O	_	_
colore	colore	SS	O	_	_
di	di	E	O	_	_
una	uno	RS	O	_	_
gran	grande	AS	O	_	_
parte	parte	SS	O	_	_
della	di/det	ES	O	_	_
nostra	nostro	DS	O	_	_
coltura	coltura	SS	O	_	_
.	.	XPS	O	_	_

I	il	RP	O	_	_
filosofi	filosofo	SP	O	_	_
avevano	avere	VIY	O	_	_
sciolto	sciogliere	VSP	O	_	_
l’	il	RS	O	_	_
enigma	enigma	SS	O	_	_
di	di	E	O	_	_
Amleto	amleto	SPN	PER	_	_
così	così	B	O	_	_
:	:	XPS	O	_	_
Il	il	RS	O	_	_
non	non	B	O	_	_
essere	essere	VF	O	_	_
è	essere	VI	O	_	_
meglio	meglio	B	O	_	_
dell’	di/det	ES	O	_	_
essere	essere	VF	O	_	_
.	.	XPS	O	_	_

Per	per	E	O	_	_
la	il	RS	O	_	_
scuola	scuola	SS	O	_	_
di	di	E	O	_	_
Hartmann	hartmann	SPN	PER	_	_
l’	il	RS	O	_	_
ultimo	ultimo	AS	O	_	_
fine	fine	SS	O	_	_
morale	morale	AS	O	_	_
era	essere	VI	O	_	_
ricacciare	ricacciare	VF	O	_	_
l’	il	RS	O	_	_
essere	essere	VF	O	_	_
nel	in/det	ES	O	_	_
non	non	B	O	_	_
essere	essere	VF	O	_	_
,	comma	XPW	O	_	_
ossia	ossia	C	O	_	_
il	il	RS	O	_	_
suicidio	suicidio	SS	O	_	_
collettivo	collettivo	AS	O	_	_
.	.	XPS	O	_	_

Poi	poi	B	O	_	_
venne	venire	VI	O	_	_
Federico	federico	SPN	PER	_	_
Nietzsche	nietzsche	SPN	PER	_	_
,	comma	XPW	O	_	_
e	e	C	O	_	_
disse	dire	VI	O	_	_
:	:	XPS	O	_	_
«	«	XPO	O	_	_
Il	il	RS	O	_	_
dolore	dolore	SS	O	_	_
dell’	di/det	ES	O	_	_
uomo	uomo	SS	O	_	_
aumenterà	aumentare	VI	O	_	_
fino	fino	E	O	_	_
ad	ad	E	O	_	_
annichilirlo	annichilire/pro	VF+E	O	_	_
e	e	C	O	_	_
darà	dare	VI	O	_	_
luogo	luogo	SS	O	_	_
ad	ad	E	O	_	_
un	uno	RS	O	_	_
altro	altro	DS	O	_	_
essere	essere	VF	O	_	_
impenetrabile	impenetrabile	AS	O	_	_
alla	a/det	ES	O	_	_
sofferenza	sofferenza	SS	O	_	_
,	comma	XPW	O	_	_
il	il	RS	O	_	_
superuomo	superuomo	SS	O	_	_
»	»	XPO	O	_	_
.	.	XPS	O	_	_

Fu	essere	VI	O	_	_
la	il	RS	O	_	_
filosofia	filosofia	SS	O	_	_
di	di	E	O	_	_
un	uno	RS	O	_	_
pazzo	pazzo	SS	O	_	_
,	comma	XPW	O	_	_
eppure	eppure	B	O	_	_
–	–	XPO	O	_	_
terribile	terribile	AS	O	_	_
sintomo	sintomo	SS	O	_	_
di	di	E	O	_	_
decadenza	decadenza	SS	O	_	_
–	–	XPO	O	_	_
non	non	B	O	_	_
morì	morire	VI	O	_	_
con	con	E	O	_	_
lui	lui	PS	O	_	_
"!"	esclamation_mark	XPS	O	_	_

«	«	XPO	O	_	_
Gli	il	RP	O	_	_
uomini	uomo	SP	O	_	_
sono	essere	VI	O	_	_
stanchi	stanco	AP	O	_	_
di	di	E	O	_	_
vivere	vivere	VF	O	_	_
,	comma	XPW	O	_	_
scrisse	scrivere	VI	O	_	_
il	il	RS	O	_	_
prof.	prof.	SS	O	_	_
Masaryk	masaryk	SPN	PER	_	_
,	comma	XPW	O	_	_
e	e	C	O	_	_
i	il	RP	O	_	_
nostri	nostro	DP	O	_	_
poeti	poeta	SP	O	_	_
intonano	intonare	VI	O	_	_
loro	loro	PP	O	_	_
le	il	RP	O	_	_
nenie	nenia	SP	O	_	_
funebri	funebre	AP	O	_	_
»	»	XPO	O	_	_
5	5	N	O	_	_
)	close_parenthesis	XPB	O	_	_
e	e	C	O	_	_
continua	continuare	VI	O	_	_
:	:	XPS	O	_	_
«	«	XPO	O	_	_
l’	il	RS	O	_	_
influenza	influenza	SS	O	_	_
di	di	E	O	_	_
Schopenhauer	schopenhauer	SPN	O	_	_
,	comma	XPW	O	_	_
Hartmann	hartmann	SPN	PER	_	_
,	comma	XPW	O	_	_
Nietzsche	nietzsche	SPN	PER	_	_
non	non	B	O	_	_
si	rifl	PN	O	_	_
può	potere	VI	O	_	_
spiegare	spiegare	VF	O	_	_
che	che	CCHE	O	_	_
colla	con/det	ES	O	_	_
debolezza	debolezza	SS	O	_	_
e	e	C	O	_	_
la	il	RS	O	_	_
stanchezza	stanchezza	SS	O	_	_
di	di	E	O	_	_
un	uno	RS	O	_	_
periodo	periodo	SS	O	_	_
di	di	E	O	_	_
cultura	cultura	SS	O	_	_
all’esaurimento».	all’esaurimento».	VI	O	_	_
La	il	RS	O	_	_
decadenza	decadenza	SS	O	_	_
,	comma	XPW	O	_	_
o	o	C	O	_	_
signori	signore	SP	O	_	_
,	comma	XPW	O	_	_
è	essere	VI	O	_	_
dunque	dunque	C	O	_	_
completa	completo	AS	O	_	_
.	.	XPS	O	_	_

Ed	ed	C	O	_	_
è	essere	VIY	O	_	_
così	così	B	O	_	_
che	che	CCHE	O	_	_
il	il	RS	O	_	_
naturalismo	naturalismo	SS	O	_	_
e	e	C	O	_	_
il	il	RS	O	_	_
pessimismo	pessimismo	SS	O	_	_
vanno	andare	VI	O	_	_
sfibrando	sfibrare	VG	O	_	_
il	il	RS	O	_	_
tessuto	tessuto	SS	O	_	_
della	di/det	ES	O	_	_
nostra	nostro	DS	O	_	_
cultura	cultura	SS	O	_	_
,	comma	XPW	O	_	_
dandole	dare/pro	VG+E	O	_	_
quell’	quell	DS	O	_	_
apparenza	apparenza	SS	O	_	_
di	di	E	O	_	_
caducità	caducità	SN	O	_	_
e	e	C	O	_	_
di	di	E	O	_	_
debolezza	debolezza	SS	O	_	_
,	comma	XPW	O	_	_
che	che	CCHE	O	_	_
faceva	fare	VI	O	_	_
esclamare	esclamare	VF	O	_	_
al	a/det	ES	O	_	_
Carducci	carducci	SPN	PER	_	_
commemorante	commemorante	B	O	_	_
il	il	RS	O	_	_
Cavallotti	cavallotti	SPN	PER	_	_
:	:	XPS	O	_	_
«	«	XPO	O	_	_
Si	rifl	PN	O	_	_
dice	dire	VI	O	_	_
che	che	CCHE	O	_	_
l’	il	RS	O	_	_
opera	opera	SS	O	_	_
teatrale	teatrale	AS	O	_	_
del	di/det	ES	O	_	_
Cavallotti	cavallotti	SPN	O	_	_
gli	gli	PS	O	_	_
sia	essere	VIY	O	_	_
premorta	premorta	VSP	O	_	_
;	semicolon	XPS	O	_	_

ebbene	ebbene	C	O	_	_
,	comma	XPW	O	_	_
o	o	C	O	_	_
signori	signore	SP	O	_	_
,	comma	XPW	O	_	_
che	che	CCHE	O	_	_
c’	ci	B	O	_	_
è	essere	VI	O	_	_
di	di	E	O	_	_
vivo	vivo	AS	O	_	_
da	da	E	O	_	_
cinquant’	cinquant’	N	O	_	_
anni	anno	SP	O	_	_
in	in	E	O	_	_
qua	qua	B	O	_	_
?	?	XPS	O	_	_

Nulla	nulla	PS	O	_	_
"!"	esclamation_mark	XPS	O	_	_

Che	che	CCHE	O	_	_
cosa	cosa	SS	O	_	_
ci	ci	B	O	_	_
sarà	essere	VI	O	_	_
di	di	E	O	_	_
vivo	vivo	AS	O	_	_
da	da	E	O	_	_
qui	qui	B	O	_	_
a	a	E	O	_	_
cinquant’	cinquant’	N	O	_	_
anni	anno	SP	O	_	_
?	?	XPS	O	_	_

Nulla	nulla	PS	O	_	_
"!"	esclamation_mark	XPS	O	_	_

»	»	XPO	O	_	_
.	.	XPS	O	_	_

Ma	ma	C	O	_	_
qui	qui	B	O	_	_
ci	ci	PP	O	_	_
si	rifl	PN	O	_	_
affaccia	affacciare	VI	O	_	_
una	uno	RS	O	_	_
domanda	domanda	SS	O	_	_
molto	molto	B	O	_	_
importante	importante	AS	O	_	_
:	:	XPS	O	_	_
Dove	dove	CADV	O	_	_
siamo	essere	VI	O	_	_
con	con	E	O	_	_
la	il	RS	O	_	_
decadenza	decadenza	SS	O	_	_
?	?	XPS	O	_	_

Abbiamo	avere	VIY	O	_	_
oltrepassato	oltrepassare	VSP	O	_	_
il	il	RS	O	_	_
punto	punto	SS	O	_	_
estremo	estremo	AS	O	_	_
della	di/det	ES	O	_	_
decadenza	decadenza	SS	O	_	_
o	o	C	O	_	_
decaderemo	decaderemo	VI	O	_	_
sempre	sempre	B	O	_	_
?	?	XPS	O	_	_

Ovvero	ovvero	C	O	_	_
:	:	XPS	O	_	_
il	il	RS	O	_	_
domani	domani	B	O	_	_
sarà	essere	VI	O	_	_
la	il	RS	O	_	_
continuazione	continuazione	SS	O	_	_
di	di	E	O	_	_
oggi	oggi	B	O	_	_
o	o	C	O	_	_
la	il	RS	O	_	_
sua	suo	DS	O	_	_
rigenerazione	rigenerazione	SS	O	_	_
?	?	XPS	O	_	_

–	–	XPO	O	_	_
La	il	RS	O	_	_
risposta	risposta	SS	O	_	_
dipende	dipendere	VI	O	_	_
da	da	E	O	_	_
due	due	N	O	_	_
cose	cosa	SP	O	_	_
:	:	XPS	O	_	_
se	se	C	O	_	_
cioè	cioe`	B	O	_	_
nella	in/det	ES	O	_	_
presente	presente	AS	O	_	_
cultura	cultura	SS	O	_	_
,	comma	XPW	O	_	_
malgrado	malgrado	E	O	_	_
la	il	RS	O	_	_
decadenza	decadenza	SS	O	_	_
generale	generale	AS	O	_	_
,	comma	XPW	O	_	_
esistono	esistere	VI	O	_	_
tuttavia	tuttavia	B	O	_	_
dei	di/det	EP	O	_	_
sintomi	sintomo	SP	O	_	_
di	di	E	O	_	_
rinascimento	rinascimento	SS	O	_	_
e	e	C	O	_	_
se	se	C	O	_	_
altri	altro	DP	O	_	_
elementi	elemento	SP	O	_	_
,	comma	XPW	O	_	_
vergini	vergine	SP	O	_	_
delle	di/det	EP	O	_	_
colpe	colpa	SP	O	_	_
di	di	E	O	_	_
oggi	oggi	B	O	_	_
,	comma	XPW	O	_	_
siano	essere	VIY	O	_	_
condotti	condurre	VPP	O	_	_
ad	ad	E	O	_	_
assumere	assumere	VF	O	_	_
la	il	RS	O	_	_
rappresentanza	rappresentanza	SS	O	_	_
della	di/det	ES	O	_	_
cultura	cultura	SS	O	_	_
.	.	XPS	O	_	_

Chi	chi	CCHI	O	_	_
si	rifl	PN	O	_	_
pone	porre	VI	O	_	_
a	a	E	O	_	_
studiare	studiare	VF	O	_	_
le	il	RP	O	_	_
ultime	ultimo	AP	O	_	_
tendenze	tendenza	SP	O	_	_
del	di/det	ES	O	_	_
pensiero	pensiero	SS	O	_	_
scientifico	scientifico	AS	O	_	_
moderno	moderno	AS	O	_	_
6	6	N	O	_	_
)	close_parenthesis	XPB	O	_	_
con	con	E	O	_	_
esame	esame	SS	O	_	_
severo	severo	AS	O	_	_
e	e	C	O	_	_
spassionato	spassionato	AS	O	_	_
,	comma	XPW	O	_	_
ne	ne	PN	O	_	_
trova	trovare	VI	O	_	_
una	uno	RS	O	_	_
la	il	RS	O	_	_
quale	quale	PS	O	_	_
più	più	B	O	_	_
che	che	CCHE	O	_	_
un	uno	RS	O	_	_
fatto	fatto	SS	O	_	_
del	di/det	ES	O	_	_
secolo	secolo	SS	O	_	_
XIX	xix	N	O	_	_
,	comma	XPW	O	_	_
è	essere	VI	O	_	_
una	uno	RS	O	_	_
promessa	promessa	SS	O	_	_
per	per	E	O	_	_
il	il	RS	O	_	_
XX	xx	N	O	_	_
.	.	XPS	O	_	_

Risalendo	risalire	VG	O	_	_
per	per	E	O	_	_
le	il	RP	O	_	_
rovine	rovina	SP	O	_	_
accumulate	accumulare	VPP	O	_	_
dalla	da/det	ES	O	_	_
critica	critica	SS	O	_	_
scientifica	scientifico	AS	O	_	_
ed	ed	C	O	_	_
osservando	osservare	VG	O	_	_
alla	a/det	ES	O	_	_
fine	fine	SS	O	_	_
che	che	CCHE	O	_	_
cosa	cosa	SS	O	_	_
sia	essere	VIY	O	_	_
rimasto	rimanere	VSP	O	_	_
nell’	in/det	ES	O	_	_
ambito	ambito	SS	O	_	_
stesso	stesso	DS	O	_	_
della	di/det	ES	O	_	_
scienza	scienza	SS	O	_	_
,	comma	XPW	O	_	_
dopo	dopo	E	O	_	_
le	il	RP	O	_	_
prove	prova	SP	O	_	_
fallite	fallire	VPP	O	_	_
,	comma	XPW	O	_	_
vi	vi	B	O	_	_
sorprendiamo	sorprendere	VI	O	_	_
una	uno	RS	O	_	_
inclinazione	inclinazione	SS	O	_	_
,	comma	XPW	O	_	_
la	il	RS	O	_	_
quale	quale	PS	O	_	_
necessariamente	necessariamente	B	O	_	_
mira	mirare	VI	O	_	_
a	a	E	O	_	_
ricostruire	ricostruire	VF	O	_	_
quell’	quell	DS	O	_	_
edifizio	edifizio	SS	O	_	_
di	di	E	O	_	_
affermazioni	affermazione	SP	O	_	_
che	che	CCHE	O	_	_
la	il	RS	O	_	_
scienza	scienza	SS	O	_	_
stessa	stesso	DS	O	_	_
aveva	avere	VIY	O	_	_
cercato	cercare	VSP	O	_	_
di	di	E	O	_	_
distruggere	distruggere	VF	O	_	_
lungo	lungo	E	O	_	_
tutta	tutto	DS	O	_	_
l’	il	RS	O	_	_
età	età	SN	O	_	_
moderna	moderno	AS	O	_	_
che	che	CCHE	O	_	_
precede	precedere	VI	O	_	_
.	.	XPS	O	_	_

La	il	RS	O	_	_
filosofia	filosofia	SS	O	_	_
positivista	positivista	AS	O	_	_
,	comma	XPW	O	_	_
respingendo	respingere	VG	O	_	_
il	il	RS	O	_	_
cristianesimo	cristianesimo	SS	O	_	_
,	comma	XPW	O	_	_
si	rifl	PN	O	_	_
era	essere	VIY	O	_	_
assunto	assumere	VSP	O	_	_
il	il	RS	O	_	_
gravissimo	grave	AS	O	_	_
compito	compito	SS	O	_	_
di	di	E	O	_	_
spiegare	spiegare	VF	O	_	_
naturalmente	naturalmente	B	O	_	_
il	il	RS	O	_	_
problema	problema	SS	O	_	_
delle	di/det	EP	O	_	_
origini	origine	SP	O	_	_
e	e	C	O	_	_
quello	quello	PS	O	_	_
delle	di/det	EP	O	_	_
finalità	finalità	SN	O	_	_
dell’	di/det	ES	O	_	_
universo	universo	SS	O	_	_
,	comma	XPW	O	_	_
ma	ma	C	O	_	_
fallito	fallire	VSP	O	_	_
–	–	XPO	O	_	_
come	come	CADV	O	_	_
provò	provare	VI	O	_	_
il	il	RS	O	_	_
Brunetière	brunetière	SPN	O	_	_
–	–	XPO	O	_	_
l’	il	RS	O	_	_
audace	audace	SS	O	_	_
tentativo	tentativo	AS	O	_	_
,	comma	XPW	O	_	_
spinta	spingere	VSP	O	_	_
dall’	da/det	ES	O	_	_
autocritica	autocritica	SS	O	_	_
,	comma	XPW	O	_	_
essa	essa	PS	O	_	_
si	rifl	PN	O	_	_
vede	vedere	VI	O	_	_
ora	ora	B	O	_	_
sparire	sparire	VF	O	_	_
dinanzi	dinanzi	B	O	_	_
ad	ad	E	O	_	_
uno	uno	PS	O	_	_
ad	ad	E	O	_	_
uno	uno	PS	O	_	_
quegli	quello	DP	O	_	_
ostacoli	ostacolo	SP	O	_	_
,	comma	XPW	O	_	_
che	che	CCHE	O	_	_
impedivano	impedire	VI	O	_	_
il	il	RS	O	_	_
suo	suo	DS	O	_	_
accostarsi	accostare/rifl	VF+E	O	_	_
al	a/det	ES	O	_	_
soprannaturale	soprannaturale	SS	O	_	_
.	.	XPS	O	_	_

In	in	E	O	_	_
pari	pari	AN	O	_	_
tempo	tempo	SS	O	_	_
la	il	RS	O	_	_
critica	critica	SS	O	_	_
storica	storico	AS	O	_	_
avanzata	avanzato	AS	O	_	_
,	comma	XPW	O	_	_
la	il	RS	O	_	_
quale	quale	PS	O	_	_
aveva	avere	VIY	O	_	_
attaccato	attaccare	VSP	O	_	_
con	con	E	O	_	_
tutto	tutto	DS	O	_	_
l’	il	RS	O	_	_
impeto	impeto	SS	O	_	_
il	il	RS	O	_	_
cristianesimo	cristianesimo	SS	O	_	_
dal	da/det	ES	O	_	_
lato	lato	SS	O	_	_
storico	storico	AS	O	_	_
,	comma	XPW	O	_	_
spinto	spingere	VSP	O	_	_
in	in	E	O	_	_
avanti	avanti	B	O	_	_
l’	il	RS	O	_	_
esame	esame	SS	O	_	_
dei	di/det	EP	O	_	_
decadimenti	decadimento	SP	O	_	_
antichi	antico	AP	O	_	_
,	comma	XPW	O	_	_
vi	vi	B	O	_	_
trova	trovare	VI	O	_	_
dei	di/det	EP	O	_	_
fatti	fatto	SP	O	_	_
irreduttibili	irreduttibili	AP	O	_	_
a	a	E	O	_	_
fenomeni	fenomeno	SP	O	_	_
naturali	naturale	AP	O	_	_
:	:	XPS	O	_	_
Si	rifl	PN	O	_	_
ha	avere	VIY	O	_	_
quindi	quindi	B	O	_	_
la	il	RS	O	_	_
prova	prova	SS	O	_	_
della	di/det	ES	O	_	_
loro	loro	DP	O	_	_
trascendenza	trascendenza	SS	O	_	_
,	comma	XPW	O	_	_
e	e	C	O	_	_
in	in	E	O	_	_
tal	tale	AS	O	_	_
modo	modo	SS	O	_	_
la	il	RS	O	_	_
critica	critica	SS	O	_	_
storica	storico	AS	O	_	_
viene	venire	VI	O	_	_
ad	ad	E	O	_	_
impedire	impedire	VF	O	_	_
che	che	CCHE	O	_	_
la	il	RS	O	_	_
filosofia	filosofia	SS	O	_	_
speculativa	speculativo	AS	O	_	_
si	rifl	PN	O	_	_
converta	convertire	VI	O	_	_
solo	solo	B	O	_	_
ad	ad	E	O	_	_
una	uno	RS	O	_	_
fede	fede	SS	O	_	_
vaga	vago	AS	O	_	_
e	e	C	O	_	_
non	non	B	O	_	_
ad	ad	E	O	_	_
un	uno	RS	O	_	_
fatto	fatto	SS	O	_	_
concreto	concreto	AS	O	_	_
,	comma	XPW	O	_	_
il	il	RS	O	_	_
cristianesimo	cristianesimo	SS	O	_	_
.	.	XPS	O	_	_

E	e	C	O	_	_
non	non	B	O	_	_
è	essere	VI	O	_	_
questo	questo	PS	O	_	_
,	comma	XPW	O	_	_
o	o	C	O	_	_
signori	signore	SP	O	_	_
,	comma	XPW	O	_	_
un	uno	RS	O	_	_
sintomo	sintomo	SS	O	_	_
di	di	E	O	_	_
rinascimento	rinascimento	SS	O	_	_
per	per	E	O	_	_
la	il	RS	O	_	_
nostra	nostro	DS	O	_	_
età	età	SN	O	_	_
,	comma	XPW	O	_	_
la	il	RS	O	_	_
cui	cui	PN	O	_	_
decadenza	decadenza	SS	O	_	_
si	rifl	PN	O	_	_
deve	dovere	VI	O	_	_
a	a	E	O	_	_
coloro	colui	PP	O	_	_
che	che	CCHE	O	_	_
in	in	E	O	_	_
nome	nome	SS	O	_	_
della	di/det	ES	O	_	_
scienza	scienza	SS	O	_	_
devastarono	devastare	VI	O	_	_
rumorosamente	rumorosamente	B	O	_	_
gli	il	RP	O	_	_
scudi	scudo	SP	O	_	_
contro	contro	E	O	_	_
la	il	RS	O	_	_
Religione	religione	SS	O	_	_
?	?	XPS	O	_	_

Ma	ma	C	O	_	_
c’	ci	B	O	_	_
è	essere	VI	O	_	_
di	di	E	O	_	_
più	più	B	O	_	_
.	.	XPS	O	_	_

Sulla	su/det	ES	O	_	_
fine	fine	SS	O	_	_
del	di/det	ES	O	_	_
secolo	secolo	SS	O	_	_
noi	noi	PP	O	_	_
abbiamo	avere	VIY	O	_	_
assistito	assistere	VSP	O	_	_
ad	ad	E	O	_	_
una	uno	RS	O	_	_
rifioritura	rifioritura	SS	O	_	_
meravigliosa	meraviglioso	AS	O	_	_
di	di	E	O	_	_
quel	quello	DS	O	_	_
sano	sano	AS	O	_	_
idealismo	idealismo	SS	O	_	_
,	comma	XPW	O	_	_
che	che	CCHE	O	_	_
pareva	parere	VI	O	_	_
orami	orami	SP	O	_	_
soffocato	soffocare	VSP	O	_	_
nella	in/det	ES	O	_	_
gola	gola	SS	O	_	_
stagnante	stagnante	B	O	_	_
materialista	materialista	AS	O	_	_
.	.	XPS	O	_	_

Nell’	in/det	ES	O	_	_
anno	anno	SS	O	_	_
appunto	appunto	B	O	_	_
in	in	E	O	_	_
cui	cui	PN	O	_	_
il	il	RS	O	_	_
Marxismo	marxismo	SS	O	_	_
pareva	parere	VI	O	_	_
rovinare	rovinare	VF	O	_	_
sotto	sotto	E	O	_	_
i	il	RP	O	_	_
colpi	colpo	SP	O	_	_
di	di	E	O	_	_
una	uno	RS	O	_	_
critica	critica	SS	O	_	_
spietata	spietato	AS	O	_	_
,	comma	XPW	O	_	_
un	uno	RS	O	_	_
soffio	soffio	SS	O	_	_
animatore	animatore	AS	O	_	_
,	comma	XPW	O	_	_
portante	portante	AS	O	_	_
i	il	RP	O	_	_
germi	germe	SP	O	_	_
di	di	E	O	_	_
una	uno	RS	O	_	_
futura	futuro	AS	O	_	_
primavera	primavera	SS	O	_	_
,	comma	XPW	O	_	_
passava	passare	VI	O	_	_
sulla	su/det	ES	O	_	_
landa	landa	SS	O	_	_
inaridita	inaridito	AS	O	_	_
.	.	XPS	O	_	_

Era	essere	VI	O	_	_
Francesco	francesco	SPN	PER	_	_
Coppée	coppée	SPN	PER	_	_
,	comma	XPW	O	_	_
che	che	CCHE	O	_	_
sollevava	sollevare	VI	O	_	_
nell’	in/det	ES	O	_	_
ora	ora	SS	O	_	_
di	di	E	O	_	_
un’	uno	RS	O	_	_
infermità	infermità	SN	O	_	_
,	comma	XPW	O	_	_
l’	il	RS	O	_	_
ardente	ardente	AS	O	_	_
inno	inno	SS	O	_	_
della	di/det	ES	O	_	_
fede	fede	SS	O	_	_
;	semicolon	XPS	O	_	_

era	essere	VI	O	_	_
P.	p.	YA	O	_	_
Burget	burget	SPN	O	_	_
,	comma	XPW	O	_	_
l’	il	RS	O	_	_
acuto	acuto	SS	O	_	_
scrutatore	scrutatore	SS	O	_	_
della	di/det	ES	O	_	_
psiche	psiche	SP	O	_	_
parigina	parigina	SS	O	_	_
,	comma	XPW	O	_	_
che	che	CCHE	O	_	_
dichiarava	dichiarare	VI	O	_	_
la	il	RS	O	_	_
redenzione	redenzione	SS	O	_	_
doversi	dovere/rifl	VF+E	O	_	_
aspettare	aspettare	VF	O	_	_
solo	solo	B	O	_	_
dal	da/det	ES	O	_	_
cristianesimo	cristianesimo	SS	O	_	_
;	semicolon	XPS	O	_	_

era	essere	VI	O	_	_
Lemaitre	lemaitre	SPN	PER	_	_
,	comma	XPW	O	_	_
che	che	CCHE	O	_	_
proclamava	proclamare	VI	O	_	_
la	il	RS	O	_	_
soluzione	soluzione	SS	O	_	_
di	di	E	O	_	_
tutte	tutto	DP	O	_	_
le	il	RP	O	_	_
questioni	questione	SP	O	_	_
sociali	sociale	AP	O	_	_
essere	essere	VF	O	_	_
evidentemente	evidentemente	B	O	_	_
nel	in/det	ES	O	_	_
Vangelo	vangelo	SPN	O	_	_
;	semicolon	XPS	O	_	_

era	essere	VI	O	_	_
Ferdinando	ferdinando	SPN	PER	_	_
Brunetière	brunetière	SPN	PER	_	_
che	che	CCHE	O	_	_
dimostrava	dimostrare	VI	O	_	_
la	il	RS	O	_	_
necessità	necessità	SN	O	_	_
di	di	E	O	_	_
credere	credere	VF	O	_	_
;	semicolon	XPS	O	_	_

era	essere	VI	O	_	_
infine	infine	B	O	_	_
Edoardo	edoardo	SPN	PER	_	_
Rod	rod	SPN	PER	_	_
che	che	CCHE	O	_	_
«	«	XPO	O	_	_
incominciava	incominciare	VI	O	_	_
a	a	E	O	_	_
pensare	pensare	VF	O	_	_
alla	a/det	ES	O	_	_
cura	cura	SS	O	_	_
delle	di/det	EP	O	_	_
anime	anima	SP	O	_	_
»	»	XPO	O	_	_
.	.	XPS	O	_	_

7	7	N	O	_	_
)	close_parenthesis	XPB	O	_	_
.	.	XPS	O	_	_

E	e	C	O	_	_
mentre	mentre	C	O	_	_
in	in	E	O	_	_
Italia	italia	SPN	GPE	42.6384261	12.674297
«	«	XPO	O	_	_
la	il	RS	O	_	_
voce	voce	SS	O	_	_
irosa	iroso	AS	O	_	_
del	di/det	ES	O	_	_
cantore	cantore	SS	O	_	_
di	di	E	O	_	_
Satana	satana	SPN	O	_	_
si	rifl	PN	O	_	_
va	andare	VIY	O	_	_
addolcendo	addolcire	VG	O	_	_
nella	in/det	ES	O	_	_
trepida	trepido	AS	O	_	_
invocazione	invocazione	SS	O	_	_
a	a	E	O	_	_
Maria	maria	SPN	O	_	_
»	»	XPO	O	_	_
,	comma	XPW	O	_	_
Antonio	antonio	SPN	PER	_	_
Fogazzaro	fogazzaro	SPN	PER	_	_
si	rifl	PN	O	_	_
mostra	mostrare	VI	O	_	_
sempre	sempre	B	O	_	_
più	più	B	O	_	_
lo	il	RS	O	_	_
scrittore	scrittore	SS	O	_	_
credente	credente	AS	O	_	_
,	comma	XPW	O	_	_
il	il	RS	O	_	_
cavaliere	cavaliere	SS	O	_	_
dello	di/det	ES	O	_	_
spirito	spirito	SS	O	_	_
,	comma	XPW	O	_	_
e	e	C	O	_	_
il	il	RS	O	_	_
Butti	butti	SPN	PER	_	_
e	e	C	O	_	_
Matilde	matilde	SPN	PER	_	_
Serao	serao	SPN	PER	_	_
accelerano	accelerare	VI	O	_	_
di	di	E	O	_	_
scritto	scritto	SS	O	_	_
in	in	E	O	_	_
scritto	scritto	SS	O	_	_
la	il	RS	O	_	_
loro	loro	DP	O	_	_
evoluzione	evoluzione	SS	O	_	_
intellettuale	intellettuale	AS	O	_	_
verso	verso	E	O	_	_
gli	il	RP	O	_	_
ideali	ideale	SP	O	_	_
cristiani	cristiano	AP	O	_	_
.	.	XPS	O	_	_

È	essere	VI	O	_	_
vero	vero	AS	O	_	_
:	:	XPS	O	_	_
quest’	questo	DS	O	_	_
indirizzo	indirizzo	SS	O	_	_
buono	buono	AS	O	_	_
non	non	B	O	_	_
è	essere	VI	O	_	_
quello	quello	PS	O	_	_
che	che	CCHE	O	_	_
domina	dominare	VI	O	_	_
la	il	RS	O	_	_
coltura	coltura	SS	O	_	_
di	di	E	O	_	_
oggi	oggi	B	O	_	_
;	semicolon	XPS	O	_	_

ma	ma	C	O	_	_
chi	chi	CCHI	O	_	_
ci	ci	PP	O	_	_
dice	dire	VI	O	_	_
o	o	C	O	_	_
signori	signore	SP	O	_	_
,	comma	XPW	O	_	_
che	che	CCHE	O	_	_
non	non	B	O	_	_
sia	essere	VI	O	_	_
il	il	RS	O	_	_
vincitore	vincitore	SS	O	_	_
di	di	E	O	_	_
domani	domani	B	O	_	_
?	?	XPS	O	_	_

Non	non	B	O	_	_
è	essere	VI	O	_	_
dunque	dunque	C	O	_	_
arrischiata	arrischiare	VSP	O	_	_
la	il	RS	O	_	_
conclusione	conclusione	SS	O	_	_
:	:	XPS	O	_	_
la	il	RS	O	_	_
curva	curva	SS	O	_	_
della	di/det	ES	O	_	_
parabola	parabola	SS	O	_	_
è	essere	VI	O	_	_
già	già	B	O	_	_
oltrepassata	oltrepassare	VSP	O	_	_
,	comma	XPW	O	_	_
perché	perché	C	O	_	_
il	il	RS	O	_	_
secolo	secolo	SS	O	_	_
XIX	xix	N	O	_	_
ci	ci	PP	O	_	_
ha	avere	VIY	O	_	_
lasciato	lasciare	VSP	O	_	_
il	il	RS	O	_	_
germe	germe	SS	O	_	_
del	di/det	ES	O	_	_
rinascimento	rinascimento	SS	O	_	_
:	:	XPS	O	_	_
il	il	RS	O	_	_
crepuscolo	crepuscolo	SS	O	_	_
in	in	E	O	_	_
cui	cui	PN	O	_	_
ci	ci	PP	O	_	_
troviamo	trovare	VI	O	_	_
non	non	B	O	_	_
è	essere	VI	O	_	_
il	il	RS	O	_	_
crepuscolo	crepuscolo	SS	O	_	_
della	di/det	ES	O	_	_
sera	sera	SS	O	_	_
,	comma	XPW	O	_	_
a	a	E	O	_	_
cui	cui	PN	O	_	_
succede	succedere	VI	O	_	_
l’	il	RS	O	_	_
oscurità	oscurità	SN	O	_	_
della	di/det	ES	O	_	_
notte	notte	SS	O	_	_
,	comma	XPW	O	_	_
ma	ma	C	O	_	_
il	il	RS	O	_	_
crepuscolo	crepuscolo	SS	O	_	_
del	di/det	ES	O	_	_
mattino	mattino	SS	O	_	_
,	comma	XPW	O	_	_
annunziatore	annunziatore	SS	O	_	_
di	di	E	O	_	_
una	uno	RS	O	_	_
giornata	giornata	SS	O	_	_
splendida	splendido	AS	O	_	_
e	e	C	O	_	_
trionfale	trionfale	AS	O	_	_
.	.	XPS	O	_	_

Dicevo	dire	VI	O	_	_
però	però	C	O	_	_
,	comma	XPW	O	_	_
o	o	C	O	_	_
signori	signore	SP	O	_	_
,	comma	XPW	O	_	_
che	che	CCHE	O	_	_
il	il	RS	O	_	_
pronostico	pronostico	SS	O	_	_
di	di	E	O	_	_
una	uno	RS	O	_	_
rinascenza	rinascenza	SS	O	_	_
generale	generale	AS	O	_	_
è	essere	VIY	O	_	_
legato	legare	VSP	O	_	_
ad	ad	E	O	_	_
un’	uno	RS	O	_	_
altra	altro	DS	O	_	_
condizione	condizione	SS	O	_	_
necessaria	necessario	AS	O	_	_
.	.	XPS	O	_	_

Difatti	difatti	SPN	O	_	_
,	comma	XPW	O	_	_
la	il	RS	O	_	_
coltura	coltura	SS	O	_	_
nostra	nostro	AS	O	_	_
,	comma	XPW	O	_	_
non	non	B	O	_	_
entrerà	entrare	VI	O	_	_
mai	mai	B	O	_	_
,	comma	XPW	O	_	_
malgrado	malgrado	E	O	_	_
i	il	RP	O	_	_
buoni	buono	AP	O	_	_
sintomi	sintomo	SP	O	_	_
,	comma	XPW	O	_	_
in	in	E	O	_	_
pieno	pieno	AS	O	_	_
cristianesimo	cristianesimo	SS	O	_	_
–	–	XPO	O	_	_
in	in	E	O	_	_
cui	cui	PN	O	_	_
la	il	RS	O	_	_
rinascenza	rinascenza	SS	O	_	_
–	–	XPO	O	_	_
finché	finché	C	O	_	_
è	essere	VIY	O	_	_
rappresentata	rappresentare	VSP	O	_	_
da	da	E	O	_	_
elementi	elemento	SP	O	_	_
anticristiani	anticristiano	AP	O	_	_
e	e	C	O	_	_
decadenti	decadente	AP	O	_	_
.	.	XPS	O	_	_

Bisogna	bisognare	VI	O	_	_
con	con	E	O	_	_
schiere	schiere	VF	O	_	_
nuove	nuovo	AP	O	_	_
,	comma	XPW	O	_	_
irresponsabili	irresponsabile	AP	O	_	_
delle	di/det	EP	O	_	_
colpe	colpa	SP	O	_	_
di	di	E	O	_	_
oggi	oggi	B	O	_	_
e	e	C	O	_	_
rigogliose	rigoglioso	AP	O	_	_
di	di	E	O	_	_
forza	forza	SS	O	_	_
intima	intimo	AS	O	_	_
di	di	E	O	_	_
fronte	fronte	SS	O	_	_
all’	a/det	ES	O	_	_
avvenire	avvenire	SS	O	_	_
,	comma	XPW	O	_	_
agitino	agitare	VI	O	_	_
coraggiosamente	coraggiosamente	B	O	_	_
la	il	RS	O	_	_
bandiera	bandiera	SS	O	_	_
del	di/det	ES	O	_	_
rinascimento	rinascimento	SS	O	_	_
portata	portare	VSP	O	_	_
in	in	E	O	_	_
mezzo	mezzo	SS	O	_	_
al	a/det	ES	O	_	_
campo	campo	SS	O	_	_
,	comma	XPW	O	_	_
ed	ed	C	O	_	_
applichino	applicare	VI	O	_	_
alla	a/det	ES	O	_	_
nostra	nostro	DS	O	_	_
vita	vita	SS	O	_	_
intellettuale	intellettuale	AS	O	_	_
tutta	tutto	DS	O	_	_
l’	il	RS	O	_	_
energia	energia	SS	O	_	_
riedificatrice	riedificatrice	AS	O	_	_
,	comma	XPW	O	_	_
che	che	CCHE	O	_	_
proviene	provenire	VI	O	_	_
da	da	E	O	_	_
ideali	ideale	SP	O	_	_
e	e	C	O	_	_
principi	principio	SP	O	_	_
immutabili	immutabile	AP	O	_	_
.	.	XPS	O	_	_

Perché	perché	C	O	_	_
è	essere	VI	O	_	_
chiaro	chiaro	AS	O	_	_
,	comma	XPW	O	_	_
o	o	C	O	_	_
signori	signore	SP	O	_	_
,	comma	XPW	O	_	_
che	che	CCHE	O	_	_
la	il	RS	O	_	_
decadenza	decadenza	SS	O	_	_
della	di/det	ES	O	_	_
cultura	cultura	SS	O	_	_
moderna	moderno	AS	O	_	_
,	comma	XPW	O	_	_
viene	venire	VI	O	_	_
a	a	E	O	_	_
fondersi	fondere/rifl	VF+E	O	_	_
nelle	in/det	EP	O	_	_
cause	causa	SP	O	_	_
e	e	C	O	_	_
nello	in/det	ES	O	_	_
svolgimento	svolgimento	SS	O	_	_
con	con	E	O	_	_
tutta	tutto	DS	O	_	_
l’	il	RS	O	_	_
immane	immane	AS	O	_	_
decadenza	decadenza	SS	O	_	_
economica	economico	AS	O	_	_
e	e	C	O	_	_
civile	civile	AS	O	_	_
della	di/det	ES	O	_	_
borghesia	borghesia	SS	O	_	_
e	e	C	O	_	_
col	con/det	ES	O	_	_
rovinare	rovinare	VF	O	_	_
di	di	E	O	_	_
quella	quello	PS	O	_	_
che	che	CCHE	O	_	_
si	rifl	PN	O	_	_
chiamò	chiamare	VI	O	_	_
epoca	epoca	SS	O	_	_
liberale	liberale	AS	O	_	_
.	.	XPS	O	_	_

Al	a/det	ES	O	_	_
principio	principio	SS	O	_	_
di	di	E	O	_	_
quest’	questo	DS	O	_	_
epoca	epoca	SS	O	_	_
la	il	RS	O	_	_
borghesia	borghesia	SS	O	_	_
liberale	liberale	AS	O	_	_
aveva	avere	VIY	O	_	_
monopolizzato	monopolizzare	VSP	O	_	_
come	come	CADV	O	_	_
il	il	RS	O	_	_
capitale	capitale	SS	O	_	_
così	così	B	O	_	_
la	il	RS	O	_	_
coltura	coltura	SS	O	_	_
e	e	C	O	_	_
,	comma	XPW	O	_	_
favorita	favorire	VSP	O	_	_
dalla	da/det	ES	O	_	_
preesistente	preesistente	AS	O	_	_
divisione	divisione	SS	O	_	_
fra	fra	E	O	_	_
le	il	RP	O	_	_
scienze	scienza	SP	O	_	_
ecclesiastiche	ecclesiastico	AP	O	_	_
e	e	C	O	_	_
civili	civile	AP	O	_	_
,	comma	XPW	O	_	_
fece	fare	VI	O	_	_
sì	sì	B	O	_	_
che	che	CCHE	O	_	_
essa	essa	PS	O	_	_
venisse	venire	VI	O	_	_
via	via	B	O	_	_
via	via	B	O	_	_
liberandosi	liberare/rifl	VG+E	O	_	_
di	di	E	O	_	_
ogni	ogni	DS	O	_	_
influenza	influenza	SS	O	_	_
religiosa	religioso	AS	O	_	_
.	.	XPS	O	_	_

In	in	E	O	_	_
tal	tale	SS	O	_	_
maniera	maniera	SS	O	_	_
la	il	RS	O	_	_
cultura	cultura	SS	O	_	_
diventò	diventare	VI	O	_	_
interprete	interprete	SS	O	_	_
sempre	sempre	B	O	_	_
più	più	B	O	_	_
fedele	fedele	AS	O	_	_
–	–	XPO	O	_	_
fino	fino	E	O	_	_
a	a	E	O	_	_
Nietzsche	nietzsche	SPN	PER	_	_
–	–	XPO	O	_	_
di	di	E	O	_	_
quelle	quello	PP	O	_	_
classi	classe	SP	O	_	_
,	comma	XPW	O	_	_
le	il	RP	O	_	_
quali	quale	DP	O	_	_
si	rifl	PN	O	_	_
allontanavano	allontanare	VI	O	_	_
con	con	E	O	_	_
moto	moto	SS	O	_	_
sempre	sempre	B	O	_	_
più	più	B	O	_	_
celere	celere	AS	O	_	_
dalle	da/det	EP	O	_	_
idee	idea	SP	O	_	_
sociali	sociale	AP	O	_	_
del	di/det	ES	O	_	_
Vangelo	vangelo	SPN	O	_	_
di	di	E	O	_	_
amore	amore	SS	O	_	_
.	.	XPS	O	_	_

Il	il	RS	O	_	_
rimedio	rimedio	SS	O	_	_
vuol	volere	VI	O	_	_
essere	essere	VF	O	_	_
quindi	quindi	C	O	_	_
radicale	radicale	AS	O	_	_
ed	ed	C	O	_	_
evidentemente	evidentemente	B	O	_	_
far	fare	VF	O	_	_
parte	parte	SS	O	_	_
di	di	E	O	_	_
quella	quello	PS	O	_	_
che	che	CCHE	O	_	_
si	rifl	PN	O	_	_
dice	dire	VI	O	_	_
soluzione	soluzione	SS	O	_	_
della	di/det	ES	O	_	_
questione	questione	SS	O	_	_
sociale	sociale	AS	O	_	_
.	.	XPS	O	_	_

Ora	ora	B	O	_	_
,	comma	XPW	O	_	_
o	o	C	O	_	_
signori	signore	SP	O	_	_
,	comma	XPW	O	_	_
la	il	RS	O	_	_
Chiesa	chiesa	SS	O	_	_
cattolica	cattolico	AS	O	_	_
assumendosi	assumere/rifl	VG+E	O	_	_
davanti	davanti	B	O	_	_
al	a/det	ES	O	_	_
mondo	mondo	SS	O	_	_
l’	il	RS	O	_	_
incarico	incarico	SS	O	_	_
di	di	E	O	_	_
portare	portare	VF	O	_	_
tale	tale	DS	O	_	_
soluzione	soluzione	SS	O	_	_
più	più	B	O	_	_
avanti	avanti	B	O	_	_
che	che	CCHE	O	_	_
sia	essere	VI	O	_	_
possibile	possibile	AS	O	_	_
,	comma	XPW	O	_	_
ha	avere	VIY	O	_	_
comandato	comandare	VSP	O	_	_
implicitamente	implicitamente	B	O	_	_
un	uno	RS	O	_	_
generale	generale	AS	O	_	_
riavvicinamento	riavvicinamento	SS	O	_	_
dei	di/det	EP	O	_	_
cattolici	cattolico	SP	O	_	_
alla	a/det	ES	O	_	_
vita	vita	SS	O	_	_
moderna	moderno	AS	O	_	_
e	e	C	O	_	_
ha	avere	VIY	O	_	_
ordinato	ordinare	VSP	O	_	_
una	uno	RS	O	_	_
rapida	rapido	AS	O	_	_
mossa	mossa	SS	O	_	_
di	di	E	O	_	_
riconquista	riconquista	SS	O	_	_
su	su	E	O	_	_
tutta	tutto	DS	O	_	_
la	il	RS	O	_	_
linea	linea	SS	O	_	_
.	.	XPS	O	_	_

Gli	il	RP	O	_	_
è	essere	VIY	O	_	_
così	così	B	O	_	_
che	che	CCHE	O	_	_
i	il	RP	O	_	_
cattolici	cattolico	SP	O	_	_
sono	essere	VIY	O	_	_
condotti	condurre	VPP	O	_	_
ora	ora	B	O	_	_
,	comma	XPW	O	_	_
ai	a/det	EP	O	_	_
primi	primo	AP	O	_	_
passi	passo	SP	O	_	_
del	di/det	ES	O	_	_
secolo	secolo	SS	O	_	_
XX	xx	N	O	_	_
,	comma	XPW	O	_	_
ad	ad	E	O	_	_
una	uno	RS	O	_	_
riscossa	riscossa	SS	O	_	_
cristiana	cristiano	AS	O	_	_
nel	in/det	ES	O	_	_
campo	campo	SS	O	_	_
della	di/det	ES	O	_	_
cultura	cultura	SS	O	_	_
.	.	XPS	O	_	_

Solo	solo	B	O	_	_
a	a	E	O	_	_
questo	questo	DS	O	_	_
patto	patto	SS	O	_	_
il	il	RS	O	_	_
rinascimento	rinascimento	SS	O	_	_
sarà	essere	VI	O	_	_
possibile	possibile	AS	O	_	_
.	.	XPS	O	_	_

Non	non	B	O	_	_
illudiamoci	illudiamoci	VI	O	_	_
però	però	C	O	_	_
:	:	XPS	O	_	_
Il	il	RS	O	_	_
movimento	movimento	SS	O	_	_
ascensionale	ascensionale	AS	O	_	_
sarà	essere	VI	O	_	_
molto	molto	B	O	_	_
lento	lento	AS	O	_	_
.	.	XPS	O	_	_

La	il	RS	O	_	_
tattica	tattica	SS	O	_	_
delle	di/det	EP	O	_	_
ritirata	ritirare	VSP	O	_	_
in	in	E	O	_	_
uso	uso	SS	O	_	_
da	da	E	O	_	_
cinquant’	cinquant’	N	O	_	_
anni	anno	SP	O	_	_
in	in	E	O	_	_
qua	qua	B	O	_	_
,	comma	XPW	O	_	_
di	di	E	O	_	_
fronte	fronte	SS	O	_	_
a	a	E	O	_	_
quel	quello	DS	O	_	_
desiderio	desiderio	SS	O	_	_
di	di	E	O	_	_
innovazioni	innovazione	SP	O	_	_
,	comma	XPW	O	_	_
di	di	E	O	_	_
critica	critica	SS	O	_	_
,	comma	XPW	O	_	_
di	di	E	O	_	_
ricerca	ricerca	SS	O	_	_
,	comma	XPW	O	_	_
di	di	E	O	_	_
libertà	libertà	SN	O	_	_
che	che	CCHE	O	_	_
affatica	affaticare	VI	O	_	_
il	il	RS	O	_	_
pensiero	pensiero	SS	O	_	_
moderno	moderno	AS	O	_	_
–	–	XPO	O	_	_
per	per	E	O	_	_
la	il	RS	O	_	_
quale	quale	PS	O	_	_
giornali	giornale	SP	O	_	_
di	di	E	O	_	_
cultura	cultura	SS	O	_	_
,	comma	XPW	O	_	_
riviste	rivista	SP	O	_	_
,	comma	XPW	O	_	_
letteratura	letteratura	SS	O	_	_
amena	ameno	AS	O	_	_
,	comma	XPW	O	_	_
manuali	manuale	SP	O	_	_
di	di	E	O	_	_
scienze	scienza	SP	O	_	_
,	comma	XPW	O	_	_
tutto	tutto	PS	O	_	_
fu	essere	VIY	O	_	_
lasciato	lasciare	VSP	O	_	_
in	in	E	O	_	_
mano	mano	SS	O	_	_
al	a/det	ES	O	_	_
liberalismo	liberalismo	SS	O	_	_
dominante	dominante	B	O	_	_
,	comma	XPW	O	_	_
8	8	N	O	_	_
)	close_parenthesis	XPB	O	_	_
ha	avere	VIY	O	_	_
creato	creare	VSP	O	_	_
nei	in/det	EP	O	_	_
cattolici	cattolico	SP	O	_	_
(	open_parenthesis	XPB	O	_	_
è	essere	VI	O	_	_
inutile	inutile	AS	O	_	_
il	il	RS	O	_	_
nasconderlo	nascondere/pro	VF+E	O	_	_
)	close_parenthesis	XPB	O	_	_
troppo	troppo	DS	O	_	_
infiacchimento	infiacchimento	SS	O	_	_
e	e	C	O	_	_
troppi	troppo	DP	O	_	_
pregiudizi	pregiudizio	SP	O	_	_
.	.	XPS	O	_	_

Ed	ed	C	O	_	_
è	essere	VI	O	_	_
doloroso	doloroso	AS	O	_	_
il	il	RS	O	_	_
vedere	vedere	VF	O	_	_
come	come	CADV	O	_	_
il	il	RS	O	_	_
pretendere	pretendere	VF	O	_	_
maggior	maggior	AS	O	_	_
equanimità	equanimità	SN	O	_	_
nel	in/det	ES	O	_	_
giudizio	giudizio	SS	O	_	_
degli	di/det	EP	O	_	_
uomini	uomo	SP	O	_	_
e	e	C	O	_	_
degli	di/det	EP	O	_	_
scritti	scritto	SP	O	_	_
,	comma	XPW	O	_	_
il	il	RS	O	_	_
domandare	domandare	VF	O	_	_
che	che	CCHE	O	_	_
la	il	RS	O	_	_
si	rifl	PN	O	_	_
rompa	rompere	VI	O	_	_
una	uno	RS	O	_	_
volta	volta	SS	O	_	_
coll’	con/det	ES	O	_	_
accademia	accademia	SS	O	_	_
e	e	C	O	_	_
colla	con/det	ES	O	_	_
rettorica	rettorica	AS	O	_	_
,	comma	XPW	O	_	_
che	che	CCHE	O	_	_
si	rifl	PN	O	_	_
curi	curare	VI	O	_	_
di	di	E	O	_	_
più	più	B	O	_	_
la	il	RS	O	_	_
forma	forma	SS	O	_	_
moderna	moderno	AS	O	_	_
,	comma	XPW	O	_	_
venga	venire	VI	O	_	_
da	da	E	O	_	_
troppi	troppo	DP	O	_	_
cattolici	cattolico	SP	O	_	_
ritenuto	ritenere	VSP	O	_	_
come	come	CADV	O	_	_
un	uno	RS	O	_	_
essere	essere	VFY	O	_	_
disposti	disporre	VPP	O	_	_
a	a	E	O	_	_
recedere	recedere	VF	O	_	_
dai	da/det	EP	O	_	_
giusti	giusto	SP	O	_	_
principi	principe	AP	O	_	_
di	di	E	O	_	_
intransigenza	intransigenza	SS	O	_	_
.	.	XPS	O	_	_

«	«	XPO	O	_	_
I	il	RP	O	_	_
cosiddetti	cosiddetto	AP	O	_	_
circoli	circolo	SP	O	_	_
cattolici	cattolico	AP	O	_	_
intelligenti	intelligente	AP	O	_	_
,	comma	XPW	O	_	_
deplora	deplorare	VI	O	_	_
il	il	RS	O	_	_
d.r	d.r	YA	O	_	_
Ratzinger	ratzinger	SPN	O	_	_
,	comma	XPW	O	_	_
predicano	predicare	VI	O	_	_
di	di	E	O	_	_
continuo	continuo	AS	O	_	_
moderazione	moderazione	SS	O	_	_
e	e	C	O	_	_
assenteismo	assenteismo	SS	O	_	_
là	là	B	O	_	_
dove	dove	CADV	O	_	_
converrebbe	convenire	VI	O	_	_
agire	agire	VF	O	_	_
personalmente	personalmente	B	O	_	_
»	»	XPO	O	_	_
.	.	XPS	O	_	_

Ma	ma	C	O	_	_
lasciamo	lasciare	VI	O	_	_
,	comma	XPW	O	_	_
signori	signore	SP	O	_	_
,	comma	XPW	O	_	_
le	il	RP	O	_	_
querele	querela	SP	O	_	_
sopra	sopra	E	O	_	_
un	uno	RS	O	_	_
periodo	periodo	SS	O	_	_
che	che	CCHE	O	_	_
,	comma	XPW	O	_	_
volere	volere	VF	O	_	_
o	o	C	O	_	_
no	no	B	O	_	_
,	comma	XPW	O	_	_
è	essere	VI	O	_	_
già	già	B	O	_	_
chiuso	chiuso	AS	O	_	_
,	comma	XPW	O	_	_
e	e	C	O	_	_
più	più	B	O	_	_
che	che	CCHE	O	_	_
dire	dire	VF	O	_	_
,	comma	XPW	O	_	_
facciamo	fare	VI	O	_	_
,	comma	XPW	O	_	_
guardando	guardare	VG	O	_	_
all’avvenire.	all’avvenire.	SPN	O	_	_
Rientriamo	rientrare	VI	O	_	_
una	uno	RS	O	_	_
volta	volta	SS	O	_	_
nella	in/det	ES	O	_	_
cultura	cultura	SS	O	_	_
moderna	moderno	AS	O	_	_
,	comma	XPW	O	_	_
strappiamo	strappare	VI	O	_	_
ai	a/det	EP	O	_	_
nostri	nostro	DP	O	_	_
avversari	avversario	SP	O	_	_
quella	quello	DS	O	_	_
supremazia	supremazia	SS	O	_	_
,	comma	XPW	O	_	_
che	che	CCHE	O	_	_
dà	dare	VI	O	_	_
loro	loro	DP	O	_	_
tanto	tanto	B	O	_	_
prestigio	prestigio	SS	O	_	_
nella	in/det	ES	O	_	_
lotta	lotta	SS	O	_	_
contro	contro	E	O	_	_
la	il	RS	O	_	_
Chiesa	chiesa	SS	O	_	_
.	.	XPS	O	_	_

E	e	C	O	_	_
ricominciamo	ricominciare	VI	O	_	_
dal	da/det	ES	O	_	_
popolo	popolo	SS	O	_	_
:	:	XPS	O	_	_
dai	da/det	EP	O	_	_
giornali	giornale	SP	O	_	_
,	comma	XPW	O	_	_
dalle	da/det	EP	O	_	_
riviste	rivista	SP	O	_	_
,	comma	XPW	O	_	_
dalla	da/det	ES	O	_	_
stampa	stampa	SS	O	_	_
periodica	periodico	AS	O	_	_
,	comma	XPW	O	_	_
a	a	E	O	_	_
cui	cui	PN	O	_	_
tanti	tanto	DP	O	_	_
cattolici	cattolico	SP	O	_	_
contribuiscono	contribuire	VI	O	_	_
così	così	B	O	_	_
miserabilmente	miserabilmente	B	O	_	_
perché	perché	C	O	_	_
sono	essere	VIY	O	_	_
così	così	B	O	_	_
poco	poco	B	O	_	_
moderni	moderno	AP	O	_	_
.	.	XPS	O	_	_

Non	non	B	O	_	_
trascuriamo	trascurare	VI	O	_	_
nella	in/det	ES	O	_	_
nostra	nostro	DS	O	_	_
educazione	educazione	SS	O	_	_
i	il	RP	O	_	_
sussidi	sussidio	SP	O	_	_
dell’	di/det	ES	O	_	_
arte	arte	SS	O	_	_
le	il	RP	O	_	_
correnti	corrente	SP	O	_	_
moderne	moderno	AP	O	_	_
della	di/det	ES	O	_	_
vita	vita	SS	O	_	_
.	.	XPS	O	_	_

E	e	C	O	_	_
soprattutto	soprattutto	B	O	_	_
studiamo	studiare	VI	O	_	_
,	comma	XPW	O	_	_
studiamo	studiare	VI	O	_	_
molto	molto	B	O	_	_
.	.	XPS	O	_	_

Io	io	PS	O	_	_
vorrei	volere	VI	O	_	_
,	comma	XPW	O	_	_
o	o	C	O	_	_
colleghi	collega	SP	O	_	_
,	comma	XPW	O	_	_
che	che	CCHE	O	_	_
ognuno	ognuno	PS	O	_	_
di	di	E	O	_	_
noi	noi	PP	O	_	_
sentisse	sentire	VI	O	_	_
il	il	RS	O	_	_
dovere	dovere	SS	O	_	_
dello	di/det	ES	O	_	_
studio	studio	SS	O	_	_
per	per	E	O	_	_
due	due	N	O	_	_
ragioni	ragione	SP	O	_	_
:	:	XPS	O	_	_
l’	il	RS	O	_	_
una	uno	PS	O	_	_
per	per	E	O	_	_
il	il	RS	O	_	_
proprio	proprio	DS	O	_	_
onore	onore	SS	O	_	_
,	comma	XPW	O	_	_
l’	il	RS	O	_	_
altra	altro	PS	O	_	_
per	per	E	O	_	_
contribuire	contribuire	VF	O	_	_
con	con	E	O	_	_
tutte	tutto	DP	O	_	_
le	il	RP	O	_	_
forze	forza	SP	O	_	_
a	a	E	O	_	_
questa	questo	DS	O	_	_
riscossa	riscossa	SS	O	_	_
cristiana	cristiano	AS	O	_	_
.	.	XPS	O	_	_

Oh	oh	I	O	_	_
"!"	esclamation_mark	XPS	O	_	_

a	a	E	O	_	_
queste	questo	DP	O	_	_
nuove	nuovo	AP	O	_	_
generazioni	generazione	SP	O	_	_
di	di	E	O	_	_
cattolici	cattolico	SP	O	_	_
,	comma	XPW	O	_	_
anche	anche	C	O	_	_
per	per	E	O	_	_
un	uno	RS	O	_	_
lavoro	lavoro	SS	O	_	_
maggiore	maggiore	AS	O	_	_
,	comma	XPW	O	_	_
non	non	B	O	_	_
mancheranno	mancare	VI	O	_	_
davvero	davvero	B	O	_	_
ideali	ideale	AP	O	_	_
affascinanti	affascinanti	SP	O	_	_
.	.	XPS	O	_	_

Signori	signore	SP	O	_	_
"!"	esclamation_mark	XPS	O	_	_

È	essere	VIY	O	_	_
uscito	uscire	VSP	O	_	_
dal	da/det	ES	O	_	_
Vaticano	vaticano	SPN	GPE	41.9034912	12.4528349
come	come	CADV	O	_	_
un	uno	RS	O	_	_
grande	grande	AS	O	_	_
,	comma	XPW	O	_	_
immenso	immenso	AS	O	_	_
,	comma	XPW	O	_	_
fascio	fascio	SS	O	_	_
di	di	E	O	_	_
luce	luce	SS	O	_	_
di	di	E	O	_	_
un	uno	RS	O	_	_
potente	potente	AS	O	_	_
riflettore	riflettore	SS	O	_	_
elettrico	elettrico	AS	O	_	_
:	:	XPS	O	_	_
a	a	E	O	_	_
questa	questo	DS	O	_	_
luce	luce	SS	O	_	_
nuova	nuovo	AS	O	_	_
noi	noi	PP	O	_	_
abbiamo	avere	VIY	O	_	_
visto	vedere	VSP	O	_	_
grandeggiare	grandeggiare	VF	O	_	_
fra	fra	E	O	_	_
le	il	RP	O	_	_
tenebre	tenebra	SP	O	_	_
del	di/det	ES	O	_	_
paganesimo	paganesimo	SS	O	_	_
,	comma	XPW	O	_	_
le	il	RP	O	_	_
ruine	ruine	SP	O	_	_
di	di	E	O	_	_
questa	questo	DS	O	_	_
vecchia	vecchio	AS	O	_	_
Europa	europa	SPN	GPE	51.0000003	9.9999997
crollante	crollante	B	O	_	_
,	comma	XPW	O	_	_
e	e	C	O	_	_
per	per	E	O	_	_
entro	entro	E	O	_	_
le	il	RP	O	_	_
rovine	rovina	SP	O	_	_
una	uno	RS	O	_	_
folla	folla	SS	O	_	_
immensa	immenso	AS	O	_	_
gemere	gemere	VF	O	_	_
senza	senza	E	O	_	_
ristoro	ristoro	SS	O	_	_
,	comma	XPW	O	_	_
e	e	C	O	_	_
pochi	poco	DP	O	_	_
gaudenti	gaudente	SP	O	_	_
assidersi	assidere/rifl	VF+E	O	_	_
al	a/det	ES	O	_	_
banchetto	banchetto	SS	O	_	_
del	di/det	ES	O	_	_
piacere	piacere	SS	O	_	_
.	.	XPS	O	_	_

A	a	E	O	_	_
questa	questo	DS	O	_	_
vista	vista	SS	O	_	_
siamo	essere	VIY	O	_	_
balzati	balzare	VPP	O	_	_
su	su	E	O	_	_
,	comma	XPW	O	_	_
quasi	quasi	B	O	_	_
chiamati	chiamare	VPP	O	_	_
da	da	E	O	_	_
uno	uno	RS	O	_	_
squillo	squillo	SS	O	_	_
di	di	E	O	_	_
riscossa	riscossa	SS	O	_	_
,	comma	XPW	O	_	_
ed	ed	C	O	_	_
abbiamo	avere	VIY	O	_	_
piantato	piantare	VSP	O	_	_
arditamente	arditamente	B	O	_	_
fra	fra	E	O	_	_
le	il	RP	O	_	_
rovine	rovina	SP	O	_	_
una	uno	RS	O	_	_
grande	grande	AS	O	_	_
bandiera	bandiera	SS	O	_	_
bianca	bianco	AS	O	_	_
,	comma	XPW	O	_	_
la	il	RS	O	_	_
bandiera	bandiera	SS	O	_	_
delle	di/det	EP	O	_	_
democrazia	democrazia	SP	O	_	_
cristiana	cristiano	AS	O	_	_
.	.	XPS	O	_	_

Su	su	E	O	_	_
questa	questo	DS	O	_	_
bandiera	bandiera	SS	O	_	_
era	essere	VIY	O	_	_
scritto	scrivere	VSP	O	_	_
:	:	XPS	O	_	_
Amore	amore	SS	O	_	_
e	e	C	O	_	_
libertà	libertà	SN	O	_	_
.	.	XPS	O	_	_

Ebbene	ebbene	C	O	_	_
,	comma	XPW	O	_	_
o	o	C	O	_	_
signori	signore	SP	O	_	_
,	comma	XPW	O	_	_
queste	questo	DP	O	_	_
due	due	N	O	_	_
parole	parola	SP	O	_	_
saranno	essere	VI	O	_	_
gli	il	RP	O	_	_
ideali	ideale	SP	O	_	_
e	e	C	O	_	_
il	il	RS	O	_	_
contenuto	contenuto	SS	O	_	_
della	di/det	ES	O	_	_
cultura	cultura	SS	O	_	_
avvenire	avvenire	VF	O	_	_
.	.	XPS	O	_	_

E	e	C	O	_	_
i	il	RP	O	_	_
cattolici	cattolico	SP	O	_	_
chiamati	chiamare	VPP	O	_	_
ora	ora	B	O	_	_
dai	da/det	EP	O	_	_
nuovi	nuovo	AP	O	_	_
atteggiamenti	atteggiamento	SP	O	_	_
della	di/det	ES	O	_	_
Chiesa	chiesa	SS	O	_	_
al	a/det	ES	O	_	_
faticoso	faticoso	AS	O	_	_
lavoro	lavoro	SS	O	_	_
della	di/det	ES	O	_	_
ristorazione	ristorazione	SS	O	_	_
sociale	sociale	AS	O	_	_
,	comma	XPW	O	_	_
avranno	avere	VI	O	_	_
nella	in/det	ES	O	_	_
cultura	cultura	SS	O	_	_
avvenire	avvenire	VF	O	_	_
gran	grande	AS	O	_	_
parte	parte	SS	O	_	_
,	comma	XPW	O	_	_
anzi	anzi	C	O	_	_
purché	purché	C	O	_	_
lo	lo	PS	O	_	_
vogliano	volere	VI	O	_	_
,	comma	XPW	O	_	_
la	il	RS	O	_	_
parte	parte	SS	O	_	_
principale	principale	AS	O	_	_
.	.	XPS	O	_	_

Il	il	RS	O	_	_
secolo	secolo	SS	O	_	_
XIX	xix	N	O	_	_
ha	avere	VIY	O	_	_
lasciato	lasciare	VSP	O	_	_
al	a/det	ES	O	_	_
XX	xx	N	O	_	_
i	il	RP	O	_	_
germi	germe	SP	O	_	_
del	di/det	ES	O	_	_
rinascimento	rinascimento	SS	O	_	_
;	semicolon	XPS	O	_	_

i	il	RP	O	_	_
migliori	migliore	AP	O	_	_
degli	di/det	EP	O	_	_
intellettuali	intellettuale	SP	O	_	_
fra	fra	E	O	_	_
i	il	RP	O	_	_
nostri	nostro	DP	O	_	_
avversari	avversario	SP	O	_	_
sono	essere	VI	O	_	_
fra	fra	E	O	_	_
la	il	RS	O	_	_
«	«	XPO	O	_	_
gente	gente	SS	O	_	_
che	che	CCHE	O	_	_
si	rifl	PN	O	_	_
avvia	avviare	VI	O	_	_
»	»	XPO	O	_	_
,	comma	XPW	O	_	_
per	per	E	O	_	_
noi	noi	PP	O	_	_
si	rifl	PN	O	_	_
sono	essere	VIY	O	_	_
aperti	aprire	VPP	O	_	_
nuovi	nuovo	AP	O	_	_
orizzonti	orizzonte	SP	O	_	_
:	:	XPS	O	_	_
ebbene	ebbene	C	O	_	_
,	comma	XPW	O	_	_
o	o	C	O	_	_
cattolici	cattolico	SP	O	_	_
de	de	E	O	_	_
secolo	secolo	SS	O	_	_
XX	xx	N	O	_	_
,	comma	XPW	O	_	_
siamo	essere	VI	O	_	_
uomini	uomo	SP	O	_	_
dei	di/det	EP	O	_	_
nostri	nostro	DP	O	_	_
tempi	tempo	SP	O	_	_
:	:	XPS	O	_	_
alla	a/det	ES	O	_	_
riscossa	riscossa	SS	O	_	_
.	.	XPS	O	_	_

1	1	N	O	_	_
)	close_parenthesis	XPB	O	_	_
Nun	nun	SPN	O	_	_
aber	aber	VI	O	_	_
bleiben	bleiben	AS	O	_	_
der	der	AS	O	_	_
Bazillus	bazillus	SPN	O	_	_
,	comma	XPW	O	_	_
die	die	SP	O	_	_
Bedientenseele	bedientenseele	SPN	O	_	_
und	und	VI	O	_	_
Israele	israele	SPN	GPE	30.8760272	35.0015196
,	comma	XPW	O	_	_
diese	diese	AS	O	_	_
drei	drei	VI	O	_	_
,	comma	XPW	O	_	_
aber	aber	VI	O	_	_
Israel	israel	SPN	PER	_	_
ist	ist	AS	O	_	_
der	der	SS	O	_	_
grösste	grösste	VI	O	_	_
unter	unter	SN	O	_	_
ihnen	ihnen	AS	O	_	_
.	.	XPS	O	_	_

2	2	N	O	_	_
)	close_parenthesis	XPB	O	_	_
Cfr	cfr	SPN	O	_	_
.	.	XPS	O	_	_

«	«	XPO	O	_	_
Haeckelismus	haeckelismus	SPN	O	_	_
und	und	VI	O	_	_
Darwinismus	darwinismus	SPN	O	_	_
»	»	XPO	O	_	_
del	di/det	ES	O	_	_
d.r	d.r	YA	O	_	_
Antonio	antonio	SPN	O	_	_
Michelitsch	michelitsch	SPN	O	_	_
,	comma	XPW	O	_	_
prof.	prof.	SS	O	_	_
dell’	di/det	ES	O	_	_
univeristà	univeristà	SN	O	_	_
di	di	E	O	_	_
Graz	graz	SPN	GPE	47.07325875	15.4444721
,	comma	XPW	O	_	_
1900	1900	N	O	_	_
.	.	XPS	O	_	_

3	3	N	O	_	_
)	close_parenthesis	XPB	O	_	_
Nell’	in/det	ES	O	_	_
ed	ed	C	O	_	_
.	.	XPS	O	_	_

ted	ted	AS	O	_	_
:	:	XPS	O	_	_
Houston	houston	SPN	GPE	29.7589382	-95.3676974
Stewart	stewart	SPN	O	_	_
Chamberlain	chamberlain	SPN	PER	_	_
,	comma	XPW	O	_	_
«	«	XPO	O	_	_
Die	die	SPN	O	_	_
Grundlagen	grundlagen	SPN	O	_	_
des	des	VI	O	_	_
neunzehnten	neunzehnten	AS	O	_	_
Yahrhunderts	yahrhunderts	SPN	O	_	_
»	»	XPO	O	_	_
,	comma	XPW	O	_	_
1899	1899	N	O	_	_
.	.	XPS	O	_	_

4	4	N	O	_	_
)	close_parenthesis	XPB	O	_	_
Un	uno	RS	O	_	_
capo	capo	SS	O	_	_
ameno	ameno	AS	O	_	_
si	rifl	PN	O	_	_
è	essere	VIY	O	_	_
divertito	divertire	VSP	O	_	_
a	a	E	O	_	_
numerare	numerare	VF	O	_	_
le	il	RP	O	_	_
reticenze	reticenza	SP	O	_	_
e	e	C	O	_	_
i	il	RP	O	_	_
paragoni	paragone	SP	O	_	_
della	di/det	ES	O	_	_
Città	città	SPN	GPE	45.9398914	7.9770405
Morta	morta	SPN	GPE	45.9398914	7.9770405
ed	ed	C	O	_	_
ha	avere	VIY	O	_	_
trovato	trovare	VSP	O	_	_
che	che	CCHE	O	_	_
delle	di/det	EP	O	_	_
prime	primo	AP	O	_	_
in	in	E	O	_	_
quella	quello	DS	O	_	_
sola	solo	AS	O	_	_
opera	opera	SS	O	_	_
ha	avere	VIY	O	_	_
profuso	profondere	VSP	O	_	_
693	693	N	O	_	_
;	semicolon	XPS	O	_	_

ha	avere	VIY	O	_	_
poi	poi	B	O	_	_
numerato	numerare	VSP	O	_	_
quasi	quasi	B	O	_	_
altrettanti	altrettanto	AP	O	_	_
«	«	XPO	O	_	_
come	come	CADV	O	_	_
.	.	XPS	O	_	_

.	.	XPS	O	_	_

.	.	XPS	O	_	_

»	»	XPO	O	_	_
di	di	E	O	_	_
cui	cui	PN	O	_	_
102	102	N	O	_	_
solo	solo	B	O	_	_
nel	in/det	ES	O	_	_
2	2	N	O	_	_
°	°	XPO	O	_	_
atto	atto	SS	O	_	_
.	.	XPS	O	_	_

5	5	N	O	_	_
)	close_parenthesis	XPB	O	_	_
Fra	fra	SPN	O	_	_
i	il	RP	O	_	_
poeti	poeta	SP	O	_	_
pessimisti	pessimisti	VPP	O	_	_
dell’	di/det	ES	O	_	_
età	età	SN	O	_	_
moderna	moderno	AS	O	_	_
notiamo	notare	VI	O	_	_
:	:	XPS	O	_	_
Joung	joung	SPN	O	_	_
,	comma	XPW	O	_	_
Byron	byron	SPN	PER	_	_
,	comma	XPW	O	_	_
Shelley	shelley	SPN	PER	_	_
,	comma	XPW	O	_	_
Poe	poe	SPN	PER	_	_
,	comma	XPW	O	_	_
Grable	grable	SPN	PER	_	_
,	comma	XPW	O	_	_
Hölderlin	hölderlin	SPN	PER	_	_
,	comma	XPW	O	_	_
Heine	heine	SPN	PER	_	_
,	comma	XPW	O	_	_
Kleist	kleist	SPN	PER	_	_
,	comma	XPW	O	_	_
Lemau	lemau	SPN	PER	_	_
,	comma	XPW	O	_	_
Lenancour	lenancour	SPN	PER	_	_
,	comma	XPW	O	_	_
Mussel	mussel	SPN	PER	_	_
,	comma	XPW	O	_	_
Foscolo	foscolo	SPN	PER	_	_
,	comma	XPW	O	_	_
Leopardi	leopardi	SPN	PER	_	_
,	comma	XPW	O	_	_
Giusti	giusti	SPN	PER	_	_
,	comma	XPW	O	_	_
Carducci	carducci	SPN	PER	_	_
,	comma	XPW	O	_	_
Slovacki	slovacki	SPN	PER	_	_
,	comma	XPW	O	_	_
Leramontow	leramontow	SPN	PER	_	_
,	comma	XPW	O	_	_
Puschkin	puschkin	SPN	PER	_	_
,	comma	XPW	O	_	_
Gogol	gogol	SPN	PER	_	_
.	.	XPS	O	_	_

.	.	XPS	O	_	_

.	.	XPS	O	_	_

6	6	N	O	_	_
)	close_parenthesis	XPB	O	_	_
Cfr	cfr	SPN	O	_	_
.	.	XPS	O	_	_

lo	il	RS	O	_	_
studio	studio	SS	O	_	_
di	di	E	O	_	_
G.	g.	YA	O	_	_
Ellero	ellero	SPN	O	_	_
nei	in/det	EP	O	_	_
fascicoli	fascicolo	SP	O	_	_
di	di	E	O	_	_
maggio	maggio	SS	O	_	_
e	e	C	O	_	_
giugno	giugno	SS	O	_	_
a.c.	a.c.	YA	O	_	_
della	di/det	ES	O	_	_
Rivista	rivista	SS	O	_	_
Internazionale	internazionale	AS	O	_	_
.	.	XPS	O	_	_

7	7	N	O	_	_
)	close_parenthesis	XPB	O	_	_
A	a	E	O	_	_
proposito	proposito	SS	O	_	_
di	di	E	O	_	_
rinascenza	rinascenza	SS	O	_	_
cfr.	cfr.	VI	O	_	_
la	il	RS	O	_	_
conf	conf	SS	O	_	_
.	.	XPS	O	_	_

di	di	E	O	_	_
G.	g.	YA	O	_	_
Semeria	semeria	SPN	O	_	_
«	«	XPO	O	_	_
Gente	gente	B	O	_	_
che	che	CCHE	O	_	_
viene	venire	VI	O	_	_
,	comma	XPW	O	_	_
gente	gente	SS	O	_	_
che	che	CCHE	O	_	_
si	rifl	PN	O	_	_
muove	muovere	VI	O	_	_
,	comma	XPW	O	_	_
gente	gente	SS	O	_	_
che	che	CCHE	O	_	_
si	rifl	PN	O	_	_
avvia	avviare	VI	O	_	_
»	»	XPO	O	_	_
.	.	XPS	O	_	_

8	8	N	O	_	_
)	close_parenthesis	XPB	O	_	_
Vedi	vedere	VI	O	_	_
in	in	E	O	_	_
proposito	proposito	SS	O	_	_
il	il	RS	O	_	_
secondo	secondo	SS	O	_	_
e	e	C	O	_	_
il	il	RS	O	_	_
terzo	terzo	AS	O	_	_
volume	volume	SS	O	_	_
delle	di/det	EP	O	_	_
«	«	XPO	O	_	_
Battaglie	battaglie	SPN	O	_	_
d’	di	E	O	_	_
oggi	oggi	B	O	_	_
»	»	XPO	O	_	_
,	comma	XPW	O	_	_
di	di	E	O	_	_
R.	r.	YA	PER	_	_
Murri	murri	SPN	PER	_	_
;	semicolon	XPS	O	_	_

e	e	C	O	_	_
«	«	XPO	O	_	_
Die	die	SPN	O	_	_
Volkswirthschaft	volkswirthschaft	SPN	O	_	_
in	in	E	O	_	_
ihren	ihren	SS	O	_	_
sittlichen	sittlichen	AS	O	_	_
Grundlagen	grundlagen	SPN	O	_	_
»	»	XPO	O	_	_
,	comma	XPW	O	_	_
Cap.	cap.	SPN	O	_	_
VII	vii	SPN	O	_	_
,	comma	XPW	O	_	_
del	di/det	ES	O	_	_
d.r	d.r	YA	O	_	_
G.	g.	YA	O	_	_
Ratzinger	ratzinger	SPN	O	_	_
.	.	XPS	O	_	_
