# total number of persons:0, total number of gpes:8
Avrete	avere	VIY	O	_	_
letto	leggere	VSP	O	_	_
che	che	CCHE	O	_	_
il	il	RS	O	_	_
Governo	governo	SS	O	_	_
francese	francese	AS	O	_	_
sta	stare	VI	O	_	_
pensando	pensare	VG	O	_	_
se	se	C	O	_	_
non	non	B	O	_	_
gli	gli	PS	O	_	_
convenga	convenire	VI	O	_	_
ritornare	ritornare	VF	O	_	_
alla	a/det	ES	O	_	_
ferma	ferma	SS	O	_	_
militare	militare	AS	O	_	_
di	di	E	O	_	_
tre	tre	N	O	_	_
anni	anno	SP	O	_	_
.	.	XPS	O	_	_

Quest’	questo	DS	O	_	_
annunzio	annunzio	SS	O	_	_
non	non	B	O	_	_
v’	v’	B	O	_	_
ha	avere	VIY	O	_	_
fatto	fare	VSP	O	_	_
l’	il	RS	O	_	_
effetto	effetto	SS	O	_	_
di	di	E	O	_	_
un	uno	RS	O	_	_
avvenimento	avvenimento	SS	O	_	_
sintomatico	sintomatico	AS	O	_	_
?	?	XPS	O	_	_

Ritorniamo	ritornare	VI	O	_	_
indietro	indietro	B	O	_	_
dunque	dunque	C	O	_	_
.	.	XPS	O	_	_

Dopo	dopo	E	O	_	_
mezzo	mezzo	AS	O	_	_
secolo	secolo	SS	O	_	_
di	di	E	O	_	_
propaganda	propaganda	SS	O	_	_
antimilitarista	antimilitarista	AS	O	_	_
e	e	C	O	_	_
pacifista	pacifista	AS	O	_	_
,	comma	XPW	O	_	_
dopo	dopo	E	O	_	_
la	il	RS	O	_	_
corsa	corsa	SS	O	_	_
vertiginosa	vertiginoso	AS	O	_	_
dell’	di/det	ES	O	_	_
internazionalismo	internazionalismo	SS	O	_	_
attraverso	attraverso	E	O	_	_
il	il	RS	O	_	_
mondo	mondo	SS	O	_	_
,	comma	XPW	O	_	_
ci	ci	PP	O	_	_
troviamo	trovare	VI	O	_	_
dunque	dunque	C	O	_	_
oggi	oggi	B	O	_	_
più	più	B	O	_	_
diffidenti	diffidente	AP	O	_	_
,	comma	XPW	O	_	_
più	più	B	O	_	_
agguerriti	agguerrito	AP	O	_	_
che	che	CCHE	O	_	_
mai	mai	B	O	_	_
l’	il	RS	O	_	_
un	uno	RS	O	_	_
contro	contro	E	O	_	_
l’	il	RS	O	_	_
altro	altro	PS	O	_	_
?	?	XPS	O	_	_

Avevamo	avere	VIY	O	_	_
avuto	avere	VSP	O	_	_
un	uno	RS	O	_	_
lungo	lungo	AS	O	_	_
periodo	periodo	SS	O	_	_
di	di	E	O	_	_
pace	pace	SS	O	_	_
e	e	C	O	_	_
di	di	E	O	_	_
ricostituzione	ricostituzione	SS	O	_	_
civile	civile	AS	O	_	_
.	.	XPS	O	_	_

Per	per	E	O	_	_
quasi	quasi	B	O	_	_
cinquant’	cinquant’	N	O	_	_
anni	anno	SP	O	_	_
ogni	ogni	DS	O	_	_
sforzo	sforzo	SS	O	_	_
nazionale	nazionale	AS	O	_	_
parve	parere	VI	O	_	_
concentrarsi	concentrare/rifl	VF+E	O	_	_
nell’	in/det	ES	O	_	_
intensificare	intensificare	VF	O	_	_
e	e	C	O	_	_
nel	in/det	ES	O	_	_
migliorare	migliorare	VF	O	_	_
la	il	RS	O	_	_
vita	vita	SS	O	_	_
sociale	sociale	AS	O	_	_
.	.	XPS	O	_	_

Non	non	B	O	_	_
s’	s’	PN	O	_	_
è	essere	VIY	O	_	_
parlato	parlare	VSP	O	_	_
che	che	CCHE	O	_	_
di	di	E	O	_	_
rappresentanza	rappresentanza	SS	O	_	_
proporzionale	proporzionale	AS	O	_	_
degli	di/det	EP	O	_	_
interessi	interesse	SP	O	_	_
,	comma	XPW	O	_	_
di	di	E	O	_	_
protezione	protezione	SS	O	_	_
delle	di/det	EP	O	_	_
classi	classe	SP	O	_	_
deboli	debole	AP	O	_	_
,	comma	XPW	O	_	_
di	di	E	O	_	_
equa	equo	AS	O	_	_
distribuzione	distribuzione	SS	O	_	_
del	di/det	ES	O	_	_
benessere	benessere	SS	O	_	_
,	comma	XPW	O	_	_
e	e	C	O	_	_
proprio	proprio	B	O	_	_
negli	in/det	EP	O	_	_
ultimi	ultimo	AP	O	_	_
anni	anno	SP	O	_	_
si	rifl	PN	O	_	_
studiava	studiare	VI	O	_	_
e	e	C	O	_	_
si	rifl	PN	O	_	_
preparava	preparare	VI	O	_	_
«	«	XPO	O	_	_
l’	il	RS	O	_	_
assicurazione	assicurazione	SS	O	_	_
sociale	sociale	AS	O	_	_
»	»	XPO	O	_	_
,	comma	XPW	O	_	_
le	il	RP	O	_	_
pensioni	pensione	SP	O	_	_
per	per	E	O	_	_
gli	il	RP	O	_	_
invalidi	invalido	SP	O	_	_
e	e	C	O	_	_
per	per	E	O	_	_
gli	il	RP	O	_	_
indigenti	indigente	SP	O	_	_
,	comma	XPW	O	_	_
la	il	RS	O	_	_
garanzia	garanzia	SS	O	_	_
dei	di/det	EP	O	_	_
forti	forte	SP	O	_	_
in	in	E	O	_	_
favore	favore	SS	O	_	_
dei	di/det	EP	O	_	_
deboli	debole	SP	O	_	_
.	.	XPS	O	_	_

Lo	il	RS	O	_	_
Stato	stato	SS	O	_	_
si	rifl	PN	O	_	_
credeva	credere	VI	O	_	_
così	così	B	O	_	_
sicuro	sicuro	AS	O	_	_
,	comma	XPW	O	_	_
che	che	CCHE	O	_	_
voleva	volere	VI	O	_	_
intervenire	intervenire	VF	O	_	_
ed	ed	C	O	_	_
in	in	E	O	_	_
parte	parte	SS	O	_	_
è	essere	VIY	O	_	_
intervenuto	intervenire	VSP	O	_	_
a	a	E	O	_	_
rinforzare	rinforzare	VF	O	_	_
e	e	C	O	_	_
completare	completare	VF	O	_	_
i	il	RP	O	_	_
compiti	compito	SP	O	_	_
della	di/det	ES	O	_	_
famiglia	famiglia	SS	O	_	_
verso	verso	E	O	_	_
i	il	RP	O	_	_
suoi	suo	DP	O	_	_
membri	membro	SP	O	_	_
,	comma	XPW	O	_	_
non	non	B	O	_	_
solo	solo	B	O	_	_
con	con	E	O	_	_
riguardo	riguardo	SS	O	_	_
al	a/det	ES	O	_	_
presente	presente	SS	O	_	_
,	comma	XPW	O	_	_
ma	ma	C	O	_	_
anche	anche	C	O	_	_
in	in	E	O	_	_
vista	vista	SS	O	_	_
delle	di/det	EP	O	_	_
peripezie	peripezia	SP	O	_	_
eventuali	eventuale	AP	O	_	_
dell’	di/det	ES	O	_	_
avvenire	avvenire	SS	O	_	_
.	.	XPS	O	_	_

È	essere	VI	O	_	_
l’	il	RS	O	_	_
epoca	epoca	SS	O	_	_
della	di/det	ES	O	_	_
beneficenza	beneficenza	SS	O	_	_
organizzata	organizzato	AS	O	_	_
,	comma	XPW	O	_	_
della	di/det	ES	O	_	_
previdenza	previdenza	SS	O	_	_
sistematica	sistematico	AS	O	_	_
,	comma	XPW	O	_	_
dell’	di/det	ES	O	_	_
organizzazione	organizzazione	SS	O	_	_
sociale	sociale	AS	O	_	_
.	.	XPS	O	_	_

Dalle	da/det	EP	O	_	_
discussioni	discussione	SP	O	_	_
sui	su/det	EP	O	_	_
paesi	paese	SP	O	_	_
militari	militare	AP	O	_	_
poi	poi	B	O	_	_
,	comma	XPW	O	_	_
era	essere	VI	O	_	_
almeno	almeno	B	O	_	_
derivata	derivare	VSP	O	_	_
l’	il	RS	O	_	_
opinione	opinione	SS	O	_	_
generale	generale	AS	O	_	_
che	che	CCHE	O	_	_
convenisse	convenire	VI	O	_	_
cercare	cercare	VF	O	_	_
i	il	RP	O	_	_
modi	modio	SP	O	_	_
di	di	E	O	_	_
renderli	rendere/pro	VF+E	O	_	_
meno	meno	B	O	_	_
gravosi	gravoso	AP	O	_	_
e	e	C	O	_	_
meno	meno	B	O	_	_
sentiti	sentire	VPP	O	_	_
e	e	C	O	_	_
che	che	CCHE	O	_	_
almeno	almeno	B	O	_	_
si	rifl	PN	O	_	_
dovesse	dovere	VI	O	_	_
tentare	tentare	VF	O	_	_
di	di	E	O	_	_
abbreviarne	abbreviare/part	VF+E	O	_	_
la	il	RS	O	_	_
durata	durata	SS	O	_	_
.	.	XPS	O	_	_

La	il	RS	O	_	_
Francia	francia	SPN	GPE	46.603354	1.8883335
marciò	marciare	VI	O	_	_
come	come	CADV	O	_	_
sempre	sempre	B	O	_	_
alla	a/det	ES	O	_	_
testa	testa	SS	O	_	_
,	comma	XPW	O	_	_
e	e	C	O	_	_
ridusse	ridusse	VI	O	_	_
la	il	RS	O	_	_
ferma	ferma	SS	O	_	_
a	a	E	O	_	_
due	due	N	O	_	_
anni	anno	SP	O	_	_
;	semicolon	XPS	O	_	_

seguivano	seguire	VI	O	_	_
altri	altro	DP	O	_	_
paesi	paese	SP	O	_	_
ed	ed	C	O	_	_
ultimamente	ultimamente	B	O	_	_
,	comma	XPW	O	_	_
dopo	dopo	E	O	_	_
molti	molto	DP	O	_	_
studi	studio	SP	O	_	_
e	e	C	O	_	_
con	con	E	O	_	_
molte	molto	DP	O	_	_
attenuazioni	attenuazione	SP	O	_	_
,	comma	XPW	O	_	_
la	il	RS	O	_	_
riforma	riforma	SS	O	_	_
venne	venire	VIY	O	_	_
votata	votare	VSP	O	_	_
anche	anche	C	O	_	_
dalla	da/det	ES	O	_	_
Camera	camera	SPN	O	_	_
austriaca	austriaco	AS	O	_	_
.	.	XPS	O	_	_

Ora	ora	B	O	_	_
,	comma	XPW	O	_	_
quale	quale	DS	O	_	_
indice	indice	SS	O	_	_
di	di	E	O	_	_
una	uno	RS	O	_	_
situazione	situazione	SS	O	_	_
mutato	mutato	AS	O	_	_
,	comma	XPW	O	_	_
si	rifl	PN	O	_	_
presenta	presentare	VI	O	_	_
la	il	RS	O	_	_
minaccia	minaccia	SS	O	_	_
della	di/det	ES	O	_	_
repubblica	repubblica	SS	GPE	46.603354	1.8883335
francese	francese	AS	GPE	46.603354	1.8883335
.	.	XPS	O	_	_

È	essere	VI	O	_	_
lo	il	RS	O	_	_
Stato	stato	SS	O	_	_
ove	ove	B	O	_	_
governa	governare	VI	O	_	_
la	il	RS	O	_	_
democrazia	democrazia	SS	O	_	_
,	comma	XPW	O	_	_
il	il	RS	O	_	_
paese	paese	SS	O	_	_
ove	ove	B	O	_	_
al	a/det	ES	O	_	_
ministero	ministero	SS	O	_	_
della	di/det	ES	O	_	_
guerra	guerra	SS	O	_	_
arrivano	arrivare	VI	O	_	_
demagoghi	demagogo	SP	O	_	_
radicali	radicale	AP	O	_	_
e	e	C	O	_	_
tribuni	tribuni	AP	O	_	_
socialisti	socialista	SP	O	_	_
.	.	XPS	O	_	_

Che	che	CCHE	O	_	_
cosa	cosa	SS	O	_	_
sarà	essere	VI	O	_	_
di	di	E	O	_	_
altri	altro	DP	O	_	_
Stati	stato	SP	O	_	_
ove	ove	B	O	_	_
la	il	RS	O	_	_
potenza	potenza	SS	O	_	_
militare	militare	AS	O	_	_
è	essere	VI	O	_	_
l’	il	RS	O	_	_
ideale	ideale	SS	O	_	_
di	di	E	O	_	_
un’	uno	RS	O	_	_
educazione	educazione	SS	O	_	_
e	e	C	O	_	_
la	il	RS	O	_	_
garanzia	garanzia	SS	O	_	_
,	comma	XPW	O	_	_
a	a	E	O	_	_
cui	cui	PN	O	_	_
in	in	E	O	_	_
mancanza	mancanza	SS	O	_	_
di	di	E	O	_	_
altre	altro	DP	O	_	_
più	più	B	O	_	_
sicure	sicuro	AP	O	_	_
,	comma	XPW	O	_	_
sono	essere	VIY	O	_	_
tentati	tentare	VPP	O	_	_
di	di	E	O	_	_
ricorrere	ricorrere	VF	O	_	_
i	il	RP	O	_	_
dominanti	dominante	SP	O	_	_
?	?	XPS	O	_	_

Ritorniamo	ritornare	VI	O	_	_
dunque	dunque	C	O	_	_
proprio	proprio	B	O	_	_
indietro	indietro	B	O	_	_
?	?	XPS	O	_	_

All’	a/det	ES	O	_	_
epoca	epoca	SS	O	_	_
sociale	sociale	AS	O	_	_
seguirà	seguire	VI	O	_	_
proprio	proprio	B	O	_	_
un’	uno	RS	O	_	_
era	era	SS	O	_	_
imperialista	imperialista	AS	O	_	_
e	e	C	O	_	_
nazionalista	nazionalista	AS	O	_	_
?	?	XPS	O	_	_

Troppi	troppo	DP	O	_	_
fatti	fatto	SP	O	_	_
si	rifl	PN	O	_	_
ripetono	ripetere	VI	O	_	_
quotidianamente	quotidianamente	B	O	_	_
perché	perché	C	O	_	_
tale	tale	AS	O	_	_
domanda	domanda	SS	O	_	_
non	non	B	O	_	_
si	rifl	PN	O	_	_
presenti	presentare	VI	O	_	_
spontanea	spontaneo	AS	O	_	_
.	.	XPS	O	_	_

Tutti	tutto	DP	O	_	_
gli	il	RP	O	_	_
Stati	stato	SP	O	_	_
febbrilmente	febbrilmente	B	O	_	_
,	comma	XPW	O	_	_
senza	senza	E	O	_	_
tregua	tregua	SS	O	_	_
,	comma	XPW	O	_	_
rovinandosi	rovinare/rifl	VG+E	O	_	_
fino	fino	E	O	_	_
al	a/det	ES	O	_	_
fallimento	fallimento	SS	O	_	_
.	.	XPS	O	_	_

La	il	RS	O	_	_
febbre	febbre	SS	O	_	_
ha	avere	VIY	O	_	_
invaso	invadere	VSP	O	_	_
perfino	perfino	B	O	_	_
i	il	RP	O	_	_
piccoli	piccolo	AP	O	_	_
Stati	stati	SPN	O	_	_
neutri	neutro	AP	O	_	_
,	comma	XPW	O	_	_
come	come	CADV	O	_	_
la	il	RS	O	_	_
Svizzera	svizzera	SPN	GPE	46.7985624	8.2319736
ed	ed	C	O	_	_
il	il	RS	O	_	_
Belgio	belgio	SPN	GPE	50.6407351	4.66696
.	.	XPS	O	_	_

Beernaert	beernaert	SPN	O	_	_
è	essere	VIY	O	_	_
morto	morire	VSP	O	_	_
in	in	E	O	_	_
tempo	tempo	SS	O	_	_
per	per	E	O	_	_
non	non	B	O	_	_
vedere	vedere	VF	O	_	_
anche	anche	C	O	_	_
il	il	RS	O	_	_
suo	suo	DS	O	_	_
paese	paese	SS	O	_	_
incamminarsi	incamminare/rifl	VF+E	O	_	_
su	su	E	O	_	_
una	uno	RS	O	_	_
via	via	SS	O	_	_
non	non	B	O	_	_
mai	mai	B	O	_	_
tentata	tentare	VSP	O	_	_
.	.	XPS	O	_	_

È	essere	VI	O	_	_
come	come	CADV	O	_	_
se	se	C	O	_	_
ad	ad	E	O	_	_
un	uno	RS	O	_	_
tratto	tratto	SS	O	_	_
fosse	essere	VI	O	_	_
venuta	venire	VSP	O	_	_
meno	meno	B	O	_	_
in	in	E	O	_	_
tutti	tutto	DP	O	_	_
la	il	RS	O	_	_
fede	fede	SS	O	_	_
nelle	in/det	EP	O	_	_
convenzioni	convenzione	SP	O	_	_
,	comma	XPW	O	_	_
nei	in/det	EP	O	_	_
trattati	trattato	SP	O	_	_
,	comma	XPW	O	_	_
nella	in/det	ES	O	_	_
forza	forza	SS	O	_	_
del	di/det	ES	O	_	_
diritto	diritto	SS	O	_	_
ed	ed	C	O	_	_
ognuno	ognuno	PS	O	_	_
avesse	avere	VIY	O	_	_
sentito	sentire	VSP	O	_	_
il	il	RS	O	_	_
bisogno	bisogno	SS	O	_	_
di	di	E	O	_	_
tapparsi	tappare/rifl	VF+E	O	_	_
in	in	E	O	_	_
casa	casa	SS	O	_	_
rinserrandovisi	rinserrandovisi	VPP	O	_	_
con	con	E	O	_	_
il	il	RS	O	_	_
catenaccio	catenaccio	SS	O	_	_
e	e	C	O	_	_
barricandosi	barricare/rifl	VG+E	O	_	_
ad	ad	E	O	_	_
ogni	ogni	DS	O	_	_
apertura	apertura	SS	O	_	_
.	.	XPS	O	_	_

Ci	ci	PP	O	_	_
sentiamo	sentire	VI	O	_	_
più	più	B	O	_	_
che	che	CCHE	O	_	_
mai	mai	B	O	_	_
stranieri	straniero	AP	O	_	_
gli	il	RP	O	_	_
uni	uni	SP	O	_	_
agli	a/det	EP	O	_	_
altri	altro	PP	O	_	_
,	comma	XPW	O	_	_
e	e	C	O	_	_
fuori	fuori	E	O	_	_
di	di	E	O	_	_
noi	noi	PP	O	_	_
vediamo	vedere	VI	O	_	_
i	il	RP	O	_	_
barbari	barbaro	SP	O	_	_
come	come	CADV	O	_	_
i	il	RP	O	_	_
greci	greci	SP	O	_	_
nel	in/det	ES	O	_	_
periodo	periodo	SS	O	_	_
della	di/det	ES	O	_	_
loro	loro	DP	O	_	_
civiltà	civiltà	SN	O	_	_
.	.	XPS	O	_	_

Come	come	CADV	O	_	_
appaiono	apparire	VI	O	_	_
vuote	vuoto	AP	O	_	_
ora	ora	B	O	_	_
le	il	RP	O	_	_
parole	parola	SP	O	_	_
d’	di	E	O	_	_
ordine	ordine	SS	O	_	_
«	«	XPO	O	_	_
solidarietà	solidarietà	SN	O	_	_
umana	umano	AS	O	_	_
»	»	XPO	O	_	_
,	comma	XPW	O	_	_
«	«	XPO	O	_	_
fratellanza	fratellanza	SS	O	_	_
universale	universale	AS	O	_	_
»	»	XPO	O	_	_
,	comma	XPW	O	_	_
predicateci	predicateci	VSP	O	_	_
in	in	E	O	_	_
tutte	tutto	DP	O	_	_
le	il	RP	O	_	_
rivoluzioni	rivoluzione	SP	O	_	_
politiche	politico	AP	O	_	_
quasi	quasi	B	O	_	_
un	uno	RS	O	_	_
vangelo	vangelo	SS	O	_	_
più	più	B	O	_	_
naturale	naturale	AS	O	_	_
e	e	C	O	_	_
più	più	B	O	_	_
umano	umano	AS	O	_	_
da	da	E	O	_	_
sostituirsi	sostituire/rifl	VF+E	O	_	_
al	a/det	ES	O	_	_
cristianesimo	cristianesimo	AS	O	_	_
medioevale	medioevale	SS	O	_	_
rinnegato	rinnegare	VSP	O	_	_
.	.	XPS	O	_	_

Come	come	CADV	O	_	_
è	essere	VI	O	_	_
nuda	nudo	AS	O	_	_
,	comma	XPW	O	_	_
come	come	CADV	O	_	_
si	rifl	PN	O	_	_
rivela	rivelare	VI	O	_	_
in	in	E	O	_	_
tutto	tutto	DS	O	_	_
il	il	RS	O	_	_
suo	suo	DS	O	_	_
crudo	crudo	AS	O	_	_
egoismo	egoismo	SS	O	_	_
codesta	codesto	DS	O	_	_
Europa	europa	SPN	GPE	51.0000003	9.9999997
moderna	moderno	AS	O	_	_
,	comma	XPW	O	_	_
proclamatasi	proclamatasi	VI	O	_	_
tante	tanto	DP	O	_	_
volte	volta	SP	O	_	_
nei	in/det	EP	O	_	_
congressi	congresso	SP	O	_	_
e	e	C	O	_	_
nelle	in/det	EP	O	_	_
esposizioni	esposizione	SP	O	_	_
internazionali	internazionale	AP	O	_	_
madre	madre	SS	O	_	_
disinteressata	disinteressare	VSP	O	_	_
dei	di/det	EP	O	_	_
progressi	progresso	SP	O	_	_
umani	umano	AP	O	_	_
.	.	XPS	O	_	_

E	e	C	O	_	_
pure	pure	B	O	_	_
la	il	RS	O	_	_
mente	mente	SS	O	_	_
si	rifl	PN	O	_	_
ribella	ribellare	VI	O	_	_
al	a/det	ES	O	_	_
pensiero	pensiero	SS	O	_	_
che	che	CCHE	O	_	_
la	il	RS	O	_	_
crisi	crisi	SN	O	_	_
manifestatasi	manifestatasi	VI	O	_	_
negli	in/det	EP	O	_	_
ultimi	ultimo	AP	O	_	_
anni	anno	SP	O	_	_
e	e	C	O	_	_
fattasi	fattasi	SP	O	_	_
acuta	acuto	AS	O	_	_
negli	in/det	EP	O	_	_
ultimi	ultimo	AP	O	_	_
mesi	mese	SP	O	_	_
,	comma	XPW	O	_	_
diventi	diventare	VI	O	_	_
un	uno	RS	O	_	_
male	male	SS	O	_	_
incurabile	incurabile	AS	O	_	_
e	e	C	O	_	_
letale	letale	AS	O	_	_
.	.	XPS	O	_	_

Uomini	uomo	SP	O	_	_
del	di/det	ES	O	_	_
secolo	secolo	SS	O	_	_
ventesimo	ventesimo	AS	O	_	_
che	che	CCHE	O	_	_
hanno	avere	VIY	O	_	_
tanto	tanto	B	O	_	_
studiato	studiare	VSP	O	_	_
e	e	C	O	_	_
tanto	tanto	B	O	_	_
esperimentata	esperimentare	VSP	O	_	_
la	il	RS	O	_	_
vita	vita	SS	O	_	_
sociale	sociale	AS	O	_	_
ed	ed	C	O	_	_
internazionale	internazionale	AS	O	_	_
,	comma	XPW	O	_	_
non	non	B	O	_	_
possono	potere	VI	O	_	_
credere	credere	VF	O	_	_
che	che	CCHE	O	_	_
la	il	RS	O	_	_
china	china	SS	O	_	_
su	su	E	O	_	_
cui	cui	PN	O	_	_
l’	il	RS	O	_	_
Europa	europa	SPN	GPE	51.0000003	9.9999997
va	andare	VI	O	_	_
scivolando	scivolare	VG	O	_	_
sia	sia	C	O	_	_
già	già	B	O	_	_
la	il	RS	O	_	_
parabola	parabola	SS	O	_	_
discendente	discendente	AS	O	_	_
della	di/det	ES	O	_	_
nostra	nostro	DS	O	_	_
cultura	cultura	SS	O	_	_
e	e	C	O	_	_
che	che	CCHE	O	_	_
ormai	ormai	B	O	_	_
si	rifl	PN	O	_	_
pieghi	piegare	VI	O	_	_
verso	verso	E	O	_	_
la	il	RS	O	_	_
decadenza	decadenza	SS	O	_	_
.	.	XPS	O	_	_

Noi	noi	PP	O	_	_
dobbiamo	dovere	VI	O	_	_
sperare	sperare	VF	O	_	_
che	che	CCHE	O	_	_
si	rifl	PN	O	_	_
tratti	trattare	VI	O	_	_
solo	solo	B	O	_	_
di	di	E	O	_	_
una	uno	RS	O	_	_
crisi	crisi	SN	O	_	_
passeggera	passeggero	AS	O	_	_
,	comma	XPW	O	_	_
di	di	E	O	_	_
un	uno	RS	O	_	_
sussulto	sussulto	SS	O	_	_
momentaneo	momentaneo	AS	O	_	_
che	che	CCHE	O	_	_
scuota	scuotere	VI	O	_	_
ma	ma	C	O	_	_
non	non	B	O	_	_
distrugga	distruggere	VI	O	_	_
il	il	RS	O	_	_
presente	presente	AS	O	_	_
organismo	organismo	SS	O	_	_
.	.	XPS	O	_	_

Ci	ci	B	O	_	_
sono	essere	VI	O	_	_
infine	infine	B	O	_	_
in	in	E	O	_	_
fondo	fondo	SS	O	_	_
a	a	E	O	_	_
questa	questo	DS	O	_	_
vecchia	vecchio	AS	O	_	_
Europa	europa	SPN	GPE	51.0000003	9.9999997
delle	di/det	EP	O	_	_
grandi	grande	AP	O	_	_
forze	forza	SP	O	_	_
morali	morale	AP	O	_	_
da	da	E	O	_	_
far	fare	VF	O	_	_
rivivere	rivivere	VF	O	_	_
e	e	C	O	_	_
fruttare	fruttare	VF	O	_	_
.	.	XPS	O	_	_

Dietro	dietro	E	O	_	_
le	il	RP	O	_	_
frasi	frase	SP	O	_	_
vuote	vuoto	AP	O	_	_
del	di/det	ES	O	_	_
moderno	moderno	AS	O	_	_
naturalismo	naturalismo	SS	O	_	_
sta	stare	VI	O	_	_
ancora	ancora	B	O	_	_
il	il	RS	O	_	_
grande	grande	AS	O	_	_
patrimonio	patrimonio	SS	O	_	_
secolare	secolare	AS	O	_	_
dell’	di/det	ES	O	_	_
idealismo	idealismo	SS	O	_	_
cristiano	cristiano	AS	O	_	_
.	.	XPS	O	_	_

Come	come	CADV	O	_	_
attingendo	attingere	VG	O	_	_
ad	ad	E	O	_	_
esse	esse	PP	O	_	_
si	rifl	PN	O	_	_
rifanno	rifare	VI	O	_	_
gli	il	RP	O	_	_
individui	individuo	SP	O	_	_
così	così	B	O	_	_
si	rifl	PN	O	_	_
rinnovano	rinnovare	VI	O	_	_
le	il	RP	O	_	_
nazioni	nazione	SP	O	_	_
.	.	XPS	O	_	_

Così	così	B	O	_	_
l’	il	RS	O	_	_
Europa	europa	SPN	GPE	51.0000003	9.9999997
potrà	potere	VI	O	_	_
celebrare	celebrare	VF	O	_	_
il	il	RS	O	_	_
suo	suo	DS	O	_	_
risanamento	risanamento	SS	O	_	_
.	.	XPS	O	_	_

Illusione	illusione	SS	O	_	_
?	?	XPS	O	_	_

Può	potere	VI	O	_	_
essere	essere	VF	O	_	_
;	semicolon	XPS	O	_	_

ma	ma	C	O	_	_
,	comma	XPW	O	_	_
in	in	E	O	_	_
fondo	fondo	SS	O	_	_
,	comma	XPW	O	_	_
senza	senza	E	O	_	_
illusioni	illusione	SP	O	_	_
la	il	RS	O	_	_
vita	vita	SS	O	_	_
politica	politico	AS	O	_	_
sarebbe	essere	VI	O	_	_
insopportabile	insopportabile	AS	O	_	_
.	.	XPS	O	_	_
