# total number of persons:2, total number of gpes:16
I	il	RP	O	_	_
lettori	lettore	SP	O	_	_
ricorderanno	ricordare	VI	O	_	_
un	uno	RS	O	_	_
articolo	articolo	SS	O	_	_
dell’	di/det	ES	O	_	_
Alto	alto	SPN	GPE	46.65596895	11.22964387
Adige	adige	SPN	GPE	46.65596895	11.22964387
che	che	CCHE	O	_	_
era	essere	VI	O	_	_
una	uno	RS	O	_	_
provocazione	provocazione	SS	O	_	_
e	e	C	O	_	_
un’	uno	RS	O	_	_
intimazione	intimazione	SS	O	_	_
di	di	E	O	_	_
guerra	guerra	SS	O	_	_
al	a/det	ES	O	_	_
«	«	XPO	O	_	_
partito	partito	SS	O	_	_
clericale	clericale	AS	O	_	_
»	»	XPO	O	_	_
sul	su/det	ES	O	_	_
campo	campo	SS	O	_	_
della	di/det	ES	O	_	_
difesa	difesa	SS	O	_	_
nazionale	nazionale	AS	O	_	_
.	.	XPS	O	_	_

L’	il	RS	O	_	_
articolo	articolo	SS	O	_	_
era	essere	VIY	O	_	_
firmato	firmare	VSP	O	_	_
da	da	E	O	_	_
«	«	XPO	O	_	_
Audax	audax	SPN	O	_	_
»	»	XPO	O	_	_
e	e	C	O	_	_
pareva	parere	VI	O	_	_
venisse	venire	VI	O	_	_
dall’	da/det	ES	O	_	_
altipiano	altipiano	SS	O	_	_
.	.	XPS	O	_	_

Vi	vi	B	O	_	_
si	rifl	PN	O	_	_
diceva	dire	VI	O	_	_
fra	fra	E	O	_	_
altro	altro	PS	O	_	_
:	:	XPS	O	_	_
«	«	XPO	O	_	_
È	essere	VI	O	_	_
vero	vero	AS	O	_	_
che	che	CCHE	O	_	_
il	il	RS	O	_	_
partito	partito	SS	O	_	_
clericale	clericale	AS	O	_	_
cercò	cercare	VI	O	_	_
di	di	E	O	_	_
sfruttare	sfruttare	VF	O	_	_
la	il	RS	O	_	_
lotta	lotta	SS	O	_	_
a	a	E	O	_	_
suo	suo	DS	O	_	_
favore	favore	SS	O	_	_
,	comma	XPW	O	_	_
svisando	svisare	VG	O	_	_
fatti	fatto	SP	O	_	_
,	comma	XPW	O	_	_
arrogando	arrogare	VG	O	_	_
a	a	E	O	_	_
sé	sé	PN	O	_	_
tutta	tutto	DS	O	_	_
la	il	RS	O	_	_
difesa	difesa	SS	O	_	_
,	comma	XPW	O	_	_
ma	ma	C	O	_	_
nella	in/det	ES	O	_	_
massima	massimo	AS	O	_	_
parte	parte	SS	O	_	_
non	non	B	O	_	_
fu	essere	VI	O	_	_
colpa	colpa	SS	O	_	_
dei	di/det	EP	O	_	_
nostri	nostro	DP	O	_	_
di	di	E	O	_	_
quassù	quassù	B	O	_	_
.	.	XPS	O	_	_

A	a	E	O	_	_
noi	noi	PP	O	_	_
,	comma	XPW	O	_	_
liberali	liberale	AP	O	_	_
,	comma	XPW	O	_	_
fece	fare	VI	O	_	_
male	male	B	O	_	_
e	e	C	O	_	_
schifo	schifo	SS	O	_	_
nel	in/det	ES	O	_	_
medesimo	medesimo	AS	O	_	_
tempo	tempo	SS	O	_	_
tale	tale	AS	O	_	_
agire	agire	VF	O	_	_
,	comma	XPW	O	_	_
ma	ma	C	O	_	_
non	non	B	O	_	_
era	essere	VI	O	_	_
giunta	giungere	VSP	O	_	_
l’	il	RS	O	_	_
ora	ora	SS	O	_	_
di	di	E	O	_	_
scendere	scendere	VF	O	_	_
ancora	ancora	B	O	_	_
in	in	E	O	_	_
campo	campo	SS	O	_	_
.	.	XPS	O	_	_

Sentivamo	sentire	VI	O	_	_
il	il	RS	O	_	_
bisogno	bisogno	SS	O	_	_
di	di	E	O	_	_
rimanere	rimanere	VF	O	_	_
uniti	unire	VPP	O	_	_
e	e	C	O	_	_
sacrificammo	sacrificare	VI	O	_	_
per	per	E	O	_	_
l’	il	RS	O	_	_
amore	amore	SS	O	_	_
della	di/det	ES	O	_	_
patria	patria	SS	O	_	_
,	comma	XPW	O	_	_
dimostrandoci	dimostrare/loc/pro	VG+E	O	_	_
così	così	B	O	_	_
superiori	superiore	AP	O	_	_
ad	ad	E	O	_	_
essi	essi	PP	O	_	_
,	comma	XPW	O	_	_
le	il	RP	O	_	_
lotte	lotta	SP	O	_	_
intestine	intestino	AP	O	_	_
.	.	XPS	O	_	_

Sacrificammo	sacrificare	VI	O	_	_
ma	ma	C	O	_	_
l’	il	RS	O	_	_
offesa	offesa	SS	O	_	_
resta	restare	VI	O	_	_
scolpita	scolpito	AS	O	_	_
nell’	in/det	ES	O	_	_
anima	anima	SS	O	_	_
nostra	nostro	DS	O	_	_
,	comma	XPW	O	_	_
e	e	C	O	_	_
vinta	vincere	VSP	O	_	_
la	il	RS	O	_	_
battaglia	battaglia	SS	O	_	_
maggiore	maggiore	AS	O	_	_
,	comma	XPW	O	_	_
non	non	B	O	_	_
avremo	avere	VI	O	_	_
timore	timore	SS	O	_	_
a	a	E	O	_	_
scendere	scendere	VF	O	_	_
in	in	E	O	_	_
campo	campo	SS	O	_	_
per	per	E	O	_	_
altri	altro	DP	O	_	_
ideali	ideale	AP	O	_	_
nostri	nostro	DP	O	_	_
:	:	XPS	O	_	_
ed	ed	C	O	_	_
allora	allora	C	O	_	_
ci	ci	PP	O	_	_
rivedremo	rivedere	VI	O	_	_
"!"	esclamation_mark	XPS	O	_	_

"!"	esclamation_mark	XPS	O	_	_

»	»	XPO	O	_	_
Noi	noi	PP	O	_	_
abbiamo	avere	VI	O	_	_
espresso	esprimere	VSP	O	_	_
la	il	RS	O	_	_
nostra	nostro	DS	O	_	_
altissima	altissimo	AS	O	_	_
meraviglia	meraviglia	SS	O	_	_
circa	circa	B	O	_	_
questa	questo	PS	O	_	_
coltellata	coltellata	VSP	O	_	_
nella	in/det	ES	O	_	_
schiena	schiena	SS	O	_	_
a	a	E	O	_	_
chi	chi	CCHI	O	_	_
lavora	lavorare	VI	O	_	_
alla	a/det	ES	O	_	_
difesa	difesa	SS	O	_	_
nazionale	nazionale	AS	O	_	_
e	e	C	O	_	_
abbiamo	avere	VIY	O	_	_
chiesto	chiedere	VSP	O	_	_
conto	conto	SS	O	_	_
all’	a/det	ES	O	_	_
Alto	alto	SPN	GPE	46.65596895	11.22964387
Adige	adige	SPN	GPE	46.65596895	11.22964387
di	di	E	O	_	_
tali	tale	AP	O	_	_
offese	offesa	SP	O	_	_
:	:	XPS	O	_	_
1.	1.	N	O	_	_
Dove	dove	CADV	O	_	_
e	e	C	O	_	_
quando	quando	CADV	O	_	_
il	il	RS	O	_	_
«	«	XPO	O	_	_
partito	partito	SS	O	_	_
clericale	clericale	AS	O	_	_
»	»	XPO	O	_	_
cercò	cercare	VI	O	_	_
sfruttare	sfruttare	VF	O	_	_
la	il	RS	O	_	_
lotta	lotta	SS	O	_	_
a	a	E	O	_	_
suo	suo	DS	O	_	_
favore	favore	SS	O	_	_
?	?	XPS	O	_	_

2.	2.	N	O	_	_
Quali	quali	B	O	_	_
sono	essere	VI	O	_	_
i	il	RP	O	_	_
fatti	fatto	SP	O	_	_
che	che	CCHE	O	_	_
vennero	venire	VIY	O	_	_
svisati	svisare	VPP	O	_	_
?	?	XPS	O	_	_

3.	3.	N	O	_	_
Quale	quale	PS	O	_	_
fu	essere	VI	O	_	_
l’	il	RS	O	_	_
agire	agire	VF	O	_	_
che	che	CCHE	O	_	_
fece	fare	VI	O	_	_
male	male	B	O	_	_
e	e	C	O	_	_
schifo	schifo	SS	O	_	_
ai	a/det	EP	O	_	_
liberali	liberale	SP	O	_	_
?	?	XPS	O	_	_

4.	4.	N	O	_	_
Qual	qual	SPN	O	_	_
è	essere	VI	O	_	_
l’	il	RS	O	_	_
offesa	offesa	SS	O	_	_
che	che	CCHE	O	_	_
resta	restare	VI	O	_	_
scolpita	scolpito	AS	O	_	_
nell’	in/det	ES	O	_	_
animo	animo	SS	O	_	_
dei	di/det	EP	O	_	_
liberali	liberale	SP	O	_	_
che	che	CCHE	O	_	_
verrà	venire	VIY	O	_	_
vendicata	vendicare	VSP	O	_	_
vinta	vincere	VSP	O	_	_
la	il	RS	O	_	_
battaglia	battaglia	SS	O	_	_
maggiore	maggiore	AS	O	_	_
?	?	XPS	O	_	_

A	a	E	O	_	_
queste	questo	DP	O	_	_
domande	domanda	SP	O	_	_
che	che	CCHE	O	_	_
erano	essere	VI	O	_	_
così	così	B	O	_	_
giuste	giusto	AP	O	_	_
,	comma	XPW	O	_	_
così	così	B	O	_	_
ragionevoli	ragionevole	AP	O	_	_
,	comma	XPW	O	_	_
l’	il	RS	O	_	_
Alto	alto	SPN	GPE	46.65596895	11.22964387
Adige	adige	SPN	GPE	46.65596895	11.22964387
vilmente	vilmente	B	O	_	_
reagì	reagire	VI	O	_	_
con	con	E	O	_	_
una	uno	RS	O	_	_
risposta	risposta	SS	O	_	_
evasiva	evasivo	AS	O	_	_
,	comma	XPW	O	_	_
dicendo	dire	VG	O	_	_
che	che	CCHE	O	_	_
la	il	RS	O	_	_
persona	persona	SS	O	_	_
che	che	CCHE	O	_	_
aveva	avere	VIY	O	_	_
mandato	mandare	VSP	O	_	_
l’	il	RS	O	_	_
articoletto	articoletto	SS	O	_	_
«	«	XPO	O	_	_
deve	dovere	VI	O	_	_
saperne	sapere/part	VF+E	O	_	_
qualche	qualche	DS	O	_	_
cosa	cosa	SS	O	_	_
»	»	XPO	O	_	_
e	e	C	O	_	_
di	di	E	O	_	_
non	non	B	O	_	_
credere	credere	VF	O	_	_
che	che	CCHE	O	_	_
«	«	XPO	O	_	_
le	il	RP	O	_	_
persone	persona	SP	O	_	_
assennate	assennate	VPP	O	_	_
del	di/det	ES	O	_	_
partito	partito	SS	O	_	_
clericale	clericale	AS	O	_	_
approvino	approvare	VI	O	_	_
certi	certo	DP	O	_	_
sistemi	sistema	SP	O	_	_
»	»	XPO	O	_	_
.	.	XPS	O	_	_

Questa	questo	DS	O	_	_
risposta	risposta	SS	O	_	_
lasciava	lasciare	VI	O	_	_
intendere	intendere	VF	O	_	_
che	che	CCHE	O	_	_
i	il	RP	O	_	_
responsabili	responsabile	SP	O	_	_
di	di	E	O	_	_
quei	quello	DP	O	_	_
gran	grande	SP	O	_	_
diletti	diletto	AP	O	_	_
,	comma	XPW	O	_	_
di	di	E	O	_	_
cui	cui	PN	O	_	_
sopra	sopra	E	O	_	_
,	comma	XPW	O	_	_
non	non	B	O	_	_
fossero	essere	VI	O	_	_
,	comma	XPW	O	_	_
secondo	secondo	E	O	_	_
l’	il	RS	O	_	_
Alto	alto	SPN	GPE	46.65596895	11.22964387
Adige	adige	SPN	GPE	46.65596895	11.22964387
,	comma	XPW	O	_	_
proprio	proprio	B	O	_	_
i	il	RP	O	_	_
clericali	clericale	SP	O	_	_
di	di	E	O	_	_
quaggiù	quaggiù	B	O	_	_
,	comma	XPW	O	_	_
benché	benché	C	O	_	_
viceversa	viceversa	B	O	_	_
l’	il	RS	O	_	_
«	«	XPO	O	_	_
Audax	audax	SPN	O	_	_
»	»	XPO	O	_	_
negasse	negare	VI	O	_	_
che	che	CCHE	O	_	_
la	il	RS	O	_	_
colpa	colpa	SS	O	_	_
fosse	essere	VI	O	_	_
precipuamente	precipuamente	B	O	_	_
dei	di/det	EP	O	_	_
clericali	clericale	SP	O	_	_
di	di	E	O	_	_
lassù	lassù	B	O	_	_
.	.	XPS	O	_	_

Noi	noi	PP	O	_	_
,	comma	XPW	O	_	_
di	di	E	O	_	_
fronte	fronte	SS	O	_	_
a	a	E	O	_	_
questo	questo	DS	O	_	_
sgattaiolare	sgattaiolare	VF	O	_	_
,	comma	XPW	O	_	_
siamo	essere	VIY	O	_	_
ritornati	ritornare	VPP	O	_	_
alla	a/det	ES	O	_	_
carica	carica	SS	O	_	_
ma	ma	C	O	_	_
l’	il	RS	O	_	_
Alto	alto	SPN	GPE	46.65596895	11.22964387
Adige	adige	SPN	GPE	46.65596895	11.22964387
fece	fare	VI	O	_	_
il	il	RS	O	_	_
sordo	sordo	SS	O	_	_
.	.	XPS	O	_	_

Nel	in/det	ES	O	_	_
numero	numero	SS	O	_	_
dei	di/det	EP	O	_	_
14	14	N	O	_	_
dicembre	dicembre	SS	O	_	_
del	di/det	ES	O	_	_
Trentino	trentino	SPN	GPE	46.102869	11.12961993
comparve	comparire	VI	O	_	_
una	uno	RS	O	_	_
corrispondenza	corrispondenza	SS	O	_	_
autentica	autentico	AS	O	_	_
dell’	di/det	ES	O	_	_
altipiano	altipiano	SS	O	_	_
,	comma	XPW	O	_	_
ove	ove	B	O	_	_
si	rifl	PN	O	_	_
andava	andare	VI	O	_	_
più	più	B	O	_	_
innanzi	innanzi	AS	O	_	_
e	e	C	O	_	_
si	rifl	PN	O	_	_
domandava	domandare	VI	O	_	_
dove	dove	CADV	O	_	_
sono	essere	VI	O	_	_
i	il	RP	O	_	_
famosi	famoso	AP	O	_	_
«	«	XPO	O	_	_
liberali	liberale	AP	O	_	_
»	»	XPO	O	_	_
che	che	CCHE	O	_	_
combattono	combattere	VI	O	_	_
lassù	lassù	B	O	_	_
accanto	accanto	B	O	_	_
ai	a/det	EP	O	_	_
«	«	XPO	O	_	_
clericali	clericale	AP	O	_	_
»	»	XPO	O	_	_
e	e	C	O	_	_
si	rifl	PN	O	_	_
lasciava	lasciare	VI	O	_	_
capire	capire	VF	O	_	_
che	che	CCHE	O	_	_
lassù	lassù	B	O	_	_
si	rifl	PN	O	_	_
riteneva	ritenere	VI	O	_	_
che	che	CCHE	O	_	_
gli	il	RP	O	_	_
audaces	audaces	SP	O	_	_
non	non	B	O	_	_
fossero	essere	VI	O	_	_
che	che	CCHE	O	_	_
in	in	E	O	_	_
redazione	redazione	SS	O	_	_
dell’	di/det	ES	O	_	_
Alto	alto	SPN	GPE	46.65596895	11.22964387
Adige	adige	SPN	GPE	46.65596895	11.22964387
.	.	XPS	O	_	_

In	in	E	O	_	_
caso	caso	SS	O	_	_
contrario	contrario	AS	O	_	_
li	li	PP	O	_	_
si	rifl	PN	O	_	_
pregava	pregare	VI	O	_	_
a	a	E	O	_	_
metter	mettere	VF	O	_	_
fuori	fuori	E	O	_	_
il	il	RS	O	_	_
loro	loro	DP	O	_	_
bravo	bravo	AS	O	_	_
muso	muso	SS	O	_	_
.	.	XPS	O	_	_

La	il	RS	O	_	_
corrispondenza	corrispondenza	SS	O	_	_
ripeteva	ripetere	VI	O	_	_
all’	a/det	ES	O	_	_
indirizzo	indirizzo	SS	O	_	_
dell’	di/det	ES	O	_	_
Alto	alto	SPN	GPE	46.65596895	11.22964387
Adige	adige	SPN	GPE	46.65596895	11.22964387
le	il	RP	O	_	_
nostre	nostro	DP	O	_	_
domande	domanda	SP	O	_	_
,	comma	XPW	O	_	_
o	o	C	O	_	_
il	il	RS	O	_	_
tono	tono	SS	O	_	_
era	essere	VI	O	_	_
ancora	ancora	B	O	_	_
più	più	B	O	_	_
aspro	aspro	AS	O	_	_
e	e	C	O	_	_
più	più	B	O	_	_
perentorio	perentorio	AS	O	_	_
.	.	XPS	O	_	_

Ma	ma	C	O	_	_
l’	il	RS	O	_	_
Alto	alto	SPN	GPE	46.65596895	11.22964387
Adige	adige	SPN	GPE	46.65596895	11.22964387
tacque	tacere	VI	O	_	_
.	.	XPS	O	_	_

Ieri	ieri	B	O	_	_
sera	sera	SS	O	_	_
però	però	C	O	_	_
gli	il	RP	O	_	_
si	rifl	PN	O	_	_
snoda	snodare	VI	O	_	_
la	il	RS	O	_	_
lingua	lingua	SS	O	_	_
naturalmente	naturalmente	B	O	_	_
come	come	CADV	O	_	_
suo	suo	DS	O	_	_
uso	uso	SS	O	_	_
non	non	B	O	_	_
per	per	E	O	_	_
rispondere	rispondere	VF	O	_	_
oggettivamente	oggettivamente	B	O	_	_
alle	a/det	EP	O	_	_
questioni	questione	SP	O	_	_
poste	porre	VPP	O	_	_
ma	ma	C	O	_	_
per	per	E	O	_	_
attaccare	attaccare	VF	O	_	_
noi	noi	PP	O	_	_
e	e	C	O	_	_
il	il	RS	O	_	_
rev.	rev.	SS	O	_	_
curato	curare	VSP	O	_	_
di	di	E	O	_	_
S.	s.	YA	O	_	_
Sebastiano	sebastiano	SPN	O	_	_
.	.	XPS	O	_	_

Si	rifl	PN	O	_	_
accusa	accusare	VI	O	_	_
noi	noi	PP	O	_	_
d’	di	E	O	_	_
aver	avere	VFY	O	_	_
spedito	spedire	VSP	O	_	_
,	comma	XPW	O	_	_
a	a	E	O	_	_
scopo	scopo	SS	O	_	_
di	di	E	O	_	_
reclamare	reclamare	VF	O	_	_
una	uno	RS	O	_	_
protesta	protesta	SS	O	_	_
contro	contro	E	O	_	_
l’	il	RS	O	_	_
Alto	alto	SPN	GPE	46.65596895	11.22964387
Adige	adige	SPN	GPE	46.65596895	11.22964387
agli	a/det	EP	O	_	_
amici	amico	SP	O	_	_
di	di	E	O	_	_
lassù	lassù	B	O	_	_
perché	perché	C	O	_	_
la	il	RS	O	_	_
sottoscrivessero	sottoscrivessero	SS	O	_	_
e	e	C	O	_	_
si	rifl	PN	O	_	_
sfida	sfidare	VI	O	_	_
il	il	RS	O	_	_
curato	curato	SS	O	_	_
di	di	E	O	_	_
S.	s.	YA	O	_	_
Sebastiano	sebastiano	SPN	O	_	_
verso	verso	E	O	_	_
il	il	RS	O	_	_
quale	quale	PS	O	_	_
il	il	RS	O	_	_
partito	partito	SS	O	_	_
liberale	liberale	AS	O	_	_
ha	avere	VIY	O	_	_
usato	usare	VSP	O	_	_
tante	tanto	DP	O	_	_
deferenze	deferenza	SP	O	_	_
,	comma	XPW	O	_	_
a	a	E	O	_	_
firmarla	firmare/pro	VF+E	O	_	_
.	.	XPS	O	_	_

Il	il	RS	O	_	_
trafiletto	trafiletto	SS	O	_	_
è	essere	VI	O	_	_
precisamente	precisamente	B	O	_	_
in	in	E	O	_	_
consonanza	consonanza	SS	O	_	_
dei	di/det	EP	O	_	_
soliti	solito	AP	O	_	_
metodi	metodo	SP	O	_	_
d’	di	E	O	_	_
impudenza	impudenza	SS	O	_	_
e	e	C	O	_	_
di	di	E	O	_	_
prepotenza	prepotenza	SS	O	_	_
liberalesca	liberalesco	AS	O	_	_
che	che	CCHE	O	_	_
oramai	oramai	B	O	_	_
tutti	tutto	PP	O	_	_
hanno	avere	VIY	O	_	_
toccato	toccare	VSP	O	_	_
con	con	E	O	_	_
mano	mano	SS	O	_	_
nell’	in/det	ES	O	_	_
Alto	alto	SPN	GPE	46.65596895	11.22964387
Adige	adige	SPN	GPE	46.65596895	11.22964387
.	.	XPS	O	_	_

In	in	E	O	_	_
quanto	quanto	B	O	_	_
alla	a/det	ES	O	_	_
protesta	protesta	SS	O	_	_
noi	noi	PP	O	_	_
sappiamo	sapere	VI	O	_	_
benissimo	benissimo	B	O	_	_
che	che	CCHE	O	_	_
gli	il	RP	O	_	_
amici	amico	SP	O	_	_
di	di	E	O	_	_
lassù	lassù	B	O	_	_
intendevano	intendere	VI	O	_	_
farla	fare/pro	VF+E	O	_	_
prima	primo	AS	O	_	_
che	che	CCHE	O	_	_
comparisse	comparire	VI	O	_	_
l’	il	RS	O	_	_
articolo	articolo	SS	O	_	_
del	di/det	ES	O	_	_
14	14	N	O	_	_
nel	in/det	ES	O	_	_
nostro	nostro	DS	O	_	_
giornale	giornale	SS	O	_	_
se	se	C	O	_	_
intendono	intendere	VI	O	_	_
di	di	E	O	_	_
pubblicarla	pubblicare/pro	VF+E	O	_	_
anche	anche	C	O	_	_
oggidì	oggidì	B	O	_	_
,	comma	XPW	O	_	_
non	non	B	O	_	_
lo	lo	PS	O	_	_
sappiamo	sapere	VI	O	_	_
.	.	XPS	O	_	_

Sappiamo	sapere	VI	O	_	_
però	però	C	O	_	_
ad	ad	E	O	_	_
ogni	ogni	DS	O	_	_
modo	modo	SS	O	_	_
che	che	CCHE	O	_	_
l’	il	RS	O	_	_
iniziativa	iniziativa	SS	O	_	_
non	non	B	O	_	_
è	essere	VIY	O	_	_
partita	partire	VSP	O	_	_
da	da	E	O	_	_
noi	noi	PP	O	_	_
,	comma	XPW	O	_	_
ma	ma	C	O	_	_
da	da	E	O	_	_
amici	amico	SP	O	_	_
di	di	E	O	_	_
lassù	lassù	B	O	_	_
.	.	XPS	O	_	_

Ma	ma	C	O	_	_
queste	questo	PP	O	_	_
sono	essere	VI	O	_	_
cose	cosa	SP	O	_	_
secondarie	secondario	AP	O	_	_
,	comma	XPW	O	_	_
le	il	RP	O	_	_
quali	quale	PP	O	_	_
potranno	potere	VI	O	_	_
alla	a/det	ES	O	_	_
più	più	B	O	_	_
trovare	trovare	VF	O	_	_
ancora	ancora	B	O	_	_
una	uno	RS	O	_	_
volta	volta	SS	O	_	_
che	che	CCHE	O	_	_
a	a	E	O	_	_
S.	s.	YA	O	_	_
Sebastiano	sebastiano	SPN	O	_	_
v’	v’	B	O	_	_
è	essere	VI	O	_	_
della	di/det	ES	O	_	_
gente	gente	SS	O	_	_
che	che	CCHE	O	_	_
giuoca	giuocare	VI	O	_	_
due	due	N	O	_	_
parti	parte	SP	O	_	_
e	e	C	O	_	_
che	che	CCHE	O	_	_
,	comma	XPW	O	_	_
scambiando	scambiare	VG	O	_	_
il	il	RS	O	_	_
soldo	soldo	SS	O	_	_
della	di/det	ES	O	_	_
Lega	lega	SS	O	_	_
nazionale	nazionale	AS	O	_	_
per	per	E	O	_	_
lo	il	RS	O	_	_
stipendio	stipendio	SS	O	_	_
della	di/det	ES	O	_	_
redazione	redazione	SS	O	_	_
dell’	di/det	ES	O	_	_
Alto	alto	SPN	GPE	46.65596895	11.22964387
Adige	adige	SPN	GPE	46.65596895	11.22964387
,	comma	XPW	O	_	_
manda	mandare	VI	O	_	_
queste	questo	DP	O	_	_
informazioni	informazione	SP	O	_	_
che	che	CCHE	O	_	_
non	non	B	O	_	_
potrebbe	potere	VI	O	_	_
avere	avere	VF	O	_	_
,	comma	XPW	O	_	_
se	se	C	O	_	_
avesse	avere	VI	O	_	_
una	uno	RS	O	_	_
faccia	faccia	SS	O	_	_
sola	solo	AS	O	_	_
.	.	XPS	O	_	_

Ma	ma	C	O	_	_
di	di	E	O	_	_
queste	questo	DP	O	_	_
miserie	miseria	SP	O	_	_
non	non	B	O	_	_
c’	ci	PP	O	_	_
importa	importare	VI	O	_	_
un	uno	RS	O	_	_
fico	fico	AS	O	_	_
secco	secco	SS	O	_	_
.	.	XPS	O	_	_

L’	il	RS	O	_	_
Alto	alto	SPN	GPE	46.65596895	11.22964387
Adige	adige	SPN	GPE	46.65596895	11.22964387
torna	tornare	VI	O	_	_
ad	ad	E	O	_	_
equivocare	equivocare	VF	O	_	_
anche	anche	C	O	_	_
sulla	su/det	ES	O	_	_
sostanza	sostanza	SS	O	_	_
della	di/det	ES	O	_	_
cosa	cosa	SS	O	_	_
e	e	C	O	_	_
si	rifl	PN	O	_	_
chiede	chiedere	VI	O	_	_
come	come	CADV	O	_	_
mai	mai	B	O	_	_
«	«	XPO	O	_	_
per	per	E	O	_	_
un	uno	RS	O	_	_
accenno	accenno	SS	O	_	_
fatto	fare	VSP	O	_	_
all’	a/det	ES	O	_	_
agire	agire	VF	O	_	_
di	di	E	O	_	_
quelli	quello	PP	O	_	_
di	di	E	O	_	_
quaggiù	quaggiù	B	O	_	_
si	rifl	PN	O	_	_
facciano	fare	VI	O	_	_
protestare	protestare	VF	O	_	_
quelli	quello	PP	O	_	_
di	di	E	O	_	_
lassù	lassù	B	O	_	_
»	»	XPO	O	_	_
.	.	XPS	O	_	_

Dunque	dunque	C	O	_	_
pare	parere	VI	O	_	_
che	che	CCHE	O	_	_
l’	il	RS	O	_	_
Alto	alto	SPN	GPE	46.65596895	11.22964387
Adige	adige	SPN	GPE	46.65596895	11.22964387
mantenga	mantenere	VI	O	_	_
,	comma	XPW	O	_	_
dopo	dopo	E	O	_	_
averle	avere/pro	VF+E	O	_	_
negate	negare	VPP	O	_	_
,	comma	XPW	O	_	_
le	il	RP	O	_	_
accuse	accusa	SP	O	_	_
contro	contro	E	O	_	_
i	il	RP	O	_	_
clericali	clericale	SP	O	_	_
di	di	E	O	_	_
quaggiù	quaggiù	B	O	_	_
.	.	XPS	O	_	_

Ebbene	ebbene	C	O	_	_
,	comma	XPW	O	_	_
facciamola	facciamola	VI	O	_	_
finita	finito	AS	O	_	_
.	.	XPS	O	_	_

Coloro	coloro	SPN	O	_	_
,	comma	XPW	O	_	_
fra	fra	E	O	_	_
quelli	quello	PP	O	_	_
di	di	E	O	_	_
quaggiù	quaggiù	B	O	_	_
,	comma	XPW	O	_	_
che	che	CCHE	O	_	_
s’	s’	PN	O	_	_
occuparono	occupare	VI	O	_	_
in	in	E	O	_	_
manifestazioni	manifestazione	SP	O	_	_
pubbliche	pubblico	AP	O	_	_
della	di/det	ES	O	_	_
difesa	difesa	SS	O	_	_
nazionale	nazionale	AS	O	_	_
sull’	su/det	ES	O	_	_
altipiano	altipiano	SS	O	_	_
sono	essere	VI	O	_	_
il	il	RS	O	_	_
m.r	m.r	YA	O	_	_
Don	don	SPN	O	_	_
Panizza	panizza	SPN	PER	_	_
,	comma	XPW	O	_	_
il	il	RS	O	_	_
d.r	d.r	YA	O	_	_
A.	a.	YA	O	_	_
Degasperi	degasperi	SPN	O	_	_
e	e	C	O	_	_
il	il	RS	O	_	_
sig.	sig.	SS	O	_	_
Giuseppe	giuseppe	SPN	PER	_	_
Mattei	mattei	SPN	PER	_	_
.	.	XPS	O	_	_

Sfidiamo	sfidare	VI	O	_	_
quindi	quindi	C	O	_	_
l’	il	RS	O	_	_
Alto	alto	SPN	GPE	46.65596895	11.22964387
Adige	adige	SPN	GPE	46.65596895	11.22964387
a	a	E	O	_	_
concretare	concretare	VF	O	_	_
e	e	C	O	_	_
provare	provare	VF	O	_	_
le	il	RP	O	_	_
sue	suo	DP	O	_	_
accuse	accusa	SP	O	_	_
contro	contro	E	O	_	_
queste	questo	DP	O	_	_
persone	persona	SP	O	_	_
.	.	XPS	O	_	_

Se	se	C	O	_	_
non	non	B	O	_	_
lo	lo	PS	O	_	_
fa	fare	VI	O	_	_
,	comma	XPW	O	_	_
ripeteremo	ripetere	VI	O	_	_
:	:	XPS	O	_	_
vigliacchi	vigliacco	SP	O	_	_
"!"	esclamation_mark	XPS	O	_	_

Vedano	vedere	VI	O	_	_
tutti	tutto	DP	O	_	_
i	il	RP	O	_	_
buoni	buono	AP	O	_	_
trentini	trentino	SP	O	_	_
quale	quale	PS	O	_	_
contegno	contegno	SS	O	_	_
ha	avere	VIY	O	_	_
assunto	assumere	VSP	O	_	_
il	il	RS	O	_	_
giornale	giornale	SS	O	_	_
radicale	radicale	AS	O	_	_
,	comma	XPW	O	_	_
mentre	mentre	C	O	_	_
ancora	ancora	B	O	_	_
ferve	fervere	VI	O	_	_
la	il	RS	O	_	_
lotta	lotta	SS	O	_	_
in	in	E	O	_	_
Folgaria	folgaria	SPN	GPE	45.9149727	11.173015
.	.	XPS	O	_	_

L’	il	RS	O	_	_
articolo	articolo	SS	O	_	_
dell’	di/det	ES	O	_	_
audax	audax	SS	O	_	_
era	essere	VI	O	_	_
una	uno	RS	O	_	_
coltellata	coltellata	SS	O	_	_
nella	in/det	ES	O	_	_
schiena	schiena	SS	O	_	_
ai	a/det	EP	O	_	_
propri	proprio	DP	O	_	_
alleati	alleato	SP	O	_	_
.	.	XPS	O	_	_

Ne	ne	PN	O	_	_
abbiamo	avere	VIY	O	_	_
chieste	chiedere	VPP	O	_	_
le	il	RP	O	_	_
ragioni	ragione	SP	O	_	_
,	comma	XPW	O	_	_
e	e	C	O	_	_
si	rifl	PN	O	_	_
è	essere	VIY	O	_	_
risposto	rispondere	VSP	O	_	_
equivocando	equivocare	VG	O	_	_
ed	ed	C	O	_	_
ora	ora	B	O	_	_
con	con	E	O	_	_
avvocatesca	avvocatesca	SS	O	_	_
impudenza	impudenza	SS	O	_	_
si	rifl	PN	O	_	_
ricorda	ricordare	VI	O	_	_
ad	ad	E	O	_	_
uno	uno	PS	O	_	_
degli	di/det	EP	O	_	_
offesi	offeso	SP	O	_	_
,	comma	XPW	O	_	_
il	il	RS	O	_	_
curato	curato	SS	O	_	_
di	di	E	O	_	_
S.	s.	YA	O	_	_
Sebastiano	sebastiano	SPN	O	_	_
,	comma	XPW	O	_	_
che	che	CCHE	O	_	_
osasse	osare	VI	O	_	_
difendere	difendere	VF	O	_	_
e	e	C	O	_	_
protestare	protestare	VF	O	_	_
,	comma	XPW	O	_	_
gli	il	RP	O	_	_
si	rifl	PN	O	_	_
ricorderebbe	ricordare	VI	O	_	_
la	il	RS	O	_	_
deferenza	deferenza	SS	O	_	_
usata	usare	VSP	O	_	_
con	con	E	O	_	_
lui	lui	PS	O	_	_
dal	da/det	ES	O	_	_
partito	partito	SS	O	_	_
liberale	liberale	AS	O	_	_
.	.	XPS	O	_	_

O	o	C	O	_	_
,	comma	XPW	O	_	_
chiediamo	chiedere	VI	O	_	_
noi	noi	PP	O	_	_
,	comma	XPW	O	_	_
se	se	C	O	_	_
qualche	qualche	DS	O	_	_
liberale	liberale	AS	O	_	_
ha	avere	VIY	O	_	_
trattato	trattare	VSP	O	_	_
con	con	E	O	_	_
deferenza	deferenza	SS	O	_	_
il	il	RS	O	_	_
curato	curato	SS	O	_	_
di	di	E	O	_	_
San	san	SPN	O	_	_
Sebastiano	sebastiano	SPN	O	_	_
,	comma	XPW	O	_	_
non	non	B	O	_	_
ha	avere	VIY	O	_	_
fatto	fare	VSP	O	_	_
che	che	CCHE	O	_	_
il	il	RS	O	_	_
suo	suo	DS	O	_	_
sacrosanto	sacrosanto	AS	O	_	_
dovere	dovere	SS	O	_	_
nazionale	nazionale	AS	O	_	_
,	comma	XPW	O	_	_
ed	ed	C	O	_	_
è	essere	VI	O	_	_
una	uno	RS	O	_	_
vergognosa	vergognoso	AS	O	_	_
impudenza	impudenza	SS	O	_	_
pretendere	pretendere	VF	O	_	_
in	in	E	O	_	_
ricambio	ricambio	SS	O	_	_
da	da	E	O	_	_
lui	lui	PS	O	_	_
,	comma	XPW	O	_	_
che	che	CCHE	O	_	_
si	rifl	PN	O	_	_
lasci	lasciare	VI	O	_	_
assieme	assieme	B	O	_	_
ai	a/det	EP	O	_	_
suoi	suo	DP	O	_	_
amici	amico	SP	O	_	_
di	di	E	O	_	_
fede	fede	SS	O	_	_
,	comma	XPW	O	_	_
schiaffeggiare	schiaffeggiare	VF	O	_	_
dal	da/det	ES	O	_	_
giornale	giornale	SS	O	_	_
radicale	radicale	AS	O	_	_
.	.	XPS	O	_	_

Vigliacchi	vigliacchi	SPN	O	_	_
"!"	esclamation_mark	XPS	O	_	_
