# total number of persons:2, total number of gpes:14
«	«	XPO	O	_	_
L’	il	RS	O	_	_
Alto	alto	SPN	GPE	46.65596895	11.22964387
Adige	adige	SPN	GPE	46.65596895	11.22964387
»	»	XPO	O	_	_
ha	avere	VIY	O	_	_
visto	vedere	VSP	O	_	_
che	che	CCHE	O	_	_
non	non	B	O	_	_
giovano	giovare	VI	O	_	_
più	più	B	O	_	_
né	né	B	O	_	_
articoli	articolo	SP	O	_	_
di	di	E	O	_	_
frati	frate	SP	O	_	_
infinti	infinti	AP	O	_	_
né	né	C	O	_	_
bugiarde	bugiardo	AP	O	_	_
relazioni	relazione	SP	O	_	_
sui	su/det	EP	O	_	_
trionfi	trionfo	SP	O	_	_
dei	di/det	EP	O	_	_
propri	proprio	DP	O	_	_
candidati	candidato	SP	O	_	_
.	.	XPS	O	_	_

Nemmeno	nemmeno	B	O	_	_
lo	il	RS	O	_	_
sforzo	sforzo	SS	O	_	_
immane	immane	AS	O	_	_
di	di	E	O	_	_
falsificare	falsificare	VF	O	_	_
l’	il	RS	O	_	_
opinione	opinione	SS	O	_	_
pubblica	pubblico	AS	O	_	_
,	comma	XPW	O	_	_
invadendo	invadere	VG	O	_	_
le	il	RP	O	_	_
vallate	vallata	SP	O	_	_
di	di	E	O	_	_
giornali	giornale	SP	O	_	_
e	e	C	O	_	_
di	di	E	O	_	_
proclami	proclama	SP	O	_	_
,	comma	XPW	O	_	_
sembra	sembrare	VI	O	_	_
portare	portare	VF	O	_	_
gran	grande	AS	O	_	_
frutto	frutto	SS	O	_	_
.	.	XPS	O	_	_

«	«	XPO	O	_	_
L’	il	RS	O	_	_
Alto	alto	SPN	GPE	46.65596895	11.22964387
Adige	adige	SPN	GPE	46.65596895	11.22964387
»	»	XPO	O	_	_
vorrebbe	volere	VI	O	_	_
che	che	CCHE	O	_	_
il	il	RS	O	_	_
popolo	popolo	SS	O	_	_
dimenticasse	dimenticare	VI	O	_	_
:	:	XPS	O	_	_
1.	1.	N	O	_	_
Che	che	CCHE	O	_	_
coloro	colui	PP	O	_	_
i	il	RP	O	_	_
quali	quale	PP	O	_	_
sono	essere	VIY	O	_	_
proposti	proporre	VPP	O	_	_
ora	ora	B	O	_	_
alla	a/det	ES	O	_	_
rappresentanza	rappresentanza	SS	O	_	_
politica	politico	AS	O	_	_
rappresentano	rappresentare	VI	O	_	_
ed	ed	C	O	_	_
incarnano	incarnare	VI	O	_	_
l’	il	RS	O	_	_
indirizzo	indirizzo	SS	O	_	_
dei	di/det	EP	O	_	_
fatti	fatto	SP	O	_	_
del	di/det	ES	O	_	_
lavoro	lavoro	SS	O	_	_
sincero	sincero	AS	O	_	_
,	comma	XPW	O	_	_
proficuo	proficuo	AS	O	_	_
per	per	E	O	_	_
le	il	RP	O	_	_
classi	classe	SP	O	_	_
popolari	popolare	AP	O	_	_
,	comma	XPW	O	_	_
indirizzo	indirizzo	SS	O	_	_
non	non	B	O	_	_
promesso	promettere	VSP	O	_	_
,	comma	XPW	O	_	_
ma	ma	C	O	_	_
seguito	seguire	VSP	O	_	_
oramai	oramai	B	O	_	_
per	per	E	O	_	_
una	uno	RS	O	_	_
lunga	lungo	AS	O	_	_
serie	serie	SN	O	_	_
di	di	E	O	_	_
anni	anno	SP	O	_	_
.	.	XPS	O	_	_

2.	2.	N	O	_	_
Che	che	CCHE	O	_	_
invece	invece	B	O	_	_
coloro	colui	PP	O	_	_
che	che	CCHE	O	_	_
si	rifl	PN	O	_	_
presentano	presentare	VI	O	_	_
a	a	E	O	_	_
nome	nome	SS	O	_	_
del	di/det	ES	O	_	_
partito	partito	SS	O	_	_
liberale	liberale	AS	O	_	_
,	comma	XPW	O	_	_
specialmente	specialmente	B	O	_	_
nelle	in/det	EP	O	_	_
vallate	vallata	SP	O	_	_
,	comma	XPW	O	_	_
ricordano	ricordare	VI	O	_	_
solo	solo	B	O	_	_
col	con/det	ES	O	_	_
loro	loro	DP	O	_	_
nome	nome	SS	O	_	_
le	il	RP	O	_	_
molte	molto	DP	O	_	_
chiacchiere	chiacchiera	SP	O	_	_
,	comma	XPW	O	_	_
le	il	RP	O	_	_
molte	molto	DP	O	_	_
frasi	frase	SP	O	_	_
propalate	propalare	VPP	O	_	_
,	comma	XPW	O	_	_
scritte	scrivere	VPP	O	_	_
,	comma	XPW	O	_	_
stampate	stampare	VPP	O	_	_
e	e	C	O	_	_
la	il	RS	O	_	_
nullità	nullità	SN	O	_	_
dell’	di/det	ES	O	_	_
azione	azione	SS	O	_	_
compiuta	compiuto	AS	O	_	_
a	a	E	O	_	_
pro	pro	E	O	_	_
del	di/det	ES	O	_	_
popolo	popolo	SS	O	_	_
.	.	XPS	O	_	_

3.	3.	N	O	_	_
Che	che	CCHE	O	_	_
mentre	mentre	C	O	_	_
i	il	RP	O	_	_
cattolici	cattolico	SP	O	_	_
specialmente	specialmente	B	O	_	_
nelle	in/det	EP	O	_	_
vallate	vallata	SP	O	_	_
cercavano	cercare	VI	O	_	_
di	di	E	O	_	_
sollevare	sollevare	VF	O	_	_
le	il	RP	O	_	_
popolazioni	popolazione	SP	O	_	_
e	e	C	O	_	_
lavoravano	lavorare	VI	O	_	_
,	comma	XPW	O	_	_
sacrificando	sacrificare	VG	O	_	_
tempo	tempo	SS	O	_	_
,	comma	XPW	O	_	_
fatiche	fatica	SP	O	_	_
,	comma	XPW	O	_	_
denari	denaro	SP	O	_	_
,	comma	XPW	O	_	_
i	il	RP	O	_	_
liberali	liberale	SP	O	_	_
dei	di/det	EP	O	_	_
nostri	nostro	DP	O	_	_
piccoli	piccolo	AP	O	_	_
centri	centro	SP	O	_	_
s’	s’	PN	O	_	_
accontentavano	accontentare	VI	O	_	_
delle	di/det	EP	O	_	_
quotidiane	quotidiano	AP	O	_	_
maldicenze	maldicenza	SP	O	_	_
nei	in/det	EP	O	_	_
caffè	caffè	SP	O	_	_
,	comma	XPW	O	_	_
e	e	C	O	_	_
a	a	E	O	_	_
Trento	trento	SPN	GPE	46.0664228	11.1257601
,	comma	XPW	O	_	_
soccorsi	soccorso	SP	O	_	_
,	comma	XPW	O	_	_
spinti	spingere	VPP	O	_	_
anzi	anzi	C	O	_	_
dai	da/det	EP	O	_	_
socialisti	socialista	SP	O	_	_
,	comma	XPW	O	_	_
inauguravano	inaugurare	VI	O	_	_
la	il	RS	O	_	_
rude	rude	SS	O	_	_
campagna	campagna	SS	O	_	_
anticlericale	anticlericale	AS	O	_	_
al	a/det	ES	O	_	_
grido	grido	SS	O	_	_
di	di	E	O	_	_
:	:	XPS	O	_	_
schiacciamo	schiacciare	VI	O	_	_
i	il	RP	O	_	_
rospi	rospo	SP	O	_	_
e	e	C	O	_	_
abbasso	abbasso	SS	O	_	_
i	il	RP	O	_	_
preti	prete	SP	O	_	_
.	.	XPS	O	_	_

«	«	XPO	O	_	_
L’	il	RS	O	_	_
Alto	alto	SPN	GPE	46.65596895	11.22964387
Adige	adige	SPN	GPE	46.65596895	11.22964387
»	»	XPO	O	_	_
e	e	C	O	_	_
i	il	RP	O	_	_
suoi	suo	DP	O	_	_
minori	minore	AP	O	_	_
satelliti	satellite	SP	O	_	_
vorrebbero	volere	VI	O	_	_
che	che	CCHE	O	_	_
il	il	RS	O	_	_
popolo	popolo	SS	O	_	_
dimenticasse	dimenticare	VI	O	_	_
tutto	tutto	DS	O	_	_
questo	questo	PS	O	_	_
,	comma	XPW	O	_	_
mentre	mentre	C	O	_	_
non	non	B	O	_	_
è	essere	VI	O	_	_
molto	molto	B	O	_	_
che	che	CCHE	O	_	_
un	uno	RS	O	_	_
giornale	giornale	SS	O	_	_
liberale	liberale	AS	O	_	_
stesso	stesso	AS	O	_	_
,	comma	XPW	O	_	_
«	«	XPO	O	_	_
L’	il	RS	O	_	_
Unione	unione	SS	O	_	_
»	»	XPO	O	_	_
,	comma	XPW	O	_	_
rimproverava	rimproverare	VI	O	_	_
ai	a/det	EP	O	_	_
radicali	radicale	SP	O	_	_
di	di	E	O	_	_
aver	avere	VFY	O	_	_
compromesso	compromettere	VSP	O	_	_
col	con/det	ES	O	_	_
loro	loro	DP	O	_	_
contegno	contegno	SS	O	_	_
a	a	E	O	_	_
Trento	trento	SPN	GPE	46.0664228	11.1257601
i	il	RP	O	_	_
liberali	liberale	SP	O	_	_
nelle	in/det	EP	O	_	_
vallate	vallata	SP	O	_	_
e	e	C	O	_	_
il	il	RS	O	_	_
partito	partito	SS	O	_	_
liberale	liberale	AS	O	_	_
nazionale	nazionale	AS	O	_	_
in	in	E	O	_	_
genere	genere	SS	O	_	_
.	.	XPS	O	_	_

Ma	ma	C	O	_	_
«	«	XPO	O	_	_
L’	il	RS	O	_	_
Alto	alto	SPN	GPE	46.65596895	11.22964387
Adige	adige	SPN	GPE	46.65596895	11.22964387
»	»	XPO	O	_	_
vorrebbe	volere	VI	O	_	_
che	che	CCHE	O	_	_
il	il	RS	O	_	_
popolo	popolo	SS	O	_	_
dimenticasse	dimenticare	VI	O	_	_
tutto	tutto	PS	O	_	_
,	comma	XPW	O	_	_
perché	perché	C	O	_	_
?	?	XPS	O	_	_

Perché	perché	C	O	_	_
il	il	RS	O	_	_
suo	suo	DS	O	_	_
partito	partito	SS	O	_	_
all’	a/det	ES	O	_	_
ultimo	ultimo	AS	O	_	_
momento	momento	SS	O	_	_
ha	avere	VIY	O	_	_
copiato	copiare	VSP	O	_	_
da	da	E	O	_	_
vari	vario	AP	O	_	_
programmi	programma	SP	O	_	_
,	comma	XPW	O	_	_
ma	ma	C	O	_	_
specialmente	specialmente	B	O	_	_
da	da	E	O	_	_
una	uno	RS	O	_	_
serie	serie	SN	O	_	_
di	di	E	O	_	_
postulati	postulato	SP	O	_	_
del	di/det	ES	O	_	_
partito	partito	SS	O	_	_
popolare	popolare	AS	O	_	_
un	uno	RS	O	_	_
cartello	cartello	SS	O	_	_
programma	programma	SS	O	_	_
,	comma	XPW	O	_	_
ove	ove	B	O	_	_
si	rifl	PN	O	_	_
promette	promettere	VI	O	_	_
ogni	ogni	AP	O	_	_
ben	ben	B	O	_	_
di	di	E	O	_	_
Dio	dio	SS	O	_	_
.	.	XPS	O	_	_

Vorrebbe	volere	VI	O	_	_
che	che	CCHE	O	_	_
il	il	RS	O	_	_
popolo	popolo	SS	O	_	_
dimenticasse	dimenticare	VI	O	_	_
perché	perché	B	O	_	_
i	il	RP	O	_	_
liberali	liberale	AP	O	_	_
disperati	disperato	SP	O	_	_
d’	di	E	O	_	_
aver	avere	VFY	O	_	_
perso	perdere	VSP	O	_	_
il	il	RS	O	_	_
favore	favore	SS	O	_	_
della	di/det	ES	O	_	_
folla	folla	SS	O	_	_
,	comma	XPW	O	_	_
hanno	avere	VIY	O	_	_
tentato	tentare	VSP	O	_	_
d’	di	E	O	_	_
aizzare	aizzare	VF	O	_	_
il	il	RS	O	_	_
maestro	maestro	SS	O	_	_
e	e	C	O	_	_
il	il	RS	O	_	_
medico	medico	SS	O	_	_
contro	contro	E	O	_	_
il	il	RS	O	_	_
prete	prete	SS	O	_	_
,	comma	XPW	O	_	_
di	di	E	O	_	_
sollevare	sollevare	VF	O	_	_
in	in	E	O	_	_
ogni	ogni	DS	O	_	_
vallata	vallata	SS	O	_	_
,	comma	XPW	O	_	_
in	in	E	O	_	_
ogni	ogni	DS	O	_	_
distretto	distretto	SS	O	_	_
lo	il	RS	O	_	_
spirito	spirito	SS	O	_	_
di	di	E	O	_	_
campanile	campanile	SS	O	_	_
,	comma	XPW	O	_	_
perché	perché	C	O	_	_
i	il	RP	O	_	_
liberali	liberale	SP	O	_	_
hanno	avere	VIY	O	_	_
proposto	proporre	VSP	O	_	_
qui	qui	B	O	_	_
e	e	C	O	_	_
là	là	B	O	_	_
dei	di/det	EP	O	_	_
candidati	candidato	SP	O	_	_
che	che	CCHE	O	_	_
si	rifl	PN	O	_	_
presentano	presentare	VI	O	_	_
non	non	B	O	_	_
come	come	CADV	O	_	_
candidati	candidato	SP	O	_	_
del	di/det	ES	O	_	_
partito	partito	SS	O	_	_
liberale	liberale	AS	O	_	_
ma	ma	C	O	_	_
come	come	CADV	O	_	_
candidati	candidato	SP	O	_	_
camaleonti	camaleonti	AP	O	_	_
.	.	XPS	O	_	_

Noi	noi	PP	O	_	_
nella	in/det	ES	O	_	_
propaganda	propaganda	SS	O	_	_
abbiamo	avere	VIY	O	_	_
cercato	cercare	VSP	O	_	_
di	di	E	O	_	_
smascherarli	smascherare/pro	VF+E	O	_	_
,	comma	XPW	O	_	_
e	e	C	O	_	_
allora	allora	C	O	_	_
questi	questo	DP	O	_	_
eroi	eroe	SP	O	_	_
hanno	avere	VIY	O	_	_
fatto	fare	VSP	O	_	_
oggetto	oggetto	SS	O	_	_
di	di	E	O	_	_
tutti	tutto	DP	O	_	_
i	il	RP	O	_	_
principi	principio	SP	O	_	_
,	comma	XPW	O	_	_
di	di	E	O	_	_
tutte	tutto	DP	O	_	_
le	il	RP	O	_	_
differenze	differenza	SP	O	_	_
fra	fra	E	O	_	_
liberalismo	liberalismo	SS	O	_	_
e	e	C	O	_	_
cattolicismo	cattolicismo	SS	O	_	_
,	comma	XPW	O	_	_
hanno	avere	VIY	O	_	_
abbassata	abbassare	VSP	O	_	_
,	comma	XPW	O	_	_
avvilita	avvilire	VSP	O	_	_
la	il	RS	O	_	_
loro	loro	DP	O	_	_
bandiera	bandiera	SS	O	_	_
,	comma	XPW	O	_	_
urlarono	urlare	VI	O	_	_
ovunque	ovunque	B	O	_	_
.	.	XPS	O	_	_

Noi	noi	PP	O	_	_
siamo	essere	VI	O	_	_
gli	il	RP	O	_	_
uomini	uomo	SP	O	_	_
del	di/det	ES	O	_	_
rispetto	rispetto	SS	O	_	_
religioso	religioso	AS	O	_	_
"!"	esclamation_mark	XPS	O	_	_

Allora	allora	C	O	_	_
fu	essere	VI	O	_	_
necessario	necessario	AS	O	_	_
ricordare	ricordare	VF	O	_	_
,	comma	XPW	O	_	_
accentuare	accentuare	VF	O	_	_
vieppiù	vieppiù	VI	O	_	_
la	il	RS	O	_	_
questione	questione	SS	O	_	_
di	di	E	O	_	_
principio	principio	SS	O	_	_
,	comma	XPW	O	_	_
risalire	risalire	VF	O	_	_
alla	a/det	ES	O	_	_
storia	storia	SS	O	_	_
ed	ed	C	O	_	_
ai	a/det	EP	O	_	_
fatti	fatto	SP	O	_	_
del	di/det	ES	O	_	_
liberalismo	liberalismo	SS	O	_	_
anche	anche	C	O	_	_
di	di	E	O	_	_
fronte	fronte	SS	O	_	_
alle	a/det	EP	O	_	_
questioni	questione	SP	O	_	_
religiose	religioso	AP	O	_	_
o	o	C	O	_	_
quando	quando	CADV	O	_	_
i	il	RP	O	_	_
liberali	liberale	SP	O	_	_
nostrani	nostrano	AP	O	_	_
cominciarono	cominciare	VI	O	_	_
a	a	E	O	_	_
rinnegare	rinnegare	VF	O	_	_
anche	anche	C	O	_	_
i	il	RP	O	_	_
loro	loro	DP	O	_	_
maestri	maestro	SP	O	_	_
e	e	C	O	_	_
l’	il	RS	O	_	_
essenza	essenza	SS	O	_	_
del	di/det	ES	O	_	_
loro	loro	DP	O	_	_
sistema	sistema	SS	O	_	_
,	comma	XPW	O	_	_
cercammo	cercare	VI	O	_	_
prove	prova	SP	O	_	_
più	più	B	O	_	_
vicine	vicino	AP	O	_	_
,	comma	XPW	O	_	_
rileggemmo	rileggere	VI	O	_	_
quello	quello	PS	O	_	_
che	che	CCHE	O	_	_
l’	l’	PS	O	_	_
«	«	XPO	O	_	_
Alto	alto	SPN	GPE	46.65596895	11.22964387
Adige	adige	SPN	GPE	46.65596895	11.22964387
»	»	XPO	O	_	_
e	e	C	O	_	_
il	il	RS	O	_	_
«	«	XPO	O	_	_
Messaggero	messaggero	SPN	O	_	_
»	»	XPO	O	_	_
avevano	avere	VIY	O	_	_
insegnato	insegnare	VSP	O	_	_
,	comma	XPW	O	_	_
quando	quando	CADV	O	_	_
la	il	RS	O	_	_
campagna	campagna	SS	O	_	_
elettorale	elettorale	AS	O	_	_
non	non	B	O	_	_
era	essere	VI	O	_	_
ancora	ancora	B	O	_	_
aperta	aperto	AS	O	_	_
e	e	C	O	_	_
gridammo	gridare	VI	O	_	_
agli	a/det	EP	O	_	_
apostati	apostata	SP	O	_	_
delle	di/det	EP	O	_	_
loro	loro	PP	O	_	_
idee	idea	SP	O	_	_
:	:	XPS	O	_	_
ecco	ecco	B	O	_	_
le	il	RP	O	_	_
vostre	vostro	AP	O	_	_
dottrine	dottrina	SP	O	_	_
"!"	esclamation_mark	XPS	O	_	_

Di	di	E	O	_	_
più	più	B	O	_	_
,	comma	XPW	O	_	_
perché	perché	C	O	_	_
un	uno	RS	O	_	_
candidato	candidato	SS	O	_	_
liberale	liberale	AS	O	_	_
ci	ci	PP	O	_	_
sfidò	sfidare	VI	O	_	_
a	a	E	O	_	_
portare	portare	VF	O	_	_
dei	di/det	EP	O	_	_
fatti	fatto	SP	O	_	_
,	comma	XPW	O	_	_
dai	da/det	EP	O	_	_
quali	quale	PP	O	_	_
si	rifl	PN	O	_	_
potesse	potere	VI	O	_	_
dedurre	dedurre	VF	O	_	_
checchè	checchè	AS	O	_	_
sia	sia	C	O	_	_
contro	contro	E	O	_	_
il	il	RS	O	_	_
rispetto	rispetto	SS	O	_	_
al	a/det	ES	O	_	_
sentimento	sentimento	SS	O	_	_
religioso	religioso	AS	O	_	_
,	comma	XPW	O	_	_
anzi	anzi	C	O	_	_
l’	il	RS	O	_	_
attaccamento	attaccamento	SS	O	_	_
alla	a/det	ES	O	_	_
religione	religione	SS	O	_	_
vantato	vantare	VSP	O	_	_
dai	da/det	EP	O	_	_
liberali	liberale	SP	O	_	_
,	comma	XPW	O	_	_
esumammo	esumare	VI	O	_	_
un	uno	RS	O	_	_
paio	paio	SS	O	_	_
d’	di	E	O	_	_
interpellanze	interpellanza	SP	O	_	_
dirette	diretto	AP	O	_	_
contro	contro	E	O	_	_
il	il	RS	O	_	_
rispetto	rispetto	SS	O	_	_
al	a/det	ES	O	_	_
sentimento	sentimento	SS	O	_	_
religioso	religioso	AS	O	_	_
,	comma	XPW	O	_	_
firmate	firmare	VPP	O	_	_
da	da	E	O	_	_
Silli	silli	SPN	PER	_	_
e	e	C	O	_	_
Malfatti	malfatti	SPN	PER	_	_
,	comma	XPW	O	_	_
i	il	RP	O	_	_
due	due	N	O	_	_
rappresentanti	rappresentante	SP	O	_	_
liberali	liberale	AP	O	_	_
al	a/det	ES	O	_	_
Parlamento	parlamento	SS	O	_	_
.	.	XPS	O	_	_

Chi	chi	CCHI	O	_	_
fiatò	fiatare	VI	O	_	_
?	?	XPS	O	_	_

Nessuno	nessuno	PS	O	_	_
.	.	XPS	O	_	_

«	«	XPO	O	_	_
L’	il	RS	O	_	_
Alto	alto	SPN	GPE	46.65596895	11.22964387
Adige	adige	SPN	GPE	46.65596895	11.22964387
»	»	XPO	O	_	_
cercò	cercare	VI	O	_	_
di	di	E	O	_	_
sminuire	sminuire	VF	O	_	_
quanto	quanto	QNS	O	_	_
aveva	avere	VIY	O	_	_
insegnato	insegnare	VSP	O	_	_
,	comma	XPW	O	_	_
trattarsi	trattare/rifl	VF+E	O	_	_
di	di	E	O	_	_
frasi	frase	SP	O	_	_
staccate	staccare	VPP	O	_	_
e	e	C	O	_	_
così	così	B	O	_	_
via	via	B	O	_	_
;	semicolon	XPS	O	_	_

delle	di/det	EP	O	_	_
interpellanze	interpellanza	SP	O	_	_
si	rifl	PN	O	_	_
tacque	tacere	VI	O	_	_
.	.	XPS	O	_	_

Ma	ma	C	O	_	_
uno	uno	RS	O	_	_
straordinario	straordinario	AS	O	_	_
soccorso	soccorso	SS	O	_	_
parve	parere	VI	O	_	_
d’	di	E	O	_	_
aver	avere	VFY	O	_	_
ottenuto	ottenere	VSP	O	_	_
l’	il	RS	O	_	_
«	«	XPO	O	_	_
Alto	alto	SPN	GPE	46.65596895	11.22964387
Adige	adige	SPN	GPE	46.65596895	11.22964387
»	»	XPO	O	_	_
da	da	E	O	_	_
alcune	alcuni	DP	O	_	_
donne	donna	SP	O	_	_
,	comma	XPW	O	_	_
ragazzi	ragazzo	SP	O	_	_
,	comma	XPW	O	_	_
o	o	C	O	_	_
altri	altro	DP	O	_	_
dimostranti	dimostrante	SP	O	_	_
che	che	CCHE	O	_	_
fossero	essere	VI	O	_	_
,	comma	XPW	O	_	_
che	che	CCHE	O	_	_
in	in	E	O	_	_
qualche	qualche	DS	O	_	_
paese	paese	SS	O	_	_
–	–	XPO	O	_	_
e	e	C	O	_	_
furono	essere	VI	O	_	_
casi	caso	SP	O	_	_
isolati	isolato	AP	O	_	_
in	in	E	O	_	_
confronto	confronto	SS	O	_	_
dei	di/det	EP	O	_	_
moltissimi	molto	AP	O	_	_
luoghi	luogo	SP	O	_	_
elettorali	elettorale	AP	O	_	_
e	e	C	O	_	_
comizi	comizi	AP	O	_	_
–	–	XPO	O	_	_
espressero	esprimere	VI	O	_	_
la	il	RS	O	_	_
loro	loro	DP	O	_	_
indignazione	indignazione	SS	O	_	_
in	in	E	O	_	_
forma	forma	SS	O	_	_
rusticana	rusticano	AS	O	_	_
contro	contro	E	O	_	_
i	il	RP	O	_	_
signorotti	signorotto	SP	O	_	_
che	che	CCHE	O	_	_
venivano	venire	VI	O	_	_
a	a	E	O	_	_
portar	portare	VF	O	_	_
loro	loro	DP	O	_	_
la	il	RS	O	_	_
luce	luce	SS	O	_	_
per	per	E	O	_	_
averne	avere/part	VF+E	O	_	_
i	il	RP	O	_	_
voti	voto	SP	O	_	_
,	comma	XPW	O	_	_
mentre	mentre	C	O	_	_
finora	finora	B	O	_	_
li	li	PP	O	_	_
avevano	avere	VIY	O	_	_
trascurati	trascurare	VPP	O	_	_
,	comma	XPW	O	_	_
dileggiati	dileggiare	VPP	O	_	_
dalle	da/det	EP	O	_	_
porte	porta	SP	O	_	_
dei	di/det	EP	O	_	_
morbidi	morbido	SP	O	_	_
caffè	caffè	SS	O	_	_
.	.	XPS	O	_	_

Noi	noi	PP	O	_	_
non	non	B	O	_	_
ci	ci	PP	O	_	_
abbiamo	avere	VI	O	_	_
a	a	E	O	_	_
che	che	CCHE	O	_	_
fare	fare	VF	O	_	_
con	con	E	O	_	_
simili	simile	AP	O	_	_
metodi	metodo	SP	O	_	_
,	comma	XPW	O	_	_
non	non	B	O	_	_
li	li	PP	O	_	_
abbiamo	avere	VIY	O	_	_
inaugurati	inaugurare	VPP	O	_	_
,	comma	XPW	O	_	_
né	né	C	O	_	_
approvati	approvare	VPP	O	_	_
,	comma	XPW	O	_	_
anzi	anzi	C	O	_	_
espressamente	espressamente	B	O	_	_
li	li	PP	O	_	_
abbiamo	avere	VIY	O	_	_
sconsigliati	sconsigliare	VPP	O	_	_
.	.	XPS	O	_	_

Ben	ben	B	O	_	_
gli	gli	PS	O	_	_
hanno	avere	VIY	O	_	_
praticati	praticare	VPP	O	_	_
i	il	RP	O	_	_
radico-socialisti	radico-socialisti	SP	O	_	_
sotto	sotto	E	O	_	_
le	il	RP	O	_	_
finestre	finestra	SP	O	_	_
del	di/det	ES	O	_	_
«	«	XPO	O	_	_
Vaticano	vaticano	SPN	GPE	41.9034912	12.4528349
trentino	trentino	AS	O	_	_
»	»	XPO	O	_	_
e	e	C	O	_	_
per	per	E	O	_	_
le	il	RP	O	_	_
vie	via	SP	O	_	_
della	di/det	ES	O	_	_
città	città	SN	O	_	_
.	.	XPS	O	_	_

Ricordate	ricordare	VPP	O	_	_
,	comma	XPW	O	_	_
o	o	C	O	_	_
vorreste	volere	VI	O	_	_
che	che	CCHE	O	_	_
si	rifl	PN	O	_	_
dimenticasse	dimenticare	VI	O	_	_
anche	anche	C	O	_	_
questo	questo	PS	O	_	_
?	?	XPS	O	_	_

Sì	sì	B	O	_	_
,	comma	XPW	O	_	_
i	il	RP	O	_	_
liberali	liberale	SP	O	_	_
vorrebbero	volere	VI	O	_	_
che	che	CCHE	O	_	_
si	rifl	PN	O	_	_
dimenticasse	dimenticare	VI	O	_	_
,	comma	XPW	O	_	_
vorrebbero	volere	VI	O	_	_
anzi	anzi	B	O	_	_
posare	posare	VF	O	_	_
a	a	E	O	_	_
martiri	martire	SP	O	_	_
della	di/det	ES	O	_	_
luce	luce	SS	O	_	_
,	comma	XPW	O	_	_
della	di/det	ES	O	_	_
libera	libero	AS	O	_	_
propaganda	propaganda	SS	O	_	_
,	comma	XPW	O	_	_
della	di/det	ES	O	_	_
propaganda	propaganda	SS	O	_	_
civile	civile	AS	O	_	_
.	.	XPS	O	_	_

E	e	C	O	_	_
compiacendosi	compiacere/rifl	VG+E	O	_	_
di	di	E	O	_	_
codesta	codesto	DS	O	_	_
posa	posa	AS	O	_	_
,	comma	XPW	O	_	_
ultimo	ultimo	AS	O	_	_
confronto	confronto	SS	O	_	_
,	comma	XPW	O	_	_
esagerano	esagerare	VI	O	_	_
gli	il	RP	O	_	_
incidenti	incidente	SP	O	_	_
accennati	accennare	VPP	O	_	_
,	comma	XPW	O	_	_
vi	vi	B	O	_	_
deducono	dedurre	VI	O	_	_
un	uno	RS	O	_	_
sistema	sistema	SS	O	_	_
intiero	intiero	AS	O	_	_
e	e	C	O	_	_
stampato	stampare	VSP	O	_	_
nell’	in/det	ES	O	_	_
Alto	alto	SPN	GPE	46.65596895	11.22964387
Adige	adige	SPN	GPE	46.65596895	11.22964387
di	di	E	O	_	_
iersera	iersera	SS	O	_	_
:	:	XPS	O	_	_
«	«	XPO	O	_	_
Al	a/det	ES	O	_	_
punto	punto	SS	O	_	_
al	a/det	ES	O	_	_
quale	quale	PS	O	_	_
è	essere	VIY	O	_	_
giunta	giungere	VSP	O	_	_
la	il	RS	O	_	_
campagna	campagna	SS	O	_	_
elettorale	elettorale	AS	O	_	_
,	comma	XPW	O	_	_
qualunque	qualunque	PS	O	_	_
sia	essere	VI	O	_	_
l’	il	RS	O	_	_
esito	esito	SS	O	_	_
delle	di/det	EP	O	_	_
elezioni	elezione	SP	O	_	_
,	comma	XPW	O	_	_
dei	di/det	EP	O	_	_
tre	tre	N	O	_	_
partiti	partito	SP	O	_	_
che	che	CCHE	O	_	_
si	rifl	PN	O	_	_
contendono	contendere	VI	O	_	_
il	il	RS	O	_	_
campo	campo	SS	O	_	_
,	comma	XPW	O	_	_
il	il	RS	O	_	_
clericale	clericale	SS	O	_	_
può	potere	VI	O	_	_
dirsi	dire/rifl	VF+E	O	_	_
quello	quello	PS	O	_	_
ormai	ormai	B	O	_	_
moralmente	moralmente	B	O	_	_
battuto	battere	VSP	O	_	_
.	.	XPS	O	_	_

Candidati	candidato	SP	O	_	_
(	open_parenthesis	XPB	O	_	_
fatti	fare	VPP	O	_	_
finora	finora	B	O	_	_
qualche	qualche	DS	O	_	_
rara	raro	AS	O	_	_
eccezione	eccezione	SS	O	_	_
)	close_parenthesis	XPB	O	_	_
conferenzieri	conferenziere	SP	O	_	_
,	comma	XPW	O	_	_
propagandisti	propagandista	SP	O	_	_
,	comma	XPW	O	_	_
pubblicisti	pubblicista	SP	O	_	_
,	comma	XPW	O	_	_
urlatori	urlatore	SP	O	_	_
,	comma	XPW	O	_	_
fischiatori	fischiatore	SP	O	_	_
,	comma	XPW	O	_	_
frombolieri	fromboliere	SP	O	_	_
clericali	clericale	AP	O	_	_
possono	potere	VI	O	_	_
ormai	ormai	B	O	_	_
essere	essere	VFY	O	_	_
legati	legare	VPP	O	_	_
tutti	tutto	PP	O	_	_
in	in	E	O	_	_
un	uno	RS	O	_	_
fascio	fascio	SS	O	_	_
:	:	XPS	O	_	_
un	uno	RS	O	_	_
fascio	fascio	SS	O	_	_
di	di	E	O	_	_
gente	gente	SS	O	_	_
dalle	da/det	EP	O	_	_
diverse	diverso	AP	O	_	_
colture	coltura	SP	O	_	_
ma	ma	C	O	_	_
dalle	da/det	EP	O	_	_
identiche	identiche	SP	O	_	_
vedute	veduto	AP	O	_	_
piccine	piccino	AP	O	_	_
,	comma	XPW	O	_	_
grette	gretto	AP	O	_	_
e	e	C	O	_	_
reazionarie	reazionario	AP	O	_	_
,	comma	XPW	O	_	_
un	uno	RS	O	_	_
fascio	fascio	SS	O	_	_
di	di	E	O	_	_
gente	gente	SS	O	_	_
che	che	CCHE	O	_	_
pur	pur	C	O	_	_
di	di	E	O	_	_
raggiungere	raggiungere	VF	O	_	_
un	uno	RS	O	_	_
successo	successo	SS	O	_	_
momentaneo	momentaneo	AS	O	_	_
non	non	B	O	_	_
esitano	esitare	VI	O	_	_
a	a	E	O	_	_
rinnegare	rinnegare	VF	O	_	_
la	il	RS	O	_	_
verità	verità	SN	O	_	_
e	e	C	O	_	_
la	il	RS	O	_	_
giustizia	giustizia	SS	O	_	_
ed	ed	C	O	_	_
a	a	E	O	_	_
compromettere	compromettere	VF	O	_	_
colle	con/det	EP	O	_	_
intemperanze	intemperanza	SP	O	_	_
da	da	E	O	_	_
loro	loro	PP	O	_	_
suggerite	suggerire	VPP	O	_	_
,	comma	XPW	O	_	_
favorite	favorire	VPP	O	_	_
e	e	C	O	_	_
perpetrate	perpetrare	VPP	O	_	_
,	comma	XPW	O	_	_
il	il	RS	O	_	_
buon	buon	AS	O	_	_
nome	nome	SS	O	_	_
del	di/det	ES	O	_	_
nostro	nostro	DS	O	_	_
Trentino	trentino	SPN	GPE	46.102869	11.12961993
»	»	XPO	O	_	_
.	.	XPS	O	_	_

Capite	capite	SP	O	_	_
?	?	XPS	O	_	_

Così	così	B	O	_	_
sta	stare	VI	O	_	_
scritto	scritto	AS	O	_	_
e	e	C	O	_	_
noi	noi	PP	O	_	_
siamo	essere	VIY	O	_	_
condannati	condannare	VPP	O	_	_
.	.	XPS	O	_	_

Il	il	RS	O	_	_
14	14	N	O	_	_
maggio	maggio	SS	O	_	_
è	essere	VI	O	_	_
proprio	proprio	B	O	_	_
inutile	inutile	AS	O	_	_
,	comma	XPW	O	_	_
perché	perché	C	O	_	_
il	il	RS	O	_	_
verdetto	verdetto	SS	O	_	_
della	di/det	ES	O	_	_
nostra	nostro	DS	O	_	_
sconfitta	sconfitta	SS	O	_	_
morale	morale	AS	O	_	_
è	essere	VIY	O	_	_
pronunciato	pronunciare	VSP	O	_	_
,	comma	XPW	O	_	_
e	e	C	O	_	_
irrevocabilmente	irrevocabilmente	AS	O	_	_
,	comma	XPW	O	_	_
per	per	E	O	_	_
sempre	sempre	B	O	_	_
.	.	XPS	O	_	_

Discutere	discutere	VF	O	_	_
?	?	XPS	O	_	_

Polemizzare	polemizzare	VF	O	_	_
?	?	XPS	O	_	_

–	–	XPO	O	_	_
Inutile	inutile	AS	O	_	_
,	comma	XPW	O	_	_
amici	amico	AP	O	_	_
,	comma	XPW	O	_	_
noi	noi	PP	O	_	_
quel	quello	DS	O	_	_
cotal	cotal	AS	O	_	_
fascio	fascio	SS	O	_	_
di	di	E	O	_	_
gente	gente	SS	O	_	_
gretta	gretto	AS	O	_	_
e	e	C	O	_	_
reazionaria	reazionario	AS	O	_	_
"!"	esclamation_mark	XPS	O	_	_

Lavoriamo	lavorare	VI	O	_	_
,	comma	XPW	O	_	_
che	che	CCHE	O	_	_
certi	certo	DP	O	_	_
liberali	liberale	SP	O	_	_
hanno	avere	VI	O	_	_
d’	di	E	O	_	_
attorno	attorno	E	O	_	_
il	il	RS	O	_	_
delirio	delirio	SS	O	_	_
elettorale	elettorale	AS	O	_	_
e	e	C	O	_	_
da	da	E	O	_	_
questa	questo	DS	O	_	_
malattia	malattia	SS	O	_	_
non	non	B	O	_	_
si	rifl	PN	O	_	_
guarisce	guarire	VI	O	_	_
che	che	CCHE	O	_	_
ai	a/det	EP	O	_	_
15	15	N	O	_	_
maggio	maggio	SS	O	_	_
.	.	XPS	O	_	_

Vediamo	vedere	VI	O	_	_
che	che	CCHE	O	_	_
la	il	RS	O	_	_
cura	cura	SS	O	_	_
sia	essere	VI	O	_	_
radicale	radicale	AS	O	_	_
e	e	C	O	_	_
«	«	XPO	O	_	_
il	il	RS	O	_	_
buon	buon	AS	O	_	_
nome	nome	SS	O	_	_
del	di/det	ES	O	_	_
Trentino	trentino	SPN	GPE	46.102869	11.12961993
»	»	XPO	O	_	_
per	per	E	O	_	_
cui	cui	PN	O	_	_
teme	temere	VI	O	_	_
l’	il	RS	O	_	_
Alto	alto	SPN	GPE	46.65596895	11.22964387
Adige	adige	SPN	GPE	46.65596895	11.22964387
sarà	essere	VI	O	_	_
salvo	salvo	AS	O	_	_
.	.	XPS	O	_	_

Che	che	CCHE	O	_	_
più	più	B	O	_	_
?	?	XPS	O	_	_

Il	il	RS	O	_	_
giornale	giornale	SS	O	_	_
radicale	radicale	AS	O	_	_
,	comma	XPW	O	_	_
ha	avere	VI	O	_	_
il	il	RS	O	_	_
triste	triste	AS	O	_	_
presentimento	presentimento	SS	O	_	_
che	che	CCHE	O	_	_
«	«	XPO	O	_	_
inaugureremo	inaugurare	VI	O	_	_
da	da	E	O	_	_
noi	noi	PP	O	_	_
il	il	RS	O	_	_
regno	regno	SS	O	_	_
della	di/det	ES	O	_	_
ignoranza	ignoranza	SS	O	_	_
,	comma	XPW	O	_	_
dell’	di/det	ES	O	_	_
oscurantismo	oscurantismo	SS	O	_	_
,	comma	XPW	O	_	_
della	di/det	ES	O	_	_
violenza	violenza	SS	O	_	_
»	»	XPO	O	_	_
.	.	XPS	O	_	_

Ciò	ciò`	PS	O	_	_
non	non	B	O	_	_
viene	venire	VIY	O	_	_
rinfacciato	rinfacciare	VSP	O	_	_
ai	a/det	EP	O	_	_
socialisti	socialista	SP	O	_	_
né	né	B	O	_	_
ai	a/det	EP	O	_	_
radicaloidi	radicaloidi	SP	O	_	_
,	comma	XPW	O	_	_
ma	ma	C	O	_	_
a	a	E	O	_	_
noi	noi	PP	O	_	_
,	comma	XPW	O	_	_
al	a/det	ES	O	_	_
nostro	nostro	DS	O	_	_
partito	partito	SS	O	_	_
.	.	XPS	O	_	_

Sempre	sempre	B	O	_	_
più	più	B	O	_	_
si	rifl	PN	O	_	_
delinea	delineare	VI	O	_	_
quello	quello	PS	O	_	_
che	che	CCHE	O	_	_
abbiamo	avere	VIY	O	_	_
previsto	prevedere	VSP	O	_	_
:	:	XPS	O	_	_
liberali	liberale	AP	O	_	_
e	e	C	O	_	_
socialisti	socialista	SP	O	_	_
marciano	marciare	VI	O	_	_
uniti	unito	AP	O	_	_
o	o	C	O	_	_
paralleli	parallelo	AP	O	_	_
contro	contro	E	O	_	_
di	di	E	O	_	_
noi	noi	PP	O	_	_
.	.	XPS	O	_	_

E	e	C	O	_	_
sia	essere	VI	O	_	_
"!"	esclamation_mark	XPS	O	_	_

Forse	forse	B	O	_	_
avremo	avere	VI	O	_	_
occasione	occasione	SS	O	_	_
recentemente	recentemente	B	O	_	_
di	di	E	O	_	_
mostrare	mostrare	VF	O	_	_
ai	a/det	EP	O	_	_
liberali	liberale	SP	O	_	_
coi	con/det	EP	O	_	_
fatti	fatto	SP	O	_	_
quanto	quanto	B	O	_	_
falsa	falsa	AP	O	_	_
sia	essere	VI	O	_	_
la	il	RS	O	_	_
loro	loro	DP	O	_	_
via	via	SS	O	_	_
e	e	C	O	_	_
il	il	RS	O	_	_
loro	loro	DP	O	_	_
indirizzo	indirizzo	SS	O	_	_
tattico	tattico	AS	O	_	_
anche	anche	C	O	_	_
nella	in/det	ES	O	_	_
presente	presente	AS	O	_	_
campagna	campagna	SS	O	_	_
.	.	XPS	O	_	_
