# total number of persons:8, total number of gpes:24
IL	il	RS	O	_	_
MUNICIPIO	municipio	SS	O	_	_
DI	di	E	O	_	_
POLA	pola	SPN	O	_	_
:	:	XPS	O	_	_
5	5	N	O	_	_
corpi	corpo	SP	O	_	_
,	comma	XPW	O	_	_
curia	curia	SS	O	_	_
generale	generale	AS	O	_	_
e	e	C	O	_	_
voto	voto	SS	O	_	_
segreto	segreto	AS	O	_	_
.	.	XPS	O	_	_

–	–	XPO	O	_	_
Distrettuazione	distrettuazione	SS	O	_	_
nazionale	nazionale	AS	O	_	_
.	.	XPS	O	_	_

LA	il	RS	O	_	_
DIETA	dieta	SPN	O	_	_
ISTRIANA	istriana	SPN	O	_	_
:	:	XPS	O	_	_
Collegi	collegi	SPN	O	_	_
omogenei	omogenei	VI	O	_	_
.	.	XPS	O	_	_

–	–	XPO	O	_	_
Garanzie	garanzie	SPN	O	_	_
costituzionali	costituzionale	AP	O	_	_
per	per	E	O	_	_
la	il	RS	O	_	_
minoranza	minoranza	SS	O	_	_
.	.	XPS	O	_	_

–	–	XPO	O	_	_
Confronti	confronti	SPN	O	_	_
col	con/det	ES	O	_	_
Tirolo	tirolo	SPN	GPE	47.223193	11.5261028
.	.	XPS	O	_	_

–	–	XPO	O	_	_
Anche	anche	C	O	_	_
nella	in/det	ES	O	_	_
Giunta	giunta	SPN	O	_	_
.	.	XPS	O	_	_

LA	il	RS	O	_	_
DIETA	dieta	SS	O	_	_
TRIESTINA	triestina	SPN	O	_	_
:	:	XPS	O	_	_
L’	il	RS	O	_	_
idea	idea	SS	O	_	_
della	di/det	ES	O	_	_
rappresentanza	rappresentanza	SS	O	_	_
proporzionale	proporzionale	AS	O	_	_
nella	in/det	ES	O	_	_
Giunta	giunta	SPN	O	_	_
.	.	XPS	O	_	_

–	–	XPO	O	_	_
Galvanizzazione	galvanizzazione	SS	O	_	_
della	di/det	ES	O	_	_
maggioranza	maggioranza	SS	O	_	_
.	.	XPS	O	_	_

–	–	XPO	O	_	_
Quel	quel	PS	O	_	_
che	che	CCHE	O	_	_
ne	ne	PN	O	_	_
pensa	pensare	VI	O	_	_
il	il	RS	O	_	_
Piccolo	piccolo	SPN	O	_	_
.	.	XPS	O	_	_

–	–	XPO	O	_	_
I	il	RP	O	_	_
socialisti	socialista	SP	O	_	_
soddisfatti	soddisfacere	VPP	O	_	_
.	.	XPS	O	_	_

–	–	XPO	O	_	_
Pittoni	pittoni	SPN	PER	_	_
contro	contro	E	O	_	_
il	il	RS	O	_	_
«	«	XPO	O	_	_
Tutto	tutto	PS	O	_	_
o	o	C	O	_	_
nulla	nulla	PS	O	_	_
»	»	XPO	O	_	_
.	.	XPS	O	_	_

Sabato	sabato	SS	O	_	_
si	rifl	PN	O	_	_
è	essere	VIY	O	_	_
radunata	radunare	VSP	O	_	_
la	il	RS	O	_	_
dieta	dieta	SS	O	_	_
istriana	istriano	AS	O	_	_
,	comma	XPW	O	_	_
lunedì	lunedì	SN	O	_	_
si	rifl	PN	O	_	_
è	essere	VIY	O	_	_
riconvocata	riconvocare	VSP	O	_	_
la	il	RS	O	_	_
dieta	dieta	SS	O	_	_
triestina	triestino	AS	O	_	_
,	comma	XPW	O	_	_
la	il	RS	O	_	_
quale	quale	PS	O	_	_
,	comma	XPW	O	_	_
com’	com’	B	O	_	_
è	essere	VI	O	_	_
noto	noto	AS	O	_	_
,	comma	XPW	O	_	_
è	essere	VI	O	_	_
tutt’	tutt’	AS	O	_	_
una	uno	RS	O	_	_
cosa	cosa	SS	O	_	_
col	con/det	ES	O	_	_
Consiglio	consiglio	SS	O	_	_
municipale	municipale	AS	O	_	_
di	di	E	O	_	_
Trieste	trieste	SPN	GPE	45.6500335	13.7706559
.	.	XPS	O	_	_

Tanto	tanto	PS	O	_	_
in	in	E	O	_	_
questa	questo	DS	O	_	_
dieta	dieta	SS	O	_	_
che	che	CCHE	O	_	_
in	in	E	O	_	_
quella	quello	DS	O	_	_
vennero	venire	VIY	O	_	_
presentati	presentare	VPP	O	_	_
dei	di/det	EP	O	_	_
progetti	progetto	SP	O	_	_
di	di	E	O	_	_
riforma	riforma	SS	O	_	_
elettorale	elettorale	AS	O	_	_
,	comma	XPW	O	_	_
due	due	N	O	_	_
dei	di/det	EP	O	_	_
quali	quale	PP	O	_	_
riguardano	riguardare	VI	O	_	_
le	il	RP	O	_	_
diete	dieta	SP	O	_	_
stesse	stesso	AP	O	_	_
ed	ed	C	O	_	_
una	uno	RS	O	_	_
il	il	RS	O	_	_
comune	comune	SS	O	_	_
di	di	E	O	_	_
Pola	pola	SPN	GPE	44.868823	13.8461349
.	.	XPS	O	_	_

Siamo	essere	VI	O	_	_
anche	anche	C	O	_	_
sulla	su/det	ES	O	_	_
soglia	soglia	SS	O	_	_
di	di	E	O	_	_
una	uno	RS	O	_	_
riforma	riforma	SS	O	_	_
dietale	dietale	AS	O	_	_
,	comma	XPW	O	_	_
perciò	perciò	C	O	_	_
non	non	B	O	_	_
sarà	essere	VI	O	_	_
inopportuno	inopportuno	AS	O	_	_
il	il	RS	O	_	_
discuterne	discutere/part	VF+E	O	_	_
un	uno	RS	O	_	_
poco	poco	B	O	_	_
,	comma	XPW	O	_	_
tanto	tanto	B	O	_	_
più	più	B	O	_	_
che	che	CCHE	O	_	_
tutti	tutto	DP	O	_	_
tre	tre	N	O	_	_
i	il	RP	O	_	_
progetti	progetto	SP	O	_	_
,	comma	XPW	O	_	_
direttamente	direttamente	B	O	_	_
per	per	E	O	_	_
quelli	quello	PP	O	_	_
di	di	E	O	_	_
Trieste	trieste	SPN	GPE	45.6500335	13.7706559
e	e	C	O	_	_
Pola	pola	SPN	GPE	44.868823	13.8461349
e	e	C	O	_	_
indirettamente	indirettamente	B	O	_	_
per	per	E	O	_	_
quello	quello	PS	O	_	_
della	di/det	ES	O	_	_
Dieta	dieta	SPN	O	_	_
istriana	istriano	AS	O	_	_
,	comma	XPW	O	_	_
rispecchiano	rispecchiare	VI	O	_	_
le	il	RP	O	_	_
idee	idea	SP	O	_	_
e	e	C	O	_	_
le	il	RP	O	_	_
tendenze	tendenza	SP	O	_	_
dell’	di/det	ES	O	_	_
attuale	attuale	AS	O	_	_
governo	governo	SS	O	_	_
.	.	XPS	O	_	_

Incominciamo	incominciare	VI	O	_	_
dal	da/det	ES	O	_	_
meno	meno	B	O	_	_
importante	importante	AS	O	_	_
.	.	XPS	O	_	_

La	il	RS	O	_	_
rappresentanza	rappresentanza	SS	O	_	_
comunale	comunale	AS	O	_	_
di	di	E	O	_	_
Pola	pola	SPN	GPE	44.868823	13.8461349
(	open_parenthesis	XPB	O	_	_
comune	comune	SS	O	_	_
locale	locale	AS	O	_	_
)	close_parenthesis	XPB	O	_	_
,	comma	XPW	O	_	_
secondo	secondo	E	O	_	_
il	il	RS	O	_	_
progetto	progetto	SS	O	_	_
governativo	governativo	AS	O	_	_
,	comma	XPW	O	_	_
sarebbe	essere	VIY	O	_	_
composta	comporre	VSP	O	_	_
di	di	E	O	_	_
36	36	N	O	_	_
membri	membro	SP	O	_	_
effettivi	effettivo	AP	O	_	_
,	comma	XPW	O	_	_
eletti	eleggere	VPP	O	_	_
per	per	E	O	_	_
la	il	RS	O	_	_
durata	durata	SS	O	_	_
di	di	E	O	_	_
4	4	N	O	_	_
anni	anno	SP	O	_	_
e	e	C	O	_	_
distribuiti	distribuire	VPP	O	_	_
in	in	E	O	_	_
5	5	N	O	_	_
corpi	corpo	SP	O	_	_
elettorali	elettorale	AP	O	_	_
.	.	XPS	O	_	_

I	il	RP	O	_	_
primi	primo	SP	O	_	_
4	4	N	O	_	_
eleggono	eleggere	VI	O	_	_
8	8	N	O	_	_
membri	membro	SP	O	_	_
ciascuno	ciascuno	PS	O	_	_
,	comma	XPW	O	_	_
il	il	RS	O	_	_
quinto	quinto	AS	O	_	_
elegge	elegge	SS	O	_	_
4.	4.	N	O	_	_
La	il	RS	O	_	_
formazione	formazione	SS	O	_	_
dei	di/det	EP	O	_	_
primi	primo	AP	O	_	_
tre	tre	N	O	_	_
corpi	corpo	SP	O	_	_
avviene	avvenire	VI	O	_	_
secondo	secondo	E	O	_	_
le	il	RP	O	_	_
disposizioni	disposizione	SP	O	_	_
contenute	contenuto	AP	O	_	_
nell’	in/det	ES	O	_	_
attuale	attuale	AS	O	_	_
regolamento	regolamento	SS	O	_	_
elettorale	elettorale	AS	O	_	_
comunale	comunale	AS	O	_	_
per	per	E	O	_	_
l’	il	RS	O	_	_
Istria	istria	SPN	GPE	44.573155	28.71500334
;	semicolon	XPS	O	_	_

l’	il	RS	O	_	_
elezione	elezione	SS	O	_	_
per	per	E	O	_	_
il	il	RS	O	_	_
terzo	terzo	AS	O	_	_
corpo	corpo	SS	O	_	_
e	e	C	O	_	_
per	per	E	O	_	_
il	il	RS	O	_	_
quinto	quinto	AS	O	_	_
avviene	avvenire	VI	O	_	_
in	in	E	O	_	_
due	due	N	O	_	_
distretti	distretto	SP	O	_	_
elettorali	elettorale	AP	O	_	_
,	comma	XPW	O	_	_
di	di	E	O	_	_
cui	cui	PN	O	_	_
il	il	RS	O	_	_
primo	primo	SS	O	_	_
comprende	comprendere	VI	O	_	_
i	il	RP	O	_	_
comuni	comune	AP	O	_	_
censuari	censuario	SP	O	_	_
di	di	E	O	_	_
Pola	pola	SPN	GPE	44.868823	13.8461349
,	comma	XPW	O	_	_
Fasana	fasana	SPN	PER	_	_
,	comma	XPW	O	_	_
Gallesano	gallesano	SPN	PER	_	_
e	e	C	O	_	_
Sissano	sissano	SPN	PER	_	_
,	comma	XPW	O	_	_
il	il	RS	O	_	_
secondo	secondo	SS	O	_	_
gli	il	RP	O	_	_
altri	altro	DP	O	_	_
comuni	comune	AP	O	_	_
censuari	censuario	SP	O	_	_
slavi	slavo	AP	O	_	_
.	.	XPS	O	_	_

Degli	di/det	EP	O	_	_
8	8	N	O	_	_
membri	membro	SP	O	_	_
assegnati	assegnare	VPP	O	_	_
al	a/det	ES	O	_	_
terzo	terzo	AS	O	_	_
corpo	corpo	SS	O	_	_
,	comma	XPW	O	_	_
3	3	N	O	_	_
verrebbero	venire	VIY	O	_	_
eletti	eleggere	VPP	O	_	_
dal	da/det	ES	O	_	_
primo	primo	AS	O	_	_
distretto	distretto	SS	O	_	_
e	e	C	O	_	_
5	5	N	O	_	_
dal	da/det	ES	O	_	_
secondo	secondo	SS	O	_	_
;	semicolon	XPS	O	_	_

i	il	RP	O	_	_
due	due	N	O	_	_
distretti	distretto	SP	O	_	_
elettorali	elettorale	AP	O	_	_
del	di/det	ES	O	_	_
quinto	quinto	AS	O	_	_
corpo	corpo	SS	O	_	_
eleggono	eleggere	VI	O	_	_
ciascuno	ciascuno	PS	O	_	_
3	3	N	O	_	_
membri	membro	SP	O	_	_
.	.	XPS	O	_	_

Nei	in/det	EP	O	_	_
primi	primo	AP	O	_	_
tre	tre	N	O	_	_
corpi	corpo	SP	O	_	_
votano	votare	VI	O	_	_
gli	il	RP	O	_	_
aventi	avente	SP	O	_	_
diritto	diritto	SS	O	_	_
d’	di	E	O	_	_
elezione	elezione	SS	O	_	_
secondo	secondo	E	O	_	_
le	il	RP	O	_	_
norme	norma	SP	O	_	_
dell’	di/det	ES	O	_	_
attuale	attuale	AS	O	_	_
regolamento	regolamento	SS	O	_	_
elettorale	elettorale	AS	O	_	_
comunale	comunale	AS	O	_	_
per	per	E	O	_	_
l’	il	RS	O	_	_
Istria	istria	SPN	GPE	44.573155	28.71500334
che	che	CCHE	O	_	_
corrispondono	corrispondere	VI	O	_	_
press’	press’	SS	O	_	_
a	a	E	O	_	_
poco	poco	B	O	_	_
al	a/det	ES	O	_	_
nostro	nostro	DS	O	_	_
;	semicolon	XPS	O	_	_

nel	in/det	ES	O	_	_
quarto	quarto	AS	O	_	_
sono	essere	VI	O	_	_
elettori	elettore	SP	O	_	_
gli	il	RP	O	_	_
impiegati	impiegato	SP	O	_	_
militari	militare	AP	O	_	_
(	open_parenthesis	XPB	O	_	_
di	di	E	O	_	_
marina	marina	SS	O	_	_
)	close_parenthesis	XPB	O	_	_
in	in	E	O	_	_
servizio	servizio	SS	O	_	_
;	semicolon	XPS	O	_	_

nel	in/det	ES	O	_	_
quinto	quinto	AS	O	_	_
corpo	corpo	SS	O	_	_
sono	essere	VI	O	_	_
elettori	elettore	SP	O	_	_
i	il	RP	O	_	_
cittadini	cittadino	SP	O	_	_
austriaci	austriaci	AP	O	_	_
di	di	E	O	_	_
sesso	sesso	SS	O	_	_
maschile	maschile	AS	O	_	_
,	comma	XPW	O	_	_
che	che	CCHE	O	_	_
abbiano	avere	VIY	O	_	_
compiuto	compiere	VSP	O	_	_
il	il	RS	O	_	_
24	24	N	O	_	_
.	.	XPS	O	_	_

o	o	C	O	_	_
d’	di	E	O	_	_
età	età	SN	O	_	_
,	comma	XPW	O	_	_
siano	essere	VIY	O	_	_
domiciliati	domiciliare	VPP	O	_	_
nel	in/det	ES	O	_	_
comune	comune	SS	O	_	_
di	di	E	O	_	_
Pola	pola	SPN	GPE	44.868823	13.8461349
almeno	almeno	B	O	_	_
da	da	E	O	_	_
3	3	N	O	_	_
anni	anno	SP	O	_	_
e	e	C	O	_	_
non	non	B	O	_	_
abbiano	avere	VIY	O	_	_
diritto	diritto	VSP	O	_	_
a	a	E	O	_	_
voto	voto	SS	O	_	_
negli	in/det	EP	O	_	_
altri	altro	DP	O	_	_
quattro	quattro	N	O	_	_
.	.	XPS	O	_	_

Notevole	notevole	AS	O	_	_
è	essere	VI	O	_	_
qui	qui	B	O	_	_
che	che	CCHE	O	_	_
il	il	RS	O	_	_
governo	governo	SS	O	_	_
ha	avere	VIY	O	_	_
rinunciato	rinunciare	VSP	O	_	_
all’	a/det	ES	O	_	_
introduzione	introduzione	SS	O	_	_
di	di	E	O	_	_
voti	voto	SP	O	_	_
virili	virile	AP	O	_	_
per	per	E	O	_	_
la	il	RS	O	_	_
Marina	marina	SPN	O	_	_
,	comma	XPW	O	_	_
come	come	CADV	O	_	_
s’	s’	PN	O	_	_
era	essere	VIY	O	_	_
prima	prima	B	O	_	_
annunziato	annunziare	VSP	O	_	_
,	comma	XPW	O	_	_
preferendo	preferire	VG	O	_	_
un	uno	RS	O	_	_
quarto	quarto	AS	O	_	_
corpo	corpo	SS	O	_	_
con	con	E	O	_	_
8	8	N	O	_	_
rappresentanti	rappresentante	SP	O	_	_
;	semicolon	XPS	O	_	_

notevole	notevole	AS	O	_	_
ancora	ancora	B	O	_	_
ch’	che	CCHE	O	_	_
è	essere	VI	O	_	_
introdotta	introdotto	AS	O	_	_
,	comma	XPW	O	_	_
benché	benché	C	O	_	_
con	con	E	O	_	_
soli	solo	AP	O	_	_
4	4	N	O	_	_
voti	voto	SP	O	_	_
,	comma	XPW	O	_	_
la	il	RS	O	_	_
curia	curia	SS	O	_	_
generale	generale	AS	O	_	_
,	comma	XPW	O	_	_
la	il	RS	O	_	_
quale	quale	PS	O	_	_
viene	venire	VIY	O	_	_
divisa	dividere	VSP	O	_	_
in	in	E	O	_	_
due	due	N	O	_	_
collegi	collegio	SP	O	_	_
nazionalmente	nazionalmente	B	O	_	_
omogenei	omogeneo	AP	O	_	_
.	.	XPS	O	_	_

Importante	importante	AS	O	_	_
ancora	ancora	B	O	_	_
è	essere	VI	O	_	_
che	che	CCHE	O	_	_
viene	venire	VIY	O	_	_
introdotta	introdurre	VSP	O	_	_
la	il	RS	O	_	_
votazione	votazione	SS	O	_	_
segreta	segreto	AS	O	_	_
,	comma	XPW	O	_	_
poichè	poichè	B	O	_	_
,	comma	XPW	O	_	_
conviene	convenire	VI	O	_	_
sapere	sapere	VF	O	_	_
che	che	CCHE	O	_	_
Pola	pola	SPN	GPE	44.868823	13.8461349
–	–	XPO	O	_	_
il	il	RS	O	_	_
municipio	municipio	SS	O	_	_
liberale	liberale	AS	O	_	_
di	di	E	O	_	_
Pola	pola	SPN	GPE	44.868823	13.8461349
–	–	XPO	O	_	_
ha	avere	VIY	O	_	_
finora	finora	B	O	_	_
il	il	RS	O	_	_
voto	voto	SS	O	_	_
orale	orale	AS	O	_	_
.	.	XPS	O	_	_

La	il	RS	O	_	_
deputazione	deputazione	SS	O	_	_
comunale	comunale	AS	O	_	_
si	rifl	PN	O	_	_
compone	comporre	VI	O	_	_
del	di/det	ES	O	_	_
podestà	podestà	SN	O	_	_
,	comma	XPW	O	_	_
del	di/det	ES	O	_	_
vicepodestà	vicepodestà	SN	O	_	_
e	e	C	O	_	_
di	di	E	O	_	_
quattro	quattro	N	O	_	_
consiglieri	consigliere	SP	O	_	_
;	semicolon	XPS	O	_	_

i	il	RP	O	_	_
primi	primo	AP	O	_	_
due	due	N	O	_	_
vengono	venire	VIY	O	_	_
eletti	eleggere	VPP	O	_	_
dall’	da/det	ES	O	_	_
intera	intero	AS	O	_	_
rappresentanza	rappresentanza	SS	O	_	_
comunale	comunale	AS	O	_	_
;	semicolon	XPS	O	_	_

i	il	RP	O	_	_
primi	primo	SP	O	_	_
quattro	quattro	N	O	_	_
corpi	corpo	SP	O	_	_
eleggono	eleggere	VI	O	_	_
poi	poi	B	O	_	_
ciascuno	ciascuno	PS	O	_	_
un	uno	RS	O	_	_
consigliere	consigliere	SS	O	_	_
.	.	XPS	O	_	_

L’	il	RS	O	_	_
elezione	elezione	SS	O	_	_
del	di/det	ES	O	_	_
podestà	podestà	SN	O	_	_
e	e	C	O	_	_
del	di/det	ES	O	_	_
suo	suo	DS	O	_	_
sostituto	sostituto	SS	O	_	_
dovrebbe	dovere	VI	O	_	_
poi	poi	B	O	_	_
ottenere	ottenere	VF	O	_	_
la	il	RS	O	_	_
conferma	conferma	SS	O	_	_
dell’	di/det	ES	O	_	_
imperatore	imperatore	SS	O	_	_
.	.	XPS	O	_	_

Come	come	CADV	O	_	_
si	rifl	PN	O	_	_
vede	vedere	VI	O	_	_
la	il	RS	O	_	_
deputazione	deputazione	SS	O	_	_
viene	venire	VIY	O	_	_
eletta	eleggere	VSP	O	_	_
in	in	E	O	_	_
gran	grande	AS	O	_	_
parte	parte	SS	O	_	_
dalle	da/det	EP	O	_	_
curie	curia	SP	O	_	_
,	comma	XPW	O	_	_
in	in	E	O	_	_
modo	modo	SS	O	_	_
da	da	E	O	_	_
assicurare	assicurare	VF	O	_	_
al	a/det	ES	O	_	_
rappresentante	rappresentante	SS	O	_	_
del	di/det	ES	O	_	_
militare	militare	AS	O	_	_
un	uno	RS	O	_	_
posto	posto	SS	O	_	_
,	comma	XPW	O	_	_
ma	ma	C	O	_	_
da	da	E	O	_	_
escludere	escludere	VF	O	_	_
eventualmente	eventualmente	B	O	_	_
ogni	ogni	DS	O	_	_
rappresentante	rappresentante	SS	O	_	_
del	di/det	ES	O	_	_
quinto	quinto	AS	O	_	_
corpo	corpo	SS	O	_	_
a	a	E	O	_	_
discrezione	discrezione	SS	O	_	_
degli	di/det	EP	O	_	_
altri	altro	DP	O	_	_
quattro	quattro	N	O	_	_
.	.	XPS	O	_	_

Più	più	B	O	_	_
caratteristico	caratteristico	AS	O	_	_
,	comma	XPW	O	_	_
più	più	B	O	_	_
istruttivo	istruttivo	AS	O	_	_
è	essere	VI	O	_	_
il	il	RS	O	_	_
progetto	progetto	SS	O	_	_
per	per	E	O	_	_
la	il	RS	O	_	_
Dieta	dieta	SPN	O	_	_
istriana	istriano	AS	O	_	_
,	comma	XPW	O	_	_
il	il	RS	O	_	_
quale	quale	PS	O	_	_
viene	venire	VIY	O	_	_
presentato	presentare	VSP	O	_	_
in	in	E	O	_	_
base	base	SS	O	_	_
ad	ad	E	O	_	_
un	uno	RS	O	_	_
compromesso	compromesso	SS	O	_	_
seguito	seguire	VSP	O	_	_
di	di	E	O	_	_
massima	massimo	AS	O	_	_
fra	fra	E	O	_	_
italiani	italiano	SP	O	_	_
e	e	C	O	_	_
slavi	slavo	SP	O	_	_
,	comma	XPW	O	_	_
coll’	con/det	ES	O	_	_
intervento	intervento	SS	O	_	_
del	di/det	ES	O	_	_
Governo	governo	SS	O	_	_
.	.	XPS	O	_	_

Ai	a/det	EP	O	_	_
3	3	N	O	_	_
vescovi	vescovo	SP	O	_	_
con	con	E	O	_	_
voto	voto	SS	O	_	_
virile	virile	AS	O	_	_
vanno	andare	VI	O	_	_
aggiunti	aggiunto	SP	O	_	_
44	44	N	O	_	_
deputati	deputato	SP	O	_	_
eletti	eletto	AP	O	_	_
distribuiti	distribuire	VPP	O	_	_
fra	fra	E	O	_	_
le	il	RP	O	_	_
varie	varie	SP	O	_	_
curie	curie	AP	O	_	_
come	come	CADV	O	_	_
segue	seguire	VI	O	_	_
:	:	XPS	O	_	_
5	5	N	O	_	_
deputati	deputato	SP	O	_	_
del	di/det	ES	O	_	_
grande	grande	AS	O	_	_
possesso	possesso	SS	O	_	_
reale	reale	AS	O	_	_
;	semicolon	XPS	O	_	_

2	2	N	O	_	_
deputati	deputato	SP	O	_	_
della	di/det	ES	O	_	_
Camera	camera	SS	O	_	_
di	di	E	O	_	_
commercio	commercio	SS	O	_	_
e	e	C	O	_	_
d’	di	E	O	_	_
industria	industria	SS	O	_	_
;	semicolon	XPS	O	_	_

14	14	N	O	_	_
deputati	deputato	SP	O	_	_
delle	di/det	EP	O	_	_
città	città	SN	O	_	_
,	comma	XPW	O	_	_
borgate	borgate	VPP	O	_	_
e	e	C	O	_	_
luoghi	luogo	SP	O	_	_
industriali	industriale	AP	O	_	_
;	semicolon	XPS	O	_	_

15	15	N	O	_	_
deputati	deputato	SP	O	_	_
di	di	E	O	_	_
altri	altro	DP	O	_	_
comuni	comune	SP	O	_	_
(	open_parenthesis	XPB	O	_	_
foresi	foresi	SP	O	_	_
o	o	C	O	_	_
rurali	rurale	AP	O	_	_
)	close_parenthesis	XPB	O	_	_
;	semicolon	XPS	O	_	_

8	8	N	O	_	_
deputati	deputato	SP	O	_	_
della	di/det	ES	O	_	_
classe	classe	SS	O	_	_
elettorale	elettorale	AS	O	_	_
generale	generale	AS	O	_	_
.	.	XPS	O	_	_

Dei	di/det	EP	O	_	_
44	44	N	O	_	_
deputati	deputato	SP	O	_	_
eletti	eleggere	VPP	O	_	_
25	25	N	O	_	_
sono	essere	VIY	O	_	_
assegnati	assegnare	VPP	O	_	_
agli	a/det	EP	O	_	_
italiani	italiano	SP	O	_	_
e	e	C	O	_	_
19	19	N	O	_	_
agli	a/det	EP	O	_	_
slavi	slavo	SP	O	_	_
.	.	XPS	O	_	_

La	il	RS	O	_	_
distrettuazione	distrettuazione	SS	O	_	_
è	essere	VI	O	_	_
per	per	E	O	_	_
quanto	quanto	B	O	_	_
possibile	possibile	AS	O	_	_
,	comma	XPW	O	_	_
nazionalmente	nazionalmente	B	O	_	_
omogenea	omogeneo	AS	O	_	_
,	comma	XPW	O	_	_
sì	sì	B	O	_	_
da	da	E	O	_	_
escludere	escludere	VF	O	_	_
conflitti	conflitto	SP	O	_	_
nazionali	nazionale	AP	O	_	_
per	per	E	O	_	_
le	il	RP	O	_	_
elezioni	elezione	SP	O	_	_
.	.	XPS	O	_	_

Ciò	ciò`	PS	O	_	_
vale	valere	VI	O	_	_
tanto	tanto	B	O	_	_
per	per	E	O	_	_
la	il	RS	O	_	_
curia	curia	SS	O	_	_
delle	di/det	EP	O	_	_
città	città	SN	O	_	_
e	e	C	O	_	_
borgate	borgata	SP	O	_	_
,	comma	XPW	O	_	_
dei	di/det	EP	O	_	_
comuni	comune	SP	O	_	_
foresi	foresi	AP	O	_	_
,	comma	XPW	O	_	_
quanto	quanto	B	O	_	_
per	per	E	O	_	_
la	il	RS	O	_	_
curia	curia	SS	O	_	_
generale	generale	AS	O	_	_
.	.	XPS	O	_	_

I	il	RP	O	_	_
collegi	collegio	SP	O	_	_
della	di/det	ES	O	_	_
curia	curia	SS	O	_	_
generale	generale	AS	O	_	_
sono	essere	VI	O	_	_
7	7	N	O	_	_
,	comma	XPW	O	_	_
uno	uno	PS	O	_	_
elegge	eleggere	VI	O	_	_
2	2	N	O	_	_
deputati	deputato	SP	O	_	_
,	comma	XPW	O	_	_
gli	il	RP	O	_	_
altri	altro	PP	O	_	_
uno	uno	RS	O	_	_
ciascuno	ciascuno	PS	O	_	_
.	.	XPS	O	_	_

Di	di	E	O	_	_
questa	questo	DS	O	_	_
curia	curia	SS	O	_	_
,	comma	XPW	O	_	_
la	il	RS	O	_	_
metà	metà	SN	O	_	_
dei	di/det	EP	O	_	_
mandati	mandato	SP	O	_	_
è	essere	VI	O	_	_
italiana	italiano	AS	O	_	_
,	comma	XPW	O	_	_
l’	il	RS	O	_	_
altra	altro	DS	O	_	_
metà	metà	SN	O	_	_
slava	slavo	AS	O	_	_
.	.	XPS	O	_	_

Il	il	RS	O	_	_
numero	numero	SS	O	_	_
dei	di/det	EP	O	_	_
membri	membro	SP	O	_	_
della	di/det	ES	O	_	_
Giunta	giunta	SS	O	_	_
provinciale	provinciale	AS	O	_	_
è	essere	VIY	O	_	_
aumentato	aumentare	VSP	O	_	_
da	da	E	O	_	_
4	4	N	O	_	_
a	a	E	O	_	_
5.	5.	N	O	_	_
Gli	il	RP	O	_	_
assessori	assessore	SP	O	_	_
sono	essere	VIY	O	_	_
nominati	nominare	VPP	O	_	_
:	:	XPS	O	_	_
un	uno	RS	O	_	_
assessore	assessore	SS	O	_	_
dai	da/det	EP	O	_	_
deputati	deputato	SP	O	_	_
eletti	eleggere	VPP	O	_	_
dalla	da/det	ES	O	_	_
classe	classe	SS	O	_	_
elettorale	elettorale	AS	O	_	_
delle	di/det	EP	O	_	_
città	città	SN	O	_	_
,	comma	XPW	O	_	_
borgate	borgate	VPP	O	_	_
e	e	C	O	_	_
luoghi	luogo	SP	O	_	_
industriali	industriale	AP	O	_	_
e	e	C	O	_	_
della	di/det	ES	O	_	_
Camera	camera	SS	O	_	_
di	di	E	O	_	_
commercio	commercio	SS	O	_	_
e	e	C	O	_	_
d’	di	E	O	_	_
industria	industria	SS	O	_	_
;	semicolon	XPS	O	_	_

e	e	C	O	_	_
due	due	N	O	_	_
dai	da/det	EP	O	_	_
deputati	deputato	SP	O	_	_
eletti	eleggere	VPP	O	_	_
dalla	da/det	ES	O	_	_
classe	classe	SS	O	_	_
elettorale	elettorale	AS	O	_	_
dei	di/det	EP	O	_	_
comuni	comune	SP	O	_	_
foresi	foresi	AP	O	_	_
,	comma	XPW	O	_	_
con	con	E	O	_	_
ciò	ciò`	PS	O	_	_
che	che	CCHE	O	_	_
coi	con/det	EP	O	_	_
deputati	deputato	SP	O	_	_
delle	di/det	EP	O	_	_
città	città	SN	O	_	_
eleggono	eleggere	VI	O	_	_
anche	anche	C	O	_	_
i	il	RP	O	_	_
deputati	deputato	SP	O	_	_
dei	di/det	EP	O	_	_
collegi	collegio	SP	O	_	_
italiani	italiano	AP	O	_	_
della	di/det	ES	O	_	_
curia	curia	SS	O	_	_
generale	generale	AS	O	_	_
o	o	C	O	_	_
con	con	E	O	_	_
quelli	quello	PP	O	_	_
dei	di/det	EP	O	_	_
foresi	foresi	SP	O	_	_
i	il	RP	O	_	_
deputati	deputato	SP	O	_	_
dei	di/det	EP	O	_	_
collegi	collegio	SP	O	_	_
slavi	slavo	AP	O	_	_
della	di/det	ES	O	_	_
curia	curia	SS	O	_	_
generale	generale	AS	O	_	_
.	.	XPS	O	_	_

Su	su	E	O	_	_
questa	questo	DS	O	_	_
base	base	SS	O	_	_
,	comma	XPW	O	_	_
escluso	escludere	VSP	O	_	_
il	il	RS	O	_	_
presidente	presidente	SS	O	_	_
(	open_parenthesis	XPB	O	_	_
capitano	capitano	SS	O	_	_
provinciale	provinciale	AS	O	_	_
)	close_parenthesis	XPB	O	_	_
,	comma	XPW	O	_	_
tre	tre	N	O	_	_
membri	membro	SP	O	_	_
della	di/det	ES	O	_	_
giunta	giunta	SS	O	_	_
sarebbero	essere	VI	O	_	_
italiani	italiano	AP	O	_	_
e	e	C	O	_	_
due	due	N	O	_	_
slavi	slavo	SP	O	_	_
.	.	XPS	O	_	_

Anche	anche	C	O	_	_
qui	qui	B	O	_	_
dunque	dunque	C	O	_	_
abbiamo	avere	VI	O	_	_
la	il	RS	O	_	_
curia	curia	SS	O	_	_
del	di/det	ES	O	_	_
suffragio	suffragio	SS	O	_	_
universale	universale	AS	O	_	_
,	comma	XPW	O	_	_
ma	ma	C	O	_	_
solo	solo	B	O	_	_
con	con	E	O	_	_
8	8	N	O	_	_
mandati	mandato	SP	O	_	_
,	comma	XPW	O	_	_
cioè	cioe`	B	O	_	_
con	con	E	O	_	_
poco	poco	B	O	_	_
più	più	B	O	_	_
della	di/det	ES	O	_	_
quinta	quinto	AS	O	_	_
parte	parte	SS	O	_	_
dei	di/det	EP	O	_	_
deputati	deputato	SP	O	_	_
eletti	eleggere	VPP	O	_	_
.	.	XPS	O	_	_

Nella	in/det	ES	O	_	_
curia	curia	SS	O	_	_
generale	generale	AS	O	_	_
sono	essere	VI	O	_	_
di	di	E	O	_	_
nuovo	nuovo	AS	O	_	_
compresi	comprendere	VPP	O	_	_
tutti	tutto	DP	O	_	_
gli	il	RP	O	_	_
elettori	elettore	SP	O	_	_
delle	di/det	EP	O	_	_
altre	altro	DP	O	_	_
curie	curia	SP	O	_	_
.	.	XPS	O	_	_

I	il	RP	O	_	_
collegi	collegio	SP	O	_	_
sono	essere	VI	O	_	_
nazionalmente	nazionalmente	B	O	_	_
omogenei	omogeneo	AP	O	_	_
.	.	XPS	O	_	_

La	il	RS	O	_	_
maggioranza	maggioranza	SS	O	_	_
rimane	rimanere	VI	O	_	_
agli	a/det	EP	O	_	_
italiani	italiano	SP	O	_	_
,	comma	XPW	O	_	_
ma	ma	C	O	_	_
la	il	RS	O	_	_
costituzione	costituzione	SS	O	_	_
della	di/det	ES	O	_	_
giunta	giunta	SS	O	_	_
avviene	avvenire	VI	O	_	_
in	in	E	O	_	_
modo	modo	SS	O	_	_
che	che	CCHE	O	_	_
sia	essere	VIY	O	_	_
assicurata	assicurare	VSP	O	_	_
una	uno	RS	O	_	_
corrispondente	corrispondente	AS	O	_	_
rappresentanza	rappresentanza	SS	O	_	_
anche	anche	C	O	_	_
alla	a/det	ES	O	_	_
minoranza	minoranza	SS	O	_	_
.	.	XPS	O	_	_

Ma	ma	C	O	_	_
non	non	B	O	_	_
basta	bastare	VI	O	_	_
.	.	XPS	O	_	_

S’	s’	PN	O	_	_
è	essere	VIY	O	_	_
provveduto	provveduto	VSP	O	_	_
con	con	E	O	_	_
regole	regola	SP	O	_	_
ancor	ancor	B	O	_	_
più	più	B	O	_	_
precise	preciso	AP	O	_	_
a	a	E	O	_	_
stabilire	stabilire	VF	O	_	_
i	il	RP	O	_	_
rapporti	rapporto	SP	O	_	_
fra	fra	E	O	_	_
maggioranza	maggioranza	SS	O	_	_
e	e	C	O	_	_
minoranza	minoranza	SS	O	_	_
.	.	XPS	O	_	_

Ecco	ecco	B	O	_	_
quanto	quanto	QNS	O	_	_
prevede	prevedere	VI	O	_	_
il	il	RS	O	_	_
progetto	progetto	SS	O	_	_
contro	contro	E	O	_	_
il	il	RS	O	_	_
pericolo	pericolo	SS	O	_	_
di	di	E	O	_	_
maggiorizzazioni	maggiorizzazioni	SP	O	_	_
.	.	XPS	O	_	_

«	«	XPO	O	_	_
In	in	E	O	_	_
Dieta	dieta	SPN	O	_	_
si	rifl	PN	O	_	_
richiede	richiedere	VI	O	_	_
la	il	RS	O	_	_
presenza	presenza	SS	O	_	_
di	di	E	O	_	_
almeno	almeno	B	O	_	_
trentadue	trentadue	N	O	_	_
membri	membro	SP	O	_	_
(	open_parenthesis	XPB	O	_	_
dunque	dunque	C	O	_	_
di	di	E	O	_	_
almeno	almeno	B	O	_	_
7	7	N	O	_	_
slavi	slavo	SP	O	_	_
quanto	quanto	B	O	_	_
manchino	mancare	VI	O	_	_
i	il	RP	O	_	_
tre	tre	N	O	_	_
vescovi	vescovo	SP	O	_	_
)	close_parenthesis	XPB	O	_	_
per	per	E	O	_	_
deliberare	deliberare	VF	O	_	_
;	semicolon	XPS	O	_	_

1.	1.	N	O	_	_
sullo	su/det	ES	O	_	_
stanziamento	stanziamento	SS	O	_	_
dei	di/det	EP	O	_	_
bilanci	bilancio	SP	O	_	_
preventivi	preventivo	AP	O	_	_
di	di	E	O	_	_
spese	spesa	SP	O	_	_
dai	da/det	EP	O	_	_
mezzi	mezzo	SP	O	_	_
provinciali	provinciale	AP	O	_	_
per	per	E	O	_	_
scopi	scopo	SP	O	_	_
di	di	E	O	_	_
agricoltura	agricoltura	SS	O	_	_
,	comma	XPW	O	_	_
di	di	E	O	_	_
scuole	scuola	SP	O	_	_
e	e	C	O	_	_
costruzioni	costruzione	SP	O	_	_
pubbliche	pubblico	AP	O	_	_
,	comma	XPW	O	_	_
fatta	fare	VSP	O	_	_
eccezione	eccezione	SS	O	_	_
per	per	E	O	_	_
gli	il	RP	O	_	_
importi	importo	SP	O	_	_
necessari	necessario	AP	O	_	_
al	a/det	ES	O	_	_
funzionamento	funzionamento	SS	O	_	_
di	di	E	O	_	_
istituti	istituto	SP	O	_	_
o	o	C	O	_	_
stabilimenti	stabilimento	SP	O	_	_
in	in	E	O	_	_
quanto	quanto	B	O	_	_
gli	il	RP	O	_	_
importi	importo	SP	O	_	_
rispettivi	rispettivo	AP	O	_	_
venissero	venire	VIY	O	_	_
stanziati	stanziare	VPP	O	_	_
in	in	E	O	_	_
misura	misura	SS	O	_	_
uguale	uguale	AS	O	_	_
o	o	C	O	_	_
minore	minore	AS	O	_	_
a	a	E	O	_	_
quella	quello	PS	O	_	_
già	già	B	O	_	_
fissata	fissare	VSP	O	_	_
dalla	da/det	ES	O	_	_
Dieta	dieta	SPN	O	_	_
provinciale	provinciale	AS	O	_	_
dopo	dopo	E	O	_	_
la	il	RS	O	_	_
promulgazione	promulgazione	SS	O	_	_
della	di/det	ES	O	_	_
presente	presente	AS	O	_	_
legge	legge	SS	O	_	_
;	semicolon	XPS	O	_	_

2.	2.	N	O	_	_
in	in	E	O	_	_
affari	affare	SP	O	_	_
comunali	comunale	AP	O	_	_
,	comma	XPW	O	_	_
i	il	RP	O	_	_
quali	quale	PP	O	_	_
secondo	secondo	E	O	_	_
le	il	RP	O	_	_
disposizioni	disposizione	SP	O	_	_
delle	di/det	EP	O	_	_
leggi	leggio	SP	O	_	_
comunali	comunale	AP	O	_	_
sottostanno	sottostare	VI	O	_	_
alle	a/det	EP	O	_	_
deliberazioni	deliberazione	SP	O	_	_
della	di/det	ES	O	_	_
Dieta	dieta	SPN	O	_	_
;	semicolon	XPS	O	_	_

3.	3.	N	O	_	_
sull’	su/det	ES	O	_	_
accoglimento	accoglimento	SS	O	_	_
di	di	E	O	_	_
progetti	progetto	SP	O	_	_
di	di	E	O	_	_
legge	legge	SS	O	_	_
»	»	XPO	O	_	_
.	.	XPS	O	_	_

Con	con	E	O	_	_
ciò	ciò`	PS	O	_	_
la	il	RS	O	_	_
minoranza	minoranza	SS	O	_	_
può	potere	VI	O	_	_
impedire	impedire	VF	O	_	_
qualunque	qualunque	DS	O	_	_
votazione	votazione	SS	O	_	_
d’	di	E	O	_	_
importanza	importanza	SS	O	_	_
,	comma	XPW	O	_	_
colla	con/det	ES	O	_	_
semplice	semplice	AS	O	_	_
astensione	astensione	SS	O	_	_
.	.	XPS	O	_	_

Analoghe	analogo	AP	O	_	_
garanzie	garanzia	SP	O	_	_
sono	essere	VIY	O	_	_
stabilite	stabilire	VPP	O	_	_
anche	anche	C	O	_	_
per	per	E	O	_	_
la	il	RS	O	_	_
Giunta	giunta	SS	O	_	_
provinciale	provinciale	AS	O	_	_
:	:	XPS	O	_	_
«	«	XPO	O	_	_
La	il	RS	O	_	_
Giunta	giunta	SS	O	_	_
provinciale	provinciale	AS	O	_	_
–	–	XPO	O	_	_
dice	dire	VI	O	_	_
il	il	RS	O	_	_
progetto	progetto	SS	O	_	_
–	–	XPO	O	_	_
pertratterà	pertrattare	VI	O	_	_
gli	il	RP	O	_	_
affari	affare	SP	O	_	_
ad	ad	E	O	_	_
essa	essa	PS	O	_	_
demandati	demandare	VPP	O	_	_
in	in	E	O	_	_
consigli	consiglio	SP	O	_	_
collegiali	collegiale	AP	O	_	_
.	.	XPS	O	_	_

Per	per	E	O	_	_
la	il	RS	O	_	_
validità	validità	SN	O	_	_
di	di	E	O	_	_
una	uno	RS	O	_	_
deliberazione	deliberazione	SS	O	_	_
si	rifl	PN	O	_	_
richiede	richiedere	VI	O	_	_
la	il	RS	O	_	_
presenza	presenza	SS	O	_	_
di	di	E	O	_	_
almeno	almeno	B	O	_	_
tre	tre	N	O	_	_
membri	membro	SP	O	_	_
oltre	oltre	B	O	_	_
al	a/det	ES	O	_	_
capitano	capitano	SS	O	_	_
provinciale	provinciale	AS	O	_	_
ed	ed	C	O	_	_
al	a/det	ES	O	_	_
suo	suo	DS	O	_	_
sostituto	sostituto	SS	O	_	_
.	.	XPS	O	_	_

Per	per	E	O	_	_
deliberare	deliberare	VF	O	_	_
validamente	validamente	B	O	_	_
sugli	su/det	EP	O	_	_
affari	affare	SP	O	_	_
sottoindicati	sottoindicati	VPP	O	_	_
è	essere	VI	O	_	_
inoltre	inoltre	B	O	_	_
necessario	necessario	AS	O	_	_
che	che	CCHE	O	_	_
nel	in/det	ES	O	_	_
consiglio	consiglio	SS	O	_	_
collegiale	collegiale	AS	O	_	_
siano	essere	VI	O	_	_
presenti	presente	AP	O	_	_
almeno	almeno	B	O	_	_
uno	uno	PS	O	_	_
degli	di/det	EP	O	_	_
assessori	assessore	SP	O	_	_
eletti	eleggere	VPP	O	_	_
dai	da/det	EP	O	_	_
deputati	deputato	SP	O	_	_
della	di/det	ES	O	_	_
classe	classe	SS	O	_	_
elettorale	elettorale	AS	O	_	_
delle	di/det	EP	O	_	_
città	città	SN	O	_	_
,	comma	XPW	O	_	_
borgate	borgate	VPP	O	_	_
e	e	C	O	_	_
luoghi	luogo	SP	O	_	_
industriali	industriale	AP	O	_	_
e	e	C	O	_	_
dalla	da/det	ES	O	_	_
Camera	camera	SS	O	_	_
di	di	E	O	_	_
commercio	commercio	SS	O	_	_
e	e	C	O	_	_
industria	industria	SS	O	_	_
(	open_parenthesis	XPB	O	_	_
italiano	italiano	AS	O	_	_
)	close_parenthesis	XPB	O	_	_
,	comma	XPW	O	_	_
ed	ed	C	O	_	_
uno	uno	PS	O	_	_
degli	di/det	EP	O	_	_
assessori	assessore	SP	O	_	_
eletti	eleggere	VPP	O	_	_
dai	da/det	EP	O	_	_
deputati	deputato	SP	O	_	_
della	di/det	ES	O	_	_
classe	classe	SS	O	_	_
elettorale	elettorale	AS	O	_	_
dei	di/det	EP	O	_	_
comuni	comune	SP	O	_	_
foresi	foresi	AP	O	_	_
(	open_parenthesis	XPB	O	_	_
slavo	slavo	AS	O	_	_
)	close_parenthesis	XPB	O	_	_
:	:	XPS	O	_	_
1.	1.	N	O	_	_
per	per	E	O	_	_
conchiusi	conchiusi	SP	O	_	_
sull’	su/det	ES	O	_	_
esecuzione	esecuzione	SS	O	_	_
di	di	E	O	_	_
deliberati	deliberato	SP	O	_	_
presi	prendere	VPP	O	_	_
dalla	da/det	ES	O	_	_
Dieta	dieta	SPN	O	_	_
provinciale	provinciale	AS	O	_	_
negli	in/det	EP	O	_	_
affari	affare	SP	O	_	_
specificati	specificare	VPP	O	_	_
più	più	B	O	_	_
sopra	sopra	B	O	_	_
;	semicolon	XPS	O	_	_

2.	2.	N	O	_	_
per	per	E	O	_	_
conchiusi	conchiusi	SP	O	_	_
sull’	su/det	ES	O	_	_
approvazione	approvazione	SS	O	_	_
delle	di/det	EP	O	_	_
deliberazioni	deliberazione	SP	O	_	_
prese	prendere	VPP	O	_	_
dalle	da/det	EP	O	_	_
rappresentanze	rappresentanza	SP	O	_	_
comunali	comunale	AP	O	_	_
(	open_parenthesis	XPB	O	_	_
consigli	consiglio	SP	O	_	_
comunali	comunale	AP	O	_	_
)	close_parenthesis	XPB	O	_	_
,	comma	XPW	O	_	_
le	il	RP	O	_	_
quali	quale	PP	O	_	_
secondo	secondo	E	O	_	_
le	il	RP	O	_	_
disposizioni	disposizione	SP	O	_	_
delle	di/det	EP	O	_	_
leggi	leggio	SP	O	_	_
comunali	comunale	AP	O	_	_
sottostanno	sottostare	VI	O	_	_
a	a	E	O	_	_
una	uno	RS	O	_	_
tale	tale	DS	O	_	_
approvazione	approvazione	SS	O	_	_
;	semicolon	XPS	O	_	_

3.	3.	N	O	_	_
per	per	E	O	_	_
conchiusi	conchiusi	SP	O	_	_
sull’	su/det	ES	O	_	_
impiego	impiego	SS	O	_	_
di	di	E	O	_	_
mezzi	mezzo	SP	O	_	_
provinciali	provinciale	AP	O	_	_
per	per	E	O	_	_
spese	spesa	SP	O	_	_
imprevedute	imprevedute	VPP	O	_	_
»	»	XPO	O	_	_
.	.	XPS	O	_	_

Come	come	CADV	O	_	_
si	rifl	PN	O	_	_
vede	vedere	VI	O	_	_
le	il	RP	O	_	_
garanzie	garanzia	SP	O	_	_
per	per	E	O	_	_
la	il	RS	O	_	_
minoranza	minoranza	SS	O	_	_
sono	essere	VI	O	_	_
tali	tale	AP	O	_	_
che	che	CCHE	O	_	_
per	per	E	O	_	_
poco	poco	B	O	_	_
non	non	B	O	_	_
equivalgono	equivalere	VI	O	_	_
alla	a/det	ES	O	_	_
creazione	creazione	SS	O	_	_
di	di	E	O	_	_
curie	curia	SP	O	_	_
nazionali	nazionale	AP	O	_	_
e	e	C	O	_	_
a	a	E	O	_	_
un’	uno	RS	O	_	_
autonomia	autonomia	SS	O	_	_
amministrativa	amministrativo	AS	O	_	_
.	.	XPS	O	_	_

E	e	C	O	_	_
se	se	C	O	_	_
si	rifl	PN	O	_	_
pensa	pensare	VI	O	_	_
che	che	CCHE	O	_	_
fu	essere	VI	O	_	_
il	il	RS	O	_	_
Governo	governo	SS	O	_	_
l’	il	RS	O	_	_
autore	autore	SS	O	_	_
di	di	E	O	_	_
un	uno	RS	O	_	_
tale	tale	DS	O	_	_
compromesso	compromesso	SS	O	_	_
appare	apparire	VI	O	_	_
ancora	ancora	B	O	_	_
maggiore	maggiore	AS	O	_	_
l’	il	RS	O	_	_
iniquità	iniquità	SN	O	_	_
usata	usato	AS	O	_	_
agli	a/det	EP	O	_	_
italiani	italiano	SP	O	_	_
in	in	E	O	_	_
Tirolo	tirolo	SPN	GPE	47.223193	11.5261028
,	comma	XPW	O	_	_
i	il	RP	O	_	_
quali	quale	PP	O	_	_
non	non	B	O	_	_
solo	solo	B	O	_	_
possono	potere	VI	O	_	_
venir	venir	SP	O	_	_
maggiorizzati	maggiorizzati	VPP	O	_	_
in	in	E	O	_	_
un	uno	RS	O	_	_
modo	modo	SS	O	_	_
indegno	indegno	AS	O	_	_
nella	in/det	ES	O	_	_
curia	curia	SS	O	_	_
del	di/det	ES	O	_	_
grande	grande	AS	O	_	_
possesso	possesso	SS	O	_	_
,	comma	XPW	O	_	_
ma	ma	C	O	_	_
non	non	B	O	_	_
hanno	avere	VIY	O	_	_
nemmeno	nemmeno	B	O	_	_
una	uno	RS	O	_	_
garanzia	garanzia	SS	O	_	_
giuridica	giuridico	AS	O	_	_
che	che	CCHE	O	_	_
due	due	N	O	_	_
dei	di/det	EP	O	_	_
loro	loro	PP	O	_	_
vengano	venire	VIY	O	_	_
eletti	eleggere	VPP	O	_	_
nella	in/det	ES	O	_	_
Giunta	giunta	SPN	O	_	_
.	.	XPS	O	_	_

Non	non	B	O	_	_
intendiamo	intendere	VI	O	_	_
oggi	oggi	B	O	_	_
dilungarci	dilungare/loc/pro	VF+E	O	_	_
in	in	E	O	_	_
commenti	commento	SP	O	_	_
:	:	XPS	O	_	_
parlano	parlare	VI	O	_	_
i	il	RP	O	_	_
fatti	fatto	SP	O	_	_
.	.	XPS	O	_	_

Chiederemo	chiedere	VI	O	_	_
sempre	sempre	B	O	_	_
invano	invano	B	O	_	_
che	che	CCHE	O	_	_
il	il	RS	O	_	_
Governo	governo	SS	O	_	_
il	il	RS	O	_	_
quale	quale	PS	O	_	_
sa	sapere	VI	O	_	_
trovare	trovare	VF	O	_	_
mezzi	mezzo	SP	O	_	_
di	di	E	O	_	_
costringere	costringere	VF	O	_	_
la	il	RS	O	_	_
maggioranza	maggioranza	SS	O	_	_
italiana	italiano	AS	O	_	_
a	a	E	O	_	_
tali	tale	AP	O	_	_
concessioni	concessione	SP	O	_	_
sappia	sapere	VI	O	_	_
trovare	trovare	VF	O	_	_
un	uno	RS	O	_	_
po’	po’	PN	O	_	_
di	di	E	O	_	_
coraggio	coraggio	SS	O	_	_
e	e	C	O	_	_
di	di	E	O	_	_
forza	forza	SS	O	_	_
per	per	E	O	_	_
ottenere	ottenere	VF	O	_	_
alla	a/det	ES	O	_	_
minoranza	minoranza	SS	O	_	_
il	il	RS	O	_	_
giusto	giusto	SS	O	_	_
o	o	C	O	_	_
almeno	almeno	B	O	_	_
parte	parte	SS	O	_	_
di	di	E	O	_	_
esso	esso	PS	O	_	_
laddove	laddove	B	O	_	_
l’	il	RS	O	_	_
italiana	italiano	AS	O	_	_
è	essere	VI	O	_	_
la	il	RS	O	_	_
minoranza	minoranza	SS	O	_	_
?	?	XPS	O	_	_

Comunque	comunque	C	O	_	_
sia	essere	VI	O	_	_
,	comma	XPW	O	_	_
l’	il	RS	O	_	_
idea	idea	SS	O	_	_
fa	fare	VI	O	_	_
il	il	RS	O	_	_
suo	suo	DS	O	_	_
cammino	cammino	SS	O	_	_
;	semicolon	XPS	O	_	_

dopo	dopo	E	O	_	_
la	il	RS	O	_	_
Moravia	moravia	SPN	PER	_	_
,	comma	XPW	O	_	_
e	e	C	O	_	_
in	in	E	O	_	_
parte	parte	SS	O	_	_
la	il	RS	O	_	_
Boemia	boemia	SPN	GPE	50.1272222	14.19638889
,	comma	XPW	O	_	_
l’	il	RS	O	_	_
Istria	istria	SPN	GPE	44.573155	28.71500334
.	.	XPS	O	_	_

Il	il	RS	O	_	_
Tirolo	tirolo	SPN	GPE	47.223193	11.5261028
saprà	sapere	VI	O	_	_
essere	essere	VF	O	_	_
l’	il	RS	O	_	_
ultimo	ultimo	SS	O	_	_
,	comma	XPW	O	_	_
ma	ma	C	O	_	_
dovrà	dovere	VI	O	_	_
venire	venire	VF	O	_	_
.	.	XPS	O	_	_

L’	il	RS	O	_	_
ultima	ultimo	AS	O	_	_
riforma	riforma	SS	O	_	_
,	comma	XPW	O	_	_
alla	a/det	ES	O	_	_
quale	quale	PS	O	_	_
vogliamo	volere	VI	O	_	_
accennare	accennare	VF	O	_	_
,	comma	XPW	O	_	_
è	essere	VI	O	_	_
quella	quello	PS	O	_	_
della	di/det	ES	O	_	_
Dieta	dieta	SPN	O	_	_
di	di	E	O	_	_
Trieste	trieste	SPN	GPE	45.6500335	13.7706559
.	.	XPS	O	_	_

Il	il	RS	O	_	_
progetto	progetto	SS	O	_	_
è	essere	VIY	O	_	_
presentato	presentare	VSP	O	_	_
dal	da/det	ES	O	_	_
Governo	governo	SS	O	_	_
,	comma	XPW	O	_	_
il	il	RS	O	_	_
quale	quale	PS	O	_	_
ne	ne	PN	O	_	_
respinse	respingere	VI	O	_	_
un	uno	RS	O	_	_
altro	altro	DS	O	_	_
compilato	compilato	SS	O	_	_
dalla	da/det	ES	O	_	_
Giunta	giunta	SS	O	_	_
.	.	XPS	O	_	_

Non	non	B	O	_	_
è	essere	VI	O	_	_
nostra	nostro	DS	O	_	_
intenzione	intenzione	SS	O	_	_
esaminare	esaminare	VF	O	_	_
il	il	RS	O	_	_
valore	valore	SS	O	_	_
nazionale	nazionale	AS	O	_	_
,	comma	XPW	O	_	_
o	o	C	O	_	_
la	il	RS	O	_	_
parte	parte	SS	O	_	_
contestata	contestare	VSP	O	_	_
che	che	CCHE	O	_	_
verrà	venire	VI	O	_	_
eventualmente	eventualmente	B	O	_	_
modificata	modificare	VSP	O	_	_
riguardante	riguardare	VSP	O	_	_
l’	il	RS	O	_	_
autonomia	autonomia	SS	O	_	_
della	di/det	ES	O	_	_
Dieta	dieta	SPN	O	_	_
di	di	E	O	_	_
fronte	fronte	SS	O	_	_
all’	a/det	ES	O	_	_
autorità	autorità	SN	O	_	_
governativa	governativo	AS	O	_	_
.	.	XPS	O	_	_

Ci	ci	PP	O	_	_
limitiamo	limitare	VI	O	_	_
a	a	E	O	_	_
fare	fare	VF	O	_	_
delle	di/det	EP	O	_	_
osservazioni	osservazione	SP	O	_	_
che	che	CCHE	O	_	_
possono	potere	VI	O	_	_
avere	avere	VF	O	_	_
un	uno	RS	O	_	_
valore	valore	SS	O	_	_
generale	generale	AS	O	_	_
e	e	C	O	_	_
pratico	pratico	AS	O	_	_
anche	anche	C	O	_	_
per	per	E	O	_	_
noi	noi	PP	O	_	_
.	.	XPS	O	_	_

«	«	XPO	O	_	_
Il	il	RS	O	_	_
nuovo	nuovo	AS	O	_	_
Consiglio	consiglio	SS	O	_	_
sarà	essere	VIY	O	_	_
composto	comporre	VSP	O	_	_
di	di	E	O	_	_
83	83	N	O	_	_
membri	membro	SP	O	_	_
eletti	eleggere	VPP	O	_	_
per	per	E	O	_	_
3	3	N	O	_	_
anni	anno	SP	O	_	_
;	semicolon	XPS	O	_	_

nella	in/det	ES	O	_	_
città	città	SN	O	_	_
da	da	E	O	_	_
quattro	quattro	N	O	_	_
corpi	corpo	SP	O	_	_
distribuiti	distribuire	VPP	O	_	_
in	in	E	O	_	_
sei	sei	N	O	_	_
distretti	distretto	SP	O	_	_
elettorali	elettorale	AP	O	_	_
;	semicolon	XPS	O	_	_

in	in	E	O	_	_
territorio	territorio	SS	O	_	_
da	da	E	O	_	_
due	due	N	O	_	_
corpi	corpo	SP	O	_	_
distribuiti	distribuire	VPP	O	_	_
in	in	E	O	_	_
tre	tre	N	O	_	_
distretti	distretto	SP	O	_	_
elettorali	elettorale	AP	O	_	_
.	.	XPS	O	_	_

I	il	RP	O	_	_
quattro	quattro	N	O	_	_
corpi	corpo	SP	O	_	_
elettorali	elettorale	AP	O	_	_
di	di	E	O	_	_
città	città	SN	O	_	_
eleggono	eleggere	VI	O	_	_
ciascuno	ciascuno	PS	O	_	_
17	17	N	O	_	_
,	comma	XPW	O	_	_
il	il	RS	O	_	_
primo	primo	AS	O	_	_
corpo	corpo	SS	O	_	_
elettorale	elettorale	AS	O	_	_
del	di/det	ES	O	_	_
territorio	territorio	SS	O	_	_
elegge	eleggere	VI	O	_	_
9	9	N	O	_	_
e	e	C	O	_	_
il	il	RS	O	_	_
secondo	secondo	AS	O	_	_
corpo	corpo	SS	O	_	_
6	6	N	O	_	_
membri	membro	SP	O	_	_
del	di/det	ES	O	_	_
consiglio	consiglio	SS	O	_	_
comunale	comunale	AS	O	_	_
.	.	XPS	O	_	_

Il	il	RS	O	_	_
numero	numero	SS	O	_	_
dei	di/det	EP	O	_	_
consiglieri	consigliere	SP	O	_	_
da	da	E	O	_	_
eleggersi	eleggere/rifl	VF+E	O	_	_
in	in	E	O	_	_
ogni	ogni	DS	O	_	_
distretto	distretto	SS	O	_	_
elettorale	elettorale	AS	O	_	_
dai	da/det	EP	O	_	_
singoli	singolo	AP	O	_	_
corpi	corpo	SP	O	_	_
elettorali	elettorale	AP	O	_	_
verrà	venire	VIY	O	_	_
stabilito	stabilire	VSP	O	_	_
a	a	E	O	_	_
seconda	seconda	SS	O	_	_
della	di/det	ES	O	_	_
proporzione	proporzione	SS	O	_	_
tra	tra	E	O	_	_
il	il	RS	O	_	_
numero	numero	SS	O	_	_
degli	di/det	EP	O	_	_
elettori	elettore	SP	O	_	_
di	di	E	O	_	_
ciascuno	ciascuno	PS	O	_	_
di	di	E	O	_	_
questi	questo	DP	O	_	_
corpi	corpo	SP	O	_	_
elettorali	elettorale	AP	O	_	_
nei	in/det	EP	O	_	_
singoli	singolo	AP	O	_	_
distretti	distretto	SP	O	_	_
e	e	C	O	_	_
il	il	RS	O	_	_
numero	numero	SS	O	_	_
complessivo	complessivo	AS	O	_	_
degli	di/det	EP	O	_	_
elettori	elettore	SP	O	_	_
nell’	in/det	ES	O	_	_
intero	intero	AS	O	_	_
questo	questo	DS	O	_	_
corpo	corpo	SS	O	_	_
elettorale	elettorale	AS	O	_	_
;	semicolon	XPS	O	_	_

ad	ad	E	O	_	_
ogni	ogni	DS	O	_	_
distretto	distretto	SS	O	_	_
elettorale	elettorale	AS	O	_	_
sarà	essere	VI	O	_	_
da	da	E	O	_	_
assegnarsi	assegnare/rifl	VF+E	O	_	_
in	in	E	O	_	_
ogni	ogni	DS	O	_	_
distretto	distretto	SS	O	_	_
per	per	E	O	_	_
lo	il	RS	O	_	_
meno	meno	B	O	_	_
un	uno	RS	O	_	_
mandato	mandato	SS	O	_	_
»	»	XPO	O	_	_
.	.	XPS	O	_	_

Nei	in/det	EP	O	_	_
distretti	distretto	SP	O	_	_
della	di/det	ES	O	_	_
città	città	SN	O	_	_
hanno	avere	VIY	O	_	_
diritto	diritto	VSP	O	_	_
di	di	E	O	_	_
voto	voto	SS	O	_	_
nel	in/det	ES	O	_	_
I	il	RP	O	_	_
,	comma	XPW	O	_	_
II	ii	N	O	_	_
e	e	C	O	_	_
III	iii	N	O	_	_
corpo	corpo	SS	O	_	_
i	il	RP	O	_	_
cittadini	cittadino	SP	O	_	_
che	che	CCHE	O	_	_
pagano	pagare	VI	O	_	_
una	uno	RS	O	_	_
data	data	SS	O	_	_
imposta	imposto	AS	O	_	_
,	comma	XPW	O	_	_
la	il	RS	O	_	_
cui	cui	PN	O	_	_
gradazione	gradazione	SS	O	_	_
va	andare	VI	O	_	_
nel	in/det	ES	O	_	_
progetto	progetto	SS	O	_	_
da	da	E	O	_	_
400	400	N	O	_	_
corone	corone	SS	O	_	_
d’	di	E	O	_	_
imposta	imposta	SS	O	_	_
rendita	rendita	AS	O	_	_
o	o	C	O	_	_
200	200	N	O	_	_
corone	corone	SS	O	_	_
per	per	E	O	_	_
imposte	imposta	SP	O	_	_
reali	reale	AP	O	_	_
dirette	diretto	AP	O	_	_
(	open_parenthesis	XPB	O	_	_
I	il	RP	O	_	_
corpo	corpo	SP	O	_	_
)	close_parenthesis	XPB	O	_	_
fino	fino	E	O	_	_
a	a	E	O	_	_
20	20	N	O	_	_
cor	cor	SP	O	_	_
.	.	XPS	O	_	_

imposta	imposta	SS	O	_	_
rendita	rendita	AS	O	_	_
o	o	C	O	_	_
10	10	N	O	_	_
cor	cor	SP	O	_	_
.	.	XPS	O	_	_

per	per	E	O	_	_
imposte	imposta	SP	O	_	_
reali	reale	AP	O	_	_
(	open_parenthesis	XPB	O	_	_
III	iii	N	O	_	_
corpo	corpo	SS	O	_	_
)	close_parenthesis	XPB	O	_	_
.	.	XPS	O	_	_

La	il	RS	O	_	_
cosiddetta	cosiddetto	AS	O	_	_
intelligenza	intelligenza	SS	O	_	_
vota	votare	VI	O	_	_
nel	in/det	ES	O	_	_
secondo	secondo	AS	O	_	_
corpo	corpo	SS	O	_	_
.	.	XPS	O	_	_

Nel	in/det	ES	O	_	_
quarto	quarto	AS	O	_	_
corpo	corpo	SS	O	_	_
hanno	avere	VIY	O	_	_
diritto	diritto	VSP	O	_	_
di	di	E	O	_	_
voto	voto	SS	O	_	_
tutti	tutto	DP	O	_	_
i	il	RP	O	_	_
cittadini	cittadino	SP	O	_	_
austriaci	austriaci	AP	O	_	_
i	il	RP	O	_	_
quali	quale	PP	O	_	_
,	comma	XPW	O	_	_
al	a/det	ES	O	_	_
giorno	giorno	SS	O	_	_
d’	di	E	O	_	_
indicazione	indicazione	SS	O	_	_
delle	di/det	EP	O	_	_
elezioni	elezione	SP	O	_	_
,	comma	XPW	O	_	_
dimorino	dimorare	VI	O	_	_
almeno	almeno	B	O	_	_
da	da	E	O	_	_
tre	tre	N	O	_	_
anni	anno	SP	O	_	_
a	a	E	O	_	_
Trieste	trieste	SPN	GPE	45.6500335	13.7706559
,	comma	XPW	O	_	_
che	che	CCHE	O	_	_
abbiano	avere	VIY	O	_	_
oltrepassato	oltrepassare	VSP	O	_	_
il	il	RS	O	_	_
24	24	N	O	_	_
.	.	XPS	O	_	_

o	o	C	O	_	_
anno	anno	SS	O	_	_
di	di	E	O	_	_
età	età	SN	O	_	_
e	e	C	O	_	_
non	non	B	O	_	_
abbiano	avere	VIY	O	_	_
diritto	diritto	VSP	O	_	_
di	di	E	O	_	_
voto	voto	SS	O	_	_
negli	in/det	EP	O	_	_
altri	altro	DP	O	_	_
tre	tre	N	O	_	_
corpi	corpo	SP	O	_	_
.	.	XPS	O	_	_

Questo	questo	PS	O	_	_
per	per	E	O	_	_
la	il	RS	O	_	_
città	città	SN	O	_	_
.	.	XPS	O	_	_

Nel	in/det	ES	O	_	_
territorio	territorio	SS	O	_	_
invece	invece	B	O	_	_
,	comma	XPW	O	_	_
ove	ove	B	O	_	_
dominano	dominare	VI	O	_	_
gli	il	RP	O	_	_
slavi	slavo	SP	O	_	_
non	non	B	O	_	_
vi	vi	B	O	_	_
sono	essere	VI	O	_	_
che	che	CCHE	O	_	_
due	due	N	O	_	_
corpi	corpo	SP	O	_	_
,	comma	XPW	O	_	_
il	il	RS	O	_	_
primo	primo	SS	O	_	_
dei	di/det	EP	O	_	_
quali	quale	DP	O	_	_
corrisponde	corrispondere	VI	O	_	_
ai	a/det	EP	O	_	_
3	3	N	O	_	_
primi	primo	SP	O	_	_
della	di/det	ES	O	_	_
città	città	SN	O	_	_
,	comma	XPW	O	_	_
il	il	RS	O	_	_
secondo	secondo	SS	O	_	_
è	essere	VI	O	_	_
quello	quello	PS	O	_	_
del	di/det	ES	O	_	_
suffragio	suffragio	SS	O	_	_
universale	universale	AS	O	_	_
per	per	E	O	_	_
chi	chi	CCHI	O	_	_
non	non	B	O	_	_
ha	avere	VIY	O	_	_
votato	votare	VSP	O	_	_
nel	in/det	ES	O	_	_
primo	primo	SS	O	_	_
.	.	XPS	O	_	_

Sono	essere	VIY	O	_	_
abolite	abolire	VPP	O	_	_
le	il	RP	O	_	_
procure	procura	SP	O	_	_
.	.	XPS	O	_	_

Il	il	RS	O	_	_
progetto	progetto	SS	O	_	_
inoltre	inoltre	C	O	_	_
introduce	introdurre	VI	O	_	_
l’	il	RS	O	_	_
obbligatorietà	obbligatorietà	SN	O	_	_
del	di/det	ES	O	_	_
voto	voto	SS	O	_	_
,	comma	XPW	O	_	_
pena	penare	VI	O	_	_
una	uno	RS	O	_	_
multa	multa	SS	O	_	_
da	da	E	O	_	_
1	1	N	O	_	_
a	a	E	O	_	_
50	50	N	O	_	_
corone	corone	SS	O	_	_
.	.	XPS	O	_	_

Però	però	C	O	_	_
,	comma	XPW	O	_	_
malattie	malattia	SP	O	_	_
,	comma	XPW	O	_	_
obblighi	obbligo	SP	O	_	_
d’	di	E	O	_	_
ufficio	ufficio	SS	O	_	_
,	comma	XPW	O	_	_
assenze	assenza	SP	O	_	_
ed	ed	C	O	_	_
altre	altro	DP	O	_	_
impellenti	impellente	AP	O	_	_
circostanze	circostanza	SP	O	_	_
giustificano	giustificare	VI	O	_	_
l’	il	RS	O	_	_
assenza	assenza	SS	O	_	_
dalle	da/det	EP	O	_	_
urne	urna	SP	O	_	_
.	.	XPS	O	_	_

Notevole	notevole	AS	O	_	_
è	essere	VI	O	_	_
qui	qui	B	O	_	_
,	comma	XPW	O	_	_
astraendo	astrare	VG	O	_	_
dalla	da/det	ES	O	_	_
configurazione	configurazione	SS	O	_	_
nazionale	nazionale	AS	O	_	_
,	comma	XPW	O	_	_
la	il	RS	O	_	_
divisione	divisione	SS	O	_	_
dei	di/det	EP	O	_	_
corpi	corpo	SP	O	_	_
in	in	E	O	_	_
distretti	distretto	SP	O	_	_
,	comma	XPW	O	_	_
abolendo	abolire	VG	O	_	_
lo	il	RS	O	_	_
scrutinio	scrutinio	SS	O	_	_
totale	totale	AS	O	_	_
di	di	E	O	_	_
lista	lista	SS	O	_	_
,	comma	XPW	O	_	_
la	il	RS	O	_	_
curia	curia	SS	O	_	_
generale	generale	AS	O	_	_
riservata	riservare	VSP	O	_	_
a	a	E	O	_	_
quelli	quello	PP	O	_	_
che	che	CCHE	O	_	_
non	non	B	O	_	_
hanno	avere	VIY	O	_	_
votato	votare	VSP	O	_	_
nelle	in/det	EP	O	_	_
altre	altro	DP	O	_	_
curie	curia	SP	O	_	_
(	open_parenthesis	XPB	O	_	_
il	il	RS	O	_	_
rovescio	rovescio	SS	O	_	_
di	di	E	O	_	_
quello	quello	PS	O	_	_
che	che	CCHE	O	_	_
si	rifl	PN	O	_	_
propone	proporre	VI	O	_	_
in	in	E	O	_	_
Istria	istria	SPN	GPE	44.573155	28.71500334
)	close_parenthesis	XPB	O	_	_
;	semicolon	XPS	O	_	_

il	il	RS	O	_	_
domicilio	domicilio	SS	O	_	_
di	di	E	O	_	_
tre	tre	N	O	_	_
anni	anno	SP	O	_	_
,	comma	XPW	O	_	_
quale	quale	PS	O	_	_
premessa	premessa	SS	O	_	_
per	per	E	O	_	_
il	il	RS	O	_	_
diritto	diritto	SS	O	_	_
di	di	E	O	_	_
voto	voto	SS	O	_	_
nella	in/det	ES	O	_	_
curia	curia	SS	O	_	_
generale	generale	AS	O	_	_
;	semicolon	XPS	O	_	_

infine	infine	B	O	_	_
l’	il	RS	O	_	_
introduzione	introduzione	SS	O	_	_
della	di/det	ES	O	_	_
obbligatorietà	obbligatorietà	SN	O	_	_
del	di/det	ES	O	_	_
voto	voto	SS	O	_	_
.	.	XPS	O	_	_

Importante	importante	AS	O	_	_
è	essere	VI	O	_	_
anche	anche	C	O	_	_
un’	uno	RS	O	_	_
altra	altro	DS	O	_	_
innovazione	innovazione	SS	O	_	_
:	:	XPS	O	_	_
La	il	RS	O	_	_
Delegazione	delegazione	SS	O	_	_
(	open_parenthesis	XPB	O	_	_
Giunta	giunta	SPN	O	_	_
)	close_parenthesis	XPB	O	_	_
composta	composta	SS	O	_	_
del	di/det	ES	O	_	_
podestà	podestà	SN	O	_	_
,	comma	XPW	O	_	_
di	di	E	O	_	_
due	due	N	O	_	_
vicepresidenti	vicepresidente	SP	O	_	_
e	e	C	O	_	_
di	di	E	O	_	_
16	16	N	O	_	_
membri	membro	SP	O	_	_
non	non	B	O	_	_
viene	venire	VI	O	_	_
più	più	B	O	_	_
eletta	eletto	AS	O	_	_
dal	da/det	ES	O	_	_
pleno	pleno	SS	O	_	_
,	comma	XPW	O	_	_
ma	ma	C	O	_	_
l’	il	RS	O	_	_
organizzazione	organizzazione	SS	O	_	_
dei	di/det	EP	O	_	_
consiglieri	consigliere	SP	O	_	_
segue	seguire	VI	O	_	_
in	in	E	O	_	_
modo	modo	SS	O	_	_
che	che	CCHE	O	_	_
prima	primo	AS	O	_	_
i	il	RP	O	_	_
membri	membro	SP	O	_	_
del	di/det	ES	O	_	_
consiglio	consiglio	SS	O	_	_
eletti	eleggere	VPP	O	_	_
da	da	E	O	_	_
ognuno	ognuno	PS	O	_	_
dei	di/det	EP	O	_	_
quattro	quattro	N	O	_	_
corpi	corpo	SP	O	_	_
elettorali	elettorale	AP	O	_	_
cittadini	cittadino	SP	O	_	_
,	comma	XPW	O	_	_
rispettivamente	rispettivamente	B	O	_	_
da	da	E	O	_	_
ognuno	ognuno	PS	O	_	_
dei	di/det	EP	O	_	_
due	due	N	O	_	_
corpi	corpo	SP	O	_	_
elettorali	elettorale	AP	O	_	_
del	di/det	ES	O	_	_
territorio	territorio	SS	O	_	_
eleggeranno	eleggere	VI	O	_	_
un	uno	RS	O	_	_
membro	membro	SS	O	_	_
della	di/det	ES	O	_	_
Giunta	giunta	SS	O	_	_
municipale	municipale	AS	O	_	_
per	per	E	O	_	_
ogni	ogni	DS	O	_	_
corpo	corpo	SS	O	_	_
,	comma	XPW	O	_	_
dopo	dopo	E	O	_	_
di	di	E	O	_	_
che	che	CCHE	O	_	_
l’	il	RS	O	_	_
intero	intero	AS	O	_	_
consiglio	consiglio	SS	O	_	_
comunale	comunale	AS	O	_	_
procederà	procedere	VI	O	_	_
all’	a/det	ES	O	_	_
elezione	elezione	SS	O	_	_
dei	di/det	EP	O	_	_
rimanenti	rimanente	SP	O	_	_
nove	nove	N	O	_	_
membri	membro	SP	O	_	_
.	.	XPS	O	_	_

Tutte	tutto	DP	O	_	_
queste	questo	DP	O	_	_
elezioni	elezione	SP	O	_	_
seguiranno	seguire	VI	O	_	_
con	con	E	O	_	_
maggioranza	maggioranza	SS	O	_	_
assoluta	assoluto	AS	O	_	_
dei	di/det	EP	O	_	_
votanti	votante	SP	O	_	_
.	.	XPS	O	_	_

Per	per	E	O	_	_
la	il	RS	O	_	_
validità	validità	SN	O	_	_
di	di	E	O	_	_
un	uno	RS	O	_	_
conchiuso	conchiuso	SS	O	_	_
della	di/det	ES	O	_	_
Giunta	giunta	SS	O	_	_
municipale	municipale	AS	O	_	_
richiedesi	richiedesi	VI	O	_	_
la	il	RS	O	_	_
presenza	presenza	SS	O	_	_
di	di	E	O	_	_
almeno	almeno	B	O	_	_
10	10	N	O	_	_
membri	membro	SP	O	_	_
,	comma	XPW	O	_	_
non	non	B	O	_	_
compreso	comprendere	VSP	O	_	_
chi	chi	CCHI	O	_	_
presiede	presiedere	VI	O	_	_
.	.	XPS	O	_	_

Anche	anche	C	O	_	_
qui	qui	B	O	_	_
dunque	dunque	C	O	_	_
domina	dominare	VI	O	_	_
il	il	RS	O	_	_
principio	principio	SS	O	_	_
di	di	E	O	_	_
creare	creare	VF	O	_	_
garanzie	garanzia	SP	O	_	_
per	per	E	O	_	_
le	il	RP	O	_	_
minoranze	minoranza	SP	O	_	_
,	comma	XPW	O	_	_
sulla	su/det	ES	O	_	_
cui	cui	PN	O	_	_
misura	misura	SS	O	_	_
non	non	B	O	_	_
facciamo	fare	VI	O	_	_
commenti	commento	SP	O	_	_
,	comma	XPW	O	_	_
richiamandoci	richiamare/loc/pro	VG+E	O	_	_
per	per	E	O	_	_
la	il	RS	O	_	_
cosa	cosa	SS	O	_	_
stessa	stesso	DS	O	_	_
a	a	E	O	_	_
quanto	quanto	QNS	O	_	_
abbiamo	avere	VIY	O	_	_
detto	dire	VSP	O	_	_
sopra	sopra	B	O	_	_
.	.	XPS	O	_	_

Molto	molto	B	O	_	_
significante	significante	B	O	_	_
è	essere	VI	O	_	_
la	il	RS	O	_	_
posizione	posizione	SS	O	_	_
dei	di/det	EP	O	_	_
socialisti	socialista	SP	O	_	_
di	di	E	O	_	_
fronte	fronte	SS	O	_	_
alla	a/det	ES	O	_	_
riforma	riforma	SS	O	_	_
.	.	XPS	O	_	_

Il	il	RS	O	_	_
Piccolo	piccolo	SPN	O	_	_
dichiara	dichiarare	VI	O	_	_
tale	tale	DS	O	_	_
progetto	progetto	SS	O	_	_
inaccettabile	inaccettabile	AS	O	_	_
per	per	E	O	_	_
il	il	RS	O	_	_
partito	partito	SS	O	_	_
nazionale	nazionale	AS	O	_	_
liberale	liberale	AS	O	_	_
.	.	XPS	O	_	_

«	«	XPO	O	_	_
Non	non	B	O	_	_
si	rifl	PN	O	_	_
può	potere	VI	O	_	_
pretendere	pretendere	VF	O	_	_
che	che	CCHE	O	_	_
il	il	RS	O	_	_
partito	partito	SS	O	_	_
nazionale-liberale	nazionale-liberale	AS	O	_	_
faccia	fare	VI	O	_	_
con	con	E	O	_	_
le	il	RP	O	_	_
sue	suo	DP	O	_	_
mani	mano	SP	O	_	_
una	uno	RS	O	_	_
legge	legge	SS	O	_	_
la	il	RS	O	_	_
quale	quale	PS	O	_	_
favorisce	favorire	VI	O	_	_
,	comma	XPW	O	_	_
oltre	oltre	E	O	_	_
al	a/det	ES	O	_	_
lecito	lecito	SS	O	_	_
,	comma	XPW	O	_	_
e	e	C	O	_	_
governo	governo	SS	O	_	_
e	e	C	O	_	_
slavi	slavo	AP	O	_	_
e	e	C	O	_	_
socialisti	socialista	AP	O	_	_
e	e	C	O	_	_
magari	magari	B	O	_	_
cristiano-sociali	cristiano-sociali	AP	O	_	_
e	e	C	O	_	_
invece	invece	B	O	_	_
,	comma	XPW	O	_	_
ma	ma	C	O	_	_
anzi	anzi	C	O	_	_
danneggi	danneggi	SP	O	_	_
,	comma	XPW	O	_	_
contro	contro	E	O	_	_
a	a	E	O	_	_
ogni	ogni	DS	O	_	_
equità	equità	SN	O	_	_
,	comma	XPW	O	_	_
il	il	RS	O	_	_
partito	partito	SS	O	_	_
che	che	CCHE	O	_	_
la	il	RS	O	_	_
crea	crea	SS	O	_	_
.	.	XPS	O	_	_

Il	il	RS	O	_	_
suicidio	suicidio	SS	O	_	_
non	non	B	O	_	_
può	potere	VI	O	_	_
essere	essere	VFY	O	_	_
chiesto	chiedere	VSP	O	_	_
ad	ad	E	O	_	_
alcuno	alcuno	PS	O	_	_
,	comma	XPW	O	_	_
tantomeno	tantomeno	B	O	_	_
ad	ad	E	O	_	_
un	uno	RS	O	_	_
partito	partito	SS	O	_	_
che	che	CCHE	O	_	_
,	comma	XPW	O	_	_
come	come	CADV	O	_	_
il	il	RS	O	_	_
liberale-nazionale	liberale-nazionale	SS	O	_	_
a	a	E	O	_	_
Trieste	trieste	SPN	GPE	45.6500335	13.7706559
,	comma	XPW	O	_	_
difende	difendere	VI	O	_	_
e	e	C	O	_	_
propugna	propugnare	VI	O	_	_
qualche	qualche	DS	O	_	_
cosa	cosa	SS	O	_	_
di	di	E	O	_	_
più	più	B	O	_	_
che	che	CCHE	O	_	_
un	uno	RS	O	_	_
programma	programma	SS	O	_	_
o	o	C	O	_	_
una	uno	RS	O	_	_
formula	formula	SS	O	_	_
»	»	XPO	O	_	_
(	open_parenthesis	XPB	O	_	_
n.	n.	YA	O	_	_
9556	9556	N	O	_	_
)	close_parenthesis	XPB	O	_	_
.	.	XPS	O	_	_

La	il	RS	O	_	_
Dieta	dieta	SPN	O	_	_
,	comma	XPW	O	_	_
dice	dire	VI	O	_	_
il	il	RS	O	_	_
Piccolo	piccolo	SPN	O	_	_
,	comma	XPW	O	_	_
vuole	volere	VI	O	_	_
tempo	tempo	SS	O	_	_
per	per	E	O	_	_
studiare	studiare	VF	O	_	_
il	il	RS	O	_	_
progetto	progetto	SS	O	_	_
.	.	XPS	O	_	_

«	«	XPO	O	_	_
Il	il	RS	O	_	_
quale	quale	PS	O	_	_
racchiude	racchiudere	VI	O	_	_
molti	molto	DP	O	_	_
punti	punto	SP	O	_	_
che	che	CCHE	O	_	_
esigono	esigere	VI	O	_	_
riparo	riparo	SS	O	_	_
:	:	XPS	O	_	_
dalla	da/det	ES	O	_	_
proporzione	proporzione	SS	O	_	_
dei	di/det	EP	O	_	_
mandati	mandato	SP	O	_	_
fra	fra	E	O	_	_
città	città	SN	O	_	_
allargata	allargare	VSP	O	_	_
e	e	C	O	_	_
territorio	territorio	SS	O	_	_
ristretto	ristringere	VSP	O	_	_
alla	a/det	ES	O	_	_
ingerenza	ingerenza	SS	O	_	_
governativa	governativo	AS	O	_	_
nella	in/det	ES	O	_	_
procedura	procedura	SS	O	_	_
elettorale	elettorale	AS	O	_	_
,	comma	XPW	O	_	_
dalla	da/det	ES	O	_	_
distrettuazione	distrettuazione	SS	O	_	_
elettorale	elettorale	AS	O	_	_
alla	a/det	ES	O	_	_
soppressione	soppressione	SS	O	_	_
di	di	E	O	_	_
alcuni	alcuni	DP	O	_	_
titoli	titolo	SP	O	_	_
elettorali	elettorale	AP	O	_	_
con	con	E	O	_	_
danno	danno	SS	O	_	_
specie	specie	B	O	_	_
della	di/det	ES	O	_	_
rappresentanza	rappresentanza	SS	O	_	_
vera	vero	AS	O	_	_
e	e	C	O	_	_
propria	propria	AS	O	_	_
dei	di/det	EP	O	_	_
commerci	commercio	SP	O	_	_
,	comma	XPW	O	_	_
dal	da/det	ES	O	_	_
voto	voto	SS	O	_	_
obbligatorio	obbligatorio	AS	O	_	_
alla	a/det	ES	O	_	_
verifica	verifica	SS	O	_	_
dei	di/det	EP	O	_	_
mandati	mandato	SP	O	_	_
»	»	XPO	O	_	_
(	open_parenthesis	XPB	O	_	_
ibidem	ibidem	SS	O	_	_
)	close_parenthesis	XPB	O	_	_
.	.	XPS	O	_	_

Viceversa	viceversa	B	O	_	_
i	il	RP	O	_	_
socialisti	socialista	SP	O	_	_
prendono	prendere	VI	O	_	_
una	uno	RS	O	_	_
posizione	posizione	SS	O	_	_
più	più	B	O	_	_
favorevole	favorevole	AS	O	_	_
.	.	XPS	O	_	_

Il	il	RS	O	_	_
Lavoratore	lavoratore	SS	O	_	_
(	open_parenthesis	XPB	O	_	_
n.	n.	YA	O	_	_
163	163	N	O	_	_
)	close_parenthesis	XPB	O	_	_
afferma	affermare	VI	O	_	_
che	che	CCHE	O	_	_
è	essere	VI	O	_	_
«	«	XPO	O	_	_
proprio	proprio	B	O	_	_
l’	il	RS	O	_	_
assolutismo	assolutismo	SS	O	_	_
quello	quello	PS	O	_	_
che	che	CCHE	O	_	_
da	da	E	O	_	_
un	uno	RS	O	_	_
decennio	decennio	SS	O	_	_
o	o	C	O	_	_
più	più	B	O	_	_
regge	reggere	VI	O	_	_
il	il	RS	O	_	_
comune	comune	SS	O	_	_
di	di	E	O	_	_
Trieste	trieste	SPN	GPE	45.6500335	13.7706559
.	.	XPS	O	_	_

E	e	C	O	_	_
nemmeno	nemmeno	B	O	_	_
l’	il	RS	O	_	_
assolutismo	assolutismo	SS	O	_	_
illuminato	illuminato	AS	O	_	_
.	.	XPS	O	_	_

Un	uno	RS	O	_	_
partito	partito	SS	O	_	_
che	che	CCHE	O	_	_
è	essere	VI	O	_	_
un’	uno	RS	O	_	_
esigua	esiguo	AS	O	_	_
minoranza	minoranza	SS	O	_	_
nella	in/det	ES	O	_	_
città	città	SN	O	_	_
costituisce	costituire	VI	O	_	_
l’	il	RS	O	_	_
intera	intero	AS	O	_	_
rappresentanza	rappresentanza	SS	O	_	_
cittadina	cittadino	AS	O	_	_
,	comma	XPW	O	_	_
senza	senza	E	O	_	_
alcun	alcuno	DS	O	_	_
controllo	controllo	SS	O	_	_
di	di	E	O	_	_
minoranze	minoranza	SP	O	_	_
,	comma	XPW	O	_	_
ché	ché	YF	O	_	_
controllo	controllo	SS	O	_	_
amministrativo	amministrativo	AS	O	_	_
non	non	B	O	_	_
può	potere	VI	O	_	_
chiamarsi	chiamare/rifl	VF+E	O	_	_
quello	quello	PS	O	_	_
dei	di/det	EP	O	_	_
sei	sei	N	O	_	_
consiglieri	consigliere	SP	O	_	_
sloveni	sloveno	AP	O	_	_
cristallizzati	cristallizzare	VPP	O	_	_
in	in	E	O	_	_
una	uno	RS	O	_	_
sterile	sterile	AS	O	_	_
opposizione	opposizione	SS	O	_	_
nazionalista	nazionalista	AS	O	_	_
.	.	XPS	O	_	_

Il	il	RS	O	_	_
sangue	sangue	SS	O	_	_
non	non	B	O	_	_
circola	circolare	VI	O	_	_
più	più	B	O	_	_
nell’	in/det	ES	O	_	_
organismo	organismo	SS	O	_	_
della	di/det	ES	O	_	_
vita	vita	SS	O	_	_
cittadina	cittadino	AS	O	_	_
e	e	C	O	_	_
l’	il	RS	O	_	_
arresto	arresto	SS	O	_	_
produce	produrre	VI	O	_	_
i	il	RP	O	_	_
consueti	consueto	AP	O	_	_
fenomeni	fenomeno	SP	O	_	_
fisiologici	fisiologico	AP	O	_	_
:	:	XPS	O	_	_
il	il	RS	O	_	_
marasma	marasma	SS	O	_	_
o	o	C	O	_	_
la	il	RS	O	_	_
paralisi	paralisi	SN	O	_	_
in	in	E	O	_	_
tutti	tutto	DP	O	_	_
i	il	RP	O	_	_
campi	campo	SP	O	_	_
della	di/det	ES	O	_	_
vita	vita	SS	O	_	_
pubblica	pubblico	AS	O	_	_
.	.	XPS	O	_	_

Tutto	tutto	PS	O	_	_
intristisce	intristire	VI	O	_	_
e	e	C	O	_	_
degenera	degenera	AS	O	_	_
:	:	XPS	O	_	_
il	il	RS	O	_	_
programma	programma	SS	O	_	_
economico	economico	AS	O	_	_
dell’	di/det	ES	O	_	_
amministrazione	amministrazione	SS	O	_	_
civica	civico	AS	O	_	_
è	essere	VI	O	_	_
una	uno	RS	O	_	_
vuota	vuoto	AS	O	_	_
turlupinatura	turlupinatura	SS	O	_	_
di	di	E	O	_	_
frasi	frase	SP	O	_	_
;	semicolon	XPS	O	_	_

lo	il	RS	O	_	_
stesso	stesso	DS	O	_	_
programma	programma	SS	O	_	_
nazionale	nazionale	AS	O	_	_
(	open_parenthesis	XPB	O	_	_
che	che	CCHE	O	_	_
dovrebbe	dovere	VI	O	_	_
costituire	costituire	VF	O	_	_
la	il	RS	O	_	_
ragione	ragione	SS	O	_	_
d’	di	E	O	_	_
essere	essere	VF	O	_	_
del	di/det	ES	O	_	_
partito	partito	SS	O	_	_
dominante	dominante	B	O	_	_
e	e	C	O	_	_
la	il	RS	O	_	_
giustificazione	giustificazione	SS	O	_	_
delle	di/det	EP	O	_	_
sue	suo	DP	O	_	_
prepotenze	prepotenza	SP	O	_	_
)	close_parenthesis	XPB	O	_	_
lo	lo	PS	O	_	_
stesso	stesso	DS	O	_	_
programma	programma	SS	O	_	_
nazionale	nazionale	AS	O	_	_
ferisce	ferire	VI	O	_	_
profondamente	profondamente	B	O	_	_
(	open_parenthesis	XPB	O	_	_
e	e	C	O	_	_
ci	ci	B	O	_	_
sarà	essere	VI	O	_	_
facile	facile	AS	O	_	_
dimostrarlo	dimostrare/pro	VF+E	O	_	_
)	close_parenthesis	XPB	O	_	_
gli	il	RP	O	_	_
interessi	interesse	SP	O	_	_
nazionali	nazionale	AP	O	_	_
della	di/det	ES	O	_	_
città	città	SN	O	_	_
.	.	XPS	O	_	_

Quale	quale	PS	O	_	_
fu	essere	VI	O	_	_
il	il	RS	O	_	_
nostro	nostro	DS	O	_	_
atteggiamento	atteggiamento	SS	O	_	_
di	di	E	O	_	_
fronte	fronte	SS	O	_	_
ad	ad	E	O	_	_
un	uno	RS	O	_	_
simile	simile	AS	O	_	_
stato	stato	SS	O	_	_
di	di	E	O	_	_
cose	cosa	SP	O	_	_
?	?	XPS	O	_	_

Abbiamo	avere	VIY	O	_	_
chiesto	chiedere	VSP	O	_	_
allo	a/det	ES	O	_	_
stato	stato	SS	O	_	_
il	il	RS	O	_	_
suffragio	suffragio	SS	O	_	_
universale	universale	AS	O	_	_
ed	ed	C	O	_	_
eguale	eguale	AS	O	_	_
;	semicolon	XPS	O	_	_

lo	il	RS	O	_	_
Stato	stato	SS	O	_	_
,	comma	XPW	O	_	_
dando	dare	VG	O	_	_
un	uno	RS	O	_	_
calcio	calcio	SS	O	_	_
al	a/det	ES	O	_	_
senso	senso	SS	O	_	_
comune	comune	SS	O	_	_
,	comma	XPW	O	_	_
ci	ci	PP	O	_	_
ha	avere	VIY	O	_	_
risposto	rispondere	VSP	O	_	_
:	:	XPS	O	_	_
per	per	E	O	_	_
la	il	RS	O	_	_
Camera	camera	SPN	O	_	_
sì	sì	B	O	_	_
,	comma	XPW	O	_	_
per	per	E	O	_	_
le	il	RP	O	_	_
Diete	diete	SPN	O	_	_
e	e	C	O	_	_
i	il	RP	O	_	_
Consigli	consiglio	SP	O	_	_
no.	no.	YA	O	_	_
Noi	noi	PP	O	_	_
non	non	B	O	_	_
abbiamo	avere	VIY	O	_	_
insistito	insistere	VSP	O	_	_
e	e	C	O	_	_
non	non	B	O	_	_
insistiamo	insistere	VI	O	_	_
.	.	XPS	O	_	_

Saremmo	essere	VI	O	_	_
troppo	troppo	B	O	_	_
ingenui	ingenuo	AP	O	_	_
a	a	E	O	_	_
sprecare	sprecare	VF	O	_	_
le	il	RP	O	_	_
nostre	nostro	DP	O	_	_
energie	energia	SP	O	_	_
in	in	E	O	_	_
un	uno	RS	O	_	_
movimento	movimento	SS	O	_	_
che	che	CCHE	O	_	_
,	comma	XPW	O	_	_
per	per	E	O	_	_
adesso	adesso	B	O	_	_
,	comma	XPW	O	_	_
non	non	B	O	_	_
ha	avere	VI	O	_	_
probabilità	probabilità	SN	O	_	_
di	di	E	O	_	_
vittoria	vittoria	SS	O	_	_
e	e	C	O	_	_
che	che	CCHE	O	_	_
servirebbe	servire	VI	O	_	_
soltanto	soltanto	B	O	_	_
a	a	E	O	_	_
prolungare	prolungare	VF	O	_	_
l’	il	RS	O	_	_
assolutismo	assolutismo	SS	O	_	_
nazionalista	nazionalista	AS	O	_	_
»	»	XPO	O	_	_
.	.	XPS	O	_	_

Più	più	B	O	_	_
innanzi	innanzi	E	O	_	_
il	il	RS	O	_	_
Lavoratore	lavoratore	SS	O	_	_
trova	trovare	VI	O	_	_
che	che	CCHE	O	_	_
il	il	RS	O	_	_
progetto	progetto	SS	O	_	_
governativo	governativo	AS	O	_	_
è	essere	VI	O	_	_
molto	molto	B	O	_	_
più	più	B	O	_	_
democratico	democratico	AS	O	_	_
di	di	E	O	_	_
quello	quello	PS	O	_	_
votato	votare	VSP	O	_	_
l’	il	RS	O	_	_
anno	anno	SS	O	_	_
scorso	scorso	AS	O	_	_
dal	da/det	ES	O	_	_
Consiglio	consiglio	SS	O	_	_
comunale	comunale	AS	O	_	_
.	.	XPS	O	_	_

«	«	XPO	O	_	_
Amara	amara	SPN	O	_	_
ironia	ironia	SS	O	_	_
delle	di/det	EP	O	_	_
cose	cosa	SP	O	_	_
"!"	esclamation_mark	XPS	O	_	_

L’	il	RS	O	_	_
Austria	austria	SPN	GPE	47.2000338	13.199959
dà	dare	VI	O	_	_
una	uno	RS	O	_	_
lezione	lezione	SS	O	_	_
(	open_parenthesis	XPB	O	_	_
per	per	E	O	_	_
quanto	quanto	B	O	_	_
imperfetta	imperfetto	AS	O	_	_
)	close_parenthesis	XPB	O	_	_
di	di	E	O	_	_
.	.	XPS	O	_	_

.	.	XPS	O	_	_

.	.	XPS	O	_	_

liberalismo	liberalismo	SS	O	_	_
ai	a/det	EP	O	_	_
nostri	nostro	DP	O	_	_
.	.	XPS	O	_	_

.	.	XPS	O	_	_

.	.	XPS	O	_	_

liberali	liberale	AP	O	_	_
"!"	esclamation_mark	XPS	O	_	_

»	»	XPO	O	_	_
E	e	C	O	_	_
dopo	dopo	E	O	_	_
altre	altro	DP	O	_	_
conclusioni	conclusione	SP	O	_	_
favorevoli	favorevole	AP	O	_	_
alla	a/det	ES	O	_	_
riforma	riforma	SS	O	_	_
il	il	RS	O	_	_
Lavoratore	lavoratore	SS	O	_	_
riaddensa	riaddensa	VI	O	_	_
il	il	RS	O	_	_
pensiero	pensiero	SS	O	_	_
dei	di/det	EP	O	_	_
socialisti	socialista	SP	O	_	_
di	di	E	O	_	_
Trieste	trieste	SPN	GPE	45.6500335	13.7706559
in	in	E	O	_	_
codeste	codesto	DP	O	_	_
parole	parole	AP	O	_	_
:	:	XPS	O	_	_
«	«	XPO	O	_	_
Cercheremo	cercare	VI	O	_	_
d’	di	E	O	_	_
influire	influire	VF	O	_	_
perché	perché	C	O	_	_
il	il	RS	O	_	_
progetto	progetto	SS	O	_	_
venga	venire	VI	O	_	_
in	in	E	O	_	_
qualche	qualche	DS	O	_	_
punto	punto	SS	O	_	_
modificato	modificare	VSP	O	_	_
,	comma	XPW	O	_	_
ma	ma	C	O	_	_
dichiariamo	dichiarare	VI	O	_	_
subito	subito	B	O	_	_
che	che	CCHE	O	_	_
non	non	B	O	_	_
siamo	essere	VIY	O	_	_
disposti	disporre	VPP	O	_	_
a	a	E	O	_	_
tollerare	tollerare	VF	O	_	_
che	che	CCHE	O	_	_
,	comma	XPW	O	_	_
da	da	E	O	_	_
una	uno	RS	O	_	_
parte	parte	SS	O	_	_
o	o	C	O	_	_
dall’	da/det	ES	O	_	_
altra	altro	PS	O	_	_
,	comma	XPW	O	_	_
si	rifl	PN	O	_	_
riprenda	riprendere	VI	O	_	_
l’	il	RS	O	_	_
eterno	eterno	AS	O	_	_
giuoco	giuoco	SS	O	_	_
che	che	CCHE	O	_	_
da	da	E	O	_	_
dieci	dieci	N	O	_	_
anni	anno	SP	O	_	_
impedisce	impedire	VI	O	_	_
l’	il	RS	O	_	_
attuazione	attuazione	SS	O	_	_
della	di/det	ES	O	_	_
riforma	riforma	SS	O	_	_
e	e	C	O	_	_
che	che	CCHE	O	_	_
consiste	consistere	VI	O	_	_
nel	in/det	ES	O	_	_
chiedere	chiedere	VF	O	_	_
ciò	ciò`	PS	O	_	_
che	che	CCHE	O	_	_
si	rifl	PN	O	_	_
sa	sapere	VI	O	_	_
di	di	E	O	_	_
non	non	B	O	_	_
poter	potere	VF	O	_	_
ottenere	ottenere	VF	O	_	_
"!"	esclamation_mark	XPS	O	_	_

»	»	XPO	O	_	_
Sulle	su/det	EP	O	_	_
quali	quale	DP	O	_	_
dichiarazioni	dichiarazione	SP	O	_	_
antinulliste	antinulliste	AP	O	_	_
richiamiamo	richiamare	VI	O	_	_
l’	il	RS	O	_	_
attenzione	attenzione	SS	O	_	_
dei	di/det	EP	O	_	_
nostri	nostro	DP	O	_	_
lettori	lettore	SP	O	_	_
,	comma	XPW	O	_	_
affinché	affinché	C	O	_	_
le	il	RP	O	_	_
raffrontino	raffrontino	SP	O	_	_
colle	con/det	EP	O	_	_
espettorazioni	espettorazione	SP	O	_	_
puramente	puramente	B	O	_	_
demagogiche	demagogico	AP	O	_	_
dei	di/det	EP	O	_	_
rossi	rosso	SP	O	_	_
nostrani	nostrano	AP	O	_	_
,	comma	XPW	O	_	_
i	il	RP	O	_	_
quali	quale	PP	O	_	_
in	in	E	O	_	_
tutte	tutto	DP	O	_	_
le	il	RP	O	_	_
cose	cosa	SP	O	_	_
chiedono	chiedere	VI	O	_	_
sempre	sempre	B	O	_	_
ciò	ciò`	PS	O	_	_
che	che	CCHE	O	_	_
sanno	sapere	VI	O	_	_
di	di	E	O	_	_
non	non	B	O	_	_
poter	potere	VF	O	_	_
ottenere	ottenere	VF	O	_	_
"!"	esclamation_mark	XPS	O	_	_

Il	il	RS	O	_	_
confronto	confronto	SS	O	_	_
fra	fra	E	O	_	_
il	il	RS	O	_	_
punto	punto	SS	O	_	_
di	di	E	O	_	_
vista	vista	SS	O	_	_
molto	molto	B	O	_	_
,	comma	XPW	O	_	_
ma	ma	C	O	_	_
molto	molto	B	O	_	_
positivo	positivo	AS	O	_	_
del	di/det	ES	O	_	_
signor	signore	SS	O	_	_
Pittoni	pittoni	SPN	PER	_	_
,	comma	XPW	O	_	_
capo	capo	SS	O	_	_
ufficiale	ufficiale	AS	O	_	_
del	di/det	ES	O	_	_
partito	partito	SS	O	_	_
socialista	socialista	AS	O	_	_
austriaco	austriaco	AS	O	_	_
,	comma	XPW	O	_	_
e	e	C	O	_	_
gli	il	RP	O	_	_
attacchi	attacco	SP	O	_	_
diretti	diretto	AP	O	_	_
dai	da/det	EP	O	_	_
nostri	nostro	DP	O	_	_
rossi	rosso	SP	O	_	_
contro	contro	E	O	_	_
il	il	RS	O	_	_
nostro	nostro	DS	O	_	_
programma	programma	SS	O	_	_
in	in	E	O	_	_
punto	punto	SS	O	_	_
alla	a/det	ES	O	_	_
riforma	riforma	SS	O	_	_
elettorale	elettorale	AS	O	_	_
,	comma	XPW	O	_	_
è	essere	VI	O	_	_
davvero	davvero	B	O	_	_
istruttivo	istruttivo	AS	O	_	_
.	.	XPS	O	_	_

Noi	noi	PP	O	_	_
che	che	CCHE	O	_	_
nell’	in/det	ES	O	_	_
ultima	ultimo	AS	O	_	_
campagna	campagna	SS	O	_	_
chiedevamo	chiedere	VI	O	_	_
anzitutto	anzitutto	B	O	_	_
il	il	RS	O	_	_
suffragio	suffragio	SS	O	_	_
uguale	uguale	AS	O	_	_
,	comma	XPW	O	_	_
e	e	C	O	_	_
se	se	C	O	_	_
non	non	B	O	_	_
fosse	essere	VI	O	_	_
possibile	possibile	AS	O	_	_
(	open_parenthesis	XPB	O	_	_
per	per	E	O	_	_
l’	il	RS	O	_	_
opposizione	opposizione	SS	O	_	_
del	di/det	ES	O	_	_
Governo	governo	SS	O	_	_
o	o	C	O	_	_
–	–	XPO	O	_	_
quello	quello	PS	O	_	_
che	che	CCHE	O	_	_
più	più	B	O	_	_
importa	importare	VI	O	_	_
–	–	XPO	O	_	_
anche	anche	C	O	_	_
di	di	E	O	_	_
una	uno	RS	O	_	_
sola	solo	AS	O	_	_
curia	curia	SS	O	_	_
dietale	dietale	AS	O	_	_
)	close_parenthesis	XPB	O	_	_
,	comma	XPW	O	_	_
delineavamo	delineare	VI	O	_	_
una	uno	RS	O	_	_
riforma	riforma	SS	O	_	_
molto	molto	B	O	_	_
più	più	B	O	_	_
ampia	ampio	AS	O	_	_
che	che	CCHE	O	_	_
quella	quello	PS	O	_	_
di	di	E	O	_	_
Trieste	trieste	SPN	GPE	45.6500335	13.7706559
,	comma	XPW	O	_	_
accettata	accettare	VSP	O	_	_
da	da	E	O	_	_
Pittoni	pittoni	SPN	PER	_	_
,	comma	XPW	O	_	_
eravamo	essere	VI	O	_	_
dei	di/det	EP	O	_	_
reazionari	reazionario	SP	O	_	_
,	comma	XPW	O	_	_
e...	e...	YA	O	_	_
Pittoni	pittoni	SPN	O	_	_
,	comma	XPW	O	_	_
che	che	CCHE	O	_	_
cos’	cos’	VI	O	_	_
è	essere	VI	O	_	_
Pittoni	pittoni	SPN	PER	_	_
?	?	XPS	O	_	_
