# total number of persons:5, total number of gpes:7
Improvvisamente	improvvisamente	B	O	_	_
si	rifl	PN	O	_	_
parla	parlare	VI	O	_	_
di	di	E	O	_	_
commissioni	commissione	SP	O	_	_
sanitarie	sanitario	AP	O	_	_
,	comma	XPW	O	_	_
quarantene	quarantene	VI	O	_	_
,	comma	XPW	O	_	_
cordoni	cordone	SP	O	_	_
militari	militare	AP	O	_	_
.	.	XPS	O	_	_

L’	il	RS	O	_	_
odore	odore	SS	O	_	_
acre	acre	AS	O	_	_
dei	di/det	EP	O	_	_
disinfettanti	disinfettante	SP	O	_	_
pare	parere	VI	O	_	_
emani	emani	AP	O	_	_
dai	da/det	EP	O	_	_
giornali	giornale	SP	O	_	_
che	che	CCHE	O	_	_
portano	portare	VI	O	_	_
il	il	RS	O	_	_
grido	grido	SS	O	_	_
d’	di	E	O	_	_
allarme	allarme	SS	O	_	_
.	.	XPS	O	_	_

I	il	RP	O	_	_
governanti	governante	SP	O	_	_
deliberano	deliberare	VI	O	_	_
provvedimenti	provvedimento	SP	O	_	_
straordinari	straordinario	AP	O	_	_
e	e	C	O	_	_
le	il	RP	O	_	_
navi	nave	SP	O	_	_
russe	russo	AP	O	_	_
che	che	CCHE	O	_	_
passarono	passare	VI	O	_	_
–	–	XPO	O	_	_
è	essere	VI	O	_	_
storia	storia	SS	O	_	_
di	di	E	O	_	_
ieri	ieri	B	O	_	_
–	–	XPO	O	_	_
superbamente	superbamente	B	O	_	_
la	il	RS	O	_	_
Manica	manica	SPN	O	_	_
sotto	sotto	E	O	_	_
la	il	RS	O	_	_
bandiera	bandiera	SS	O	_	_
di	di	E	O	_	_
Rosdestwenski	rosdestwenski	SPN	O	_	_
,	comma	XPW	O	_	_
vengono	venire	VIY	O	_	_
ora	ora	B	O	_	_
arrestate	arrestare	VPP	O	_	_
all’	a/det	ES	O	_	_
imboccatura	imboccatura	SS	O	_	_
del	di/det	ES	O	_	_
Tamigi	tamigi	SPN	O	_	_
.	.	XPS	O	_	_

Un	uno	RS	O	_	_
blocco	blocco	SS	O	_	_
universale	universale	AS	O	_	_
si	rifl	PN	O	_	_
dichiara	dichiarare	VI	O	_	_
contro	contro	E	O	_	_
la	il	RS	O	_	_
Russia	russia	SPN	GPE	64.6863136	97.7453061
e	e	C	O	_	_
perfino	perfino	B	O	_	_
la	il	RS	O	_	_
Francia	francia	SPN	O	_	_
mette	mettere	VI	O	_	_
l’	il	RS	O	_	_
alleata	alleata	SS	O	_	_
in	in	E	O	_	_
quarantena	quarantena	SS	O	_	_
.	.	XPS	O	_	_

Il	il	RS	O	_	_
grande	grande	AS	O	_	_
impero	impero	SS	O	_	_
di	di	E	O	_	_
Nicolò	nicolò	SPN	O	_	_
è	essere	VI	O	_	_
marcio	marcio	SS	O	_	_
nel	in/det	ES	O	_	_
cuore	cuore	SS	O	_	_
e	e	C	O	_	_
dal	da/det	ES	O	_	_
centro	centro	SS	O	_	_
si	rifl	PN	O	_	_
diffonde	diffondere	VI	O	_	_
il	il	RS	O	_	_
morbo	morbo	SS	O	_	_
mortifero	mortifero	AS	O	_	_
come	come	CADV	O	_	_
altra	altro	DS	O	_	_
volta	volta	SS	O	_	_
la	il	RS	O	_	_
vita	vita	SS	O	_	_
.	.	XPS	O	_	_

Dopo	dopo	E	O	_	_
il	il	RS	O	_	_
disastro	disastro	SS	O	_	_
della	di/det	ES	O	_	_
guerra	guerra	SS	O	_	_
,	comma	XPW	O	_	_
gli	il	RP	O	_	_
orrori	orrore	SP	O	_	_
della	di/det	ES	O	_	_
rivoluzione	rivoluzione	SS	O	_	_
e	e	C	O	_	_
della	di/det	ES	O	_	_
fame	fame	SS	O	_	_
,	comma	XPW	O	_	_
dopo	dopo	E	O	_	_
la	il	RS	O	_	_
fame	fame	SS	O	_	_
il	il	RS	O	_	_
contagio	contagio	SS	O	_	_
.	.	XPS	O	_	_

L’	il	RS	O	_	_
Europa	europa	SPN	GPE	51.0000003	9.9999997
era	essere	VI	O	_	_
prima	prima	E	O	_	_
sull’	su/det	ES	O	_	_
attenti	attenti	SS	O	_	_
contro	contro	E	O	_	_
le	il	RP	O	_	_
velleità	velleità	SN	O	_	_
d’	di	E	O	_	_
espansione	espansione	SS	O	_	_
e	e	C	O	_	_
l’	il	RS	O	_	_
incubo	incubo	SS	O	_	_
dell’	di/det	ES	O	_	_
influenza	influenza	SS	O	_	_
politica	politico	AS	O	_	_
che	che	CCHE	O	_	_
dal	da/det	ES	O	_	_
mare	mare	SS	O	_	_
artico	artico	AS	O	_	_
tendeva	tendere	VI	O	_	_
fino	fino	E	O	_	_
al	a/det	ES	O	_	_
Bosforo	bosforo	SPN	O	_	_
;	semicolon	XPS	O	_	_

ora	ora	B	O	_	_
che	che	CCHE	O	_	_
l’	il	RS	O	_	_
orso	orso	SS	O	_	_
politico	politico	AS	O	_	_
non	non	B	O	_	_
fa	fare	VI	O	_	_
più	più	B	O	_	_
paura	paura	SS	O	_	_
e	e	C	O	_	_
i	il	RP	O	_	_
colloqui	colloquio	SP	O	_	_
con	con	E	O	_	_
Islovski	islovski	SPN	PER	_	_
sono	essere	VI	O	_	_
meno	meno	B	O	_	_
interessanti	interessante	AP	O	_	_
di	di	E	O	_	_
quelli	quello	PP	O	_	_
con	con	E	O	_	_
Tittoni	tittoni	SPN	PER	_	_
,	comma	XPW	O	_	_
un	uno	RS	O	_	_
altro	altro	DS	O	_	_
pericolo	pericolo	SS	O	_	_
russo	russo	AS	O	_	_
costringe	costringere	VI	O	_	_
la	il	RS	O	_	_
cosiddetta	cosiddetto	AS	O	_	_
Europa	europa	SPN	GPE	51.0000003	9.9999997
civile	civile	AS	O	_	_
a	a	E	O	_	_
raddoppiare	raddoppiare	VF	O	_	_
la	il	RS	O	_	_
vigilanza	vigilanza	SS	O	_	_
ai	a/det	EP	O	_	_
confini	confino	SP	O	_	_
.	.	XPS	O	_	_

Non	non	B	O	_	_
è	essere	VI	O	_	_
da	da	E	O	_	_
noi	noi	PP	O	_	_
preoccuparci	preoccupare/pro/loc	VF+E	O	_	_
delle	di/det	EP	O	_	_
previsioni	previsione	SP	O	_	_
più	più	B	O	_	_
o	o	C	O	_	_
meno	meno	B	O	_	_
tranquillanti	tranquillante	SP	O	_	_
dei	di/det	EP	O	_	_
proto-fisici	proto-fisici	SP	O	_	_
.	.	XPS	O	_	_

Il	il	RS	O	_	_
signor	signore	SS	O	_	_
Mirman	mirman	SPN	O	_	_
,	comma	XPW	O	_	_
direttore	direttore	SS	O	_	_
dell’	di/det	ES	O	_	_
igiene	igiene	SS	O	_	_
a	a	E	O	_	_
Parigi	parigi	SPN	GPE	48.8565056	2.3521334
e	e	C	O	_	_
l’	il	RS	O	_	_
on	on	B	O	_	_
.	.	XPS	O	_	_

Santoliquido	santoliquido	SPN	O	_	_
hanno	avere	VIY	O	_	_
dato	dare	VSP	O	_	_
ai	a/det	EP	O	_	_
giornalisti	giornalista	SP	O	_	_
preoccupati	preoccupare	VPP	O	_	_
le	il	RP	O	_	_
migliori	migliore	AP	O	_	_
assicurazioni	assicurazione	SP	O	_	_
;	semicolon	XPS	O	_	_

in	in	E	O	_	_
Inghilterra	inghilterra	SPN	GPE	52.7954791	-0.5402401866
invece	invece	B	O	_	_
si	rifl	PN	O	_	_
disse	dire	VI	O	_	_
che	che	CCHE	O	_	_
le	il	RP	O	_	_
precauzioni	precauzione	SP	O	_	_
non	non	B	O	_	_
sono	essere	VIY	O	_	_
mai	mai	B	O	_	_
tante	tanto	DP	O	_	_
.	.	XPS	O	_	_

In	in	E	O	_	_
Austria	austria	SPN	GPE	47.2000338	13.199959
malgrado	malgrado	E	O	_	_
si	rifl	PN	O	_	_
vada	andare	VIY	O	_	_
annunziando	annunziare	VG	O	_	_
con	con	E	O	_	_
insistenza	insistenza	SS	O	_	_
che	che	CCHE	O	_	_
la	il	RS	O	_	_
peste	peste	SS	O	_	_
è	essere	VI	O	_	_
in	in	E	O	_	_
Galizia	galizia	SPN	GPE	42.61946	-7.863112
,	comma	XPW	O	_	_
non	non	B	O	_	_
si	rifl	PN	O	_	_
fiata	fiata	VSP	O	_	_
;	semicolon	XPS	O	_	_

e	e	C	O	_	_
in	in	E	O	_	_
tali	tale	AP	O	_	_
casi	caso	SP	O	_	_
il	il	RS	O	_	_
tacere	tacere	SS	O	_	_
è	essere	VI	O	_	_
oro	oro	SS	O	_	_
.	.	XPS	O	_	_

Ma	ma	C	O	_	_
lasciamo	lasciare	VI	O	_	_
i	il	RP	O	_	_
sanitari	sanitario	SP	O	_	_
alle	a/det	EP	O	_	_
prese	presa	SP	O	_	_
col	con/det	ES	O	_	_
bacillo	bacillo	SS	O	_	_
di	di	E	O	_	_
Koch	koch	SPN	PER	_	_
e	e	C	O	_	_
confidiamo	confidare	VI	O	_	_
pure	pure	C	O	_	_
che	che	CCHE	O	_	_
all’	a/det	ES	O	_	_
arte	arte	SS	O	_	_
igienica	igienico	AS	O	_	_
riesca	riuscire	VI	O	_	_
di	di	E	O	_	_
respingere	respingere	VF	O	_	_
il	il	RS	O	_	_
morbo	morbo	SS	O	_	_
asiatico	asiatico	AS	O	_	_
indietro	indietro	B	O	_	_
,	comma	XPW	O	_	_
indietro	indietro	B	O	_	_
fino	fino	E	O	_	_
ai	a/det	EP	O	_	_
suoi	suo	DP	O	_	_
focolari	focolare	SP	O	_	_
endemici	endemico	AP	O	_	_
fra	fra	E	O	_	_
il	il	RS	O	_	_
Gange	gange	SPN	PER	_	_
e	e	C	O	_	_
il	il	RS	O	_	_
Bramaputra	bramaputra	SPN	O	_	_
.	.	XPS	O	_	_

Quello	quello	PS	O	_	_
che	che	CCHE	O	_	_
è	essere	VI	O	_	_
interessante	interessante	AS	O	_	_
fin	fin	E	O	_	_
d’	di	E	O	_	_
ora	ora	B	O	_	_
e	e	C	O	_	_
che	che	CCHE	O	_	_
ci	ci	PP	O	_	_
affrettiamo	affrettare	VI	O	_	_
a	a	E	O	_	_
rilevare	rilevare	VF	O	_	_
,	comma	XPW	O	_	_
quantunque	quantunque	DS	O	_	_
la	il	RS	O	_	_
pressura	pressura	SS	O	_	_
di	di	E	O	_	_
questo	questo	DS	O	_	_
momento	momento	SS	O	_	_
–	–	XPO	O	_	_
sono	essere	VI	O	_	_
le	il	RP	O	_	_
11	11	N	O	_	_
ant	ant	SP	O	_	_
.	.	XPS	O	_	_

–	–	XPO	O	_	_
sia	sia	C	O	_	_
poco	poco	B	O	_	_
favorevole	favorevole	AS	O	_	_
a	a	E	O	_	_
constatazioni	constatazione	SP	O	_	_
di	di	E	O	_	_
psicologia	psicologia	SS	O	_	_
collettiva	collettivo	AS	O	_	_
–	–	XPO	O	_	_
è	essere	VI	O	_	_
il	il	RS	O	_	_
fenomeno	fenomeno	SS	O	_	_
della	di/det	ES	O	_	_
paura	paura	SS	O	_	_
che	che	CCHE	O	_	_
ha	avere	VIY	O	_	_
invaso	invadere	VSP	O	_	_
subito	subito	B	O	_	_
codesto	codesto	DS	O	_	_
nostro	nostro	DS	O	_	_
beatissimo	beato	AS	O	_	_
mondo	mondo	SS	O	_	_
.	.	XPS	O	_	_

La	il	RS	O	_	_
nostra	nostro	DS	O	_	_
età	età	SN	O	_	_
rifugge	rifuggire	VI	O	_	_
quant’	quant’	B	O	_	_
altre	altro	DP	O	_	_
mai	mai	B	O	_	_
dal	da/det	ES	O	_	_
dolore	dolore	SS	O	_	_
e	e	C	O	_	_
dal	da/det	ES	O	_	_
male	male	SS	O	_	_
fisico	fisico	AS	O	_	_
,	comma	XPW	O	_	_
e	e	C	O	_	_
anche	anche	C	O	_	_
oggi	oggi	B	O	_	_
possiamo	potere	VI	O	_	_
constatare	constatare	VF	O	_	_
che	che	CCHE	O	_	_
i	il	RP	O	_	_
periodi	periodo	SP	O	_	_
della	di/det	ES	O	_	_
storia	storia	SS	O	_	_
ove	ove	B	O	_	_
la	il	RS	O	_	_
civiltà	civiltà	SN	O	_	_
ebbe	avere	VI	O	_	_
o	o	C	O	_	_
acquista	acquistare	VI	O	_	_
forme	forma	SP	O	_	_
più	più	B	O	_	_
raffinate	raffinato	AP	O	_	_
sono	essere	VI	O	_	_
l’	il	RS	O	_	_
epoche	epoche	SS	O	_	_
dove	dove	CADV	O	_	_
più	più	B	O	_	_
scarsa	scarso	AS	O	_	_
è	essere	VI	O	_	_
la	il	RS	O	_	_
fibra	fibra	SS	O	_	_
,	comma	XPW	O	_	_
più	più	B	O	_	_
manchevole	manchevole	AS	O	_	_
il	il	RS	O	_	_
coraggio	coraggio	SS	O	_	_
,	comma	XPW	O	_	_
più	più	B	O	_	_
gigante	gigante	AS	O	_	_
la	il	RS	O	_	_
paura	paura	SS	O	_	_
.	.	XPS	O	_	_

Quando	quando	CADV	O	_	_
il	il	RS	O	_	_
popolo	popolo	SS	O	_	_
dell’	di/det	ES	O	_	_
urbe	urbe	SS	O	_	_
ebbe	ebbe	AS	O	_	_
celebrato	celebrare	VSP	O	_	_
il	il	RS	O	_	_
culmine	culmine	SS	O	_	_
dei	di/det	EP	O	_	_
suoi	suo	DP	O	_	_
trionfi	trionfo	SP	O	_	_
civili	civile	AP	O	_	_
nei	in/det	EP	O	_	_
ludi	ludo	SP	O	_	_
secolari	secolare	AP	O	_	_
d’	di	E	O	_	_
Augusto	augusto	SPN	PER	_	_
e	e	C	O	_	_
la	il	RS	O	_	_
civiltà	civiltà	SN	O	_	_
e	e	C	O	_	_
il	il	RS	O	_	_
progresso	progresso	SS	O	_	_
parvero	parere	VI	O	_	_
aver	avere	VFY	O	_	_
raggiunto	raggiungere	VSP	O	_	_
i	il	RP	O	_	_
limiti	limite	SP	O	_	_
dell’	di/det	ES	O	_	_
umanamente	umanamente	SS	O	_	_
possibile	possibile	AS	O	_	_
,	comma	XPW	O	_	_
divenne	divenire	VI	O	_	_
un	uno	RS	O	_	_
popolo	popolo	SS	O	_	_
pauroso	pauroso	AS	O	_	_
.	.	XPS	O	_	_

Quando	quando	CADV	O	_	_
la	il	RS	O	_	_
magnifica	magnifico	AS	O	_	_
età	età	SN	O	_	_
del	di/det	ES	O	_	_
rinascimento	rinascimento	SS	O	_	_
italiano	italiano	AS	O	_	_
ebbe	avere	VI	O	_	_
toccato	toccare	VSP	O	_	_
il	il	RS	O	_	_
sommo	sommo	SS	O	_	_
della	di/det	ES	O	_	_
luminosa	luminoso	AS	O	_	_
parabola	parabola	SS	O	_	_
,	comma	XPW	O	_	_
giammai	giammai	VI	O	_	_
l’	il	RS	O	_	_
orrore	orrore	SS	O	_	_
di	di	E	O	_	_
ogni	ogni	DS	O	_	_
sofferenza	sofferenza	SS	O	_	_
,	comma	XPW	O	_	_
l’	il	RS	O	_	_
angustia	angustia	SS	O	_	_
del	di/det	ES	O	_	_
dolore	dolore	SS	O	_	_
,	comma	XPW	O	_	_
la	il	RS	O	_	_
paura	paura	SS	O	_	_
,	comma	XPW	O	_	_
la	il	RS	O	_	_
superstizione	superstizione	SS	O	_	_
dei	di/det	EP	O	_	_
fenomeni	fenomeno	SP	O	_	_
tristi	tristo	AP	O	_	_
celebrarono	celebrare	VI	O	_	_
orgia	orgia	SS	O	_	_
più	più	B	O	_	_
grande	grande	AS	O	_	_
.	.	XPS	O	_	_

Pare	pare	SPN	O	_	_
si	rifl	PN	O	_	_
debba	dovere	VI	O	_	_
concludere	concludere	VF	O	_	_
che	che	CCHE	O	_	_
l’	il	RS	O	_	_
estremo	estremo	AS	O	_	_
sforzo	sforzo	SS	O	_	_
ai	a/det	EP	O	_	_
progressi	progresso	SP	O	_	_
della	di/det	ES	O	_	_
vita	vita	SS	O	_	_
materiale	materiale	AS	O	_	_
,	comma	XPW	O	_	_
la	il	RS	O	_	_
febbre	febbre	SS	O	_	_
della	di/det	ES	O	_	_
ricerca	ricerca	SS	O	_	_
,	comma	XPW	O	_	_
la	il	RS	O	_	_
raffinatezza	raffinatezza	SS	O	_	_
della	di/det	ES	O	_	_
vita	vita	SS	O	_	_
intellettuale	intellettuale	AS	O	_	_
producano	produrre	VI	O	_	_
tratto	tratto	SS	O	_	_
tratto	tratto	AS	O	_	_
,	comma	XPW	O	_	_
un	uno	RS	O	_	_
esaurimento	esaurimento	SS	O	_	_
morale	morale	AS	O	_	_
,	comma	XPW	O	_	_
che	che	CCHE	O	_	_
fa	fare	VI	O	_	_
esulare	esulare	VF	O	_	_
dall’	da/det	ES	O	_	_
animo	animo	SS	O	_	_
degli	di/det	EP	O	_	_
uomini	uomo	SP	O	_	_
lo	il	RS	O	_	_
spirito	spirito	SS	O	_	_
del	di/det	ES	O	_	_
sacrificio	sacrificio	SS	O	_	_
,	comma	XPW	O	_	_
l’	il	RS	O	_	_
eroismo	eroismo	SS	O	_	_
e	e	C	O	_	_
il	il	RS	O	_	_
vero	vero	AS	O	_	_
concetto	concetto	SS	O	_	_
della	di/det	ES	O	_	_
vita	vita	SS	O	_	_
umana	umano	AS	O	_	_
ch’	che	CCHE	O	_	_
è	essere	VI	O	_	_
milizia	milizia	SS	O	_	_
sopra	sopra	E	O	_	_
la	il	RS	O	_	_
terra	terra	SS	O	_	_
.	.	XPS	O	_	_

Ed	ed	C	O	_	_
ora	ora	B	O	_	_
immaginatevi	immaginatevi	VSP	O	_	_
per	per	E	O	_	_
un	uno	RS	O	_	_
momento	momento	SS	O	_	_
che	che	CCHE	O	_	_
il	il	RS	O	_	_
colera	colera	SS	O	_	_
venga	venire	VI	O	_	_
davvero	davvero	B	O	_	_
e	e	C	O	_	_
ripeta	ripetere	VI	O	_	_
la	il	RS	O	_	_
sua	suo	DS	O	_	_
visita	visita	SS	O	_	_
agli	a/det	EP	O	_	_
stati	stato	SP	O	_	_
europei	europeo	AP	O	_	_
.	.	XPS	O	_	_

Pensate	pensata	SP	O	_	_
che	che	CCHE	O	_	_
i	il	RP	O	_	_
batteri	batterio	SP	O	_	_
del	di/det	ES	O	_	_
contagio	contagio	SS	O	_	_
penetrino	penetrare	VI	O	_	_
dalle	da/det	EP	O	_	_
lande	landa	SP	O	_	_
russe	russo	AP	O	_	_
nelle	in/det	EP	O	_	_
nostre	nostro	DP	O	_	_
officine	officina	SP	O	_	_
di	di	E	O	_	_
moderna	moderno	AS	O	_	_
cultura	cultura	SS	O	_	_
,	comma	XPW	O	_	_
e	e	C	O	_	_
che	che	CCHE	O	_	_
l’	il	RS	O	_	_
epidemia	epidemia	SS	O	_	_
scoppi	scoppiare	VI	O	_	_
improvvisa	improvviso	AS	O	_	_
,	comma	XPW	O	_	_
terribile	terribile	AS	O	_	_
fra	fra	E	O	_	_
il	il	RS	O	_	_
frastuono	frastuono	SS	O	_	_
dei	di/det	EP	O	_	_
congressi	congresso	SP	O	_	_
inneggianti	inneggiante	AP	O	_	_
al	a/det	ES	O	_	_
progresso	progresso	SS	O	_	_
,	comma	XPW	O	_	_
fra	fra	E	O	_	_
i	il	RP	O	_	_
dibattiti	dibattito	SP	O	_	_
dei	di/det	EP	O	_	_
partiti	partito	SP	O	_	_
,	comma	XPW	O	_	_
fra	fra	E	O	_	_
l’	il	RS	O	_	_
affannosa	affannoso	AS	O	_	_
corsa	corsa	SS	O	_	_
agli	a/det	EP	O	_	_
ideali	ideale	SP	O	_	_
,	comma	XPW	O	_	_
la	il	RS	O	_	_
ricerca	ricerca	SS	O	_	_
furiosa	furioso	AS	O	_	_
dell’	di/det	ES	O	_	_
oro	oro	SS	O	_	_
e	e	C	O	_	_
del	di/det	ES	O	_	_
piacere	piacere	SS	O	_	_
,	comma	XPW	O	_	_
e	e	C	O	_	_
interrompa	interrompere	VI	O	_	_
bruscamente	bruscamente	B	O	_	_
codesta	codesto	DS	O	_	_
autoesaltazione	autoesaltazione	SS	O	_	_
eterna	eterno	AS	O	_	_
dell’	di/det	ES	O	_	_
uomo	uomo	SS	O	_	_
,	comma	XPW	O	_	_
avvicinandolo	avvicinare/pro	VG+E	O	_	_
di	di	E	O	_	_
botto	botto	SS	O	_	_
al	a/det	ES	O	_	_
male	male	SS	O	_	_
,	comma	XPW	O	_	_
alla	a/det	ES	O	_	_
morte	morte	SS	O	_	_
.	.	XPS	O	_	_

.	.	XPS	O	_	_

.	.	XPS	O	_	_

Anche	anche	C	O	_	_
le	il	RP	O	_	_
nazioni	nazione	SP	O	_	_
come	come	CADV	O	_	_
gli	il	RP	O	_	_
individui	individuo	SP	O	_	_
hanno	avere	VI	O	_	_
bisogno	bisogno	SS	O	_	_
che	che	CCHE	O	_	_
tratto	trarre	VSP	O	_	_
tratto	tratto	SS	O	_	_
ci	ci	B	O	_	_
sia	essere	VI	O	_	_
qualcuno	qualcuno	PS	O	_	_
il	il	RS	O	_	_
quale	quale	PS	O	_	_
intoni	intoni	SP	O	_	_
loro	loro	PP	O	_	_
il	il	RS	O	_	_
Mementomo	mementomo	SPN	O	_	_
.	.	XPS	O	_	_

.	.	XPS	O	_	_

.	.	XPS	O	_	_

La	il	RS	O	_	_
comparsa	comparsa	SS	O	_	_
di	di	E	O	_	_
tali	tale	AP	O	_	_
situazioni	situazione	SP	O	_	_
significò	significare	VI	O	_	_
talvolta	talvolta	B	O	_	_
nella	in/det	ES	O	_	_
storia	storia	SS	O	_	_
,	comma	XPW	O	_	_
il	il	RS	O	_	_
rinnovamento	rinnovamento	SS	O	_	_
delle	di/det	EP	O	_	_
energie	energia	SP	O	_	_
morali	morale	AP	O	_	_
di	di	E	O	_	_
un	uno	RS	O	_	_
popolo	popolo	SS	O	_	_
,	comma	XPW	O	_	_
e	e	C	O	_	_
fece	fare	VI	O	_	_
muter	muter	SN	O	_	_
rotta	rotto	AS	O	_	_
alla	a/det	ES	O	_	_
civiltà	civiltà	SN	O	_	_
.	.	XPS	O	_	_

Oh	oh	I	O	_	_
"!"	esclamation_mark	XPS	O	_	_

insomma	insomma	C	O	_	_
–	–	XPO	O	_	_
interromperà	interrompere	VI	O	_	_
taluno	taluno	SS	O	_	_
–	–	XPO	O	_	_
che	che	CCHE	O	_	_
vuoi	volere	VI	O	_	_
concludere	concludere	VF	O	_	_
tu	tu	PS	O	_	_
pure	pure	C	O	_	_
che	che	CCHE	O	_	_
la	il	RS	O	_	_
peste	peste	SS	O	_	_
è	essere	VI	O	_	_
una	uno	RS	O	_	_
fortuna	fortuna	SS	O	_	_
.	.	XPS	O	_	_

.	.	XPS	O	_	_

.	.	XPS	O	_	_

No	no	B	O	_	_
,	comma	XPW	O	_	_
le	il	RP	O	_	_
conclusioni	conclusione	SP	O	_	_
se	se	C	O	_	_
le	il	RP	O	_	_
tiri	tiro	SP	O	_	_
il	il	RS	O	_	_
lettore	lettore	SS	O	_	_
,	comma	XPW	O	_	_
a	a	E	O	_	_
modo	modo	SS	O	_	_
suo	suo	DS	O	_	_
.	.	XPS	O	_	_

Ma	ma	C	O	_	_
con	con	E	O	_	_
ciò	ciò`	PS	O	_	_
si	rifl	PN	O	_	_
è	essere	VIY	O	_	_
voluto	volere	VSP	O	_	_
fare	fare	VF	O	_	_
solo	solo	B	O	_	_
una	uno	RS	O	_	_
constatazione	constatazione	SS	O	_	_
:	:	XPS	O	_	_
accennare	accennare	VF	O	_	_
il	il	RS	O	_	_
secondo	secondo	AS	O	_	_
effetto	effetto	SS	O	_	_
che	che	CCHE	O	_	_
ha	avere	VIY	O	_	_
oramai	oramai	B	O	_	_
il	il	RS	O	_	_
grido	grido	SS	O	_	_
d’	di	E	O	_	_
allarme	allarme	SS	O	_	_
«	«	XPO	O	_	_
viene	venire	VI	O	_	_
il	il	RS	O	_	_
colera	colera	SS	O	_	_
»	»	XPO	O	_	_
:	:	XPS	O	_	_
la	il	RS	O	_	_
riflessione	riflessione	SS	O	_	_
.	.	XPS	O	_	_

La	il	RS	O	_	_
frenesia	frenesia	SS	O	_	_
della	di/det	ES	O	_	_
nostra	nostro	DS	O	_	_
cultura	cultura	SS	O	_	_
che	che	CCHE	O	_	_
precipita	precipitare	VI	O	_	_
innanzi	innanzi	E	O	_	_
all’	a/det	ES	O	_	_
impazzata	impazzata	SS	O	_	_
,	comma	XPW	O	_	_
ha	avere	VI	O	_	_
una	uno	RS	O	_	_
sosta	sosta	SS	O	_	_
,	comma	XPW	O	_	_
una	uno	RS	O	_	_
breve	breve	AS	O	_	_
sosta	sosta	SS	O	_	_
,	comma	XPW	O	_	_
tanto	tanto	B	O	_	_
che	che	CCHE	O	_	_
basti	basto	SP	O	_	_
per	per	E	O	_	_
ricordare	ricordare	VF	O	_	_
la	il	RS	O	_	_
poca	poco	DS	O	_	_
consistenza	consistenza	SS	O	_	_
di	di	E	O	_	_
codesta	codesto	DS	O	_	_
grande	grande	AS	O	_	_
ridda	ridda	AS	O	_	_
di	di	E	O	_	_
coltura	coltura	SS	O	_	_
,	comma	XPW	O	_	_
di	di	E	O	_	_
progresso	progresso	SS	O	_	_
,	comma	XPW	O	_	_
di	di	E	O	_	_
civiltà	civiltà	SN	O	_	_
,	comma	XPW	O	_	_
di	di	E	O	_	_
formole	formole	SP	O	_	_
e	e	C	O	_	_
d’	di	E	O	_	_
ideali	ideale	SP	O	_	_
,	comma	XPW	O	_	_
e	e	C	O	_	_
come	come	CADV	O	_	_
uno	uno	RS	O	_	_
straordinario	straordinario	AS	O	_	_
avvenimento	avvenimento	SS	O	_	_
che	che	CCHE	O	_	_
l’	il	RS	O	_	_
uomo	uomo	SS	O	_	_
non	non	B	O	_	_
produsse	produsse	VI	O	_	_
né	né	B	O	_	_
può	potere	VI	O	_	_
modificare	modificare	VF	O	_	_
alteri	alteri	SP	O	_	_
e	e	C	O	_	_
muti	muto	SP	O	_	_
o	o	C	O	_	_
spenga	spegnere	VI	O	_	_
quella	quello	DS	O	_	_
vita	vita	SS	O	_	_
di	di	E	O	_	_
parossistica	parossistico	AS	O	_	_
coltura	coltura	SS	O	_	_
che	che	CCHE	O	_	_
gli	il	RP	O	_	_
uomini	uomo	SP	O	_	_
vantano	vantare	VI	O	_	_
loro	loro	DP	O	_	_
creazione	creazione	SS	O	_	_
,	comma	XPW	O	_	_
sì	sì	B	O	_	_
che	che	CCHE	O	_	_
possa	potere	VI	O	_	_
venir	venir	VIY	O	_	_
ripetuto	ripetere	VSP	O	_	_
:	:	XPS	O	_	_
Illi	illi	SPN	O	_	_
motus	motus	VI	O	_	_
animorum	animorum	SS	O	_	_
atque	atque	AS	O	_	_
haec	haec	VI	O	_	_
certamina	certamina	SS	O	_	_
tanta	tanto	DS	O	_	_
Pulveris	pulveris	SPN	O	_	_
exigui	exigui	VI	O	_	_
,	comma	XPW	O	_	_
ictu	ictu	VI	O	_	_
compressa	compresso	AS	O	_	_
quiescunt	quiescunt	SS	O	_	_
.	.	XPS	O	_	_
