# total number of persons:0, total number of gpes:7
Vienna	vienna	SPN	GPE	48.2083537	16.3725042
,	comma	XPW	O	_	_
2.	2.	N	O	_	_
Le	il	RP	O	_	_
unioni	unione	SP	O	_	_
accademiche	accademico	AP	O	_	_
cattoliche	cattolico	AP	O	_	_
italiane	italiano	AP	O	_	_
di	di	E	O	_	_
Innsbruck	innsbruck	SPN	GPE	47.2654296	11.3927685
e	e	C	O	_	_
di	di	E	O	_	_
Vienna	vienna	SPN	GPE	48.2083537	16.3725042
,	comma	XPW	O	_	_
scambiatesi	scambiatesi	VPP	O	_	_
le	il	RP	O	_	_
reciproche	reciproco	AP	O	_	_
discussioni	discussione	SP	O	_	_
,	comma	XPW	O	_	_
tenute	tenere	VPP	O	_	_
in	in	E	O	_	_
separate	separato	AP	O	_	_
adunanze	adunanza	SP	O	_	_
circa	circa	B	O	_	_
la	il	RS	O	_	_
questione	questione	SS	O	_	_
universitaria	universitario	AS	O	_	_
,	comma	XPW	O	_	_
di	di	E	O	_	_
comune	comune	SS	O	_	_
accordo	accordo	SS	O	_	_
deliberarono	deliberare	VI	O	_	_
un	uno	RS	O	_	_
programma	programma	SS	O	_	_
d’	di	E	O	_	_
azione	azione	SS	O	_	_
incaricando	incaricare	VG	O	_	_
l’	il	RS	O	_	_
Associazione	associazione	SS	O	_	_
universitaria	universitario	AS	O	_	_
triestina	triestino	AS	O	_	_
a	a	E	O	_	_
volerlo	volere/pro	VF+E	O	_	_
dettagliatamente	dettagliatamente	B	O	_	_
formulare	formulare	VF	O	_	_
e	e	C	O	_	_
passarlo	passare/pro	VF+E	O	_	_
alla	a/det	ES	O	_	_
stampa	stampa	SS	O	_	_
.	.	XPS	O	_	_

Il	il	RS	O	_	_
fine	fine	SS	O	_	_
dell’	di/det	ES	O	_	_
azione	azione	SS	O	_	_
è	essere	VI	O	_	_
il	il	RS	O	_	_
raggiungimento	raggiungimento	SS	O	_	_
di	di	E	O	_	_
una	uno	RS	O	_	_
università	università	SN	O	_	_
italiana	italiano	AS	O	_	_
a	a	E	O	_	_
Trieste	trieste	SPN	GPE	45.6500335	13.7706559
.	.	XPS	O	_	_

Mezzo	mezzo	AS	O	_	_
precipuo	precipuo	SS	O	_	_
fu	essere	VIY	O	_	_
ritenuto	ritenere	VSP	O	_	_
l’	il	RS	O	_	_
intervento	intervento	SS	O	_	_
numeroso	numeroso	AS	O	_	_
degli	di/det	EP	O	_	_
studenti	studente	SP	O	_	_
italiani	italiano	AP	O	_	_
dell’	di/det	ES	O	_	_
Austria	austria	SPN	O	_	_
all’	a/det	ES	O	_	_
Università	università	SN	O	_	_
di	di	E	O	_	_
Innsbruck	innsbruck	SPN	O	_	_
.	.	XPS	O	_	_

Per	per	E	O	_	_
favorire	favorire	VF	O	_	_
il	il	RS	O	_	_
più	più	B	O	_	_
possibile	possibile	AS	O	_	_
questo	questo	DS	O	_	_
intervento	intervento	SS	O	_	_
si	rifl	PN	O	_	_
votarono	votare	VI	O	_	_
come	come	CADV	O	_	_
più	più	B	O	_	_
pratici	pratico	AP	O	_	_
ed	ed	C	O	_	_
opportuni	opportuno	AP	O	_	_
i	il	RP	O	_	_
seguenti	seguente	SP	O	_	_
mezzi	mezzo	AP	O	_	_
;	semicolon	XPS	O	_	_

1	1	N	O	_	_
)	close_parenthesis	XPB	O	_	_
Adoperarsi	adoperare/rifl	VF+E	O	_	_
direttamente	direttamente	B	O	_	_
e	e	C	O	_	_
indirettamente	indirettamente	B	O	_	_
per	per	E	O	_	_
mezzo	mezzo	SS	O	_	_
dei	di/det	EP	O	_	_
deputati	deputato	SP	O	_	_
italiani	italiano	AP	O	_	_
per	per	E	O	_	_
il	il	RS	O	_	_
trasferimento	trasferimento	SS	O	_	_
ad	ad	E	O	_	_
Innsbruck	innsbruck	SPN	GPE	47.2654296	11.3927685
di	di	E	O	_	_
stipendi	stipendio	SP	O	_	_
esistenti	esistere	VPP	O	_	_
in	in	E	O	_	_
altre	altro	DP	O	_	_
università	università	SN	O	_	_
o	o	C	O	_	_
almeno	almeno	B	O	_	_
degli	di/det	EP	O	_	_
stipendi	stipendio	SP	O	_	_
attualmente	attualmente	B	O	_	_
goduti	godere	VPP	O	_	_
nelle	in/det	EP	O	_	_
stesse	stesse	SP	O	_	_
da	da	E	O	_	_
studenti	studente	SP	O	_	_
italiani	italiano	AP	O	_	_
.	.	XPS	O	_	_

2	2	N	O	_	_
)	close_parenthesis	XPB	O	_	_
Adoperarsi	adoperare/rifl	VF+E	O	_	_
perché	perché	C	O	_	_
gli	il	RP	O	_	_
stipendi	stipendio	SP	O	_	_
creati	creare	VPP	O	_	_
da	da	E	O	_	_
comunità	comunità	SN	O	_	_
o	o	C	O	_	_
da	da	E	O	_	_
enti	ente	SP	O	_	_
morali	morale	AP	O	_	_
per	per	E	O	_	_
studenti	studente	SP	O	_	_
accademici	accademico	AP	O	_	_
italiani	italiano	AP	O	_	_
,	comma	XPW	O	_	_
sieno	sieno	B	O	_	_
condizioni	condizione	SP	O	_	_
d’	di	E	O	_	_
ora	ora	B	O	_	_
innanzi	innanzi	E	O	_	_
alla	a/det	ES	O	_	_
frequentazione	frequentazione	SS	O	_	_
dell’	di/det	ES	O	_	_
Università	università	SN	O	_	_
di	di	E	O	_	_
Innsbruck	innsbruck	SPN	O	_	_
.	.	XPS	O	_	_

3	3	N	O	_	_
)	close_parenthesis	XPB	O	_	_
Eccitare	eccitare	VF	O	_	_
con	con	E	O	_	_
tutte	tutto	DP	O	_	_
le	il	RP	O	_	_
forze	forza	SP	O	_	_
il	il	RS	O	_	_
Governo	governo	SS	O	_	_
e	e	C	O	_	_
la	il	RS	O	_	_
Provincia	provincia	SPN	O	_	_
a	a	E	O	_	_
fondare	fondare	VF	O	_	_
in	in	E	O	_	_
Innsbruck	innsbruck	SPN	GPE	47.2654296	11.3927685
nuovi	nuovo	AP	O	_	_
stipendi	stipendio	SP	O	_	_
per	per	E	O	_	_
gli	il	RP	O	_	_
studenti	studente	SP	O	_	_
italiani	italiano	AP	O	_	_
di	di	E	O	_	_
tutte	tutto	DP	O	_	_
le	il	RP	O	_	_
facoltà	facoltà	SN	O	_	_
.	.	XPS	O	_	_

4	4	N	O	_	_
)	close_parenthesis	XPB	O	_	_
Procurare	procurare	VF	O	_	_
altresì	altresì	AS	O	_	_
che	che	CCHE	O	_	_
i	il	RP	O	_	_
comuni	comune	SP	O	_	_
e	e	C	O	_	_
gli	il	RP	O	_	_
enti	ente	SP	O	_	_
morali	morale	AP	O	_	_
italiani	italiano	AP	O	_	_
passino	passare	VI	O	_	_
alla	a/det	ES	O	_	_
fondazione	fondazione	SS	O	_	_
di	di	E	O	_	_
stipendi	stipendio	SP	O	_	_
temporanei	temporaneo	AP	O	_	_
condizionati	condizionare	VPP	O	_	_
come	come	CADV	O	_	_
ad	ad	E	O	_	_
2	2	N	O	_	_
)	close_parenthesis	XPB	O	_	_
.	.	XPS	O	_	_

5	5	N	O	_	_
)	close_parenthesis	XPB	O	_	_
Rivolgersi	rivolgere/rifl	VF+E	O	_	_
al	a/det	ES	O	_	_
Governo	governo	SS	O	_	_
e	e	C	O	_	_
con	con	E	O	_	_
caldo	caldo	SS	O	_	_
appello	appello	SS	O	_	_
a	a	E	O	_	_
tutti	tutto	DP	O	_	_
i	il	RP	O	_	_
connazionali	connazionale	SP	O	_	_
,	comma	XPW	O	_	_
perché	perché	C	O	_	_
efficacemente	efficacemente	B	O	_	_
venga	venire	VIY	O	_	_
agevolata	agevolare	VSP	O	_	_
la	il	RS	O	_	_
dimora	dimora	SS	O	_	_
degli	di/det	EP	O	_	_
studenti	studente	SP	O	_	_
italiani	italiano	AP	O	_	_
in	in	E	O	_	_
Innsbruck	innsbruck	SPN	GPE	47.2654296	11.3927685
,	comma	XPW	O	_	_
sia	sia	C	O	_	_
riguado	riguado	VI	O	_	_
alla	a/det	ES	O	_	_
abitazione	abitazione	SS	O	_	_
(	open_parenthesis	XPB	O	_	_
casa	casa	SS	O	_	_
degli	di/det	EP	O	_	_
studenti	studente	SP	O	_	_
)	close_parenthesis	XPB	O	_	_
sia	sia	C	O	_	_
riguardo	riguardo	SS	O	_	_
al	a/det	ES	O	_	_
sostentamento	sostentamento	SS	O	_	_
.	.	XPS	O	_	_
