# total number of persons:6, total number of gpes:8
Olà	olà	SPN	O	_	_
,	comma	XPW	O	_	_
giacobini	giacobino	SP	O	_	_
"!"	esclamation_mark	XPS	O	_	_

La	il	RS	O	_	_
vostra	vostro	AS	O	_	_
conversione	conversione	SS	O	_	_
è	essere	VI	O	_	_
troppo	troppo	B	O	_	_
subitanea	subitaneo	AS	O	_	_
.	.	XPS	O	_	_

Di	di	E	O	_	_
sotto	sotto	E	O	_	_
il	il	RS	O	_	_
cappuccio	cappuccio	SS	O	_	_
del	di/det	ES	O	_	_
frate	frate	SS	O	_	_
sguscia	sgusciare	VI	O	_	_
fuori	fuori	B	O	_	_
un	uno	RS	O	_	_
lembo	lembo	SS	O	_	_
del	di/det	ES	O	_	_
berretto	berretto	SS	O	_	_
frigio	frigio	SS	O	_	_
.	.	XPS	O	_	_

Immaginatevi	immaginatevi	VSP	O	_	_
,	comma	XPW	O	_	_
amici	amico	SP	O	_	_
.	.	XPS	O	_	_

L’	il	RS	O	_	_
Alto	alto	SPN	GPE	46.65596895	11.22964387
Adige	adige	SPN	GPE	46.65596895	11.22964387
ha	avere	VIY	O	_	_
acclamato	acclamare	VSP	O	_	_
alla	a/det	ES	O	_	_
separazione	separazione	SS	O	_	_
fra	fra	E	O	_	_
la	il	RS	O	_	_
Chiesa	chiesa	SS	O	_	_
e	e	C	O	_	_
lo	il	RS	O	_	_
Stato	stato	SS	O	_	_
,	comma	XPW	O	_	_
se	se	C	O	_	_
l’	l’	PS	O	_	_
è	essere	VIY	O	_	_
presa	prendere	VSP	O	_	_
colla	con/det	ES	O	_	_
pastorale	pastorale	AS	O	_	_
dei	di/det	EP	O	_	_
vescovi	vescovo	SP	O	_	_
austriaci	austriaci	AP	O	_	_
,	comma	XPW	O	_	_
ha	avere	VIY	O	_	_
approvato	approvare	VSP	O	_	_
il	il	RS	O	_	_
movimento	movimento	SS	O	_	_
per	per	E	O	_	_
il	il	RS	O	_	_
divorzio	divorzio	SS	O	_	_
e	e	C	O	_	_
la	il	RS	O	_	_
scuola	scuola	SS	O	_	_
libera	libero	AS	O	_	_
e	e	C	O	_	_
se	se	C	O	_	_
non	non	B	O	_	_
ha	avere	VIY	O	_	_
invocato	invocare	VSP	O	_	_
come	come	CADV	O	_	_
il	il	RS	O	_	_
Messaggero	messaggero	SPN	O	_	_
la	il	RS	O	_	_
«	«	XPO	O	_	_
scopa	scopa	SS	O	_	_
di	di	E	O	_	_
Francia	francia	SPN	GPE	46.603354	1.8883335
»	»	XPO	O	_	_
,	comma	XPW	O	_	_
ha	avere	VIY	O	_	_
tuttavia	tuttavia	B	O	_	_
applaudito	applaudire	VSP	O	_	_
alla	a/det	ES	O	_	_
legge	legge	SS	O	_	_
eccezionale	eccezionale	AS	O	_	_
proposta	proposta	SS	O	_	_
per	per	E	O	_	_
il	il	RS	O	_	_
«	«	XPO	O	_	_
Kanzelparagraph	kanzelparagraph	SPN	O	_	_
»	»	XPO	O	_	_
come	come	CADV	O	_	_
ad	ad	E	O	_	_
«	«	XPO	O	_	_
un	uno	RS	O	_	_
episodio	episodio	SS	O	_	_
del	di/det	ES	O	_	_
grande	grande	AS	O	_	_
conflitto	conflitto	SS	O	_	_
»	»	XPO	O	_	_
del	di/det	ES	O	_	_
Kulturkampf	kulturkampf	SPN	O	_	_
.	.	XPS	O	_	_

Un	uno	RS	O	_	_
suo	suo	DS	O	_	_
collaboratore	collaboratore	SS	O	_	_
s’	s’	PN	O	_	_
è	essere	VI	O	_	_
anzi	anzi	B	O	_	_
smarrito	smarrire	VSP	O	_	_
nel	in/det	ES	O	_	_
labirinto	labirinto	SS	O	_	_
(	open_parenthesis	XPB	O	_	_
almeno	almeno	B	O	_	_
nel	in/det	ES	O	_	_
suo	suo	DS	O	_	_
cervello	cervello	SS	O	_	_
il	il	RS	O	_	_
labirinto	labirinto	SS	O	_	_
è	essere	VI	O	_	_
enorme	enorme	AS	O	_	_
)	close_parenthesis	XPB	O	_	_
delle	di/det	EP	O	_	_
leggi	leggio	SP	O	_	_
confessionali	confessionale	AP	O	_	_
,	comma	XPW	O	_	_
interconfessionali	interconfessionale	AP	O	_	_
o	o	C	O	_	_
laiche	laico	AP	O	_	_
.	.	XPS	O	_	_

Noi	noi	PP	O	_	_
abbiamo	avere	VIY	O	_	_
risposto	rispondere	VSP	O	_	_
,	comma	XPW	O	_	_
abbiamo	avere	VIY	O	_	_
cercato	cercare	VSP	O	_	_
di	di	E	O	_	_
difenderci	difendere/loc/pro	VF+E	O	_	_
come	come	CADV	O	_	_
eravamo	essere	VI	O	_	_
buoni	buono	AP	O	_	_
,	comma	XPW	O	_	_
poverini	poverino	AP	O	_	_
,	comma	XPW	O	_	_
contro	contro	E	O	_	_
le	il	RP	O	_	_
botte	botta	SP	O	_	_
dei	di/det	EP	O	_	_
cavalieri	cavaliere	SP	O	_	_
radicali	radicale	AP	O	_	_
.	.	XPS	O	_	_

Ebbene	ebbene	C	O	_	_
,	comma	XPW	O	_	_
lo	lo	PS	O	_	_
credereste	credere	VI	O	_	_
?	?	XPS	O	_	_

Tutto	tutto	PS	O	_	_
in	in	E	O	_	_
un	uno	RS	O	_	_
colpo	colpo	SS	O	_	_
l’	il	RS	O	_	_
Alto	alto	SPN	GPE	46.65596895	11.22964387
Adige	adige	SPN	GPE	46.65596895	11.22964387
cambia	cambiare	VI	O	_	_
tono	tono	SS	O	_	_
e	e	C	O	_	_
registro	registro	SS	O	_	_
e...	e...	YA	O	_	_
si	rifl	PN	O	_	_
fa	fare	VI	O	_	_
frate	frate	SP	O	_	_
.	.	XPS	O	_	_

Ieri	ieri	B	O	_	_
sera	sera	SS	O	_	_
non	non	B	O	_	_
ribatte	ribattere	VI	O	_	_
un	uno	RS	O	_	_
ette	ette	SS	O	_	_
delle	di/det	EP	O	_	_
nostre	nostro	DP	O	_	_
asserzioni	asserzione	SP	O	_	_
,	comma	XPW	O	_	_
ma	ma	C	O	_	_
,	comma	XPW	O	_	_
approfittando	approfittare	VG	O	_	_
di	di	E	O	_	_
un	uno	RS	O	_	_
articolo	articolo	SS	O	_	_
di	di	E	O	_	_
Romolo	romolo	SPN	PER	_	_
Murri	murri	SPN	PER	_	_
stampato	stampare	VSP	O	_	_
nel	in/det	ES	O	_	_
Corriere	corriere	SS	O	_	_
della	di/det	ES	O	_	_
Sera	sera	SPN	O	_	_
circa	circa	E	O	_	_
il	il	RS	O	_	_
clericalismo	clericalismo	SS	O	_	_
,	comma	XPW	O	_	_
rassicura	rassicurare	VI	O	_	_
la	il	RS	O	_	_
gente	gente	SS	O	_	_
timorata	timorata	VSP	O	_	_
di	di	E	O	_	_
Dio	dio	SS	O	_	_
e	e	C	O	_	_
credulona	credulona	VI	O	_	_
che	che	CCHE	O	_	_
lo	il	RS	O	_	_
legge	legge	SS	O	_	_
,	comma	XPW	O	_	_
ch’	che	CCHE	O	_	_
esso	esso	PS	O	_	_
,	comma	XPW	O	_	_
che	che	CCHE	O	_	_
i	il	RP	O	_	_
giovani	giovane	SP	O	_	_
radicali	radicale	AP	O	_	_
non	non	B	O	_	_
vogliono	volere	VI	O	_	_
combattere	combattere	VF	O	_	_
affatto	affatto	B	O	_	_
la	il	RS	O	_	_
religione	religione	SS	O	_	_
o	o	C	O	_	_
il	il	RS	O	_	_
cattolicismo	cattolicismo	SS	O	_	_
che	che	CCHE	O	_	_
per	per	E	O	_	_
loro	loro	PP	O	_	_
«	«	XPO	O	_	_
è	essere	VI	O	_	_
un	uno	RS	O	_	_
concetto	concetto	SS	O	_	_
puramente	puramente	B	O	_	_
religioso	religioso	AS	O	_	_
,	comma	XPW	O	_	_
estraneo	estraneo	AS	O	_	_
alla	a/det	ES	O	_	_
politica	politica	SS	O	_	_
»	»	XPO	O	_	_
,	comma	XPW	O	_	_
ma	ma	C	O	_	_
semplicemente	semplicemente	B	O	_	_
il	il	RS	O	_	_
clericalismo	clericalismo	SS	O	_	_
,	comma	XPW	O	_	_
la	il	RS	O	_	_
«	«	XPO	O	_	_
perpetuazione	perpetuazione	SS	O	_	_
dei	di/det	EP	O	_	_
privilegi	privilegio	SP	O	_	_
del	di/det	ES	O	_	_
clero	clero	SS	O	_	_
politicante	politicante	SS	O	_	_
»	»	XPO	O	_	_
.	.	XPS	O	_	_

Ora	ora	B	O	_	_
lasciamo	lasciare	VI	O	_	_
stare	stare	VF	O	_	_
l’	il	RS	O	_	_
articolo	articolo	SS	O	_	_
di	di	E	O	_	_
don	don	SN	O	_	_
Romolo	romolo	SPN	PER	_	_
Murri	murri	SPN	PER	_	_
,	comma	XPW	O	_	_
il	il	RS	O	_	_
quale	quale	PS	O	_	_
è	essere	VIY	O	_	_
molto	molto	B	O	_	_
confuso	confuso	AS	O	_	_
,	comma	XPW	O	_	_
inesatto	inesatto	AS	O	_	_
e	e	C	O	_	_
qui	qui	B	O	_	_
e	e	C	O	_	_
là	là	B	O	_	_
perfettamente	perfettamente	B	O	_	_
errato	errare	VSP	O	_	_
.	.	XPS	O	_	_

Sarà	essere	VI	O	_	_
buono	buono	AS	O	_	_
che	che	CCHE	O	_	_
non	non	B	O	_	_
vi	voi	PP	O	_	_
si	rifl	PN	O	_	_
appoggi	appoggiare	VI	O	_	_
nemmeno	nemmeno	B	O	_	_
l’	il	RS	O	_	_
Alto	alto	SPN	GPE	46.65596895	11.22964387
Adige	adige	SPN	GPE	46.65596895	11.22964387
,	comma	XPW	O	_	_
giacché	giacché	C	O	_	_
il	il	RS	O	_	_
Murri	murri	SPN	PER	_	_
dà	dare	VI	O	_	_
alla	a/det	ES	O	_	_
parola	parola	SS	O	_	_
clericalismo	clericalismo	SS	O	_	_
un	uno	RS	O	_	_
significato	significato	SS	O	_	_
molto	molto	B	O	_	_
più	più	B	O	_	_
vasto	vasto	AS	O	_	_
,	comma	XPW	O	_	_
di	di	E	O	_	_
quello	quello	PS	O	_	_
che	che	CCHE	O	_	_
lo	lo	PS	O	_	_
voglia	volere	VI	O	_	_
far	fare	VF	O	_	_
credere	credere	VF	O	_	_
l’	il	RS	O	_	_
organo	organo	SS	O	_	_
di	di	E	O	_	_
via	via	SS	O	_	_
Dordi	dordi	SPN	O	_	_
,	comma	XPW	O	_	_
tanto	tanto	PS	O	_	_
che	che	CCHE	O	_	_
chiama	chiamare	VI	O	_	_
«	«	XPO	O	_	_
clericali	clericale	AP	O	_	_
»	»	XPO	O	_	_
Giolitti	giolitti	SPN	PER	_	_
e	e	C	O	_	_
Fortis	fortis	SPN	PER	_	_
,	comma	XPW	O	_	_
di	di	E	O	_	_
cui	cui	PN	O	_	_
,	comma	XPW	O	_	_
se	se	C	O	_	_
non	non	B	O	_	_
erriamo	errare	VI	O	_	_
l’	il	RS	O	_	_
Alto	alto	SPN	GPE	46.65596895	11.22964387
Adige	adige	SPN	GPE	46.65596895	11.22964387
è	essere	VI	O	_	_
buon	buon	AS	O	_	_
ammiratore	ammiratore	SS	O	_	_
.	.	XPS	O	_	_

È	essere	VI	O	_	_
nota	noto	AS	O	_	_
poi	poi	B	O	_	_
la	il	RS	O	_	_
posizione	posizione	SS	O	_	_
che	che	CCHE	O	_	_
Romolo	romolo	SPN	PER	_	_
Murri	murri	SPN	PER	_	_
col	con/det	ES	O	_	_
suo	suo	DS	O	_	_
gruppo	gruppo	SS	O	_	_
«	«	XPO	O	_	_
autonomo	autonomo	AS	O	_	_
»	»	XPO	O	_	_
ha	avere	VIY	O	_	_
assunto	assumere	VSP	O	_	_
di	di	E	O	_	_
fronte	fronte	SS	O	_	_
ai	a/det	EP	O	_	_
cattolici	cattolico	SP	O	_	_
in	in	E	O	_	_
genere	genere	SS	O	_	_
,	comma	XPW	O	_	_
e	e	C	O	_	_
a	a	E	O	_	_
chi	chi	CCHI	O	_	_
come	come	CADV	O	_	_
noi	noi	PP	O	_	_
lo	lo	PS	O	_	_
conosce	conoscere	VI	O	_	_
da	da	E	O	_	_
tempo	tempo	SS	O	_	_
tanto	tanto	B	O	_	_
privatamente	privatamente	B	O	_	_
che	che	CCHE	O	_	_
come	come	CADV	O	_	_
uomo	uomo	SS	O	_	_
pubblico	pubblico	AS	O	_	_
non	non	B	O	_	_
riuscirà	riuscire	VI	O	_	_
difficile	difficile	AS	O	_	_
spiegarsi	spiegare/rifl	VF+E	O	_	_
il	il	RS	O	_	_
divenire	divenire	VF	O	_	_
e	e	C	O	_	_
la	il	RS	O	_	_
genesi	genesi	SN	O	_	_
del	di/det	ES	O	_	_
suo	suo	DS	O	_	_
presente	presente	AS	O	_	_
pensiero	pensiero	SS	O	_	_
politico	politico	AS	O	_	_
e	e	C	O	_	_
religioso	religioso	AS	O	_	_
,	comma	XPW	O	_	_
il	il	RS	O	_	_
quale	quale	PS	O	_	_
del	di/det	ES	O	_	_
resto	resto	SS	O	_	_
è	essere	VI	O	_	_
non	non	B	O	_	_
poco	poco	B	O	_	_
in	in	E	O	_	_
contraddizione	contraddizione	SS	O	_	_
con	con	E	O	_	_
altre	altro	DP	O	_	_
sue	suo	DP	O	_	_
enunciazioni	enunciazione	SP	O	_	_
dette	detto	AP	O	_	_
o	o	C	O	_	_
stampate	stampare	VPP	O	_	_
nelle	in/det	EP	O	_	_
Battaglie	battaglie	SPN	O	_	_
d’	di	E	O	_	_
Oggi	oggi	SPN	O	_	_
.	.	XPS	O	_	_

Ma	ma	C	O	_	_
veniamo	venare	VI	O	_	_
alle	a/det	EP	O	_	_
cose	cosa	SP	O	_	_
nostre	nostro	DP	O	_	_
,	comma	XPW	O	_	_
egregi	egregi	SP	O	_	_
giacobini	giacobino	AP	O	_	_
in	in	E	O	_	_
cocolla	cocolla	SS	O	_	_
,	comma	XPW	O	_	_
che	che	CCHE	O	_	_
sarà	essere	VI	O	_	_
più	più	B	O	_	_
pratico	pratico	AS	O	_	_
e	e	C	O	_	_
più	più	B	O	_	_
efficace	efficace	AS	O	_	_
.	.	XPS	O	_	_

È	essere	VI	O	_	_
vero	vero	AS	O	_	_
o	o	C	O	_	_
non	non	B	O	_	_
è	essere	VI	O	_	_
vero	vero	AS	O	_	_
che	che	CCHE	O	_	_
voi	voi	PS	O	_	_
siete	essere	VI	O	_	_
avversari	avversario	SP	O	_	_
e	e	C	O	_	_
apertamente	apertamente	B	O	_	_
o	o	C	O	_	_
occultamente	occultamente	B	O	_	_
combattete	combattere	VI	O	_	_
dottrine	dottrine	SS	O	_	_
o	o	C	O	_	_
istituzioni	istituzione	SP	O	_	_
prettamente	prettamente	B	O	_	_
religiose	religioso	AP	O	_	_
della	di/det	ES	O	_	_
Chiesa	chiesa	SS	O	_	_
cattolica	cattolico	AS	O	_	_
,	comma	XPW	O	_	_
in	in	E	O	_	_
riguardo	riguardo	SS	O	_	_
,	comma	XPW	O	_	_
per	per	E	O	_	_
esempio	esempio	SS	O	_	_
,	comma	XPW	O	_	_
dell’	di/det	ES	O	_	_
indissolubilità	indissolubilità	SN	O	_	_
del	di/det	ES	O	_	_
matrimonio	matrimonio	SS	O	_	_
,	comma	XPW	O	_	_
circa	circa	E	O	_	_
la	il	RS	O	_	_
separazione	separazione	SS	O	_	_
della	di/det	ES	O	_	_
Chiesa	chiesa	SS	O	_	_
dallo	da/det	ES	O	_	_
Stato	stato	SS	O	_	_
,	comma	XPW	O	_	_
circa	circa	E	O	_	_
la	il	RS	O	_	_
scuola	scuola	SS	O	_	_
confessionale	confessionale	AS	O	_	_
e	e	C	O	_	_
simili	simile	AP	O	_	_
?	?	XPS	O	_	_

Dopo	dopo	E	O	_	_
gli	il	RP	O	_	_
articoli	articolo	SP	O	_	_
recenti	recente	AP	O	_	_
,	comma	XPW	O	_	_
dopo	dopo	E	O	_	_
tutto	tutto	DS	O	_	_
il	il	RS	O	_	_
vostro	vostro	DS	O	_	_
passato	passato	SS	O	_	_
,	comma	XPW	O	_	_
malgrado	malgrado	E	O	_	_
l’	il	RS	O	_	_
ipocrisia	ipocrisia	SS	O	_	_
che	che	CCHE	O	_	_
spesso	spesso	B	O	_	_
usate	usato	AP	O	_	_
,	comma	XPW	O	_	_
ciò	ciò`	PS	O	_	_
è	essere	VI	O	_	_
tanto	tanto	B	O	_	_
evidente	evidente	AS	O	_	_
,	comma	XPW	O	_	_
che	che	CCHE	O	_	_
non	non	B	O	_	_
avrete	avere	VI	O	_	_
l’	il	RS	O	_	_
impudenza	impudenza	SS	O	_	_
di	di	E	O	_	_
negarlo	negare/pro	VF+E	O	_	_
.	.	XPS	O	_	_

In	in	E	O	_	_
tutte	tutto	DP	O	_	_
queste	questo	DP	O	_	_
tendenze	tendenza	SP	O	_	_
voi	voi	PS	O	_	_
vi	vi	B	O	_	_
trovate	trovare	VPP	O	_	_
dalla	da/det	ES	O	_	_
parte	parte	SS	O	_	_
di	di	E	O	_	_
coloro	colui	PP	O	_	_
che	che	CCHE	O	_	_
vogliono	volere	VI	O	_	_
ricacciare	ricacciare	VF	O	_	_
la	il	RS	O	_	_
Chiesa	chiesa	SS	O	_	_
da	da	E	O	_	_
tutte	tutto	DP	O	_	_
le	il	RP	O	_	_
posizioni	posizione	SP	O	_	_
,	comma	XPW	O	_	_
che	che	CCHE	O	_	_
difficultano	difficultano	VI	O	_	_
la	il	RS	O	_	_
diffusione	diffusione	SS	O	_	_
delle	di/det	EP	O	_	_
sue	suo	DP	O	_	_
dottrine	dottrina	SP	O	_	_
la	il	RS	O	_	_
pratica	pratico	AS	O	_	_
attuazione	attuazione	SS	O	_	_
delle	di/det	EP	O	_	_
sue	suo	DP	O	_	_
tantissime	tanto	AP	O	_	_
;	semicolon	XPS	O	_	_

per	per	E	O	_	_
voi	voi	PS	O	_	_
il	il	RS	O	_	_
cattolicismo	cattolicismo	SS	O	_	_
non	non	B	O	_	_
è	essere	VI	O	_	_
che	che	CCHE	O	_	_
un	uno	RS	O	_	_
«	«	XPO	O	_	_
concetto	concetto	SS	O	_	_
»	»	XPO	O	_	_
che	che	CCHE	O	_	_
dite	dire	VI	O	_	_
di	di	E	O	_	_
rispettare	rispettare	VF	O	_	_
,	comma	XPW	O	_	_
ma	ma	C	O	_	_
la	il	RS	O	_	_
Chiesa	chiesa	SS	O	_	_
cattolica	cattolico	AS	O	_	_
colla	con/det	ES	O	_	_
sua	suo	DS	O	_	_
gerarchia	gerarchia	SS	O	_	_
,	comma	XPW	O	_	_
colle	con/det	EP	O	_	_
sue	suo	DP	O	_	_
istituzioni	istituzione	SP	O	_	_
non	non	B	O	_	_
è	essere	VI	O	_	_
una	uno	RS	O	_	_
società	società	SN	O	_	_
umana-divina	umana-divina	AS	O	_	_
,	comma	XPW	O	_	_
il	il	RS	O	_	_
Papa	papa	SS	O	_	_
per	per	E	O	_	_
voi	voi	PS	O	_	_
è	essere	VI	O	_	_
come	come	CADV	O	_	_
per	per	E	O	_	_
Clemenceau	clemenceau	SPN	O	_	_
,	comma	XPW	O	_	_
uno	uno	RS	O	_	_
straniero	straniero	SS	O	_	_
.	.	XPS	O	_	_

Noi	noi	PP	O	_	_
invece	invece	B	O	_	_
,	comma	XPW	O	_	_
cattolici	cattolico	SP	O	_	_
militanti	militante	AP	O	_	_
,	comma	XPW	O	_	_
scendiamo	scendere	VI	O	_	_
in	in	E	O	_	_
campo	campo	SS	O	_	_
nella	in/det	ES	O	_	_
vita	vita	SS	O	_	_
pubblica	pubblico	AS	O	_	_
per	per	E	O	_	_
difendere	difendere	VF	O	_	_
la	il	RS	O	_	_
Chiesa	chiesa	SS	O	_	_
e	e	C	O	_	_
le	il	RP	O	_	_
sue	suo	DP	O	_	_
istituzioni	istituzione	SP	O	_	_
dagli	da/det	EP	O	_	_
attacchi	attacco	SP	O	_	_
e	e	C	O	_	_
dalle	da/det	EP	O	_	_
insidie	insidia	SP	O	_	_
dei	di/det	EP	O	_	_
suoi	suo	DP	O	_	_
avversari	avversario	SP	O	_	_
.	.	XPS	O	_	_

Queste	questo	PP	O	_	_
lotte	lotta	SP	O	_	_
trattandosi	trattare/rifl	VG+E	O	_	_
di	di	E	O	_	_
cose	cosa	SP	O	_	_
pubbliche	pubblico	AP	O	_	_
,	comma	XPW	O	_	_
vengono	venire	VIY	O	_	_
combattute	combattere	VPP	O	_	_
naturalmente	naturalmente	B	O	_	_
nell’	in/det	ES	O	_	_
ambito	ambito	SS	O	_	_
della	di/det	ES	O	_	_
politica	politica	SS	O	_	_
.	.	XPS	O	_	_

E	e	C	O	_	_
nel	in/det	ES	O	_	_
campo	campo	SS	O	_	_
della	di/det	ES	O	_	_
vita	vita	SS	O	_	_
pubblica	pubblico	AS	O	_	_
e	e	C	O	_	_
della	di/det	ES	O	_	_
politica	politica	SS	O	_	_
noi	noi	PP	O	_	_
,	comma	XPW	O	_	_
cattolici	cattolico	AP	O	_	_
militanti	militante	SP	O	_	_
,	comma	XPW	O	_	_
attendiamo	attendare	VI	O	_	_
quindi	quindi	B	O	_	_
a	a	E	O	_	_
nient’	nient’	SS	O	_	_
altro	altro	PS	O	_	_
che	che	CCHE	O	_	_
alla	a/det	ES	O	_	_
difesa	difesa	SS	O	_	_
degli	di/det	EP	O	_	_
interessi	interesse	SP	O	_	_
e	e	C	O	_	_
dello	di/det	ES	O	_	_
spirito	spirito	SS	O	_	_
religioso	religioso	AS	O	_	_
.	.	XPS	O	_	_

Chiamate	chiamare	VPP	O	_	_
voi	voi	PP	O	_	_
ciò	ciò`	PS	O	_	_
clericalismo	clericalismo	SS	O	_	_
?	?	XPS	O	_	_

E	e	C	O	_	_
sia	essere	VI	O	_	_
,	comma	XPW	O	_	_
ma	ma	C	O	_	_
non	non	B	O	_	_
venite	venire	VI	O	_	_
allora	allora	B	O	_	_
a	a	E	O	_	_
farci	farci	VF	O	_	_
viete	viete	VI	O	_	_
distinzioni	distinzione	SP	O	_	_
,	comma	XPW	O	_	_
ad	ad	E	O	_	_
impiantare	impiantare	VF	O	_	_
vecchi	vecchio	AP	O	_	_
sofismi	sofisma	SP	O	_	_
che	che	CCHE	O	_	_
non	non	B	O	_	_
valgono	valere	VI	O	_	_
più	più	B	O	_	_
che	che	CCHE	O	_	_
per	per	E	O	_	_
anime	anima	SP	O	_	_
ipocrite	ipocrite	VPP	O	_	_
o	o	C	O	_	_
per	per	E	O	_	_
quelle	quello	PP	O	_	_
mezze	mezzo	AP	O	_	_
coscienze	coscienza	SP	O	_	_
,	comma	XPW	O	_	_
avvezze	avvezze	SP	O	_	_
ormai	ormai	B	O	_	_
a	a	E	O	_	_
sorpassare	sorpassare	VF	O	_	_
alle	a/det	EP	O	_	_
contraddizioni	contraddizione	SP	O	_	_
latenti	latenti	VPP	O	_	_
fra	fra	E	O	_	_
la	il	RS	O	_	_
propria	propria	DS	O	_	_
vita	vita	SS	O	_	_
domestica	domestico	AS	O	_	_
e	e	C	O	_	_
la	il	RS	O	_	_
loro	loro	DP	O	_	_
attività	attività	SN	O	_	_
pubblica	pubblico	AS	O	_	_
.	.	XPS	O	_	_

Questo	questo	PS	O	_	_
è	essere	VI	O	_	_
il	il	RS	O	_	_
perno	perno	SS	O	_	_
della	di/det	ES	O	_	_
questione	questione	SS	O	_	_
,	comma	XPW	O	_	_
o	o	C	O	_	_
signori	signore	SP	O	_	_
,	comma	XPW	O	_	_
e	e	C	O	_	_
di	di	E	O	_	_
qui	qui	B	O	_	_
non	non	B	O	_	_
scappate	scappare	VPP	O	_	_
.	.	XPS	O	_	_

Tutto	tutto	PS	O	_	_
il	il	RS	O	_	_
resto	resto	SS	O	_	_
è	essere	VI	O	_	_
secondario	secondario	AS	O	_	_
,	comma	XPW	O	_	_
relativo	relativo	AS	O	_	_
,	comma	XPW	O	_	_
transeunte	transeunte	B	O	_	_
:	:	XPS	O	_	_
gli	il	RP	O	_	_
atteggiamenti	atteggiamento	SP	O	_	_
vari	vario	AP	O	_	_
che	che	CCHE	O	_	_
i	il	RP	O	_	_
cattolici	cattolico	SP	O	_	_
assumono	assumere	VI	O	_	_
in	in	E	O	_	_
questioni	questione	SP	O	_	_
politiche	politico	AP	O	_	_
in	in	E	O	_	_
senso	senso	SS	O	_	_
stretto	stretto	AS	O	_	_
od	od	C	O	_	_
economico	economico	AS	O	_	_
non	non	B	O	_	_
sono	essere	VI	O	_	_
per	per	E	O	_	_
gli	il	RP	O	_	_
avversari	avversario	SP	O	_	_
il	il	RS	O	_	_
clericalismo	clericalismo	SS	O	_	_
.	.	XPS	O	_	_

E	e	C	O	_	_
qui	qui	B	O	_	_
sta	stare	VI	O	_	_
anche	anche	C	O	_	_
l’	il	RS	O	_	_
errore	errore	SS	O	_	_
fondamentale	fondamentale	AS	O	_	_
del	di/det	ES	O	_	_
Murri	murri	SPN	O	_	_
.	.	XPS	O	_	_

Gli	il	RP	O	_	_
anticlericali	anticlericale	SP	O	_	_
non	non	B	O	_	_
combattono	combattere	VI	O	_	_
in	in	E	O	_	_
noi	noi	PP	O	_	_
solo	solo	B	O	_	_
o	o	C	O	_	_
precipuamente	precipuamente	B	O	_	_
il	il	RS	O	_	_
relativo	relativo	SS	O	_	_
della	di/det	ES	O	_	_
nostra	nostro	DS	O	_	_
politica	politica	SS	O	_	_
che	che	CCHE	O	_	_
varia	variare	VI	O	_	_
secondo	secondo	E	O	_	_
i	il	RP	O	_	_
tempi	tempo	SP	O	_	_
ed	ed	C	O	_	_
i	il	RP	O	_	_
paesi	paese	SP	O	_	_
,	comma	XPW	O	_	_
ma	ma	C	O	_	_
oppugnano	oppugnare	VI	O	_	_
l’	il	RS	O	_	_
assoluto	assoluto	SS	O	_	_
che	che	CCHE	O	_	_
è	essere	VI	O	_	_
ovunque	ovunque	B	O	_	_
legato	legare	VSP	O	_	_
indissolubilmente	indissolubilmente	B	O	_	_
colle	con/det	EP	O	_	_
dottrine	dottrine	SS	O	_	_
della	di/det	ES	O	_	_
religione	religione	SS	O	_	_
cattolica	cattolico	AS	O	_	_
e	e	C	O	_	_
colla	con/det	ES	O	_	_
vita	vita	SS	O	_	_
della	di/det	ES	O	_	_
Chiesa	chiesa	SS	O	_	_
.	.	XPS	O	_	_

E	e	C	O	_	_
voi	voi	PP	O	_	_
ben	ben	B	O	_	_
lo	lo	PS	O	_	_
sapete	sapere	VI	O	_	_
,	comma	XPW	O	_	_
giacobini	giacobino	SP	O	_	_
di	di	E	O	_	_
ieri	ieri	B	O	_	_
e	e	C	O	_	_
di	di	E	O	_	_
domani	domani	B	O	_	_
,	comma	XPW	O	_	_
che	che	CCHE	O	_	_
in	in	E	O	_	_
certi	certo	DP	O	_	_
momenti	momento	SP	O	_	_
della	di/det	ES	O	_	_
vita	vita	SS	O	_	_
politica	politico	AS	O	_	_
quotidiana	quotidiano	AS	O	_	_
,	comma	XPW	O	_	_
e	e	C	O	_	_
nessuno	nessuno	PS	O	_	_
vorrà	volere	VI	O	_	_
negare	negare	VF	O	_	_
che	che	CCHE	O	_	_
l’	il	RS	O	_	_
ora	ora	SS	O	_	_
che	che	CCHE	O	_	_
corte	corte	VI	O	_	_
è	essere	VI	O	_	_
uno	uno	PS	O	_	_
di	di	E	O	_	_
questi	questo	DP	O	_	_
momenti	momento	SP	O	_	_
,	comma	XPW	O	_	_
chi	chi	CCHI	O	_	_
milita	militare	VI	O	_	_
nella	in/det	ES	O	_	_
vita	vita	SS	O	_	_
pubblica	pubblico	AS	O	_	_
non	non	B	O	_	_
può	potere	VI	O	_	_
farlo	farlo	VF	O	_	_
che	che	CCHE	O	_	_
in	in	E	O	_	_
due	due	N	O	_	_
eserciti	esercito	SP	O	_	_
o	o	C	O	_	_
in	in	E	O	_	_
quello	quello	PS	O	_	_
di	di	E	O	_	_
coloro	colui	PP	O	_	_
che	che	CCHE	O	_	_
si	rifl	PN	O	_	_
organizzano	organizzare	VI	O	_	_
alla	a/det	ES	O	_	_
difesa	difesa	SS	O	_	_
della	di/det	ES	O	_	_
Chiesa	chiesa	SS	O	_	_
e	e	C	O	_	_
dei	di/det	EP	O	_	_
principii	principii	SP	O	_	_
,	comma	XPW	O	_	_
delle	di/det	EP	O	_	_
istituzioni	istituzione	SP	O	_	_
cristiane	cristiano	AP	O	_	_
,	comma	XPW	O	_	_
e	e	C	O	_	_
questi	questo	PP	O	_	_
chiamiamo	chiamare	VI	O	_	_
noi	noi	PP	O	_	_
cattolici	cattolico	AP	O	_	_
e	e	C	O	_	_
voi	voi	PP	O	_	_
clericali	clericale	AP	O	_	_
,	comma	XPW	O	_	_
o	o	C	O	_	_
in	in	E	O	_	_
quello	quello	PS	O	_	_
di	di	E	O	_	_
coloro	colui	PP	O	_	_
che	che	CCHE	O	_	_
combattono	combattere	VI	O	_	_
la	il	RS	O	_	_
Chiesa	chiesa	SS	O	_	_
,	comma	XPW	O	_	_
i	il	RP	O	_	_
papi	papa	SP	O	_	_
,	comma	XPW	O	_	_
i	il	RP	O	_	_
vescovi	vescovo	SP	O	_	_
e	e	C	O	_	_
questi	questo	PP	O	_	_
sono	essere	VI	O	_	_
gli	il	RP	O	_	_
anticlericali	anticlericale	SP	O	_	_
di	di	E	O	_	_
tutte	tutto	DP	O	_	_
le	il	RP	O	_	_
gradazioni	gradazione	SP	O	_	_
.	.	XPS	O	_	_

È	essere	VI	O	_	_
,	comma	XPW	O	_	_
vero	vero	AS	O	_	_
,	comma	XPW	O	_	_
vi	vi	B	O	_	_
sono	essere	VI	O	_	_
credenti	credente	AP	O	_	_
,	comma	XPW	O	_	_
che	che	CCHE	O	_	_
non	non	B	O	_	_
fanno	fare	VI	O	_	_
parte	parte	SS	O	_	_
né	né	B	O	_	_
dell’	di/det	ES	O	_	_
uno	uno	PS	O	_	_
né	né	B	O	_	_
dell’	di/det	ES	O	_	_
altro	altro	DS	O	_	_
esercito	esercito	SS	O	_	_
,	comma	XPW	O	_	_
ma	ma	C	O	_	_
questi	questo	DP	O	_	_
o	o	C	O	_	_
non	non	B	O	_	_
sono	essere	VI	O	_	_
militanti	militante	AP	O	_	_
e	e	C	O	_	_
allora	allora	C	O	_	_
rappresentano	rappresentare	VI	O	_	_
gli	il	RP	O	_	_
assenti	assente	SP	O	_	_
della	di/det	ES	O	_	_
vita	vita	SS	O	_	_
pubblica	pubblico	AS	O	_	_
o	o	C	O	_	_
non	non	B	O	_	_
hanno	avere	VI	O	_	_
chiaro	chiaro	B	O	_	_
nella	in/det	ES	O	_	_
loro	loro	DP	O	_	_
coscienza	coscienza	SS	O	_	_
il	il	RS	O	_	_
presente	presente	SS	O	_	_
«	«	XPO	O	_	_
grande	grande	AS	O	_	_
conflitto	conflitto	SS	O	_	_
»	»	XPO	O	_	_
,	comma	XPW	O	_	_
a	a	E	O	_	_
cui	cui	PN	O	_	_
accennava	accennare	VI	O	_	_
un	uno	RS	O	_	_
collaboratore	collaboratore	SS	O	_	_
dell’	di/det	ES	O	_	_
Alto	alto	SPN	GPE	46.65596895	11.22964387
Adige	adige	SPN	GPE	46.65596895	11.22964387
.	.	XPS	O	_	_

Ma	ma	C	O	_	_
codeste	codesto	DP	O	_	_
le	il	RP	O	_	_
son	son	SP	O	_	_
cose	cose	AP	O	_	_
che	che	CCHE	O	_	_
gli	il	RP	O	_	_
amici	amico	SP	O	_	_
radicali	radicale	AP	O	_	_
sanno	sapere	VI	O	_	_
benissimo	benissimo	B	O	_	_
e	e	C	O	_	_
anche	anche	C	O	_	_
recentemente	recentemente	B	O	_	_
ci	ci	B	O	_	_
hanno	avere	VIY	O	_	_
detto	dire	VSP	O	_	_
d’	di	E	O	_	_
appartenere	appartenere	VF	O	_	_
all’	a/det	ES	O	_	_
esercito	esercito	SS	O	_	_
che	che	CCHE	O	_	_
combatte	combattere	VI	O	_	_
la	il	RS	O	_	_
Chiesa	chiesa	SS	O	_	_
e	e	C	O	_	_
le	il	RP	O	_	_
«	«	XPO	O	_	_
brutte	brutto	AP	O	_	_
lettere	lettera	SP	O	_	_
sinodali	sinodale	AP	O	_	_
»	»	XPO	O	_	_
di	di	E	O	_	_
vescovi	vescovo	SP	O	_	_
,	comma	XPW	O	_	_
lettere	lettera	SP	O	_	_
sinodali	sinodale	AP	O	_	_
che	che	CCHE	O	_	_
non	non	B	O	_	_
riguardavano	riguardare	VI	O	_	_
affatto	affatto	B	O	_	_
la	il	RS	O	_	_
politica	politica	SS	O	_	_
in	in	E	O	_	_
senso	senso	SS	O	_	_
stretto	stretto	AS	O	_	_
,	comma	XPW	O	_	_
l’	il	RS	O	_	_
economia	economia	SS	O	_	_
o	o	C	O	_	_
la	il	RS	O	_	_
questione	questione	SS	O	_	_
nazionale	nazionale	AS	O	_	_
,	comma	XPW	O	_	_
ma	ma	C	O	_	_
appunto	appunto	B	O	_	_
la	il	RS	O	_	_
difesa	difesa	SS	O	_	_
d’	di	E	O	_	_
interessi	interesse	SP	O	_	_
religiosi	religioso	AP	O	_	_
nella	in/det	ES	O	_	_
vita	vita	SS	O	_	_
pubblica	pubblico	AS	O	_	_
.	.	XPS	O	_	_

Però	però	C	O	_	_
i	il	RP	O	_	_
nostri	nostro	DP	O	_	_
giacobini	giacobino	SP	O	_	_
hanno	avere	VI	O	_	_
paura	paura	SS	O	_	_
,	comma	XPW	O	_	_
hanno	avere	VIY	O	_	_
paura	paura	SS	O	_	_
del	di/det	ES	O	_	_
popolo	popolo	SS	O	_	_
,	comma	XPW	O	_	_
al	a/det	ES	O	_	_
quale	quale	PS	O	_	_
la	il	RS	O	_	_
rude	rude	SS	O	_	_
campagna	campagna	SS	O	_	_
anticlericale	anticlericale	AS	O	_	_
non	non	B	O	_	_
è	essere	VIY	O	_	_
mai	mai	B	O	_	_
piaciuta	piacere	VSP	O	_	_
,	comma	XPW	O	_	_
hanno	avere	VI	O	_	_
paura	paura	SS	O	_	_
del	di/det	ES	O	_	_
verdetto	verdetto	SS	O	_	_
del	di/det	ES	O	_	_
popolo	popolo	SS	O	_	_
trentino	trentino	AS	O	_	_
,	comma	XPW	O	_	_
per	per	E	O	_	_
il	il	RS	O	_	_
quale	quale	PS	O	_	_
il	il	RS	O	_	_
cattolicismo	cattolicismo	SS	O	_	_
è	essere	VI	O	_	_
qualche	qualche	DS	O	_	_
cosa	cosa	SS	O	_	_
di	di	E	O	_	_
più	più	B	O	_	_
che	che	CCHE	O	_	_
un	uno	RS	O	_	_
«	«	XPO	O	_	_
concetto	concetto	SS	O	_	_
»	»	XPO	O	_	_
.	.	XPS	O	_	_

E	e	C	O	_	_
,	comma	XPW	O	_	_
ogni	ogni	DS	O	_	_
qualvolta	qualvolta	SS	O	_	_
il	il	RS	O	_	_
loro	loro	DP	O	_	_
spirito	spirito	SS	O	_	_
anticlericale	anticlericale	AS	O	_	_
s’	s’	PN	O	_	_
è	essere	VIY	O	_	_
rivelato	rivelare	VSP	O	_	_
veramente	veramente	B	O	_	_
per	per	E	O	_	_
quello	quello	PS	O	_	_
che	che	CCHE	O	_	_
é	essere	VI	O	_	_
in	in	E	O	_	_
fretta	fretta	SS	O	_	_
e	e	C	O	_	_
in	in	E	O	_	_
furia	furia	SS	O	_	_
si	rifl	PN	O	_	_
fanno	fare	VIY	O	_	_
frati	frati	VPP	O	_	_
,	comma	XPW	O	_	_
predicatori	predicatore	SP	O	_	_
della	di/det	ES	O	_	_
religione	religione	SS	O	_	_
tutta	tutto	DS	O	_	_
interna	interno	AS	O	_	_
,	comma	XPW	O	_	_
tutta	tutto	DS	O	_	_
appartata	appartato	AS	O	_	_
,	comma	XPW	O	_	_
tutta	tutto	DS	O	_	_
da	da	E	O	_	_
romitaggio	romitaggio	SS	O	_	_
.	.	XPS	O	_	_

Ebbene	ebbene	C	O	_	_
,	comma	XPW	O	_	_
frate	frate	VPP	O	_	_
ipocrita	ipocrita	AS	O	_	_
,	comma	XPW	O	_	_
frate	frate	VPP	O	_	_
giacobino	giacobino	SS	O	_	_
,	comma	XPW	O	_	_
il	il	RS	O	_	_
Trentino	trentino	SPN	GPE	46.102869	11.12961993
cattolico	cattolico	AS	O	_	_
non	non	B	O	_	_
sa	sapere	VI	O	_	_
che	che	CCHE	O	_	_
farne	fare/part	VF+E	O	_	_
della	di/det	ES	O	_	_
tua	tuo	DS	O	_	_
religione	religione	SS	O	_	_
messa	mettere	VSP	O	_	_
in	in	E	O	_	_
cantina	cantina	SS	O	_	_
,	comma	XPW	O	_	_
del	di/det	ES	O	_	_
tuo	tuo	DS	O	_	_
falso	falso	AS	O	_	_
spirito	spirito	SS	O	_	_
religioso	religioso	AS	O	_	_
che	che	CCHE	O	_	_
deve	dovere	VI	O	_	_
svaporare	svaporare	VF	O	_	_
nella	in/det	ES	O	_	_
notte	notte	SS	O	_	_
e	e	C	O	_	_
fra	fra	E	O	_	_
quattro	quattro	N	O	_	_
pareti	parete	SP	O	_	_
,	comma	XPW	O	_	_
il	il	RS	O	_	_
Trentino	trentino	SPN	GPE	46.102869	11.12961993
vuole	volere	VI	O	_	_
che	che	CCHE	O	_	_
la	il	RS	O	_	_
sua	suo	DS	O	_	_
religione	religione	SS	O	_	_
si	rifl	PN	O	_	_
manifesti	manifestare	VI	O	_	_
in	in	E	O	_	_
privato	privato	SS	O	_	_
e	e	C	O	_	_
in	in	E	O	_	_
pubblico	pubblico	SS	O	_	_
,	comma	XPW	O	_	_
nelle	in/det	EP	O	_	_
scuole	scuola	SP	O	_	_
,	comma	XPW	O	_	_
nelle	in/det	EP	O	_	_
adunanze	adunanza	SP	O	_	_
,	comma	XPW	O	_	_
nelle	in/det	EP	O	_	_
associazioni	associazione	SP	O	_	_
,	comma	XPW	O	_	_
nello	in/det	ES	O	_	_
Stato	stato	SS	O	_	_
,	comma	XPW	O	_	_
vuole	volere	VI	O	_	_
che	che	CCHE	O	_	_
la	il	RS	O	_	_
vita	vita	SS	O	_	_
domestica	domestico	AS	O	_	_
e	e	C	O	_	_
la	il	RS	O	_	_
vita	vita	SS	O	_	_
pubblica	pubblico	AS	O	_	_
siano	essere	VI	O	_	_
armonicamente	armonicamente	B	O	_	_
dirette	dirigere	VPP	O	_	_
da	da	E	O	_	_
un	uno	RS	O	_	_
solo	solo	AS	O	_	_
spirito	spirito	SS	O	_	_
,	comma	XPW	O	_	_
il	il	RS	O	_	_
quale	quale	PS	O	_	_
deve	dovere	VI	O	_	_
aleggiare	aleggiare	VF	O	_	_
nelle	in/det	EP	O	_	_
cattedrali	cattedrale	SP	O	_	_
,	comma	XPW	O	_	_
e	e	C	O	_	_
negli	in/det	EP	O	_	_
istituti	istituto	SP	O	_	_
,	comma	XPW	O	_	_
eretti	eretti	SP	O	_	_
e	e	C	O	_	_
consacrati	consacrare	VPP	O	_	_
dalla	da/det	ES	O	_	_
laboriosa	laborioso	AS	O	_	_
fede	fede	SS	O	_	_
dei	di/det	EP	O	_	_
nostri	nostro	DP	O	_	_
padri	padre	SP	O	_	_
.	.	XPS	O	_	_
