# total number of persons:9, total number of gpes:13
L’	il	RS	O	_	_
Alto	alto	SPN	GPE	46.65596895	11.22964387
Adige	adige	SPN	GPE	46.65596895	11.22964387
porta	portare	VI	O	_	_
ieri	ieri	B	O	_	_
due	due	N	O	_	_
articoli	articolo	SP	O	_	_
.	.	XPS	O	_	_

Nel	in/det	ES	O	_	_
primo	primo	SS	O	_	_
il	il	RS	O	_	_
signor	signore	SS	O	_	_
S.,	s.,	SPN	O	_	_
scrivendo	scrivere	VG	O	_	_
a	a	E	O	_	_
nome	nome	SS	O	_	_
del	di/det	ES	O	_	_
paese	paese	SS	O	_	_
quello	quello	PS	O	_	_
che	che	CCHE	O	_	_
gli	gli	PS	O	_	_
detta	dire	VSP	O	_	_
dentro	dentro	B	O	_	_
,	comma	XPW	O	_	_
conclude	concludere	VI	O	_	_
reclamando	reclamare	VG	O	_	_
nientemeno	nientemeno	B	O	_	_
che	che	CCHE	O	_	_
le	il	RP	O	_	_
dimissioni	dimissione	SP	O	_	_
dei	di/det	EP	O	_	_
deputati	deputato	SP	O	_	_
,	comma	XPW	O	_	_
compreso	comprendere	VSP	O	_	_
l’	il	RS	O	_	_
on	on	SN	O	_	_
.	.	XPS	O	_	_

Silli	silli	SPN	PER	_	_
.	.	XPS	O	_	_

Nel	in/det	ES	O	_	_
secondo	secondo	E	O	_	_
la	il	RS	O	_	_
redazione	redazione	SS	O	_	_
polemizza	polemizzare	VI	O	_	_
con	con	E	O	_	_
la	il	RS	O	_	_
signora	signora	SS	O	_	_
Voce	voce	SPN	O	_	_
Cattolica	cattolica	SPN	O	_	_
la	il	RS	O	_	_
quale	quale	PS	O	_	_
,	comma	XPW	O	_	_
com’	com’	B	O	_	_
è	essere	VI	O	_	_
noto	noto	AS	O	_	_
,	comma	XPW	O	_	_
le	il	RP	O	_	_
viene	venire	VI	O	_	_
ogni	ogni	DS	O	_	_
giorno	giorno	SS	O	_	_
tra	tra	E	O	_	_
i	il	RP	O	_	_
piedi	piede	SP	O	_	_
per	per	E	O	_	_
quei	quello	DP	O	_	_
certi	certi	SP	O	_	_
riguardi	riguardi	AP	O	_	_
che	che	CCHE	O	_	_
ci	ci	PP	O	_	_
siamo	essere	VIY	O	_	_
imposti	imporre	VPP	O	_	_
verso	verso	E	O	_	_
il	il	RS	O	_	_
Rohmeder	rohmeder	SPN	O	_	_
,	comma	XPW	O	_	_
il	il	RS	O	_	_
Tiroler	tiroler	SPN	O	_	_
Tagblatt	tagblatt	SPN	O	_	_
,	comma	XPW	O	_	_
l’	il	RS	O	_	_
Alto	alto	SPN	GPE	46.65596895	11.22964387
Adige	adige	SPN	GPE	46.65596895	11.22964387
,	comma	XPW	O	_	_
la	il	RS	O	_	_
Bozner	bozner	SPN	O	_	_
e	e	C	O	_	_
simile	simile	AS	O	_	_
genia	genia	SS	O	_	_
.	.	XPS	O	_	_

Il	il	RS	O	_	_
Trentino	trentino	SPN	GPE	46.102869	11.12961993
,	comma	XPW	O	_	_
secondo	secondo	E	O	_	_
questo	questo	DS	O	_	_
articolo	articolo	SS	O	_	_
,	comma	XPW	O	_	_
ha	avere	VIY	O	_	_
confessato	confessare	VSP	O	_	_
completamente	completamente	B	O	_	_
il	il	RS	O	_	_
suo	suo	DS	O	_	_
procedere	procedere	VF	O	_	_
egoistico	egoistico	AS	O	_	_
o	o	C	O	_	_
se	se	C	O	_	_
non	non	B	O	_	_
fosse	essere	VI	O	_	_
il	il	RS	O	_	_
caso	caso	SS	O	_	_
che	che	CCHE	O	_	_
l’	il	RS	O	_	_
Alto	alto	SPN	GPE	46.65596895	11.22964387
Adige	adige	SPN	GPE	46.65596895	11.22964387
ha	avere	VI	O	_	_
una	uno	RS	O	_	_
diffusione	diffusione	SS	O	_	_
tale	tale	AS	O	_	_
che	che	CCHE	O	_	_
lo	lo	PS	O	_	_
premunisce	premunire	VI	O	_	_
dalle	da/det	EP	O	_	_
nostre	nostro	DP	O	_	_
bugie	bugia	SP	O	_	_
,	comma	XPW	O	_	_
il	il	RS	O	_	_
poveraccio	poveraccio	SS	O	_	_
rimarrebbe	rimanere	VI	O	_	_
vittima	vittima	SS	O	_	_
di	di	E	O	_	_
chi	chi	CCHI	O	_	_
sa	sapere	VI	O	_	_
quali	quale	DP	O	_	_
calunnie	calunnia	SP	O	_	_
"!"	esclamation_mark	XPS	O	_	_

Noi	noi	PP	O	_	_
non	non	B	O	_	_
ci	ci	PP	O	_	_
teniamo	tenere	VI	O	_	_
affatto	affatto	B	O	_	_
a	a	E	O	_	_
seguire	seguire	VF	O	_	_
e	e	C	O	_	_
controllare	controllare	VF	O	_	_
tutte	tutto	DP	O	_	_
le	il	RP	O	_	_
evoluzioni	evoluzione	SP	O	_	_
per	per	E	O	_	_
cui	cui	PN	O	_	_
l’	il	RS	O	_	_
Alto	alto	SPN	GPE	46.65596895	11.22964387
Adige	adige	SPN	GPE	46.65596895	11.22964387
è	essere	VIY	O	_	_
proceduto	procedere	VSP	O	_	_
durante	durante	E	O	_	_
la	il	RS	O	_	_
campagna	campagna	SS	O	_	_
per	per	E	O	_	_
la	il	RS	O	_	_
riforma	riforma	SS	O	_	_
elettorale	elettorale	AS	O	_	_
:	:	XPS	O	_	_
se	se	C	O	_	_
non	non	B	O	_	_
fosse	essere	VI	O	_	_
la	il	RS	O	_	_
canicola	canicola	SS	O	_	_
,	comma	XPW	O	_	_
la	il	RS	O	_	_
commedia	commedia	SS	O	_	_
del	di/det	ES	O	_	_
suffragio	suffragio	SS	O	_	_
universale	universale	AS	O	_	_
liberale	liberale	AS	O	_	_
avrebbe	avere	VIY	O	_	_
certo	certo	B	O	_	_
la	il	RS	O	_	_
sua	suo	DS	O	_	_
continuazione	continuazione	SS	O	_	_
.	.	XPS	O	_	_

Rileviamo	rilevare	VI	O	_	_
anche	anche	C	O	_	_
che	che	CCHE	O	_	_
l’	il	RS	O	_	_
Alto	alto	SPN	GPE	46.65596895	11.22964387
Adige	adige	SPN	GPE	46.65596895	11.22964387
continua	continuare	VI	O	_	_
a	a	E	O	_	_
falsare	falsare	VF	O	_	_
il	il	RS	O	_	_
nostro	nostro	DS	O	_	_
pensiero	pensiero	SS	O	_	_
,	comma	XPW	O	_	_
ma	ma	C	O	_	_
non	non	B	O	_	_
ce	ce	B	O	_	_
ne	ne	PN	O	_	_
occupiamo	occupare	VI	O	_	_
d’	di	E	O	_	_
avvantaggio	avvantaggio	SS	O	_	_
,	comma	XPW	O	_	_
tranquilli	tranquillo	AP	O	_	_
anche	anche	C	O	_	_
noi	noi	PP	O	_	_
per	per	E	O	_	_
quella	quello	DS	O	_	_
tal	tale	AS	O	_	_
diffusione	diffusione	SS	O	_	_
immunizzatrice	immunizzatrice	AS	O	_	_
che	che	CCHE	O	_	_
non	non	B	O	_	_
abbiamo	avere	VI	O	_	_
da	da	E	O	_	_
invidiare	invidiare	VF	O	_	_
ad	ad	E	O	_	_
altri	altro	PP	O	_	_
.	.	XPS	O	_	_

Con	con	E	O	_	_
tali	tale	AP	O	_	_
sistemi	sistema	SP	O	_	_
,	comma	XPW	O	_	_
bei	beare	VI	O	_	_
frutti	frutto	SP	O	_	_
ne	ne	PN	O	_	_
ricaverà	ricavare	VI	O	_	_
il	il	RS	O	_	_
paese	paese	SS	O	_	_
"!"	esclamation_mark	XPS	O	_	_

Noi	noi	PP	O	_	_
manteniamo	mantenere	VI	O	_	_
in	in	E	O	_	_
quanto	quanto	B	O	_	_
alla	a/det	ES	O	_	_
storia	storia	SS	O	_	_
degli	di/det	EP	O	_	_
ultimi	ultimo	AP	O	_	_
avvenimenti	avvenimento	SP	O	_	_
quanto	quanto	QNS	O	_	_
abbiamo	avere	VIY	O	_	_
scritto	scrivere	VSP	O	_	_
e	e	C	O	_	_
ripetiamo	ripetere	VI	O	_	_
all’	a/det	ES	O	_	_
Alto	alto	SPN	GPE	46.65596895	11.22964387
Adige	adige	SPN	GPE	46.65596895	11.22964387
che	che	CCHE	O	_	_
non	non	B	O	_	_
ritiriamo	ritirare	VI	O	_	_
un	uno	RS	O	_	_
rigo	rigo	SS	O	_	_
.	.	XPS	O	_	_

Questo	questo	PS	O	_	_
anche	anche	C	O	_	_
di	di	E	O	_	_
fronte	fronte	SS	O	_	_
a	a	E	O	_	_
quanto	quanto	B	O	_	_
l’	il	RS	O	_	_
Alto	alto	SPN	GPE	46.65596895	11.22964387
Adige	adige	SPN	GPE	46.65596895	11.22964387
dice	dire	VI	O	_	_
di	di	E	O	_	_
poter	potere	VF	O	_	_
documentare	documentare	VF	O	_	_
,	comma	XPW	O	_	_
ossia	ossia	C	O	_	_
all’	a/det	ES	O	_	_
andata	andare	VSP	O	_	_
dal	da/det	ES	O	_	_
ministro	ministro	SS	O	_	_
,	comma	XPW	O	_	_
alcune	alcuni	DP	O	_	_
ore	ora	SP	O	_	_
prima	prima	E	O	_	_
del	di/det	ES	O	_	_
compromesso	compromesso	SS	O	_	_
già	già	B	O	_	_
stipulato	stipulare	VSP	O	_	_
,	comma	XPW	O	_	_
andata	andare	VSP	O	_	_
,	comma	XPW	O	_	_
a	a	E	O	_	_
cui	cui	PN	O	_	_
noi	noi	PP	O	_	_
avevamo	avere	VIY	O	_	_
già	già	B	O	_	_
accennato	accennare	VSP	O	_	_
e	e	C	O	_	_
che	che	CCHE	O	_	_
anche	anche	C	O	_	_
ieri	ieri	B	O	_	_
abbiamo	avere	VIY	O	_	_
ricordato	ricordare	VSP	O	_	_
.	.	XPS	O	_	_

Ripetiamo	ripetere	VI	O	_	_
che	che	CCHE	O	_	_
non	non	B	O	_	_
possiamo	potere	VI	O	_	_
giudicare	giudicare	VF	O	_	_
le	il	RP	O	_	_
intenzioni	intenzione	SP	O	_	_
,	comma	XPW	O	_	_
ma	ma	C	O	_	_
solo	solo	B	O	_	_
alla	a/det	ES	O	_	_
stregua	stregua	SS	O	_	_
dei	di/det	EP	O	_	_
fatti	fatto	SP	O	_	_
.	.	XPS	O	_	_

Avevamo	avere	VI	O	_	_
del	di/det	ES	O	_	_
resto	resto	SS	O	_	_
previsto	previsto	AS	O	_	_
che	che	CCHE	O	_	_
l’	il	RS	O	_	_
entrata	entrata	SS	O	_	_
dell’	di/det	ES	O	_	_
on	on	SN	O	_	_
.	.	XPS	O	_	_

Conci	conciare	VI	O	_	_
nella	in/det	ES	O	_	_
commissione	commissione	SS	O	_	_
avrebbe	avere	VIY	O	_	_
dato	dare	VSP	O	_	_
modo	modo	SS	O	_	_
all’	a/det	ES	O	_	_
Alto	alto	SPN	GPE	46.65596895	11.22964387
Adige	adige	SPN	GPE	46.65596895	11.22964387
di	di	E	O	_	_
rovesciare	rovesciare	VF	O	_	_
le	il	RP	O	_	_
responsabilità	responsabilità	SN	O	_	_
addosso	addossare	VI	O	_	_
a	a	E	O	_	_
chi	chi	CCHI	O	_	_
non	non	B	O	_	_
le	le	PS	O	_	_
poteva	potere	VI	O	_	_
avere	avere	VF	O	_	_
.	.	XPS	O	_	_

Se	se	C	O	_	_
l’	l’	PS	O	_	_
on	on	B	O	_	_
.	.	XPS	O	_	_

Conci	concio	SP	PER	_	_
fosse	essere	VI	O	_	_
proprio	proprio	B	O	_	_
l’	il	RS	O	_	_
egoista	egoista	SS	O	_	_
che	che	CCHE	O	_	_
dipingete	dipingere	VI	O	_	_
voi	voi	PS	O	_	_
,	comma	XPW	O	_	_
avrebbe	avere	VIY	O	_	_
potuto	potere	VSP	O	_	_
starsene	stare/rifl/part	VF+E	O	_	_
in	in	E	O	_	_
disparte	disparte	B	O	_	_
e	e	C	O	_	_
lasciare	lasciare	VF	O	_	_
che	che	CCHE	O	_	_
solo	solo	B	O	_	_
gli	il	RP	O	_	_
artefici	artefice	SP	O	_	_
del	di/det	ES	O	_	_
compromesso	compromesso	SS	O	_	_
italo-slavo	italo-slavo	AS	O	_	_
si	rifl	PN	O	_	_
addossassero	addossare	VI	O	_	_
le	il	RP	O	_	_
responsabilità	responsabilità	SN	O	_	_
delle	di/det	EP	O	_	_
odiose	odioso	AP	O	_	_
conseguenze	conseguenza	SP	O	_	_
per	per	E	O	_	_
il	il	RS	O	_	_
Trentino	trentino	SPN	GPE	46.102869	11.12961993
.	.	XPS	O	_	_

Ripetiamo	ripetere	VI	O	_	_
pure	pure	C	O	_	_
che	che	CCHE	O	_	_
si	rifl	PN	O	_	_
combatta	combattere	VI	O	_	_
nel	in/det	ES	O	_	_
plenum	plenum	SS	O	_	_
per	per	E	O	_	_
la	il	RS	O	_	_
faccenda	faccenda	SS	O	_	_
delle	di/det	EP	O	_	_
oasi	oasi	SP	O	_	_
:	:	XPS	O	_	_
e	e	C	O	_	_
facciamo	fare	VI	O	_	_
voti	voto	SP	O	_	_
che	che	CCHE	O	_	_
gli	il	RP	O	_	_
egregi	egregi	SP	O	_	_
fratelli	fratello	AP	O	_	_
adriatici	adriatico	AP	O	_	_
che	che	CCHE	O	_	_
ora	ora	B	O	_	_
sono	essere	VI	O	_	_
generosamente	generosamente	B	O	_	_
in	in	E	O	_	_
giubilo	giubilo	SS	O	_	_
per	per	E	O	_	_
le	il	RP	O	_	_
conquiste	conquista	SP	O	_	_
fatte	fare	VPP	O	_	_
(	open_parenthesis	XPB	O	_	_
ieri	ieri	B	O	_	_
avete	avere	VIY	O	_	_
letto	leggere	VSP	O	_	_
l’	il	RS	O	_	_
articolo	articolo	SS	O	_	_
del	di/det	ES	O	_	_
Piccolo	piccolo	SPN	O	_	_
)	close_parenthesis	XPB	O	_	_
appoggino	appoggiare	VI	O	_	_
la	il	RS	O	_	_
già	già	B	O	_	_
annunziata	annunziare	VSP	O	_	_
proposta	proposta	SS	O	_	_
di	di	E	O	_	_
minoranza	minoranza	SS	O	_	_
dell’	di/det	ES	O	_	_
on	on	SN	O	_	_
.	.	XPS	O	_	_

Conci	conciare	VI	O	_	_
con	con	E	O	_	_
quel	quello	DS	O	_	_
medesimo	medesimo	AS	O	_	_
calore	calore	SS	O	_	_
con	con	E	O	_	_
cui	cui	PN	O	_	_
conchiusero	conchiusero	VI	O	_	_
quel	quello	DS	O	_	_
compromesso	compromesso	SS	O	_	_
che	che	CCHE	O	_	_
ci	ci	PP	O	_	_
mise	mettere	VI	O	_	_
in	in	E	O	_	_
una	uno	RS	O	_	_
posizione	posizione	SS	O	_	_
d’	di	E	O	_	_
inferiorità	inferiorità	SN	O	_	_
nelle	in/det	EP	O	_	_
trattative	trattativa	SP	O	_	_
coi	con/det	EP	O	_	_
tedeschi	tedesco	SP	O	_	_
.	.	XPS	O	_	_

E	e	C	O	_	_
poi	poi	B	O	_	_
,	comma	XPW	O	_	_
caro	caro	AS	O	_	_
Alto	alto	SPN	GPE	46.65596895	11.22964387
Adige	adige	SPN	GPE	46.65596895	11.22964387
,	comma	XPW	O	_	_
se	se	C	O	_	_
hai	avere	VI	O	_	_
ancora	ancora	B	O	_	_
voglia	voglia	SS	O	_	_
di	di	E	O	_	_
cianciare	cianciare	VF	O	_	_
d’	di	E	O	_	_
egoismo	egoismo	SS	O	_	_
e	e	C	O	_	_
di	di	E	O	_	_
particolarismo	particolarismo	SS	O	_	_
ti	tu	PS	O	_	_
citerò	citare	VI	O	_	_
un	uno	RS	O	_	_
giornale	giornale	SS	O	_	_
dei	di/det	EP	O	_	_
tuoi	tuo	DP	O	_	_
,	comma	XPW	O	_	_
l’	il	RS	O	_	_
Eco	eco	SPN	O	_	_
del	di/det	ES	O	_	_
Baldo	baldo	SPN	PER	_	_
,	comma	XPW	O	_	_
il	il	RS	O	_	_
quale	quale	PS	O	_	_
ha	avere	VIY	O	_	_
scritto	scrivere	VSP	O	_	_
che	che	CCHE	O	_	_
se	se	C	O	_	_
poi	poi	B	O	_	_
i	il	RP	O	_	_
mandati	mandato	SP	O	_	_
trentini	trentino	AP	O	_	_
saranno	essere	VI	O	_	_
8	8	N	O	_	_
invece	invece	C	O	_	_
di	di	E	O	_	_
9	9	N	O	_	_
,	comma	XPW	O	_	_
cioè	cioe`	B	O	_	_
uno	uno	RS	O	_	_
pretesco	pretesco	SS	O	_	_
di	di	E	O	_	_
meno	meno	B	O	_	_
,	comma	XPW	O	_	_
sarà	essere	VI	O	_	_
ancor	ancor	B	O	_	_
meglio	meglio	B	O	_	_
"!"	esclamation_mark	XPS	O	_	_

Questo	questo	PS	O	_	_
sì	sì	B	O	_	_
che	che	CCHE	O	_	_
è	essere	VI	O	_	_
sacrificio	sacrificio	SS	O	_	_
e	e	C	O	_	_
spirito	spirito	SS	O	_	_
nazionale	nazionale	AS	O	_	_
"!"	esclamation_mark	XPS	O	_	_

Eppure	eppure	C	O	_	_
l’	il	RS	O	_	_
acqua	acqua	SS	O	_	_
è	essere	VI	O	_	_
tanto	tanto	B	O	_	_
limpida	limpido	AS	O	_	_
per	per	E	O	_	_
chi	chi	CCHI	O	_	_
non	non	B	O	_	_
la	la	PS	O	_	_
vuole	volere	VI	O	_	_
intorbidare	intorbidare	VF	O	_	_
"!"	esclamation_mark	XPS	O	_	_

Noi	noi	PP	O	_	_
abbiamo	avere	VIY	O	_	_
detto	dire	VSP	O	_	_
,	comma	XPW	O	_	_
e	e	C	O	_	_
vi	vi	B	O	_	_
sfidiamo	sfidare	VI	O	_	_
a	a	E	O	_	_
negarlo	negare/pro	VF+E	O	_	_
:	:	XPS	O	_	_
o	o	C	O	_	_
si	rifl	PN	O	_	_
trova	trovare	VI	O	_	_
il	il	RS	O	_	_
mezzo	mezzo	SS	O	_	_
di	di	E	O	_	_
garantire	garantire	VF	O	_	_
il	il	RS	O	_	_
ritorno	ritorno	SS	O	_	_
simultaneo	simultaneo	AS	O	_	_
del	di/det	ES	O	_	_
Tirolo	tirolo	SPN	GPE	47.223193	11.5261028
e	e	C	O	_	_
del	di/det	ES	O	_	_
Trentino	trentino	SPN	GPE	46.102869	11.12961993
alle	a/det	EP	O	_	_
proposte	proposta	SP	O	_	_
Gautsch	gautsch	SPN	O	_	_
,	comma	XPW	O	_	_
ossia	ossia	C	O	_	_
a	a	E	O	_	_
13	13	N	O	_	_
mandato	mandare	VSP	O	_	_
tirolesi	tirolese	SP	O	_	_
e	e	C	O	_	_
8	8	N	O	_	_
trentini	trentino	SP	O	_	_
,	comma	XPW	O	_	_
e	e	C	O	_	_
allora	allora	C	O	_	_
noi	noi	PP	O	_	_
non	non	B	O	_	_
abbiamo	avere	VI	O	_	_
nulla	nulla	PS	O	_	_
in	in	E	O	_	_
contrario	contrario	SS	O	_	_
a	a	E	O	_	_
cedere	cedere	VF	O	_	_
il	il	RS	O	_	_
nono	nono	AS	O	_	_
mandato	mandato	SS	O	_	_
,	comma	XPW	O	_	_
oppure	oppure	C	O	_	_
non	non	B	O	_	_
si	rifl	PN	O	_	_
può	potere	VI	O	_	_
garantire	garantire	VF	O	_	_
questa	questo	DS	O	_	_
simultanea	simultaneo	AS	O	_	_
riduzione	riduzione	SS	O	_	_
,	comma	XPW	O	_	_
e	e	C	O	_	_
allora	allora	C	O	_	_
noi	noi	PP	O	_	_
protestiamo	protestare	VI	O	_	_
che	che	CCHE	O	_	_
si	rifl	PN	O	_	_
contratti	contrattare	VI	O	_	_
e	e	C	O	_	_
si	rifl	PN	O	_	_
disponga	disporre	VI	O	_	_
del	di/det	ES	O	_	_
nono	nono	AS	O	_	_
mandato	mandato	SS	O	_	_
,	comma	XPW	O	_	_
disarmandoci	disarmandoci	VI	O	_	_
e	e	C	O	_	_
ponendoci	ponendoci	VI	O	_	_
in	in	E	O	_	_
un’	uno	RS	O	_	_
alea	alea	SS	O	_	_
terribile	terribile	AS	O	_	_
di	di	E	O	_	_
fronte	fronte	SS	O	_	_
ai	a/det	EP	O	_	_
tedeschi	tedesco	SP	O	_	_
.	.	XPS	O	_	_

O	o	C	O	_	_
si	rifl	PN	O	_	_
voleva	volere	VI	O	_	_
forse	forse	B	O	_	_
dare	dare	VF	O	_	_
da	da	E	O	_	_
bere	bere	VF	O	_	_
che	che	CCHE	O	_	_
i	il	RP	O	_	_
tirolesi	tirolese	SP	O	_	_
ridurrebbero	ridurre	VI	O	_	_
i	il	RP	O	_	_
loro	loro	DP	O	_	_
mandati	mandato	SP	O	_	_
o	o	C	O	_	_
le	il	RP	O	_	_
annunziate	annunziate	AP	O	_	_
pretese	pretesa	SP	O	_	_
dell’	di/det	ES	O	_	_
Erler	erler	SPN	PER	_	_
,	comma	XPW	O	_	_
Schraff	schraff	SPN	PER	_	_
e	e	C	O	_	_
Tollinger	tollinger	SPN	PER	_	_
solo	solo	B	O	_	_
perché	perché	C	O	_	_
i	il	RP	O	_	_
trentini	trentino	SP	O	_	_
ne	ne	PN	O	_	_
avevano	avere	VIY	O	_	_
contrattato	contrattare	VSP	O	_	_
uno	uno	PS	O	_	_
cogli	cogli	VI	O	_	_
sloveni	sloveno	SP	O	_	_
"!"	esclamation_mark	XPS	O	_	_

Ma	ma	C	O	_	_
i	il	RP	O	_	_
giornali	giornale	SP	O	_	_
democratici	democratico	AP	O	_	_
,	comma	XPW	O	_	_
si	rifl	PN	O	_	_
capisce	capire	VI	O	_	_
,	comma	XPW	O	_	_
la	la	PS	O	_	_
pensavano	pensare	VI	O	_	_
così	così	B	O	_	_
:	:	XPS	O	_	_
ridurre	ridurre	VF	O	_	_
sì	sì	B	O	_	_
i	il	RP	O	_	_
mandati	mandato	SP	O	_	_
trentini	trentino	AP	O	_	_
a	a	E	O	_	_
8	8	N	O	_	_
,	comma	XPW	O	_	_
ma	ma	C	O	_	_
non	non	B	O	_	_
ritornare	ritornare	VF	O	_	_
con	con	E	O	_	_
ciò	ciò`	PS	O	_	_
integralmente	integralmente	B	O	_	_
alle	a/det	EP	O	_	_
proposte	proposta	SP	O	_	_
Gautsch	gautsch	SPN	O	_	_
,	comma	XPW	O	_	_
perché	perché	C	O	_	_
in	in	E	O	_	_
esse	esse	PP	O	_	_
era	essere	VIY	O	_	_
compresa	comprendere	VSP	O	_	_
anche	anche	C	O	_	_
una	uno	RS	O	_	_
distrettuazione	distrettuazione	SS	O	_	_
più	più	B	O	_	_
giusta	giusto	AS	O	_	_
e	e	C	O	_	_
che	che	CCHE	O	_	_
escludeva	escludere	VI	O	_	_
i	il	RP	O	_	_
privilegi	privilegio	SP	O	_	_
dei	di/det	EP	O	_	_
liberali	liberale	SP	O	_	_
.	.	XPS	O	_	_

Ecco	ecco	B	O	_	_
quindi	quindi	C	O	_	_
il	il	RS	O	_	_
pio	pio	SS	O	_	_
desiderio	desiderio	AS	O	_	_
:	:	XPS	O	_	_
Numero	numero	SS	O	_	_
dei	di/det	EP	O	_	_
mandati	mandato	SP	O	_	_
secondo	secondo	E	O	_	_
Gautsch	gautsch	SPN	O	_	_
(	open_parenthesis	XPB	O	_	_
8	8	N	O	_	_
)	close_parenthesis	XPB	O	_	_
,	comma	XPW	O	_	_
ma	ma	C	O	_	_
distrettuazione	distrettuazione	SS	O	_	_
analoga	analogo	AS	O	_	_
alla	a/det	ES	O	_	_
proposta	proposta	SS	O	_	_
Hohenlohe	hohenlohe	SPN	PER	_	_
(	open_parenthesis	XPB	O	_	_
i	il	RP	O	_	_
due	due	N	O	_	_
famosi	famoso	AP	O	_	_
«	«	XPO	O	_	_
collegi	collegio	SP	O	_	_
urbani	urbano	AP	O	_	_
»	»	XPO	O	_	_
)	close_parenthesis	XPB	O	_	_
.	.	XPS	O	_	_

Il	il	RS	O	_	_
risultato	risultato	SS	O	_	_
della	di/det	ES	O	_	_
somma	somma	SS	O	_	_
doveva	dovere	VI	O	_	_
essere	essere	VF	O	_	_
un	uno	RS	O	_	_
mandato	mandato	SS	O	_	_
«	«	XPO	O	_	_
clericale	clericale	AS	O	_	_
»	»	XPO	O	_	_
o	o	C	O	_	_
«	«	XPO	O	_	_
pretesco	pretesco	VI	O	_	_
»	»	XPO	O	_	_
,	comma	XPW	O	_	_
di	di	E	O	_	_
meno	meno	B	O	_	_
,	comma	XPW	O	_	_
come	come	CADV	O	_	_
dice	dire	VI	O	_	_
l’	il	RS	O	_	_
Eco	eco	SPN	O	_	_
del	di/det	ES	O	_	_
Baldo	baldo	SPN	PER	_	_
.	.	XPS	O	_	_

È	essere	VI	O	_	_
vero	vero	AS	O	_	_
che	che	CCHE	O	_	_
questi	questo	DP	O	_	_
calcoli	calcolo	SP	O	_	_
erano	essere	VI	O	_	_
contrari	contrario	AP	O	_	_
alle	a/det	EP	O	_	_
dichiarazioni	dichiarazione	SP	O	_	_
o	o	C	O	_	_
riserve	riserva	SP	O	_	_
Malfatti	malfatti	SPN	PER	_	_
della	di/det	ES	O	_	_
giornata	giornata	SS	O	_	_
,	comma	XPW	O	_	_
ma	ma	C	O	_	_
,	comma	XPW	O	_	_
si	rifl	PN	O	_	_
sa	sapere	VI	O	_	_
,	comma	XPW	O	_	_
i	il	RP	O	_	_
nostri	nostro	DP	O	_	_
liberali	liberale	SP	O	_	_
in	in	E	O	_	_
paese	paese	SS	O	_	_
sanno	sapere	VI	O	_	_
esserlo	esserlo	YF	O	_	_
più	più	B	O	_	_
dei	di/det	EP	O	_	_
loro	loro	PP	O	_	_
deputati	deputato	SP	O	_	_
,	comma	XPW	O	_	_
almeno	almeno	B	O	_	_
a	a	E	O	_	_
lumi	lume	SP	O	_	_
spenti	spento	AP	O	_	_
.	.	XPS	O	_	_

E	e	C	O	_	_
dopo	dopo	E	O	_	_
tutto	tutto	DS	O	_	_
questo	questo	PS	O	_	_
po’	po’	PN	O	_	_
di	di	E	O	_	_
roba	roba	SS	O	_	_
si	rifl	PN	O	_	_
passa	passare	VI	O	_	_
all’offensiva.	all’offensiva.	SPN	O	_	_
Via	via	SPN	O	_	_
,	comma	XPW	O	_	_
la	il	RS	O	_	_
mossa	mossa	SS	O	_	_
era	essere	VI	O	_	_
abile	abile	AS	O	_	_
,	comma	XPW	O	_	_
ma	ma	C	O	_	_
un	uno	RS	O	_	_
po’	poco	B	O	_	_
troppo	troppo	B	O	_	_
evidente	evidente	AS	O	_	_
e	e	C	O	_	_
le	il	RP	O	_	_
somme	somma	SP	O	_	_
le	le	PS	O	_	_
sa	sapere	VI	O	_	_
tirare	tirare	VF	O	_	_
anche	anche	C	O	_	_
il	il	RS	O	_	_
«	«	XPO	O	_	_
paese	paese	SS	O	_	_
»	»	XPO	O	_	_
,	comma	XPW	O	_	_
nonostante	nonostante	E	O	_	_
la	il	RS	O	_	_
sua	suo	DS	O	_	_
decantata	decantare	VSP	O	_	_
diffusione	diffusione	SS	O	_	_
.	.	XPS	O	_	_
