# total number of persons:1, total number of gpes:3
Una	uno	RS	O	_	_
buona	buono	AS	O	_	_
giornata	giornata	SS	O	_	_
si	rifl	PN	O	_	_
può	potere	VI	O	_	_
dire	dire	VF	O	_	_
quella	quello	PS	O	_	_
di	di	E	O	_	_
ieri	ieri	B	O	_	_
per	per	E	O	_	_
il	il	RS	O	_	_
nostro	nostro	DS	O	_	_
paese	paese	SS	O	_	_
.	.	XPS	O	_	_

Una	uno	RS	O	_	_
giornata	giornata	SS	O	_	_
di	di	E	O	_	_
sole	sole	SS	O	_	_
,	comma	XPW	O	_	_
che	che	CCHE	O	_	_
è	essere	VI	O	_	_
così	così	B	O	_	_
rara	raro	AS	O	_	_
nel	in/det	ES	O	_	_
nostro	nostro	DS	O	_	_
piccolo	piccolo	AS	O	_	_
cielo	cielo	SS	O	_	_
politico	politico	AS	O	_	_
,	comma	XPW	O	_	_
quasi	quasi	B	O	_	_
sempre	sempre	B	O	_	_
bigio	bigio	SS	O	_	_
e	e	C	O	_	_
disperatamente	disperatamente	B	O	_	_
chiuso	chiuso	AS	O	_	_
.	.	XPS	O	_	_

In	in	E	O	_	_
altri	altro	DP	O	_	_
paesi	paese	SP	O	_	_
,	comma	XPW	O	_	_
fecondati	fecondare	VPP	O	_	_
periodicamente	periodicamente	B	O	_	_
dalla	da/det	ES	O	_	_
pioggia	pioggia	SS	O	_	_
dei	di/det	EP	O	_	_
milioni	milione	SP	O	_	_
,	comma	XPW	O	_	_
si	rifl	PN	O	_	_
direbbe	dire	VI	O	_	_
forse	forse	B	O	_	_
della	di/det	ES	O	_	_
nostra	nostro	DS	O	_	_
consolazione	consolazione	SS	O	_	_
.	.	XPS	O	_	_

Ma	ma	C	O	_	_
noi	noi	PP	O	_	_
siamo	essere	VI	O	_	_
poveri	povero	AP	O	_	_
,	comma	XPW	O	_	_
e	e	C	O	_	_
dei	di/det	EP	O	_	_
Lazzari	lazzaro	SP	O	_	_
accovacciati	accovacciare	VPP	O	_	_
sotto	sotto	E	O	_	_
il	il	RS	O	_	_
banchetto	banchetto	SS	O	_	_
dello	di/det	ES	O	_	_
Stato	stato	SS	O	_	_
,	comma	XPW	O	_	_
aspettando	aspettare	VG	O	_	_
da	da	E	O	_	_
lungo	lungo	AS	O	_	_
tempo	tempo	SS	O	_	_
le	il	RP	O	_	_
briciole	briciola	SP	O	_	_
che	che	CCHE	O	_	_
avrebbero	avere	VIY	O	_	_
dovuto	dovere	VSP	O	_	_
cadere	cadere	VF	O	_	_
dalla	da/det	ES	O	_	_
mensa	mensa	SS	O	_	_
.	.	XPS	O	_	_

Epulone	epulone	SS	O	_	_
ci	ci	PP	O	_	_
ha	avere	VIY	O	_	_
trattati	trattare	VPP	O	_	_
a	a	E	O	_	_
lungo	lungo	AS	O	_	_
,	comma	XPW	O	_	_
come	come	CADV	O	_	_
narra	narrare	VI	O	_	_
la	il	RS	O	_	_
parabola	parabola	SS	O	_	_
evangelica	evangelico	AS	O	_	_
.	.	XPS	O	_	_

Ed	ed	C	O	_	_
ora	ora	B	O	_	_
che	che	CCHE	O	_	_
è	essere	VIY	O	_	_
riuscito	riuscire	VSP	O	_	_
di	di	E	O	_	_
muoverlo	muovere/pro	VF+E	O	_	_
a	a	E	O	_	_
più	più	B	O	_	_
ragionevole	ragionevole	AS	O	_	_
consiglio	consiglio	SS	O	_	_
,	comma	XPW	O	_	_
a	a	E	O	_	_
fargli	fargli	SP	O	_	_
capire	capire	VF	O	_	_
almeno	almeno	C	O	_	_
che	che	CCHE	O	_	_
ridar	ridar	VI	O	_	_
forza	forza	SS	O	_	_
al	a/det	ES	O	_	_
povero	povero	AS	O	_	_
Lazzaro	lazzaro	SPN	PER	_	_
è	essere	VI	O	_	_
aumentare	aumentare	VF	O	_	_
la	il	RS	O	_	_
potenza	potenza	SS	O	_	_
sua	suo	DS	O	_	_
e	e	C	O	_	_
il	il	RS	O	_	_
suo	suo	DS	O	_	_
prestigio	prestigio	SS	O	_	_
,	comma	XPW	O	_	_
non	non	B	O	_	_
abbiamo	avere	VI	O	_	_
noi	noi	PP	O	_	_
ragione	ragione	SS	O	_	_
di	di	E	O	_	_
godere	godere	VF	O	_	_
,	comma	XPW	O	_	_
e	e	C	O	_	_
di	di	E	O	_	_
rallegrarci	rallegrare/pro/loc	VF+E	O	_	_
?	?	XPS	O	_	_

Il	il	RS	O	_	_
comunicato	comunicato	SS	O	_	_
ufficioso	ufficioso	AS	O	_	_
che	che	CCHE	O	_	_
ieri	ieri	B	O	_	_
abbiamo	avere	VIY	O	_	_
riportato	riportare	VSP	O	_	_
in	in	E	O	_	_
testa	testa	SS	O	_	_
al	a/det	ES	O	_	_
giornale	giornale	SS	O	_	_
è	essere	VI	O	_	_
,	comma	XPW	O	_	_
non	non	B	O	_	_
v’	v’	B	O	_	_
ha	avere	VI	O	_	_
dubbio	dubbio	AS	O	_	_
,	comma	XPW	O	_	_
un	uno	RS	O	_	_
passo	passo	SS	O	_	_
in	in	E	O	_	_
avanti	avanti	B	O	_	_
per	per	E	O	_	_
l’	il	RS	O	_	_
azione	azione	SS	O	_	_
economica	economico	AS	O	_	_
.	.	XPS	O	_	_

S’	s’	PN	O	_	_
incominciava	incominciare	VI	O	_	_
a	a	E	O	_	_
dubitare	dubitare	VF	O	_	_
di	di	E	O	_	_
essa	essa	PS	O	_	_
e	e	C	O	_	_
delle	di/det	EP	O	_	_
promesse	promessa	SP	O	_	_
governative	governativo	AP	O	_	_
troppo	troppo	DS	O	_	_
generiche	generico	AP	O	_	_
,	comma	XPW	O	_	_
per	per	E	O	_	_
rappresentare	rappresentare	VF	O	_	_
un	uno	RS	O	_	_
impegno	impegno	SS	O	_	_
;	semicolon	XPS	O	_	_

e	e	C	O	_	_
l’	il	RS	O	_	_
ultimo	ultimo	AS	O	_	_
convegno	convegno	SS	O	_	_
a	a	E	O	_	_
Vienna	vienna	SPN	GPE	48.2083537	16.3725042
dei	di/det	EP	O	_	_
deputati	deputato	SP	O	_	_
e	e	C	O	_	_
degli	di/det	EP	O	_	_
esperti	esperto	SP	O	_	_
fu	essere	VI	O	_	_
per	per	E	O	_	_
parecchi	parecchio	AP	O	_	_
una	uno	RS	O	_	_
doccia	doccia	SS	O	_	_
fredda	freddo	AS	O	_	_
,	comma	XPW	O	_	_
perché	perché	C	O	_	_
dal	da/det	ES	O	_	_
convegno	convegno	SS	O	_	_
e	e	C	O	_	_
dalle	da/det	EP	O	_	_
dichiarazioni	dichiarazione	SP	O	_	_
governative	governativo	AP	O	_	_
non	non	B	O	_	_
risultava	risultare	VI	O	_	_
né	né	B	O	_	_
il	il	RS	O	_	_
tempo	tempo	SS	O	_	_
,	comma	XPW	O	_	_
né	né	C	O	_	_
apparivano	apparire	VI	O	_	_
il	il	RS	O	_	_
modo	modo	SS	O	_	_
e	e	C	O	_	_
la	il	RS	O	_	_
misura	misura	SS	O	_	_
dell’	di/det	ES	O	_	_
azione	azione	SS	O	_	_
di	di	E	O	_	_
soccorso	soccorso	SS	O	_	_
promessa	promesso	AS	O	_	_
.	.	XPS	O	_	_

Il	il	RS	O	_	_
comunicato	comunicato	SS	O	_	_
di	di	E	O	_	_
ieri	ieri	B	O	_	_
invece	invece	B	O	_	_
stabilisce	stabilire	VI	O	_	_
a	a	E	O	_	_
chiare	chiare	VF	O	_	_
note	nota	SP	O	_	_
che	che	CCHE	O	_	_
la	il	RS	O	_	_
commissione	commissione	SS	O	_	_
di	di	E	O	_	_
soccorso	soccorso	SS	O	_	_
ha	avere	VIY	O	_	_
redatto	redigere	VSP	O	_	_
un	uno	RS	O	_	_
programma	programma	SS	O	_	_
concreto	concreto	AS	O	_	_
,	comma	XPW	O	_	_
che	che	CCHE	O	_	_
questo	questo	DS	O	_	_
programma	programma	SS	O	_	_
verrà	venire	VIY	O	_	_
sottoposto	sottoporre	VSP	O	_	_
ancora	ancora	B	O	_	_
entro	entro	E	O	_	_
l’	il	RS	O	_	_
aprile	aprile	SS	O	_	_
al	a/det	ES	O	_	_
presidente	presidente	SS	O	_	_
dei	di/det	EP	O	_	_
ministri	ministro	SP	O	_	_
e	e	C	O	_	_
che	che	CCHE	O	_	_
dopo	dopo	E	O	_	_
le	il	RP	O	_	_
deliberazioni	deliberazione	SP	O	_	_
del	di/det	ES	O	_	_
consiglio	consiglio	SS	O	_	_
di	di	E	O	_	_
gabinetto	gabinetto	SS	O	_	_
,	comma	XPW	O	_	_
tal	tale	VI	O	_	_
programma	programma	SS	O	_	_
verrà	venire	VIY	O	_	_
preso	prendere	VSP	O	_	_
in	in	E	O	_	_
considerazione	considerazione	SS	O	_	_
già	già	B	O	_	_
nel	in/det	ES	O	_	_
prossimo	prossimo	AS	O	_	_
bilancio	bilancio	SS	O	_	_
dello	di/det	ES	O	_	_
stato	stato	SS	O	_	_
.	.	XPS	O	_	_

Il	il	RS	O	_	_
comunicato	comunicato	SS	O	_	_
rappresenta	rappresentare	VI	O	_	_
quindi	quindi	C	O	_	_
un	uno	RS	O	_	_
impegno	impegno	SS	O	_	_
di	di	E	O	_	_
tempo	tempo	SS	O	_	_
,	comma	XPW	O	_	_
il	il	RS	O	_	_
quale	quale	PS	O	_	_
ci	loc	PN	O	_	_
permette	permettere	VI	O	_	_
di	di	E	O	_	_
ritenere	ritenere	VF	O	_	_
che	che	CCHE	O	_	_
l’	il	RS	O	_	_
azione	azione	SS	O	_	_
di	di	E	O	_	_
soccorso	soccorso	SS	O	_	_
venga	venire	VIY	O	_	_
fatta	fare	VSP	O	_	_
sul	su/det	ES	O	_	_
serio	serio	SS	O	_	_
e	e	C	O	_	_
presto	presto	B	O	_	_
.	.	XPS	O	_	_

Vero	vero	AS	O	_	_
che	che	CCHE	O	_	_
non	non	B	O	_	_
ci	ci	PP	O	_	_
è	essere	VI	O	_	_
ancora	ancora	B	O	_	_
detto	dire	VSP	O	_	_
del	di/det	ES	O	_	_
modo	modo	SS	O	_	_
e	e	C	O	_	_
della	di/det	ES	O	_	_
misura	misura	SS	O	_	_
di	di	E	O	_	_
tale	tale	DS	O	_	_
azione	azione	SS	O	_	_
.	.	XPS	O	_	_

Se	se	C	O	_	_
però	però	C	O	_	_
consideriamo	considerare	VI	O	_	_
che	che	CCHE	O	_	_
vi	vi	B	O	_	_
è	essere	VIY	O	_	_
detto	dire	VSP	O	_	_
doversi	dovere/rifl	VF+E	O	_	_
il	il	RS	O	_	_
programma	programma	SS	O	_	_
estendere	estendere	VF	O	_	_
a	a	E	O	_	_
parecchi	parecchio	AP	O	_	_
anni	anno	SP	O	_	_
ossia	ossia	C	O	_	_
le	il	RP	O	_	_
spese	spesa	SP	O	_	_
della	di/det	ES	O	_	_
sua	suo	DS	O	_	_
attuazione	attuazione	SS	O	_	_
suddividersi	suddividere/rifl	VF+E	O	_	_
su	su	E	O	_	_
diversi	diverso	AP	O	_	_
bilanci	bilancio	SP	O	_	_
,	comma	XPW	O	_	_
ci	ci	B	O	_	_
sarà	essere	VIY	O	_	_
lecito	lecito	VSP	O	_	_
sperare	sperare	VF	O	_	_
che	che	CCHE	O	_	_
l’	il	RS	O	_	_
azione	azione	SS	O	_	_
non	non	B	O	_	_
riuscirà	riuscire	VI	O	_	_
meschina	meschina	SS	O	_	_
e	e	C	O	_	_
gretta	gretta	SS	O	_	_
.	.	XPS	O	_	_

Nel	in/det	ES	O	_	_
comunicato	comunicato	SS	O	_	_
è	essere	VIY	O	_	_
detto	dire	VSP	O	_	_
inoltre	inoltre	C	O	_	_
che	che	CCHE	O	_	_
il	il	RS	O	_	_
programma	programma	SS	O	_	_
si	rifl	PN	O	_	_
trova	trovare	VI	O	_	_
in	in	E	O	_	_
piena	pieno	AS	O	_	_
armonia	armonia	SS	O	_	_
coi	con/det	EP	O	_	_
desideri	desiderio	SP	O	_	_
espressi	esprimere	VPP	O	_	_
dalle	da/det	EP	O	_	_
persone	persona	SP	O	_	_
competenti	competente	AP	O	_	_
,	comma	XPW	O	_	_
e	e	C	O	_	_
qui	qui	B	O	_	_
ci	ci	B	O	_	_
è	essere	VIY	O	_	_
permesso	permettere	VSP	O	_	_
di	di	E	O	_	_
sperare	sperare	VF	O	_	_
che	che	CCHE	O	_	_
il	il	RS	O	_	_
programma	programma	SS	O	_	_
corrisponda	corrispondere	VI	O	_	_
al	a/det	ES	O	_	_
parere	parere	SS	O	_	_
manifestato	manifestare	VSP	O	_	_
dagli	da/det	EP	O	_	_
esperti	esperto	SP	O	_	_
,	comma	XPW	O	_	_
e	e	C	O	_	_
in	in	E	O	_	_
modo	modo	SS	O	_	_
speciale	speciale	AS	O	_	_
al	a/det	ES	O	_	_
programma	programma	SS	O	_	_
redatto	redigere	VSP	O	_	_
da	da	E	O	_	_
tempo	tempo	SS	O	_	_
dai	da/det	EP	O	_	_
nostri	nostro	DP	O	_	_
rappresentanti	rappresentante	SP	O	_	_
.	.	XPS	O	_	_

Comunque	comunque	B	O	_	_
,	comma	XPW	O	_	_
mantenendoci	mantenere/pro/loc	VG+E	O	_	_
anche	anche	C	O	_	_
solo	solo	B	O	_	_
nel	in/det	ES	O	_	_
certo	certo	B	O	_	_
e	e	C	O	_	_
nell’	in/det	ES	O	_	_
assicurato	assicurato	SS	O	_	_
,	comma	XPW	O	_	_
la	il	RS	O	_	_
nuova	nuovo	AS	O	_	_
dichiarazione	dichiarazione	SS	O	_	_
rappresenta	rappresentare	VI	O	_	_
senza	senza	E	O	_	_
dubbio	dubbio	SS	O	_	_
un	uno	RS	O	_	_
passo	passo	SS	O	_	_
in	in	E	O	_	_
avanti	avanti	B	O	_	_
.	.	XPS	O	_	_

E	e	C	O	_	_
siccome	siccome	SS	O	_	_
siamo	essere	VIY	O	_	_
informati	informare	VPP	O	_	_
che	che	CCHE	O	_	_
ad	ad	E	O	_	_
accelerare	accelerare	VF	O	_	_
e	e	C	O	_	_
concretizzare	concretizzare	VF	O	_	_
i	il	RP	O	_	_
lavori	lavoro	SP	O	_	_
della	di/det	ES	O	_	_
commissione	commissione	SS	O	_	_
e	e	C	O	_	_
dare	dare	VF	O	_	_
all’	a/det	ES	O	_	_
azione	azione	SS	O	_	_
il	il	RS	O	_	_
momento	momento	SS	O	_	_
attuale	attuale	AS	O	_	_
ha	avere	VIY	O	_	_
contribuito	contribuire	VSP	O	_	_
di	di	E	O	_	_
questi	questo	DP	O	_	_
giorni	giorno	SP	O	_	_
l’	il	RS	O	_	_
opera	opera	SS	O	_	_
assidua	assiduo	AS	O	_	_
dei	di/det	EP	O	_	_
deputati	deputato	SP	O	_	_
popolari	popolare	AP	O	_	_
,	comma	XPW	O	_	_
vada	andare	VI	O	_	_
a	a	E	O	_	_
loro	loro	PP	O	_	_
il	il	RS	O	_	_
plauso	plauso	SS	O	_	_
degli	di/det	EP	O	_	_
elettori	elettore	SP	O	_	_
e	e	C	O	_	_
di	di	E	O	_	_
quanti	quanto	QNP	O	_	_
vogliono	volere	VI	O	_	_
il	il	RS	O	_	_
bene	bene	SS	O	_	_
del	di/det	ES	O	_	_
nostro	nostro	DS	O	_	_
paese	paese	SS	O	_	_
.	.	XPS	O	_	_

La	il	RS	O	_	_
giornata	giornata	SS	O	_	_
fu	essere	VI	O	_	_
migliore	migliore	AS	O	_	_
ancora	ancora	B	O	_	_
però	però	C	O	_	_
sul	su/det	ES	O	_	_
far	fare	VF	O	_	_
della	di/det	ES	O	_	_
sera	sera	SS	O	_	_
.	.	XPS	O	_	_

Alle	a/det	EP	O	_	_
4.30	4.30	N	O	_	_
uscivamo	uscire	VI	O	_	_
con	con	E	O	_	_
una	uno	RS	O	_	_
seconda	secondo	AS	O	_	_
edizione	edizione	SS	O	_	_
,	comma	XPW	O	_	_
in	in	E	O	_	_
cui	cui	PN	O	_	_
un	uno	RS	O	_	_
telegramma	telegramma	SS	O	_	_
laconico	laconico	AS	O	_	_
,	comma	XPW	O	_	_
ma	ma	C	O	_	_
assai	assai	B	O	_	_
comprensivo	comprensivo	AS	O	_	_
,	comma	XPW	O	_	_
annunziava	annunziare	VI	O	_	_
che	che	CCHE	O	_	_
il	il	RS	O	_	_
governo	governo	SS	O	_	_
in	in	E	O	_	_
via	via	SS	O	_	_
di	di	E	O	_	_
massima	massima	SS	O	_	_
s’	s’	PN	O	_	_
impegnava	impegnare	VI	O	_	_
per	per	E	O	_	_
un	uno	RS	O	_	_
contributo	contributo	SS	O	_	_
di	di	E	O	_	_
4	4	N	O	_	_
milioni	milione	SP	O	_	_
di	di	E	O	_	_
corone	corona	SP	O	_	_
per	per	E	O	_	_
la	il	RS	O	_	_
ferrovia	ferrovia	SS	O	_	_
giudicariese	giudicariese	AS	O	_	_
.	.	XPS	O	_	_

La	il	RS	O	_	_
notizia	notizia	SS	O	_	_
in	in	E	O	_	_
breve	breve	AS	O	_	_
fece	fare	VI	O	_	_
il	il	RS	O	_	_
giro	giro	SS	O	_	_
della	di/det	ES	O	_	_
città	città	SN	O	_	_
e	e	C	O	_	_
fu	essere	VI	O	_	_
accolta	accolta	VI	O	_	_
con	con	E	O	_	_
generale	generale	AS	O	_	_
soddisfazione	soddisfazione	SS	O	_	_
.	.	XPS	O	_	_

Infatti	infatti	C	O	_	_
essa	essa	PS	O	_	_
rappresenta	rappresentare	VI	O	_	_
la	il	RS	O	_	_
garanzia	garanzia	SS	O	_	_
che	che	CCHE	O	_	_
di	di	E	O	_	_
una	uno	RS	O	_	_
linea	linea	SS	O	_	_
,	comma	XPW	O	_	_
la	il	RS	O	_	_
quale	quale	PS	O	_	_
in	in	E	O	_	_
alcuna	alcuno	DS	O	_	_
sua	suo	DS	O	_	_
parte	parte	SS	O	_	_
presentava	presentare	VI	O	_	_
difficoltà	difficoltà	SN	O	_	_
tecniche	tecnico	AP	O	_	_
e	e	C	O	_	_
finanziarie	finanziario	AP	O	_	_
grandissime	grande	AP	O	_	_
,	comma	XPW	O	_	_
viene	venire	VIY	O	_	_
assicurata	assicurare	VSP	O	_	_
la	il	RS	O	_	_
costruzione	costruzione	SS	O	_	_
.	.	XPS	O	_	_

Ognuno	ognuno	PS	O	_	_
comprende	comprendere	VI	O	_	_
,	comma	XPW	O	_	_
che	che	CCHE	O	_	_
,	comma	XPW	O	_	_
garantito	garantire	VSP	O	_	_
un	uno	RS	O	_	_
forte	forte	AS	O	_	_
contributo	contributo	SS	O	_	_
del	di/det	ES	O	_	_
governo	governo	SS	O	_	_
,	comma	XPW	O	_	_
è	essere	VIY	O	_	_
data	dare	VSP	O	_	_
la	il	RS	O	_	_
base	base	SS	O	_	_
della	di/det	ES	O	_	_
finanziazione	finanziazione	SS	O	_	_
.	.	XPS	O	_	_

Colla	con/det	ES	O	_	_
ferrovia	ferrovia	SS	O	_	_
giudicariese	giudicariese	AS	O	_	_
viene	venire	VIY	O	_	_
assicurata	assicurare	VSP	O	_	_
a	a	E	O	_	_
buona	buono	AS	O	_	_
parte	parte	SS	O	_	_
del	di/det	ES	O	_	_
Trentino	trentino	SPN	GPE	46.102869	11.12961993
tutta	tutto	DS	O	_	_
l’	il	RS	O	_	_
elevazione	elevazione	SS	O	_	_
che	che	CCHE	O	_	_
sogliono	sogliono	VI	O	_	_
portare	portare	VF	O	_	_
i	il	RP	O	_	_
progressi	progresso	SP	O	_	_
della	di/det	ES	O	_	_
viabilità	viabilità	SN	O	_	_
moderna	moderno	AS	O	_	_
e	e	C	O	_	_
tutti	tutto	DP	O	_	_
i	il	RP	O	_	_
vantaggi	vantaggio	SP	O	_	_
morali	morale	AP	O	_	_
che	che	CCHE	O	_	_
sono	essere	VI	O	_	_
sperabili	sperabile	AP	O	_	_
da	da	E	O	_	_
una	uno	RS	O	_	_
congiunzione	congiunzione	SS	O	_	_
rapida	rapido	AS	O	_	_
e	e	C	O	_	_
comoda	comodo	AS	O	_	_
dei	di/det	EP	O	_	_
luoghi	luogo	SP	O	_	_
alla	a/det	ES	O	_	_
periferia	periferia	SS	O	_	_
col	con/det	ES	O	_	_
centro	centro	SS	O	_	_
del	di/det	ES	O	_	_
paese	paese	SS	O	_	_
.	.	XPS	O	_	_

La	il	RS	O	_	_
dichiarazione	dichiarazione	SS	O	_	_
governativa	governativo	AS	O	_	_
fu	essere	VIY	O	_	_
consegnata	consegnare	VSP	O	_	_
in	in	E	O	_	_
iscritto	iscritto	SS	O	_	_
ai	a/det	EP	O	_	_
deputati	deputato	SP	O	_	_
popolari	popolare	AP	O	_	_
,	comma	XPW	O	_	_
e	e	C	O	_	_
questo	questo	DS	O	_	_
solo	solo	B	O	_	_
ci	ci	PP	O	_	_
dice	dire	VI	O	_	_
che	che	CCHE	O	_	_
la	il	RS	O	_	_
dichiarazione	dichiarazione	SS	O	_	_
non	non	B	O	_	_
è	essere	VI	O	_	_
che	che	CCHE	O	_	_
la	il	RS	O	_	_
conclusione	conclusione	SS	O	_	_
di	di	E	O	_	_
trattative	trattativa	SP	O	_	_
corse	correre	VPP	O	_	_
fra	fra	E	O	_	_
deputati	deputato	SP	O	_	_
e	e	C	O	_	_
governo	governo	SS	O	_	_
.	.	XPS	O	_	_

Di	di	E	O	_	_
queste	questo	PP	O	_	_
sapevamo	sapere	VI	O	_	_
già	già	B	O	_	_
e	e	C	O	_	_
dell’	di/det	ES	O	_	_
esito	esito	SS	O	_	_
gli	il	RP	O	_	_
elettori	elettore	SP	O	_	_
saranno	essere	VIY	O	_	_
grati	grati	VPP	O	_	_
ai	a/det	EP	O	_	_
loro	loro	PP	O	_	_
rappresentanti	rappresentante	SP	O	_	_
.	.	XPS	O	_	_

Vero	vero	AS	O	_	_
che	che	CCHE	O	_	_
per	per	E	O	_	_
avere	avere	VF	O	_	_
dei	di/det	EP	O	_	_
benefici	beneficio	SP	O	_	_
bisogna	bisognare	VI	O	_	_
fare	fare	VF	O	_	_
dei	di/det	EP	O	_	_
sacrifici	sacrificio	SP	O	_	_
ed	ed	C	O	_	_
anche	anche	C	O	_	_
ieri	ieri	B	O	_	_
i	il	RP	O	_	_
nostri	nostro	DP	O	_	_
deputati	deputato	SP	O	_	_
votando	votare	VG	O	_	_
per	per	E	O	_	_
il	il	RS	O	_	_
contingente	contingente	SS	O	_	_
ordinario	ordinario	AS	O	_	_
delle	di/det	EP	O	_	_
reclute	recluta	SP	O	_	_
hanno	avere	VIY	O	_	_
fatto	fare	VSP	O	_	_
un	uno	RS	O	_	_
sacrifizio	sacrifizio	SS	O	_	_
;	semicolon	XPS	O	_	_

e	e	C	O	_	_
a	a	E	O	_	_
questa	questo	DS	O	_	_
votazione	votazione	SS	O	_	_
li	li	PP	O	_	_
ha	avere	VIY	O	_	_
condotti	condurre	VPP	O	_	_
certo	certo	B	O	_	_
non	non	B	O	_	_
la	il	RS	O	_	_
convizione	convizione	SS	O	_	_
programmatica	programmatico	AS	O	_	_
,	comma	XPW	O	_	_
ma	ma	C	O	_	_
il	il	RS	O	_	_
calcolo	calcolo	SS	O	_	_
.	.	XPS	O	_	_

Ma	ma	C	O	_	_
tutti	tutto	PP	O	_	_
dovranno	dovere	VI	O	_	_
ammettere	ammettere	VF	O	_	_
che	che	CCHE	O	_	_
la	il	RS	O	_	_
bilancia	bilancia	SS	O	_	_
è	essere	VIY	O	_	_
caduta	cadere	VSP	O	_	_
per	per	E	O	_	_
maggior	maggior	AS	O	_	_
peso	peso	SS	O	_	_
dalla	da/det	ES	O	_	_
nostra	nostro	DS	O	_	_
parte	parte	SS	O	_	_
;	semicolon	XPS	O	_	_

poichè	poichè	B	O	_	_
la	il	RS	O	_	_
votazione	votazione	SS	O	_	_
del	di/det	ES	O	_	_
contingente	contingente	SS	O	_	_
ordinario	ordinario	AS	O	_	_
,	comma	XPW	O	_	_
ossia	ossia	C	O	_	_
l’	il	RS	O	_	_
autorizzazione	autorizzazione	SS	O	_	_
di	di	E	O	_	_
procedere	procedere	VF	O	_	_
alla	a/det	ES	O	_	_
leva	leva	SS	O	_	_
come	come	CADV	O	_	_
tutti	tutto	DP	O	_	_
gli	il	RP	O	_	_
altri	altro	DP	O	_	_
anni	anno	SP	O	_	_
,	comma	XPW	O	_	_
è	essere	VI	O	_	_
ormai	ormai	B	O	_	_
per	per	E	O	_	_
ogni	ogni	DS	O	_	_
stato	stato	SS	O	_	_
tanto	tanto	B	O	_	_
inerente	inerente	AS	O	_	_
alle	a/det	EP	O	_	_
condizioni	condizione	SP	O	_	_
attuali	attuale	AP	O	_	_
e	e	C	O	_	_
fatalmente	fatalmente	B	O	_	_
logico	logico	AS	O	_	_
,	comma	XPW	O	_	_
che	che	CCHE	O	_	_
un’	uno	RS	O	_	_
opposizione	opposizione	SS	O	_	_
,	comma	XPW	O	_	_
dove	dove	CADV	O	_	_
essa	essa	PS	O	_	_
potrebbe	potere	VI	O	_	_
essere	essere	VF	O	_	_
più	più	B	O	_	_
che	che	CCHE	O	_	_
l’	il	RS	O	_	_
espressione	espressione	SS	O	_	_
del	di/det	ES	O	_	_
proprio	proprio	B	O	_	_
ideale	ideale	AS	O	_	_
antimilitarista	antimilitarista	SS	O	_	_
,	comma	XPW	O	_	_
non	non	B	O	_	_
viene	venire	VI	O	_	_
più	più	B	O	_	_
fatta	fatto	AS	O	_	_
nemmeno	nemmeno	B	O	_	_
dai	da/det	EP	O	_	_
socialisti	socialista	SP	O	_	_
.	.	XPS	O	_	_

Anche	anche	C	O	_	_
nel	in/det	ES	O	_	_
caso	caso	SS	O	_	_
concreto	concreto	AS	O	_	_
la	il	RS	O	_	_
proposta	proposta	SS	O	_	_
aveva	avere	VI	O	_	_
nelle	in/det	EP	O	_	_
previsioni	previsione	SP	O	_	_
ed	ed	C	O	_	_
ebbe	avere	VI	O	_	_
di	di	E	O	_	_
fatto	fatto	SS	O	_	_
tale	tale	AS	O	_	_
maggioranza	maggioranza	SS	O	_	_
,	comma	XPW	O	_	_
che	che	CCHE	O	_	_
in	in	E	O	_	_
realtà	realtà	SN	O	_	_
il	il	RS	O	_	_
nostro	nostro	DS	O	_	_
piccolo	piccolo	AS	O	_	_
gruppo	gruppo	SS	O	_	_
non	non	B	O	_	_
ha	avere	VIY	O	_	_
fatto	fare	VSP	O	_	_
che	che	CCHE	O	_	_
rinunziare	rinunziare	VF	O	_	_
ad	ad	E	O	_	_
una	uno	RS	O	_	_
dimostrazione	dimostrazione	SS	O	_	_
platonica	platonico	AS	O	_	_
,	comma	XPW	O	_	_
ad	ad	E	O	_	_
una	uno	RS	O	_	_
posa	posa	SS	O	_	_
facile	facile	AS	O	_	_
e	e	C	O	_	_
niente	niente	PS	O	_	_
più	più	B	O	_	_
.	.	XPS	O	_	_

Di	di	E	O	_	_
fronte	fronte	SS	O	_	_
a	a	E	O	_	_
che	che	CCHE	O	_	_
,	comma	XPW	O	_	_
considerati	considerare	VPP	O	_	_
i	il	RP	O	_	_
vantaggi	vantaggio	SP	O	_	_
reali	reale	AP	O	_	_
e	e	C	O	_	_
palpabili	palpabile	AP	O	_	_
che	che	CCHE	O	_	_
le	il	RP	O	_	_
trattative	trattativa	SP	O	_	_
dei	di/det	EP	O	_	_
nostri	nostro	DP	O	_	_
deputati	deputato	SP	O	_	_
hanno	avere	VIY	O	_	_
recato	recare	VSP	O	_	_
al	a/det	ES	O	_	_
povero	povero	SS	O	_	_
e	e	C	O	_	_
bisognoso	bisognoso	AS	O	_	_
nostro	nostro	DS	O	_	_
paese	paese	SS	O	_	_
,	comma	XPW	O	_	_
nessuno	nessuno	PS	O	_	_
degli	di/det	EP	O	_	_
elettori	elettore	SP	O	_	_
che	che	CCHE	O	_	_
pensano	pensare	VI	O	_	_
vi	vi	B	O	_	_
sarà	essere	VI	O	_	_
chi	chi	CCHI	O	_	_
non	non	B	O	_	_
approvi	approvare	VI	O	_	_
la	il	RS	O	_	_
tattica	tattica	SS	O	_	_
usata	usare	VSP	O	_	_
dai	da/det	EP	O	_	_
popolari	popolare	AP	O	_	_
e	e	C	O	_	_
non	non	B	O	_	_
plauda	plaudire	VI	O	_	_
al	a/det	ES	O	_	_
loro	loro	DP	O	_	_
successo	successo	SS	O	_	_
.	.	XPS	O	_	_

Una	uno	RS	O	_	_
buona	buono	AS	O	_	_
giornata	giornata	SS	O	_	_
dunque	dunque	C	O	_	_
,	comma	XPW	O	_	_
una	uno	RS	O	_	_
giornata	giornata	SS	O	_	_
eccezionale	eccezionale	AS	O	_	_
.	.	XPS	O	_	_

Solo	solo	B	O	_	_
un	uno	RS	O	_	_
pensiero	pensiero	SS	O	_	_
ci	ci	PP	O	_	_
rattrista	rattristare	VI	O	_	_
infine	infine	B	O	_	_
,	comma	XPW	O	_	_
dopo	dopo	E	O	_	_
la	il	RS	O	_	_
sincera	sincero	AS	O	_	_
soddisfazione	soddisfazione	SS	O	_	_
.	.	XPS	O	_	_

Il	il	RS	O	_	_
pensiero	pensiero	SS	O	_	_
viene	venire	VI	O	_	_
spontaneo	spontaneo	AS	O	_	_
.	.	XPS	O	_	_

La	il	RS	O	_	_
ferrovia	ferrovia	SS	O	_	_
giudicariese	giudicariese	AS	O	_	_
s’	s’	PN	O	_	_
incammina	incamminare	VI	O	_	_
all’attuazione;	all’attuazione;	SPN	O	_	_
che	che	CCHE	O	_	_
ne	ne	PN	O	_	_
è	essere	VI	O	_	_
di	di	E	O	_	_
quella	quello	PS	O	_	_
di	di	E	O	_	_
Fiemme	fiemme	SPN	O	_	_
,	comma	XPW	O	_	_
così	così	B	O	_	_
anteriore	anteriore	AS	O	_	_
a	a	E	O	_	_
tutte	tutto	DP	O	_	_
per	per	E	O	_	_
tempo	tempo	SS	O	_	_
e	e	C	O	_	_
per	per	E	O	_	_
studio	studio	SS	O	_	_
?	?	XPS	O	_	_

Le	il	RP	O	_	_
lotte	lotta	SP	O	_	_
nazionali	nazionale	AP	O	_	_
hanno	avere	VI	O	_	_
purtroppo	purtroppo	B	O	_	_
ricacciata	ricacciare	VSP	O	_	_
in	in	E	O	_	_
un	uno	RS	O	_	_
canto	canto	SS	O	_	_
tale	tale	AS	O	_	_
questione	questione	SS	O	_	_
economica	economico	AS	O	_	_
.	.	XPS	O	_	_

Ma	ma	C	O	_	_
i	il	RP	O	_	_
nostri	nostro	DP	O	_	_
deputati	deputato	SP	O	_	_
non	non	B	O	_	_
la	la	PS	O	_	_
dimenticano	dimenticare	VI	O	_	_
.	.	XPS	O	_	_

Non	non	B	O	_	_
la	la	PS	O	_	_
dimenticarono	dimenticare	VI	O	_	_
nel	in/det	ES	O	_	_
loro	loro	DP	O	_	_
programma	programma	SS	O	_	_
,	comma	XPW	O	_	_
né	né	B	O	_	_
la	il	RS	O	_	_
dimenticano	dimenticano	SS	O	_	_
nell’	in/det	ES	O	_	_
atto	atto	SS	O	_	_
pratico	pratico	AS	O	_	_
.	.	XPS	O	_	_

Oggi	oggi	B	O	_	_
che	che	CCHE	O	_	_
il	il	RS	O	_	_
podestà	podestà	SN	O	_	_
di	di	E	O	_	_
Bolzano	bolzano	SPN	GPE	46.4981125	11.3547801
mostra	mostrare	VI	O	_	_
di	di	E	O	_	_
voler	volere	VF	O	_	_
ritornare	ritornare	VF	O	_	_
all’	a/det	ES	O	_	_
assalto	assalto	SS	O	_	_
i	il	RP	O	_	_
nostri	nostro	DP	O	_	_
deputati	deputato	SP	O	_	_
hanno	avere	VI	O	_	_
in	in	E	O	_	_
mano	mano	SS	O	_	_
il	il	RS	O	_	_
filo	filo	SS	O	_	_
di	di	E	O	_	_
tessere	tessere	VF	O	_	_
un	uno	RS	O	_	_
compromesso	compromesso	SS	O	_	_
,	comma	XPW	O	_	_
il	il	RS	O	_	_
quale	quale	PS	O	_	_
rappresenti	rappresentare	VI	O	_	_
anche	anche	C	O	_	_
la	il	RS	O	_	_
soluzione	soluzione	SS	O	_	_
possibile	possibile	AS	O	_	_
,	comma	XPW	O	_	_
giovevole	giovevole	AS	O	_	_
a	a	E	O	_	_
Fiemme	fiemme	SPN	O	_	_
,	comma	XPW	O	_	_
onorifica	onorifico	AS	O	_	_
al	a/det	ES	O	_	_
paese	paese	SS	O	_	_
.	.	XPS	O	_	_

Questo	questo	DS	O	_	_
pensiero	pensiero	SS	O	_	_
volevamo	volere	VI	O	_	_
esprimere	esprimere	VF	O	_	_
ieri	ieri	B	O	_	_
,	comma	XPW	O	_	_
aggiungendo	aggiungere	VG	O	_	_
però	però	C	O	_	_
che	che	CCHE	O	_	_
nulla	nulla	PS	O	_	_
si	rifl	PN	O	_	_
sarebbe	essere	VIY	O	_	_
potuto	potere	VSP	O	_	_
fare	fare	VF	O	_	_
né	né	B	O	_	_
si	rifl	PN	O	_	_
potrebbe	potere	VI	O	_	_
fare	fare	VF	O	_	_
senza	senza	E	O	_	_
l’	il	RS	O	_	_
intervento	intervento	SS	O	_	_
efficace	efficace	AS	O	_	_
della	di/det	ES	O	_	_
valle	valle	SS	O	_	_
,	comma	XPW	O	_	_
alla	a/det	ES	O	_	_
quale	quale	PS	O	_	_
per	per	E	O	_	_
il	il	RS	O	_	_
suo	suo	DS	O	_	_
avvenire	avvenire	VF	O	_	_
economico	economico	AS	O	_	_
auguriamo	augurare	VI	O	_	_
ritrovi	ritrovi	VG+E	O	_	_
la	il	RS	O	_	_
via	via	SS	O	_	_
della	di/det	ES	O	_	_
pace	pace	SS	O	_	_
interna	interno	AS	O	_	_
e	e	C	O	_	_
della	di/det	ES	O	_	_
concordia	concordia	SS	O	_	_
operosa	operoso	AS	O	_	_
.	.	XPS	O	_	_
