# total number of persons:5, total number of gpes:34
La	il	RS	O	_	_
domenica	domenica	SS	O	_	_
portò	portare	VI	O	_	_
la	il	RS	O	_	_
pace	pace	SS	O	_	_
;	semicolon	XPS	O	_	_

il	il	RS	O	_	_
lunedì	lunedì	SN	O	_	_
squarciò	squarciare	VI	O	_	_
da	da	E	O	_	_
sommo	sommo	SS	O	_	_
ad	ad	E	O	_	_
imo	imo	SS	O	_	_
il	il	RS	O	_	_
velo	velo	SS	O	_	_
che	che	CCHE	O	_	_
copriva	coprire	VI	O	_	_
le	il	RP	O	_	_
cause	causa	SP	O	_	_
della	di/det	ES	O	_	_
guerra	guerra	SS	O	_	_
.	.	XPS	O	_	_

In	in	E	O	_	_
quel	quello	DS	O	_	_
giorno	giorno	SS	O	_	_
due	due	N	O	_	_
uomini	uomo	SP	O	_	_
parlavano	parlare	VI	O	_	_
quasi	quasi	B	O	_	_
contemporaneamente	contemporaneamente	B	O	_	_
da	da	E	O	_	_
due	due	N	O	_	_
tribune	tribuna	SP	O	_	_
,	comma	XPW	O	_	_
alle	a/det	EP	O	_	_
quali	quale	PP	O	_	_
si	rifl	PN	O	_	_
appuntavano	appuntare	VI	O	_	_
gli	il	RP	O	_	_
sguardi	sguardo	SP	O	_	_
non	non	B	O	_	_
solo	solo	B	O	_	_
di	di	E	O	_	_
due	due	N	O	_	_
nazioni	nazione	SP	O	_	_
e	e	C	O	_	_
di	di	E	O	_	_
due	due	N	O	_	_
Stati	stato	SP	O	_	_
,	comma	XPW	O	_	_
ma	ma	C	O	_	_
dell’	di/det	ES	O	_	_
Europa	europa	SPN	GPE	51.0000003	9.9999997
intera	intero	AS	O	_	_
.	.	XPS	O	_	_

Il	il	RS	O	_	_
principe	principe	SS	O	_	_
Bülow	bülow	SPN	PER	_	_
al	a/det	ES	O	_	_
Reichstag	reichstag	SPN	O	_	_
di	di	E	O	_	_
Berlino	berlino	SPN	GPE	52.5170365	13.3888599
esponeva	esporre	VI	O	_	_
la	il	RS	O	_	_
parte	parte	SS	O	_	_
avuta	avere	VSP	O	_	_
dalla	da/det	ES	O	_	_
Germania	germania	SPN	GPE	51.0834196	10.4234469
negli	in/det	EP	O	_	_
avvenimenti	avvenimento	SP	O	_	_
che	che	CCHE	O	_	_
per	per	E	O	_	_
sei	sei	N	O	_	_
mesi	mese	SP	O	_	_
tennero	tenere	VI	O	_	_
sospesi	sospeso	AP	O	_	_
i	il	RP	O	_	_
popoli	popolo	SP	O	_	_
tra	tra	E	O	_	_
la	il	RS	O	_	_
pace	pace	SS	O	_	_
e	e	C	O	_	_
la	il	RS	O	_	_
guerra	guerra	SS	O	_	_
;	semicolon	XPS	O	_	_

sir	sir	VI	O	_	_
Grey	grey	SPN	PER	_	_
,	comma	XPW	O	_	_
nella	in/det	ES	O	_	_
Camera	camera	SS	O	_	_
dei	di/det	EP	O	_	_
Comuni	comune	SP	O	_	_
di	di	E	O	_	_
Londra	londra	SPN	GPE	51.5073219	-0.1276474
,	comma	XPW	O	_	_
dipingeva	dipingere	VI	O	_	_
a	a	E	O	_	_
nere	nere	VF	O	_	_
tinte	tinte	B	O	_	_
la	il	RS	O	_	_
grande	grande	AS	O	_	_
lotta	lotta	SS	O	_	_
per	per	E	O	_	_
il	il	RS	O	_	_
dominio	dominio	SS	O	_	_
sui	su/det	EP	O	_	_
mari	maro	SP	O	_	_
fra	fra	E	O	_	_
l’	il	RS	O	_	_
Inghilterra	inghilterra	SPN	GPE	52.7954791	-0.5402401866
e	e	C	O	_	_
la	il	RS	O	_	_
Germania	germania	SPN	GPE	51.0834196	10.4234469
e	e	C	O	_	_
designava	designare	VI	O	_	_
i	il	RP	O	_	_
due	due	N	O	_	_
casi	caso	SP	O	_	_
d’	di	E	O	_	_
inevitabile	inevitabile	AS	O	_	_
guerra	guerra	SS	O	_	_
:	:	XPS	O	_	_
primo	primo	SS	O	_	_
se	se	C	O	_	_
l’	il	RS	O	_	_
Inghilterra	inghilterra	SPN	GPE	52.7954791	-0.5402401866
tentava	tentare	VI	O	_	_
d’	di	E	O	_	_
isolare	isolare	VF	O	_	_
la	il	RS	O	_	_
Germania	germania	SPN	GPE	51.0834196	10.4234469
;	semicolon	XPS	O	_	_

secondo	secondo	E	O	_	_
,	comma	XPW	O	_	_
se	se	C	O	_	_
la	il	RS	O	_	_
Germania	germania	SPN	GPE	51.0834196	10.4234469
tentasse	tentare	VI	O	_	_
di	di	E	O	_	_
isolare	isolare	VF	O	_	_
l’	il	RS	O	_	_
Inghilterra	inghilterra	SPN	GPE	52.7954791	-0.5402401866
.	.	XPS	O	_	_

Purtroppo	purtroppo	B	O	_	_
,	comma	XPW	O	_	_
si	rifl	PN	O	_	_
deve	dovere	VI	O	_	_
dire	dire	VF	O	_	_
che	che	CCHE	O	_	_
i	il	RP	O	_	_
tentativi	tentativo	SP	O	_	_
vi	vi	B	O	_	_
furono	essere	VI	O	_	_
e	e	C	O	_	_
non	non	B	O	_	_
erano	essere	VIY	O	_	_
infondate	infondate	VPP	O	_	_
le	il	RP	O	_	_
ansie	ansia	SP	O	_	_
di	di	E	O	_	_
una	uno	RS	O	_	_
conflagrazione	conflagrazione	SS	O	_	_
europea	europeo	AS	O	_	_
.	.	XPS	O	_	_

Nessuno	nessuno	PS	O	_	_
più	più	B	O	_	_
crede	credere	VI	O	_	_
che	che	CCHE	O	_	_
l’	il	RS	O	_	_
annessione	annessione	SS	O	_	_
della	di/det	ES	O	_	_
Bosnia	bosnia	SPN	GPE	44.3092405	17.5859673
-	-	XPO	GPE	44.3092405	17.5859673
Erzegovina	erzegovina	SPN	GPE	44.3092405	17.5859673
sia	essere	VIY	O	_	_
stata	essere	VSP	O	_	_
la	il	RS	O	_	_
vera	vero	AS	O	_	_
causa	causa	SS	O	_	_
delle	di/det	EP	O	_	_
complicazioni	complicazione	SP	O	_	_
che	che	CCHE	O	_	_
l’	il	RS	O	_	_
Europa	europa	SPN	GPE	51.0000003	9.9999997
sia	essere	VIY	O	_	_
stata	essere	VSPY	O	_	_
minacciata	minacciare	VSP	O	_	_
sul	su/det	ES	O	_	_
serio	serio	SS	O	_	_
dalla	da/det	ES	O	_	_
Serbia	serbia	SPN	GPE	44.1534121	20.55144
e	e	C	O	_	_
dalla	da/det	ES	O	_	_
Russia	russia	SPN	GPE	64.6863136	97.7453061
.	.	XPS	O	_	_

No	no	B	O	_	_
,	comma	XPW	O	_	_
fu	essere	VI	O	_	_
l’	il	RS	O	_	_
Inghilterra	inghilterra	SPN	GPE	52.7954791	-0.5402401866
,	comma	XPW	O	_	_
nota	noto	AS	O	_	_
da	da	E	O	_	_
lungo	lungo	AS	O	_	_
per	per	E	O	_	_
la	il	RS	O	_	_
sua	suo	DS	O	_	_
assoluta	assoluto	AS	O	_	_
mancanza	mancanza	SS	O	_	_
di	di	E	O	_	_
scrupoli	scrupolo	SP	O	_	_
,	comma	XPW	O	_	_
che	che	CCHE	O	_	_
colse	cogliere	VI	O	_	_
l’	il	RS	O	_	_
occasione	occasione	SS	O	_	_
per	per	E	O	_	_
aizzare	aizzare	VF	O	_	_
la	il	RS	O	_	_
Turchia	turchia	SPN	GPE	38.9597594	34.9249653
,	comma	XPW	O	_	_
per	per	E	O	_	_
inscenare	inscenare	VF	O	_	_
il	il	RS	O	_	_
boicottaggio	boicottaggio	SS	O	_	_
,	comma	XPW	O	_	_
per	per	E	O	_	_
animare	animare	VF	O	_	_
la	il	RS	O	_	_
Russia	russia	SPN	GPE	64.6863136	97.7453061
,	comma	XPW	O	_	_
affranta	affranta	VI	O	_	_
dalle	da/det	EP	O	_	_
sconfitte	sconfitta	SP	O	_	_
esterne	esterno	AP	O	_	_
e	e	C	O	_	_
dalle	da/det	EP	O	_	_
interne	interno	AP	O	_	_
rivoluzioni	rivoluzione	SP	O	_	_
,	comma	XPW	O	_	_
per	per	E	O	_	_
lanciare	lanciare	VF	O	_	_
alle	a/det	EP	O	_	_
calcagna	calcagna	SP	O	_	_
dell’	di/det	ES	O	_	_
Austria	austria	SPN	O	_	_
-	-	XPO	O	_	_
Ungheria	ungheria	SPN	O	_	_
la	il	RS	O	_	_
Serbia	serbia	SPN	GPE	44.1534121	20.55144
,	comma	XPW	O	_	_
che	che	CCHE	O	_	_
lasciata	lasciare	VSP	O	_	_
a	a	E	O	_	_
sé	sé	PN	O	_	_
,	comma	XPW	O	_	_
mai	mai	B	O	_	_
sarebbesi	sarebbesi	VIY	O	_	_
sognata	sognare	VSP	O	_	_
,	comma	XPW	O	_	_
nella	in/det	ES	O	_	_
sua	suo	DS	O	_	_
piccolezza	piccolezza	SS	O	_	_
,	comma	XPW	O	_	_
di	di	E	O	_	_
sollevare	sollevare	VF	O	_	_
una	uno	RS	O	_	_
questione	questione	SS	O	_	_
con	con	E	O	_	_
qualsiasi	qualsiasi	DN	O	_	_
Potenza	potenza	SPN	O	_	_
.	.	XPS	O	_	_

Tutto	tutto	DS	O	_	_
ciò	ciò`	PS	O	_	_
fu	essere	VI	O	_	_
opera	opera	SS	O	_	_
dell’	di/det	ES	O	_	_
Inghilterra	inghilterra	SPN	GPE	52.7954791	-0.5402401866
che	che	CCHE	O	_	_
,	comma	XPW	O	_	_
anche	anche	C	O	_	_
quando	quando	CADV	O	_	_
la	il	RS	O	_	_
Russia	russia	SPN	GPE	64.6863136	97.7453061
credette	credere	VI	O	_	_
bene	bene	B	O	_	_
di	di	E	O	_	_
cedere	cedere	VF	O	_	_
alle	a/det	EP	O	_	_
minacce	minaccia	SP	O	_	_
della	di/det	ES	O	_	_
Germania	germania	SPN	GPE	51.0834196	10.4234469
e	e	C	O	_	_
ritirarsi	ritirare/rifl	VF+E	O	_	_
dal	da/det	ES	O	_	_
campo	campo	SS	O	_	_
,	comma	XPW	O	_	_
continuò	continuare	VI	O	_	_
per	per	E	O	_	_
suo	suo	DS	O	_	_
conto	conto	SS	O	_	_
nel	in/det	ES	O	_	_
gioco	gioco	SS	O	_	_
pericoloso	pericoloso	AS	O	_	_
,	comma	XPW	O	_	_
trascinando	trascinare	VG	O	_	_
seco	seco	AS	O	_	_
la	il	RS	O	_	_
Francia	francia	SPN	O	_	_
.	.	XPS	O	_	_

E	e	C	O	_	_
lo	il	RS	O	_	_
scopo	scopo	SS	O	_	_
?	?	XPS	O	_	_

Ha	avere	VI	O	_	_
un	uno	RS	O	_	_
bel	bello	AS	O	_	_
protestare	protestare	VF	O	_	_
sir	sir	AS	O	_	_
Grey	grey	SPN	PER	_	_
,	comma	XPW	O	_	_
ma	ma	C	O	_	_
fino	fino	E	O	_	_
i	il	RP	O	_	_
ciechi	cieco	SP	O	_	_
vedono	vedere	VI	O	_	_
che	che	CCHE	O	_	_
la	il	RS	O	_	_
lotta	lotta	SS	O	_	_
fu	essere	VI	O	_	_
tutta	tutto	DS	O	_	_
un	uno	RS	O	_	_
esperimento	esperimento	SS	O	_	_
di	di	E	O	_	_
forza	forza	SS	O	_	_
fra	fra	E	O	_	_
la	il	RS	O	_	_
Triplice	triplice	SPN	O	_	_
Intesa	intesa	SPN	O	_	_
da	da	E	O	_	_
una	uno	RS	O	_	_
parte	parte	SS	O	_	_
e	e	C	O	_	_
le	il	RP	O	_	_
Potenze	potenza	SP	O	_	_
centrali	centrale	AP	O	_	_
dell’	di/det	ES	O	_	_
Europa	europa	SPN	GPE	51.0000003	9.9999997
dall’	da/det	ES	O	_	_
altra	altro	PS	O	_	_
.	.	XPS	O	_	_

Raffreddatesi	raffreddatesi	SPN	O	_	_
le	il	RP	O	_	_
relazioni	relazione	SP	O	_	_
dell’	di/det	ES	O	_	_
Italia	italia	SPN	O	_	_
con	con	E	O	_	_
la	il	RS	O	_	_
Triplice	triplice	SPN	O	_	_
,	comma	XPW	O	_	_
l’	il	RS	O	_	_
Inghilterra	inghilterra	SPN	GPE	52.7954791	-0.5402401866
tentò	tentare	VI	O	_	_
d’	di	E	O	_	_
isolare	isolare	VF	O	_	_
la	il	RS	O	_	_
Germania	germania	SPN	GPE	51.0834196	10.4234469
,	comma	XPW	O	_	_
coinvolgendola	coinvolgere/pro	VG+E	O	_	_
nei	in/det	EP	O	_	_
danni	danno	SP	O	_	_
del	di/det	ES	O	_	_
boicottaggio	boicottaggio	SS	O	_	_
turco	turco	AS	O	_	_
e	e	C	O	_	_
costringendola	costringere/pro	VG+E	O	_	_
ad	ad	E	O	_	_
abbandonare	abbandonare	VF	O	_	_
l’	il	RS	O	_	_
Austria	austria	SPN	GPE	47.2000338	13.199959
-	-	XPO	O	_	_
Ungheria	ungheria	SPN	GPE	47.1817585	19.5060937
o	o	C	O	_	_
subire	subire	VF	O	_	_
le	il	RP	O	_	_
disastrose	disastroso	AP	O	_	_
conseguenze	conseguenza	SP	O	_	_
di	di	E	O	_	_
una	uno	RS	O	_	_
conflagrazione	conflagrazione	SS	O	_	_
generale	generale	AS	O	_	_
.	.	XPS	O	_	_

Il	il	RS	O	_	_
caso	caso	SS	O	_	_
di	di	E	O	_	_
guerra	guerra	SS	O	_	_
era	essere	VIY	O	_	_
dato	dare	VSP	O	_	_
:	:	XPS	O	_	_
fu	essere	VI	O	_	_
solo	solo	B	O	_	_
dovuto	dovere	VSP	O	_	_
alle	a/det	EP	O	_	_
miserabili	miserabile	AP	O	_	_
condizioni	condizione	SP	O	_	_
dell’	di/det	ES	O	_	_
impero	impero	SS	O	_	_
russo	russo	AS	O	_	_
e	e	C	O	_	_
alle	a/det	EP	O	_	_
baionette	baionetta	SP	O	_	_
germaniche	germanico	AP	O	_	_
,	comma	XPW	O	_	_
se	se	C	O	_	_
essa	essa	PS	O	_	_
non	non	B	O	_	_
scoppiò	scoppiare	VI	O	_	_
.	.	XPS	O	_	_

Ma	ma	C	O	_	_
anche	anche	C	O	_	_
la	il	RS	O	_	_
Germania	germania	SPN	GPE	51.0834196	10.4234469
rivaleggia	rivaleggiare	VI	O	_	_
con	con	E	O	_	_
l’	il	RS	O	_	_
Inghilterra	inghilterra	SPN	GPE	52.7954791	-0.5402401866
a	a	E	O	_	_
trarre	trarre	VF	O	_	_
a	a	E	O	_	_
sé	sé	PN	O	_	_
l’	il	RS	O	_	_
egemonia	egemonia	SS	O	_	_
sul	su/det	ES	O	_	_
continente	continente	SS	O	_	_
.	.	XPS	O	_	_

Questo	questo	PS	O	_	_
è	essere	VI	O	_	_
l’	il	RS	O	_	_
incubo	incubo	SS	O	_	_
che	che	CCHE	O	_	_
tormenta	tormentare	VI	O	_	_
da	da	E	O	_	_
anni	anno	SP	O	_	_
John	john	SPN	PER	_	_
Bull	bull	SPN	PER	_	_
e	e	C	O	_	_
non	non	B	O	_	_
gli	gli	PS	O	_	_
lascia	lasciare	VI	O	_	_
pace	pace	SS	O	_	_
.	.	XPS	O	_	_

Nella	in/det	ES	O	_	_
mente	mente	SS	O	_	_
accesa	acceso	AS	O	_	_
esso	esso	PS	O	_	_
vede	vedere	VI	O	_	_
ormai	ormai	B	O	_	_
in	in	E	O	_	_
mare	mare	SS	O	_	_
33	33	N	O	_	_
Intrepidi	intrepidi	SPN	O	_	_
tedeschi	tedesco	SP	O	_	_
,	comma	XPW	O	_	_
la	il	RS	O	_	_
più	più	B	O	_	_
grande	grande	AS	O	_	_
flotta	flotta	SS	O	_	_
che	che	CCHE	O	_	_
il	il	RS	O	_	_
mondo	mondo	SS	O	_	_
avrebbe	avere	VIY	O	_	_
mai	mai	B	O	_	_
visto	vedere	VSP	O	_	_
,	comma	XPW	O	_	_
come	come	CADV	O	_	_
ebbe	avere	VI	O	_	_
ad	ad	E	O	_	_
esprimersi	esprimere/rifl	VF+E	O	_	_
nella	in/det	ES	O	_	_
Camera	camera	SS	O	_	_
dei	di/det	EP	O	_	_
Comuni	comuni	SPN	O	_	_
sir	sir	VI	O	_	_
Grey	grey	SPN	O	_	_
.	.	XPS	O	_	_

La	il	RS	O	_	_
Germania	germania	SPN	GPE	51.0834196	10.4234469
dice	dire	VI	O	_	_
che	che	CCHE	O	_	_
non	non	B	O	_	_
è	essere	VI	O	_	_
vero	vero	AS	O	_	_
:	:	XPS	O	_	_
ne	ne	PN	O	_	_
avrà	avere	VI	O	_	_
solo	solo	B	O	_	_
dieci	dieci	N	O	_	_
in	in	E	O	_	_
tre	tre	N	O	_	_
anni	anno	SP	O	_	_
.	.	XPS	O	_	_

L’	il	RS	O	_	_
Inghilterra	inghilterra	SPN	GPE	52.7954791	-0.5402401866
però	però	C	O	_	_
non	non	B	O	_	_
si	rifl	PN	O	_	_
contenta	contentare	VI	O	_	_
di	di	E	O	_	_
tale	tale	DS	O	_	_
dichiarazione	dichiarazione	SS	O	_	_
:	:	XPS	O	_	_
essa	essa	PS	O	_	_
vorrebbe	volere	VI	O	_	_
che	che	CCHE	O	_	_
la	il	RS	O	_	_
Germania	germania	SPN	GPE	51.0834196	10.4234469
si	rifl	PN	O	_	_
obbligasse	obbligare	VI	O	_	_
a	a	E	O	_	_
mantenere	mantenere	VF	O	_	_
sempre	sempre	B	O	_	_
fra	fra	E	O	_	_
la	il	RS	O	_	_
sua	suo	DS	O	_	_
flotta	flotta	SS	O	_	_
e	e	C	O	_	_
quella	quello	DS	O	_	_
inglese	inglese	AS	O	_	_
la	il	RS	O	_	_
differenza	differenza	SS	O	_	_
che	che	CCHE	O	_	_
sussiste	sussistere	VI	O	_	_
al	a/det	ES	O	_	_
presente	presente	SS	O	_	_
,	comma	XPW	O	_	_
ossia	ossia	C	O	_	_
,	comma	XPW	O	_	_
in	in	E	O	_	_
altre	altro	DP	O	_	_
parole	parola	SP	O	_	_
,	comma	XPW	O	_	_
vorrebbe	volere	VI	O	_	_
assicurato	assicurare	VSP	O	_	_
per	per	E	O	_	_
sé	sé	PN	O	_	_
e	e	C	O	_	_
non	non	B	O	_	_
contrastato	contrastare	VSP	O	_	_
da	da	E	O	_	_
nessuno	nessuno	PS	O	_	_
il	il	RS	O	_	_
dominio	dominio	SS	O	_	_
sui	su/det	EP	O	_	_
mari	maro	SP	O	_	_
,	comma	XPW	O	_	_
Bülow	bülow	SPN	O	_	_
risponde	rispondere	VI	O	_	_
che	che	CCHE	O	_	_
la	il	RS	O	_	_
Germania	germania	SPN	GPE	51.0834196	10.4234469
non	non	B	O	_	_
nutre	nutre	VI	O	_	_
affatto	affatto	B	O	_	_
sentimenti	sentimento	SP	O	_	_
ostili	ostile	AP	O	_	_
contro	contro	E	O	_	_
altre	altro	DP	O	_	_
potenze	potenza	SP	O	_	_
,	comma	XPW	O	_	_
ma	ma	C	O	_	_
deve	dovere	VI	O	_	_
difendere	difendere	VF	O	_	_
le	il	RP	O	_	_
sue	suo	DP	O	_	_
coste	costa	SP	O	_	_
e	e	C	O	_	_
provvedere	provvedere	VF	O	_	_
ai	a/det	EP	O	_	_
suoi	suo	DP	O	_	_
commerci	commercio	SP	O	_	_
,	comma	XPW	O	_	_
né	né	C	O	_	_
consentirà	consentire	VI	O	_	_
giammai	giammai	B	O	_	_
di	di	E	O	_	_
prender	prendere	VF	O	_	_
dettami	dettame	SP	O	_	_
o	o	C	O	_	_
soffrire	soffrire	VF	O	_	_
restrizioni	restrizione	SP	O	_	_
da	da	E	O	_	_
chicchessia	chicchessia	SS	O	_	_
circa	circa	B	O	_	_
il	il	RS	O	_	_
modo	modo	SS	O	_	_
di	di	E	O	_	_
provvedere	provvedere	VF	O	_	_
ai	a/det	EP	O	_	_
suoi	suo	DP	O	_	_
vitali	vitale	AP	O	_	_
interessi	interesse	SP	O	_	_
.	.	XPS	O	_	_

Viene	venire	VI	O	_	_
da	da	E	O	_	_
sé	sé	PN	O	_	_
che	che	CCHE	O	_	_
con	con	E	O	_	_
tali	tale	AP	O	_	_
dichiarazioni	dichiarazione	SP	O	_	_
da	da	E	O	_	_
una	uno	RS	O	_	_
parte	parte	SS	O	_	_
e	e	C	O	_	_
dall’	da/det	ES	O	_	_
altra	altro	DS	O	_	_
il	il	RS	O	_	_
dissidio	dissidio	SS	O	_	_
è	essere	VI	O	_	_
sempre	sempre	B	O	_	_
acuto	acuto	AS	O	_	_
,	comma	XPW	O	_	_
la	il	RS	O	_	_
piaga	piaga	SS	O	_	_
sempre	sempre	B	O	_	_
aperta	aperto	AS	O	_	_
,	comma	XPW	O	_	_
il	il	RS	O	_	_
pericolo	pericolo	SS	O	_	_
più	più	B	O	_	_
o	o	C	O	_	_
meno	meno	B	O	_	_
lontano	lontano	AS	O	_	_
,	comma	XPW	O	_	_
per	per	E	O	_	_
la	il	RS	O	_	_
pace	pace	SS	O	_	_
permanente	permanente	AS	O	_	_
.	.	XPS	O	_	_

Se	se	C	O	_	_
non	non	B	O	_	_
si	rifl	PN	O	_	_
troverà	trovare	VI	O	_	_
una	uno	RS	O	_	_
via	via	SS	O	_	_
d’	di	E	O	_	_
intesa	intesa	SS	O	_	_
,	comma	XPW	O	_	_
quel	quello	DS	O	_	_
giorno	giorno	SS	O	_	_
che	che	CCHE	O	_	_
le	il	RP	O	_	_
Potenze	potenza	SP	O	_	_
si	rifl	PN	O	_	_
sentissero	sentire	VI	O	_	_
così	così	B	O	_	_
forti	forte	AP	O	_	_
da	da	E	O	_	_
poter	potere	VF	O	_	_
scendere	scendere	VF	O	_	_
in	in	E	O	_	_
campo	campo	SS	O	_	_
per	per	E	O	_	_
tentare	tentare	VF	O	_	_
il	il	RS	O	_	_
supremo	supremo	AS	O	_	_
duello	duello	SS	O	_	_
,	comma	XPW	O	_	_
quel	quel	PS	O	_	_
dì	dì	PN	O	_	_
da	da	E	O	_	_
un	uno	RS	O	_	_
accidente	accidente	SS	O	_	_
qualsiasi	qualsiasi	DN	O	_	_
,	comma	XPW	O	_	_
reale	reale	AS	O	_	_
o	o	C	O	_	_
creato	creare	VSP	O	_	_
e	e	C	O	_	_
gonfiato	gonfiare	VSP	O	_	_
a	a	E	O	_	_
bella	bello	AS	O	_	_
posta	posta	SS	O	_	_
,	comma	XPW	O	_	_
si	rifl	PN	O	_	_
svilupperà	sviluppare	VI	O	_	_
un	uno	RS	O	_	_
disastroso	disastroso	AS	O	_	_
incendio	incendio	SS	O	_	_
come	come	CADV	O	_	_
forse	forse	B	O	_	_
non	non	B	O	_	_
fu	essere	VI	O	_	_
mai	mai	B	O	_	_
visto	vedere	VSP	O	_	_
l’	il	RS	O	_	_
eguale	eguale	SS	O	_	_
.	.	XPS	O	_	_

Non	non	B	O	_	_
c’	ci	B	O	_	_
è	essere	VI	O	_	_
che	che	CCHE	O	_	_
dire	dire	VF	O	_	_
:	:	XPS	O	_	_
si	rifl	PN	O	_	_
vede	vedere	VI	O	_	_
che	che	CCHE	O	_	_
andiamo	andare	VI	O	_	_
sempre	sempre	B	O	_	_
avanti	avanti	E	O	_	_
e	e	C	O	_	_
la	il	RS	O	_	_
civiltà	civiltà	SN	O	_	_
fa	fa	B	O	_	_
grandi	grande	AP	O	_	_
passi	passo	SP	O	_	_
.	.	XPS	O	_	_

Verrebbe	venire	VI	O	_	_
voglia	voglia	SS	O	_	_
di	di	E	O	_	_
ripetere	ripetere	VF	O	_	_
ai	a/det	EP	O	_	_
progressisti	progressista	SP	O	_	_
col	con/det	ES	O	_	_
poeta	poeta	SS	O	_	_
del	di/det	ES	O	_	_
pessimismo	pessimismo	SS	O	_	_
:	:	XPS	O	_	_
«	«	XPO	O	_	_
Qui	qui	B	O	_	_
mira	mirare	VI	O	_	_
e	e	C	O	_	_
qui	qui	B	O	_	_
ti	tu	PS	O	_	_
specchia	specchiare	VI	O	_	_
,	comma	XPW	O	_	_
se	se	C	O	_	_
col	con/det	ES	O	_	_
superbo	superbo	SS	O	_	_
e	e	C	O	_	_
sciocco	sciocco	SS	O	_	_
»	»	XPO	O	_	_
,	comma	XPW	O	_	_
ma	ma	C	O	_	_
a	a	E	O	_	_
noi	noi	PP	O	_	_
forse	forse	B	O	_	_
non	non	B	O	_	_
si	rifl	PN	O	_	_
perdonerebbe	perdonare	VI	O	_	_
ciò	ciò`	PS	O	_	_
che	che	CCHE	O	_	_
si	rifl	PN	O	_	_
ammira	ammirare	VI	O	_	_
e	e	C	O	_	_
si	rifl	PN	O	_	_
esalta	esaltare	VI	O	_	_
in	in	E	O	_	_
uno	uno	PS	O	_	_
dei	di/det	EP	O	_	_
tanti	tanto	DP	O	_	_
uomini	uomo	SP	O	_	_
,	comma	XPW	O	_	_
contrari	contrario	AP	O	_	_
od	od	B	O	_	_
ostili	ostile	AP	O	_	_
al	a/det	ES	O	_	_
cristianesimo	cristianesimo	SS	O	_	_
,	comma	XPW	O	_	_
che	che	CCHE	O	_	_
solo	solo	B	O	_	_
potrebbe	potere	VI	O	_	_
essere	essere	VF	O	_	_
arra	arra	SS	O	_	_
di	di	E	O	_	_
giustizia	giustizia	SS	O	_	_
e	e	C	O	_	_
fratellanza	fratellanza	SS	O	_	_
,	comma	XPW	O	_	_
senza	senza	E	O	_	_
le	il	RP	O	_	_
quali	quale	PP	O	_	_
troppo	troppo	B	O	_	_
di	di	E	O	_	_
frequente	frequente	AS	O	_	_
gli	il	RP	O	_	_
stessi	stessi	SP	O	_	_
materiali	materiale	AP	O	_	_
progressi	progresso	SP	O	_	_
sono	essere	VI	O	_	_
fonte	fonte	SS	O	_	_
di	di	E	O	_	_
sventure	sventura	SP	O	_	_
e	e	C	O	_	_
di	di	E	O	_	_
lagrime	lagrima	SP	O	_	_
.	.	XPS	O	_	_

Per	per	E	O	_	_
intanto	intanto	B	O	_	_
,	comma	XPW	O	_	_
consoliamoci	consoliamoci	VG+E	O	_	_
che	che	CCHE	O	_	_
la	il	RS	O	_	_
pelle	pelle	SS	O	_	_
è	essere	VIY	O	_	_
serbata	serbare	VSP	O	_	_
per	per	E	O	_	_
un’	uno	RS	O	_	_
altra	altro	DS	O	_	_
volta	volta	SS	O	_	_
,	comma	XPW	O	_	_
che	che	CCHE	O	_	_
il	il	RS	O	_	_
salasso	salasso	SS	O	_	_
alle	a/det	EP	O	_	_
tasche	tasca	SP	O	_	_
non	non	B	O	_	_
è	essere	VIY	O	_	_
degenerato	degenerare	VSP	O	_	_
in	in	E	O	_	_
dissanguamento	dissanguamento	SS	O	_	_
.	.	XPS	O	_	_

Si	rifl	PN	O	_	_
è	essere	VIY	O	_	_
evitata	evitare	VSP	O	_	_
una	uno	RS	O	_	_
guerra	guerra	SS	O	_	_
non	non	B	O	_	_
solo	solo	B	O	_	_
,	comma	XPW	O	_	_
ma	ma	C	O	_	_
con	con	E	O	_	_
la	il	RS	O	_	_
vittoria	vittoria	SS	O	_	_
diplomatica	diplomatico	AS	O	_	_
raggiunta	raggiungere	VSP	O	_	_
,	comma	XPW	O	_	_
il	il	RS	O	_	_
credito	credito	SS	O	_	_
delle	di/det	EP	O	_	_
finanze	finanza	SP	O	_	_
è	essere	VIY	O	_	_
così	così	B	O	_	_
salito	salire	VSP	O	_	_
da	da	E	O	_	_
riparare	riparare	VF	O	_	_
,	comma	XPW	O	_	_
almeno	almeno	B	O	_	_
in	in	E	O	_	_
parte	parte	SS	O	_	_
,	comma	XPW	O	_	_
i	il	RP	O	_	_
ribassi	ribasso	SP	O	_	_
cagionati	cagionare	VPP	O	_	_
negli	in/det	EP	O	_	_
ultimi	ultimo	AP	O	_	_
anni	anno	SP	O	_	_
dalle	da/det	EP	O	_	_
lotte	lotta	SP	O	_	_
e	e	C	O	_	_
dalle	da/det	EP	O	_	_
confusioni	confusione	SP	O	_	_
interne	interno	AP	O	_	_
che	che	CCHE	O	_	_
nocquero	nuocere	VI	O	_	_
gravemente	gravemente	B	O	_	_
al	a/det	ES	O	_	_
prestigio	prestigio	SS	O	_	_
e	e	C	O	_	_
agli	a/det	EP	O	_	_
interessi	interesse	SP	O	_	_
generali	generale	AP	O	_	_
.	.	XPS	O	_	_

E	e	C	O	_	_
noi	noi	PP	O	_	_
,	comma	XPW	O	_	_
come	come	CADV	O	_	_
italiani	italiano	SP	O	_	_
,	comma	XPW	O	_	_
possiamo	potere	VI	O	_	_
anche	anche	C	O	_	_
rallegrarci	rallegrare/pro/loc	VF+E	O	_	_
che	che	CCHE	O	_	_
l’	il	RS	O	_	_
Italia	italia	SPN	O	_	_
non	non	B	O	_	_
fu	essere	VI	O	_	_
involta	involto	AS	O	_	_
nel	in/det	ES	O	_	_
penoso	penoso	AS	O	_	_
scacco	scacco	SS	O	_	_
subìto	subìto	AS	O	_	_
dall’	da/det	ES	O	_	_
Inghilterra	inghilterra	SPN	GPE	52.7954791	-0.5402401866
e	e	C	O	_	_
dalla	da/det	ES	O	_	_
Francia	francia	SPN	O	_	_
,	comma	XPW	O	_	_
anzi	anzi	C	O	_	_
ebbe	avere	VI	O	_	_
la	il	RS	O	_	_
precedenza	precedenza	SS	O	_	_
sugli	su/det	EP	O	_	_
altri	altro	DP	O	_	_
Stati	stato	SP	O	_	_
nel	in/det	ES	O	_	_
proporre	proporre	VF	O	_	_
quella	quello	DS	O	_	_
soluzione	soluzione	SS	O	_	_
cui	cui	PN	O	_	_
per	per	E	O	_	_
amore	amore	SS	O	_	_
o	o	C	O	_	_
per	per	E	O	_	_
forza	forza	SS	O	_	_
,	comma	XPW	O	_	_
si	rifl	PN	O	_	_
dovette	dovere	VI	O	_	_
finalmente	finalmente	B	O	_	_
venire	venire	VF	O	_	_
.	.	XPS	O	_	_

Coloro	colui	PP	O	_	_
che	che	CCHE	O	_	_
lo	lo	PS	O	_	_
scorso	scorso	VI	O	_	_
inverno	inverno	SS	O	_	_
attaccarono	attaccare	VI	O	_	_
a	a	E	O	_	_
fondo	fondo	SS	O	_	_
il	il	RS	O	_	_
Tittoni	tittoni	SPN	PER	_	_
,	comma	XPW	O	_	_
ora	ora	B	O	_	_
,	comma	XPW	O	_	_
dinanzi	dinanzi	B	O	_	_
alla	a/det	ES	O	_	_
prova	prova	SS	O	_	_
dei	di/det	EP	O	_	_
fatti	fatto	SP	O	_	_
,	comma	XPW	O	_	_
dovranno	dovere	VI	O	_	_
concedere	concedere	VF	O	_	_
che	che	CCHE	O	_	_
la	il	RS	O	_	_
sua	suo	DS	O	_	_
politica	politica	SS	O	_	_
fu	essere	VI	O	_	_
più	più	B	O	_	_
felice	felice	AS	O	_	_
di	di	E	O	_	_
quella	quello	PS	O	_	_
che	che	CCHE	O	_	_
essi	essi	PP	O	_	_
avrebbero	avere	VIY	O	_	_
preferito	preferire	VSP	O	_	_
.	.	XPS	O	_	_

Questo	questo	DS	O	_	_
tacito	tacito	AS	O	_	_
riconoscimento	riconoscimento	SS	O	_	_
sembra	sembrare	VI	O	_	_
rispecchiarsi	rispecchiare/rifl	VF+E	O	_	_
nelle	in/det	EP	O	_	_
accoglienze	accoglienza	SP	O	_	_
provate	provare	VPP	O	_	_
dalle	da/det	EP	O	_	_
recenti	recente	AP	O	_	_
dichiarazioni	dichiarazione	SP	O	_	_
del	di/det	ES	O	_	_
Tittoni	tittoni	SPN	O	_	_
a	a	E	O	_	_
Montecitorio	montecitorio	SPN	O	_	_
,	comma	XPW	O	_	_
accoglienze	accoglienza	SP	O	_	_
tanto	tanto	B	O	_	_
diverse	diverso	AP	O	_	_
da	da	E	O	_	_
quelle	quello	PP	O	_	_
di	di	E	O	_	_
pochi	poco	DP	O	_	_
mesi	mese	SP	O	_	_
fa	fa	B	O	_	_
.	.	XPS	O	_	_

Dalle	da/det	EP	O	_	_
migliorate	migliorate	AP	O	_	_
relazioni	relazione	SP	O	_	_
tra	tra	E	O	_	_
l’	il	RS	O	_	_
Italia	italia	SPN	O	_	_
e	e	C	O	_	_
l’	il	RS	O	_	_
Austria	austria	SPN	GPE	47.2000338	13.199959
,	comma	XPW	O	_	_
possano	potere	VI	O	_	_
sentire	sentire	VF	O	_	_
benefici	benefico	AP	O	_	_
effetti	effetto	SP	O	_	_
anche	anche	C	O	_	_
gli	il	RP	O	_	_
italiani	italiano	SP	O	_	_
che	che	CCHE	O	_	_
abitano	abitare	VI	O	_	_
e	e	C	O	_	_
svolgono	svolgere	VI	O	_	_
la	il	RS	O	_	_
loro	loro	DP	O	_	_
attività	attività	SN	O	_	_
al	a/det	ES	O	_	_
di	di	E	O	_	_
qua	qua	B	O	_	_
del	di/det	ES	O	_	_
confine	confine	SS	O	_	_
"!"	esclamation_mark	XPS	O	_	_
