# total number of persons:3, total number of gpes:1
Nell’	in/det	ES	O	_	_
ultimo	ultimo	AS	O	_	_
dibattito	dibattito	SS	O	_	_
parlamentare	parlamentare	AS	O	_	_
intorno	intorno	E	O	_	_
all’	a/det	ES	O	_	_
affare	affare	SS	O	_	_
Wahrmund	wahrmund	SPN	O	_	_
il	il	RS	O	_	_
deputato	deputato	SS	O	_	_
Stransky	stransky	SPN	PER	_	_
ha	avere	VIY	O	_	_
affermato	affermare	VSP	O	_	_
perentoriamente	perentoriamente	B	O	_	_
:	:	XPS	O	_	_
«	«	XPO	O	_	_
l’	il	RS	O	_	_
idea	idea	SS	O	_	_
cattolica	cattolico	AS	O	_	_
non	non	B	O	_	_
ha	avere	VI	O	_	_
da	da	E	O	_	_
mettere	mettere	VF	O	_	_
il	il	RS	O	_	_
becco	becco	SS	O	_	_
nelle	in/det	EP	O	_	_
università	università	SN	O	_	_
»	»	XPO	O	_	_
.	.	XPS	O	_	_

Stransky	stransky	SPN	PER	_	_
è	essere	VI	O	_	_
tedesco-radicale	tedesco-radicale	AS	O	_	_
,	comma	XPW	O	_	_
l’	il	RS	O	_	_
unico	unico	AS	O	_	_
partito	partito	SS	O	_	_
che	che	CCHE	O	_	_
fece	fare	VI	O	_	_
causa	causa	SS	O	_	_
comune	comune	SS	O	_	_
con	con	E	O	_	_
gli	il	RP	O	_	_
studenti	studente	SP	O	_	_
scioperanti	scioperante	AP	O	_	_
e	e	C	O	_	_
coi	con/det	EP	O	_	_
professori	professore	SP	O	_	_
della	di/det	ES	O	_	_
«	«	XPO	O	_	_
nette	netto	AP	O	_	_
Gesellschaft	gesellschaft	SPN	O	_	_
»	»	XPO	O	_	_
.	.	XPS	O	_	_

Una	uno	RS	O	_	_
sua	suo	DS	O	_	_
confessione	confessione	SS	O	_	_
aperta	aperto	AS	O	_	_
formula	formula	SS	O	_	_
gli	il	RP	O	_	_
intenti	intento	SP	O	_	_
degli	di/det	EP	O	_	_
anticlericali	anticlericale	SP	O	_	_
,	comma	XPW	O	_	_
per	per	E	O	_	_
altre	altro	DP	O	_	_
ragioni	ragione	SP	O	_	_
e	e	C	O	_	_
prove	prova	SP	O	_	_
già	già	B	O	_	_
manifesti	manifesto	SP	O	_	_
.	.	XPS	O	_	_

Non	non	B	O	_	_
si	rifl	PN	O	_	_
tratta	trattare	VI	O	_	_
di	di	E	O	_	_
libertà	libertà	SN	O	_	_
,	comma	XPW	O	_	_
o	o	C	O	_	_
di	di	E	O	_	_
libero	libero	AS	O	_	_
torneo	torneo	SS	O	_	_
d’	di	E	O	_	_
idee	idea	SP	O	_	_
e	e	C	O	_	_
di	di	E	O	_	_
concezioni	concezione	SP	O	_	_
della	di/det	ES	O	_	_
vita	vita	SS	O	_	_
:	:	XPS	O	_	_
gli	il	RP	O	_	_
anticlericali	anticlericale	SP	O	_	_
vogliono	volere	VI	O	_	_
soffocare	soffocare	VF	O	_	_
nelle	in/det	EP	O	_	_
università	università	SN	O	_	_
l’	il	RS	O	_	_
idea	idea	SS	O	_	_
cattolica	cattolico	AS	O	_	_
,	comma	XPW	O	_	_
escludendo	escludere	VG	O	_	_
dalle	da/det	EP	O	_	_
aule	aula	SP	O	_	_
e	e	C	O	_	_
dalle	da/det	EP	O	_	_
cattedre	cattedra	SP	O	_	_
i	il	RP	O	_	_
suoi	suo	DP	O	_	_
rappresentanti	rappresentante	SP	O	_	_
.	.	XPS	O	_	_

La	il	RS	O	_	_
lotta	lotta	SS	O	_	_
dei	di/det	EP	O	_	_
cattolici	cattolico	SP	O	_	_
vuole	volere	VI	O	_	_
la	il	RS	O	_	_
libertà	libertà	SN	O	_	_
e	e	C	O	_	_
l’	il	RS	O	_	_
equiparazione	equiparazione	SS	O	_	_
delle	di/det	EP	O	_	_
loro	loro	PP	O	_	_
idee	idea	SP	O	_	_
.	.	XPS	O	_	_

La	il	RS	O	_	_
scorsa	scorsa	SS	O	_	_
settimana	settimana	SS	O	_	_
in	in	E	O	_	_
un	uno	RS	O	_	_
comizio	comizio	SS	O	_	_
anticlericale	anticlericale	AS	O	_	_
tenuto	tenere	VSP	O	_	_
a	a	E	O	_	_
Innsbruck	innsbruck	SPN	GPE	47.2654296	11.3927685
e	e	C	O	_	_
convocato	convocare	VSP	O	_	_
da	da	E	O	_	_
un’	uno	RS	O	_	_
associazione	associazione	SS	O	_	_
studentesca	studentesco	AS	O	_	_
,	comma	XPW	O	_	_
il	il	RS	O	_	_
pastore	pastore	SS	O	_	_
protestante	protestante	AS	O	_	_
Mahnert	mahnert	SPN	O	_	_
,	comma	XPW	O	_	_
sempre	sempre	B	O	_	_
a	a	E	O	_	_
proposito	proposito	SS	O	_	_
delle	di/det	EP	O	_	_
lotte	lotta	SP	O	_	_
universitarie	universitario	AP	O	_	_
disse	dire	VI	O	_	_
:	:	XPS	O	_	_
«	«	XPO	O	_	_
La	il	RS	O	_	_
nostra	nostro	DS	O	_	_
campagna	campagna	SS	O	_	_
è	essere	VI	O	_	_
diretta	diretto	AS	O	_	_
contro	contro	E	O	_	_
Roma	roma	SPN	O	_	_
,	comma	XPW	O	_	_
la	il	RS	O	_	_
quale	quale	PS	O	_	_
è	essere	VI	O	_	_
contro	contro	B	O	_	_
il	il	RS	O	_	_
popolo	popolo	SS	O	_	_
tedesco	tedesco	AS	O	_	_
.	.	XPS	O	_	_

Noi	noi	PP	O	_	_
guardiamo	guardare	VI	O	_	_
fisso	fisso	AS	O	_	_
nell’	in/det	ES	O	_	_
occhio	occhio	SS	O	_	_
del	di/det	ES	O	_	_
nemico	nemico	SS	O	_	_
e	e	C	O	_	_
lo	lo	PS	O	_	_
battiamo	battere	VI	O	_	_
coll’	con/det	ES	O	_	_
unica	unico	AS	O	_	_
arma	arma	SS	O	_	_
giusta	giusto	AS	O	_	_
,	comma	XPW	O	_	_
col	con/det	ES	O	_	_
movimento	movimento	SS	O	_	_
“	“	XPO	O	_	_
Los	los	SPN	O	_	_
Von	von	SPN	O	_	_
Rom	rom	SPN	O	_	_
”	”	XPO	O	_	_
.	.	XPS	O	_	_

.	.	XPS	O	_	_

.	.	XPS	O	_	_

La	il	RS	O	_	_
religione	religione	SS	O	_	_
del	di/det	ES	O	_	_
popolo	popolo	SS	O	_	_
tedesco	tedesco	AS	O	_	_
può	potere	VI	O	_	_
essere	essere	VF	O	_	_
solo	solo	B	O	_	_
il	il	RS	O	_	_
liberale	liberale	AS	O	_	_
protestantesimo	protestantesimo	SS	O	_	_
»	»	XPO	O	_	_
.	.	XPS	O	_	_

Il	il	RS	O	_	_
socialista	socialista	SS	O	_	_
Winkler	winkler	SPN	PER	_	_
eccitò	eccitare	VI	O	_	_
i	il	RP	O	_	_
presenti	presente	SP	O	_	_
ad	ad	E	O	_	_
apostatare	apostatare	VF	O	_	_
dalla	da/det	ES	O	_	_
Chiesa	chiesa	SS	O	_	_
cattolica	cattolico	AS	O	_	_
,	comma	XPW	O	_	_
ma	ma	C	O	_	_
di	di	E	O	_	_
rimanere	rimanere	VF	O	_	_
«	«	XPO	O	_	_
senza	senza	E	O	_	_
confessione	confessione	SS	O	_	_
»	»	XPO	O	_	_
,	comma	XPW	O	_	_
e	e	C	O	_	_
di	di	E	O	_	_
non	non	B	O	_	_
farsi	fare/rifl	VF+E	O	_	_
protestanti	protestante	SP	O	_	_
.	.	XPS	O	_	_

Il	il	RS	O	_	_
comizio	comizio	SS	O	_	_
era	essere	VI	O	_	_
frequentatissimo	frequentato	AS	O	_	_
.	.	XPS	O	_	_

Chi	chi	CCHI	O	_	_
accende	accendere	VI	O	_	_
e	e	C	O	_	_
riattizza	riattizzare	VI	O	_	_
le	il	RP	O	_	_
lotte	lotta	SP	O	_	_
confessionali	confessionale	AP	O	_	_
?	?	XPS	O	_	_

Chi	chi	CCHI	O	_	_
offende	offendere	VI	O	_	_
ed	ed	C	O	_	_
attacca	attaccare	VI	O	_	_
?	?	XPS	O	_	_

E	e	C	O	_	_
la	il	RS	O	_	_
meta	meta	SS	O	_	_
di	di	E	O	_	_
tutta	tutto	DS	O	_	_
la	il	RS	O	_	_
campagna	campagna	SS	O	_	_
wahrmundiana	wahrmundiana	AS	O	_	_
non	non	B	O	_	_
apparisce	apparisce	VI	O	_	_
chiarissima	chiaro	AS	O	_	_
?	?	XPS	O	_	_

Che	che	CCHE	O	_	_
certi	certi	VI	O	_	_
teutoni	teutoni	SP	O	_	_
sfoghino	sfogare	VI	O	_	_
il	il	RS	O	_	_
doppio	doppio	SS	O	_	_
odio	odio	AS	O	_	_
contro	contro	E	O	_	_
Roma	roma	SPN	O	_	_
si	rifl	PN	O	_	_
comprenderà	comprendere	VI	O	_	_
ancora	ancora	B	O	_	_
,	comma	XPW	O	_	_
ma	ma	C	O	_	_
chi	chi	CCHI	O	_	_
spiega	spiegare	VI	O	_	_
il	il	RS	O	_	_
contegno	contegno	SS	O	_	_
di	di	E	O	_	_
quei	quello	DP	O	_	_
rinnegati	rinnegato	SP	O	_	_
del	di/det	ES	O	_	_
gentil	gentil	SS	O	_	_
sangue	sangue	AS	O	_	_
latino	latino	AS	O	_	_
che	che	CCHE	O	_	_
furono	essere	VI	O	_	_
gli	il	RP	O	_	_
alleati	alleato	SP	O	_	_
degli	di/det	EP	O	_	_
anticlericali	anticlericale	AP	O	_	_
tedeschi	tedesco	SP	O	_	_
?	?	XPS	O	_	_

Chi	chi	CCHI	O	_	_
spiegherà	spiegare	VI	O	_	_
certa	certo	AS	O	_	_
stampa	stampa	SS	O	_	_
sedicentesi	sedicentesi	VPP	O	_	_
italiana	italiano	AS	O	_	_
?	?	XPS	O	_	_
