# total number of persons:0, total number of gpes:1
A	a	E	O	_	_
tutti	tutto	DP	O	_	_
gli	il	RP	O	_	_
elettori	elettore	SP	O	_	_
e	e	C	O	_	_
ai	a/det	EP	O	_	_
fiduciari	fiduciario	SP	O	_	_
del	di/det	ES	O	_	_
partito	partito	SS	O	_	_
pop	pop	AS	O	_	_
.	.	XPS	O	_	_

trentino	trentino	SS	O	_	_
Fiduciari	fiduciari	SPN	O	_	_
"!"	esclamation_mark	XPS	O	_	_

Elettori	elettore	SP	O	_	_
"!"	esclamation_mark	XPS	O	_	_

Abbiamo	avere	VIY	O	_	_
vinto	vincere	VSP	O	_	_
e	e	C	O	_	_
in	in	E	O	_	_
misura	misura	SS	O	_	_
degna	degno	AS	O	_	_
dei	di/det	EP	O	_	_
nostri	nostro	DP	O	_	_
ideali	ideale	SP	O	_	_
e	e	C	O	_	_
dei	di/det	EP	O	_	_
grandi	grande	AP	O	_	_
principii	principii	SP	O	_	_
per	per	E	O	_	_
i	il	RP	O	_	_
quali	quale	PP	O	_	_
dovemmo	dovere	VI	O	_	_
combattere	combattere	VF	O	_	_
la	il	RS	O	_	_
grande	grande	AS	O	_	_
battaglia	battaglia	SS	O	_	_
.	.	XPS	O	_	_

La	il	RS	O	_	_
vittoria	vittoria	SS	O	_	_
risale	risalire	VI	O	_	_
in	in	E	O	_	_
gran	grande	AS	O	_	_
parte	parte	SS	O	_	_
all’	a/det	ES	O	_	_
entusiasmo	entusiasmo	SS	O	_	_
,	comma	XPW	O	_	_
alla	a/det	ES	O	_	_
disciplina	disciplina	SS	O	_	_
degli	di/det	EP	O	_	_
elettori	elettore	SP	O	_	_
,	comma	XPW	O	_	_
al	a/det	ES	O	_	_
lavoro	lavoro	SS	O	_	_
energico	energico	AS	O	_	_
,	comma	XPW	O	_	_
disinteressato	disinteressare	VSP	O	_	_
,	comma	XPW	O	_	_
dei	di/det	EP	O	_	_
propagandisti	propagandista	SP	O	_	_
e	e	C	O	_	_
dei	di/det	EP	O	_	_
fiduciari	fiduciario	SP	O	_	_
locali	locale	AP	O	_	_
.	.	XPS	O	_	_

A	a	E	O	_	_
tutti	tutto	DP	O	_	_
questi	questo	DP	O	_	_
la	il	RS	O	_	_
Direzione	direzione	SS	O	_	_
dell’	di/det	ES	O	_	_
Unione	unione	SS	O	_	_
Politica	politica	SPN	O	_	_
Popolare	popolare	SPN	O	_	_
manda	mandare	VI	O	_	_
oggi	oggi	B	O	_	_
un	uno	RS	O	_	_
pubblico	pubblico	SS	O	_	_
ringraziamento	ringraziamento	SS	O	_	_
.	.	XPS	O	_	_

La	il	RS	O	_	_
lotta	lotta	SS	O	_	_
che	che	CCHE	O	_	_
abbiamo	avere	VIY	O	_	_
superata	superare	VSP	O	_	_
vittoriosamente	vittoriosamente	B	O	_	_
contro	contro	B	O	_	_
tanto	tanto	PS	O	_	_
accanimento	accanimento	SS	O	_	_
e	e	C	O	_	_
contro	contro	E	O	_	_
molteplici	molteplice	AP	O	_	_
avversari	avversario	SP	O	_	_
fu	essere	VI	O	_	_
per	per	E	O	_	_
noi	noi	PP	O	_	_
la	il	RS	O	_	_
prova	prova	SS	O	_	_
del	di/det	ES	O	_	_
fuoco	fuoco	SS	O	_	_
.	.	XPS	O	_	_

Non	non	B	O	_	_
è	essere	VI	O	_	_
ancora	ancora	B	O	_	_
il	il	RS	O	_	_
tempo	tempo	SS	O	_	_
di	di	E	O	_	_
trarre	trarre	VF	O	_	_
le	il	RP	O	_	_
conclusioni	conclusione	SP	O	_	_
in	in	E	O	_	_
via	via	SS	O	_	_
d’	di	E	O	_	_
ammaestramento	ammaestramento	SS	O	_	_
,	comma	XPW	O	_	_
ma	ma	C	O	_	_
questo	questo	PS	O	_	_
è	essere	VI	O	_	_
certo	certo	B	O	_	_
,	comma	XPW	O	_	_
che	che	CCHE	O	_	_
nella	in/det	ES	O	_	_
lotta	lotta	SS	O	_	_
abbiamo	avere	VIY	O	_	_
esperimentato	esperimentare	VSP	O	_	_
la	il	RS	O	_	_
bontà	bontà	SN	O	_	_
,	comma	XPW	O	_	_
la	il	RS	O	_	_
necessità	necessità	SN	O	_	_
delle	di/det	EP	O	_	_
nostre	nostro	DP	O	_	_
organizzazioni	organizzazione	SP	O	_	_
e	e	C	O	_	_
l’	il	RS	O	_	_
urgenza	urgenza	SS	O	_	_
di	di	E	O	_	_
educare	educare	VF	O	_	_
politicamente	politicamente	B	O	_	_
gli	il	RP	O	_	_
elettori	elettore	SP	O	_	_
per	per	E	O	_	_
essere	essere	VFY	O	_	_
preparati	preparare	VPP	O	_	_
nel	in/det	ES	O	_	_
momento	momento	SS	O	_	_
decisivo	decisivo	AS	O	_	_
.	.	XPS	O	_	_

La	il	RS	O	_	_
campagna	campagna	SS	O	_	_
fu	essere	VI	O	_	_
estremamente	estremamente	B	O	_	_
faticosa	faticoso	AS	O	_	_
per	per	E	O	_	_
i	il	RP	O	_	_
propagandisti	propagandista	SP	O	_	_
,	comma	XPW	O	_	_
per	per	E	O	_	_
i	il	RP	O	_	_
candidati	candidato	SP	O	_	_
,	comma	XPW	O	_	_
per	per	E	O	_	_
i	il	RP	O	_	_
fiduciari	fiduciario	SP	O	_	_
ed	ed	C	O	_	_
è	essere	VI	O	_	_
un	uno	RS	O	_	_
tentativo	tentativo	SS	O	_	_
sciocco	sciocco	AS	O	_	_
quello	quello	PS	O	_	_
del	di/det	ES	O	_	_
«	«	XPO	O	_	_
Popolo	popolo	SPN	O	_	_
»	»	XPO	O	_	_
di	di	E	O	_	_
voler	volere	VF	O	_	_
far	fare	VF	O	_	_
passare	passare	VF	O	_	_
la	il	RS	O	_	_
schiacciante	schiacciante	SS	O	_	_
nostra	nostro	DS	O	_	_
vittoria	vittoria	SS	O	_	_
come	come	CADV	O	_	_
vittoria	vittoria	SS	O	_	_
del	di/det	ES	O	_	_
cautschuc	cautschuc	SS	O	_	_
,	comma	XPW	O	_	_
ossia	ossia	C	O	_	_
dei	di/det	EP	O	_	_
timbri	timbro	SP	O	_	_
,	comma	XPW	O	_	_
come	come	CADV	O	_	_
se	se	C	O	_	_
i	il	RP	O	_	_
40	40	N	O	_	_
mila	mila	N	O	_	_
voti	voto	SP	O	_	_
che	che	CCHE	O	_	_
abbiamo	avere	VIY	O	_	_
ottenuto	ottenere	VSP	O	_	_
siano	essere	VI	O	_	_
frutto	frutto	SS	O	_	_
non	non	B	O	_	_
dell’	di/det	ES	O	_	_
organizzazione	organizzazione	SS	O	_	_
e	e	C	O	_	_
dell’	di/det	ES	O	_	_
enorme	enorme	AS	O	_	_
lavoro	lavoro	SS	O	_	_
di	di	E	O	_	_
propaganda	propaganda	SS	O	_	_
,	comma	XPW	O	_	_
ma	ma	C	O	_	_
d’	di	E	O	_	_
imposizioni	imposizione	SP	O	_	_
o	o	C	O	_	_
brogli	broglio	SP	O	_	_
elettorali	elettorale	AP	O	_	_
"!"	esclamation_mark	XPS	O	_	_

No	no	B	O	_	_
,	comma	XPW	O	_	_
la	il	RS	O	_	_
vittoria	vittoria	SS	O	_	_
è	essere	VI	O	_	_
frutto	frutto	SS	O	_	_
di	di	E	O	_	_
un	uno	RS	O	_	_
enorme	enorme	AS	O	_	_
lavoro	lavoro	SS	O	_	_
di	di	E	O	_	_
agitazione	agitazione	SS	O	_	_
e	e	C	O	_	_
di	di	E	O	_	_
propaganda	propaganda	SS	O	_	_
fatto	fare	VSP	O	_	_
in	in	E	O	_	_
centinaia	centinaio	SP	O	_	_
e	e	C	O	_	_
centinaia	centinaio	SP	O	_	_
di	di	E	O	_	_
adunanze	adunanza	SP	O	_	_
per	per	E	O	_	_
mezzo	mezzo	SS	O	_	_
della	di/det	ES	O	_	_
stampa	stampa	SS	O	_	_
e	e	C	O	_	_
del	di/det	ES	O	_	_
contatto	contatto	SS	O	_	_
personale	personale	AS	O	_	_
e	e	C	O	_	_
dell’	di/det	ES	O	_	_
oculata	oculato	AS	O	_	_
attenzione	attenzione	SS	O	_	_
dei	di/det	EP	O	_	_
nostri	nostro	DP	O	_	_
comitati	comitato	SP	O	_	_
elettorali	elettorale	AP	O	_	_
.	.	XPS	O	_	_

Pensate	pensare	VI	O	_	_
però	però	C	O	_	_
che	che	CCHE	O	_	_
la	il	RS	O	_	_
lotta	lotta	SS	O	_	_
avvenire	avvenire	VF	O	_	_
si	rifl	PN	O	_	_
farà	fare	VI	O	_	_
più	più	B	O	_	_
aspra	aspro	AS	O	_	_
ancora	ancora	B	O	_	_
.	.	XPS	O	_	_

I	il	RP	O	_	_
risultati	risultato	SP	O	_	_
fino	fino	E	O	_	_
ad	ad	E	O	_	_
oggi	oggi	B	O	_	_
noti	noto	AP	O	_	_
delle	di/det	EP	O	_	_
elezioni	elezione	SP	O	_	_
in	in	E	O	_	_
Austria	austria	SPN	GPE	47.2000338	13.199959
annunziano	annunziare	VI	O	_	_
un	uno	RS	O	_	_
avanzarsi	avanzare/rifl	VF+E	O	_	_
del	di/det	ES	O	_	_
partito	partito	SS	O	_	_
socialista	socialista	AS	O	_	_
,	comma	XPW	O	_	_
il	il	RS	O	_	_
quale	quale	PS	O	_	_
in	in	E	O	_	_
tutti	tutto	PP	O	_	_
i	il	RP	O	_	_
collegi	collegio	SP	O	_	_
urbani	urbano	AP	O	_	_
che	che	CCHE	O	_	_
si	rifl	PN	O	_	_
erano	essere	VIY	O	_	_
creati	creare	VPP	O	_	_
come	come	CADV	O	_	_
privilegio	privilegio	SS	O	_	_
i	il	RP	O	_	_
liberali	liberale	SP	O	_	_
vengono	venire	VI	O	_	_
a	a	E	O	_	_
sostituirsi	sostituire/rifl	VF+E	O	_	_
a	a	E	O	_	_
questi	questo	DP	O	_	_
ultimi	ultimo	AP	O	_	_
.	.	XPS	O	_	_

Di	di	E	O	_	_
fronte	fronte	SS	O	_	_
ai	a/det	EP	O	_	_
socialisti	socialista	SP	O	_	_
gli	il	RP	O	_	_
unici	unici	SP	O	_	_
che	che	CCHE	O	_	_
resistono	resistere	VI	O	_	_
e	e	C	O	_	_
che	che	CCHE	O	_	_
non	non	B	O	_	_
piegano	piegare	VI	O	_	_
sono	essere	VI	O	_	_
i	il	RP	O	_	_
cristiano-sociali	cristiano-sociali	SP	O	_	_
.	.	XPS	O	_	_

Noi	noi	PP	O	_	_
questo	questo	DS	O	_	_
cozzo	cozzo	SS	O	_	_
finale	finale	AS	O	_	_
l’	il	RS	O	_	_
abbiamo	avere	VIY	O	_	_
predicato	predicare	VSP	O	_	_
inevitabilmente	inevitabilmente	B	O	_	_
da	da	E	O	_	_
anni	anno	SP	O	_	_
né	né	B	O	_	_
lo	lo	PS	O	_	_
temiamo	temere	VI	O	_	_
.	.	XPS	O	_	_

L’	il	RS	O	_	_
idea	idea	SS	O	_	_
cristiana	cristiano	AS	O	_	_
trionferà	trionfare	VI	O	_	_
anche	anche	C	O	_	_
sull’	su/det	ES	O	_	_
idea	idea	SS	O	_	_
socialista	socialista	AS	O	_	_
.	.	XPS	O	_	_

Ad	ad	E	O	_	_
un	uno	RS	O	_	_
patto	patto	SS	O	_	_
solo	solo	B	O	_	_
però	però	C	O	_	_
,	comma	XPW	O	_	_
che	che	CCHE	O	_	_
la	il	RS	O	_	_
prima	primo	AS	O	_	_
trovi	trovare	VI	O	_	_
banditori	banditore	SP	O	_	_
coraggiosi	coraggioso	AP	O	_	_
e	e	C	O	_	_
fautori	fautore	SP	O	_	_
organizzati	organizzato	AP	O	_	_
.	.	XPS	O	_	_

Cattolici	cattolico	SP	O	_	_
trentini	trentino	AP	O	_	_
"!"	esclamation_mark	XPS	O	_	_

Sia	sia	C	O	_	_
questo	questo	DS	O	_	_
il	il	RS	O	_	_
monito	monito	SS	O	_	_
della	di/det	ES	O	_	_
campagna	campagna	SS	O	_	_
presto	presto	B	O	_	_
chiusa	chiuso	AS	O	_	_
.	.	XPS	O	_	_

Mentre	mentre	C	O	_	_
vi	vi	B	O	_	_
ringraziamo	ringraziare	VI	O	_	_
e	e	C	O	_	_
ci	ci	PP	O	_	_
congratuliamo	congratulare	VI	O	_	_
con	con	E	O	_	_
voi	voi	PP	O	_	_
della	di/det	ES	O	_	_
splendida	splendido	AS	O	_	_
vittoria	vittoria	SS	O	_	_
,	comma	XPW	O	_	_
vi	vi	B	O	_	_
ricordiamo	ricordare	VI	O	_	_
che	che	CCHE	O	_	_
il	il	RS	O	_	_
14	14	N	O	_	_
maggio	maggio	SS	O	_	_
1907	1907	N	O	_	_
deve	dovere	VI	O	_	_
segnare	segnare	VF	O	_	_
anche	anche	C	O	_	_
un’	uno	RS	O	_	_
energica	energico	AS	O	_	_
ripresa	ripresa	SS	O	_	_
del	di/det	ES	O	_	_
lavoro	lavoro	SS	O	_	_
d’	di	E	O	_	_
organizzazione	organizzazione	SS	O	_	_
e	e	C	O	_	_
del	di/det	ES	O	_	_
movimento	movimento	SS	O	_	_
sociale	sociale	AS	O	_	_
.	.	XPS	O	_	_

Trento	trento	SPN	O	_	_
,	comma	XPW	O	_	_
16	16	N	O	_	_
maggio	maggio	SS	O	_	_
1907	1907	N	O	_	_
LA	il	RS	O	_	_
DIREZIONE	direzione	SS	O	_	_
DELL’	di/det	ES	O	_	_
UNIONE	unione	SS	O	_	_
POLITICA	politico	AS	O	_	_
POPOLARE	popolare	AS	O	_	_
