# total number of persons:0, total number of gpes:4
L’	il	RS	O	_	_
«	«	XPO	O	_	_
Alto	alto	SPN	GPE	46.65596895	11.22964387
Adige	adige	SPN	GPE	46.65596895	11.22964387
»	»	XPO	O	_	_
asserisce	asserire	VI	O	_	_
che	che	CCHE	O	_	_
la	il	RS	O	_	_
riforma	riforma	SS	O	_	_
comunale	comunale	AS	O	_	_
di	di	E	O	_	_
Trento	trento	SPN	GPE	46.0664228	11.1257601
non	non	B	O	_	_
venne	venire	VIY	O	_	_
sanzionata	sanzionare	VSP	O	_	_
nell’	in/det	ES	O	_	_
ultima	ultimo	AS	O	_	_
sessione	sessione	SS	O	_	_
dietale	dietale	AS	O	_	_
non	non	B	O	_	_
perché	perché	C	O	_	_
in	in	E	O	_	_
quella	quello	DS	O	_	_
seduta	seduta	SS	O	_	_
si	rifl	PN	O	_	_
sia	essere	VIY	O	_	_
iniziata	iniziare	VSP	O	_	_
l’	il	RS	O	_	_
ostruzione	ostruzione	SS	O	_	_
,	comma	XPW	O	_	_
ma	ma	C	O	_	_
in	in	E	O	_	_
realtà	realtà	SN	O	_	_
per	per	E	O	_	_
il	il	RS	O	_	_
«	«	XPO	O	_	_
veto	veto	SS	O	_	_
dei	di/det	EP	O	_	_
clericali	clericale	SP	O	_	_
»	»	XPO	O	_	_
.	.	XPS	O	_	_

Quest’	questo	DS	O	_	_
asserzione	asserzione	SS	O	_	_
è	essere	VI	O	_	_
perlomeno	perlomeno	B	O	_	_
una	uno	RS	O	_	_
cretineria	cretineria	SS	O	_	_
.	.	XPS	O	_	_

Tutti	tutto	PP	O	_	_
sanno	sapere	VI	O	_	_
che	che	CCHE	O	_	_
gli	il	RP	O	_	_
oggetti	oggetto	SP	O	_	_
all’	a/det	ES	O	_	_
ordine	ordine	SS	O	_	_
del	di/det	ES	O	_	_
giorno	giorno	SS	O	_	_
,	comma	XPW	O	_	_
fra	fra	E	O	_	_
cui	cui	PN	O	_	_
la	il	RS	O	_	_
riforma	riforma	SS	O	_	_
,	comma	XPW	O	_	_
vennero	venire	VIY	O	_	_
cacciati	cacciare	VPP	O	_	_
indietro	indietro	B	O	_	_
dalla	da/det	ES	O	_	_
proposta	proposta	SS	O	_	_
d’	di	E	O	_	_
urgenza	urgenza	SS	O	_	_
Grabmayr	grabmayr	SPN	O	_	_
e	e	C	O	_	_
consorti	consorte	SP	O	_	_
sulla	su/det	ES	O	_	_
quale	quale	PS	O	_	_
si	rifl	PN	O	_	_
svolse	svolgere	VI	O	_	_
l’	il	RS	O	_	_
ostruzione	ostruzione	SS	O	_	_
italiana	italiano	AS	O	_	_
.	.	XPS	O	_	_

Se	se	C	O	_	_
si	rifl	PN	O	_	_
fosse	essere	VIY	O	_	_
raggiunto	raggiungere	VSP	O	_	_
l’	il	RS	O	_	_
accordo	accordo	SS	O	_	_
per	per	E	O	_	_
la	il	RS	O	_	_
questione	questione	SS	O	_	_
scolastica	scolastico	AS	O	_	_
,	comma	XPW	O	_	_
l’	il	RS	O	_	_
ordine	ordine	SS	O	_	_
del	di/det	ES	O	_	_
giorno	giorno	SS	O	_	_
sarebbe	essere	VIY	O	_	_
stato	essere	VSPY	O	_	_
discusso	discutere	VSP	O	_	_
,	comma	XPW	O	_	_
compresa	comprendere	VSP	O	_	_
la	il	RS	O	_	_
riforma	riforma	SS	O	_	_
.	.	XPS	O	_	_

In	in	E	O	_	_
tale	tale	DS	O	_	_
dibattito	dibattito	SS	O	_	_
i	il	RP	O	_	_
popolari	popolare	AP	O	_	_
avrebbero	avere	VI	O	_	_
senza	senza	E	O	_	_
dubbio	dubbio	SS	O	_	_
presentate	presentare	VPP	O	_	_
delle	di/det	EP	O	_	_
proposte	proposta	SP	O	_	_
di	di	E	O	_	_
miglioramento	miglioramento	SS	O	_	_
a	a	E	O	_	_
quel	quello	DS	O	_	_
gioiello	gioiello	SS	O	_	_
di	di	E	O	_	_
riforma	riforma	SS	O	_	_
elettorale	elettorale	AS	O	_	_
;	semicolon	XPS	O	_	_

proposte	proposta	SP	O	_	_
che	che	CCHE	O	_	_
,	comma	XPW	O	_	_
per	per	E	O	_	_
evitare	evitare	VF	O	_	_
forse	forse	B	O	_	_
un	uno	RS	O	_	_
aperto	aperto	AS	O	_	_
conflitto	conflitto	SS	O	_	_
in	in	E	O	_	_
Dieta	dieta	SPN	O	_	_
fra	fra	E	O	_	_
italiani	italiano	SP	O	_	_
,	comma	XPW	O	_	_
sarebbe	essere	VIY	O	_	_
certo	certo	B	O	_	_
stato	essere	VSP	O	_	_
loro	loro	DP	O	_	_
desiderio	desiderio	SS	O	_	_
venissero	venire	VIY	O	_	_
presentate	presentare	VPP	O	_	_
già	già	B	O	_	_
nella	in/det	ES	O	_	_
commissione	commissione	SS	O	_	_
,	comma	XPW	O	_	_
se	se	C	O	_	_
questa	questo	PS	O	_	_
non	non	B	O	_	_
avesse	avere	VIY	O	_	_
sbrigato	sbrigare	VSP	O	_	_
l’	il	RS	O	_	_
affare	affare	SS	O	_	_
in	in	E	O	_	_
quattro	quattro	N	O	_	_
e	e	C	O	_	_
quattr’	quattr’	B	O	_	_
otto	otto	N	O	_	_
,	comma	XPW	O	_	_
mentre	mentre	C	O	_	_
tutta	tutto	DS	O	_	_
l’	il	RS	O	_	_
attenzione	attenzione	SS	O	_	_
dei	di/det	EP	O	_	_
deputati	deputato	SP	O	_	_
era	essere	VI	O	_	_
rivolta	rivolgere	VSP	O	_	_
alla	a/det	ES	O	_	_
questione	questione	SS	O	_	_
scolastica	scolastico	AS	O	_	_
.	.	XPS	O	_	_

Così	così	B	O	_	_
stanno	stare	VI	O	_	_
le	il	RP	O	_	_
cose	cosa	SP	O	_	_
e	e	C	O	_	_
non	non	B	O	_	_
altri	altro	PP	O	_	_
.	.	XPS	O	_	_

Ed	ed	C	O	_	_
ora	ora	B	O	_	_
non	non	B	O	_	_
sono	essere	VIY	O	_	_
mutate	mutare	VPP	O	_	_
di	di	E	O	_	_
un	uno	RS	O	_	_
pelo	pelo	SS	O	_	_
.	.	XPS	O	_	_

Il	il	RS	O	_	_
partito	partito	SS	O	_	_
popolare	popolare	AS	O	_	_
non	non	B	O	_	_
approverà	approvare	VI	O	_	_
mai	mai	B	O	_	_
una	uno	RS	O	_	_
riforma	riforma	SS	O	_	_
elettorale	elettorale	AS	O	_	_
la	il	RS	O	_	_
quale	quale	PS	O	_	_
è	essere	VIY	O	_	_
architettata	architettare	VSP	O	_	_
in	in	E	O	_	_
modo	modo	SS	O	_	_
da	da	E	O	_	_
escludere	escludere	VF	O	_	_
dalla	da/det	ES	O	_	_
rappresentanza	rappresentanza	SS	O	_	_
del	di/det	ES	O	_	_
Comune	comune	SS	O	_	_
quasi	quasi	B	O	_	_
un	uno	RS	O	_	_
terzo	terzo	SS	O	_	_
di	di	E	O	_	_
cittadini	cittadino	SP	O	_	_
.	.	XPS	O	_	_

In	in	E	O	_	_
ciò	ciò`	PS	O	_	_
sono	essere	VI	O	_	_
d’	di	E	O	_	_
accordo	accordo	SS	O	_	_
gli	il	RP	O	_	_
elettori	elettore	SP	O	_	_
,	comma	XPW	O	_	_
i	il	RP	O	_	_
deputati	deputato	SP	O	_	_
e	e	C	O	_	_
i	il	RP	O	_	_
consiglieri	consigliere	SP	O	_	_
.	.	XPS	O	_	_

Noi	noi	PP	O	_	_
vogliamo	volere	VI	O	_	_
una	uno	RS	O	_	_
riforma	riforma	SS	O	_	_
che	che	CCHE	O	_	_
riformi	riformare	VI	O	_	_
davvero	davvero	B	O	_	_
e	e	C	O	_	_
conceda	concedere	VI	O	_	_
a	a	E	O	_	_
tutti	tutto	DP	O	_	_
i	il	RP	O	_	_
gruppi	gruppo	SP	O	_	_
d’	di	E	O	_	_
interessi	interesse	SP	O	_	_
,	comma	XPW	O	_	_
a	a	E	O	_	_
tutte	tutto	DP	O	_	_
le	il	RP	O	_	_
classi	classe	SP	O	_	_
,	comma	XPW	O	_	_
un	uno	RS	O	_	_
proporzionato	proporzionato	AS	O	_	_
influsso	influsso	SS	O	_	_
negli	in/det	EP	O	_	_
affari	affare	SP	O	_	_
amministrativi	amministrativo	AP	O	_	_
della	di/det	ES	O	_	_
città	città	SN	O	_	_
.	.	XPS	O	_	_

Perciò	perciò	C	O	_	_
gli	il	RP	O	_	_
elettori	elettore	SP	O	_	_
di	di	E	O	_	_
Trento	trento	SPN	GPE	46.0664228	11.1257601
,	comma	XPW	O	_	_
nostri	nostro	DP	O	_	_
consenzienti	consenzienti	SP	O	_	_
,	comma	XPW	O	_	_
hanno	avere	VIY	O	_	_
chiesto	chiedere	VSP	O	_	_
che	che	CCHE	O	_	_
«	«	XPO	O	_	_
accanto	accanto	E	O	_	_
al	a/det	ES	O	_	_
massimo	massimo	SS	O	_	_
ampliamento	ampliamento	SS	O	_	_
possibile	possibile	AS	O	_	_
dell’	di/det	ES	O	_	_
elettorato	elettorato	SS	O	_	_
comunale	comunale	AS	O	_	_
si	rifl	PN	O	_	_
aggiunga	aggiungere	VI	O	_	_
l’	il	RS	O	_	_
introduzione	introduzione	SS	O	_	_
della	di/det	ES	O	_	_
rappresentanza	rappresentanza	SS	O	_	_
proporzionale	proporzionale	AS	O	_	_
»	»	XPO	O	_	_
.	.	XPS	O	_	_

Questo	questo	DS	O	_	_
postulato	postulato	SS	O	_	_
è	essere	VIY	O	_	_
divenuto	divenire	VSP	O	_	_
un	uno	RS	O	_	_
caposaldo	caposaldo	SS	O	_	_
nel	in/det	ES	O	_	_
nostro	nostro	DS	O	_	_
programma	programma	SS	O	_	_
e	e	C	O	_	_
tutti	tutto	DP	O	_	_
i	il	RP	O	_	_
rappresentanti	rappresentante	SP	O	_	_
del	di/det	ES	O	_	_
nostro	nostro	DS	O	_	_
partito	partito	SS	O	_	_
in	in	E	O	_	_
qualunque	qualunque	DS	O	_	_
consesso	consesso	SS	O	_	_
risiedano	risedere	VI	O	_	_
sono	essere	VIY	O	_	_
chiamati	chiamare	VPP	O	_	_
ad	ad	E	O	_	_
attuarlo	attuare/pro	VF+E	O	_	_
colla	con/det	ES	O	_	_
massima	massimo	AS	O	_	_
sollecitudine	sollecitudine	SS	O	_	_
.	.	XPS	O	_	_

Al	a/det	ES	O	_	_
Rubicone	rubicone	SS	O	_	_
vi	vi	B	O	_	_
trovate	trovare	VPP	O	_	_
quindi	quindi	C	O	_	_
voi	voi	PP	O	_	_
,	comma	XPW	O	_	_
signori	signore	SP	O	_	_
radicali	radicale	AP	O	_	_
,	comma	XPW	O	_	_
e	e	C	O	_	_
vi	vi	B	O	_	_
tocca	toccare	VI	O	_	_
passarlo	passare/pro	VF+E	O	_	_
presto	presto	B	O	_	_
.	.	XPS	O	_	_

Dovrete	dovere	VI	O	_	_
decidervi	decidere/voi/loc	VF+E	O	_	_
se	se	C	O	_	_
voi	voi	PP	O	_	_
accettate	accettare	VPP	O	_	_
la	il	RS	O	_	_
rappresentanza	rappresentanza	SS	O	_	_
proporzionale	proporzionale	AS	O	_	_
la	il	RS	O	_	_
quale	quale	PS	O	_	_
non	non	B	O	_	_
toglie	togliere	VI	O	_	_
nulla	nulla	PS	O	_	_
al	a/det	ES	O	_	_
vostro	vostro	DS	O	_	_
partito	partito	SS	O	_	_
,	comma	XPW	O	_	_
ma	ma	C	O	_	_
rende	rendere	VI	O	_	_
giustizia	giustizia	SS	O	_	_
anche	anche	C	O	_	_
agli	a/det	EP	O	_	_
altri	altro	PP	O	_	_
,	comma	XPW	O	_	_
ovvero	ovvero	C	O	_	_
se	se	C	O	_	_
voi	voi	PP	O	_	_
per	per	E	O	_	_
fini	fine	SP	O	_	_
di	di	E	O	_	_
settarismo	settarismo	SS	O	_	_
anticlericale	anticlericale	AS	O	_	_
sbarrerete	sbarrare	VI	O	_	_
la	il	RS	O	_	_
via	via	SS	O	_	_
alla	a/det	ES	O	_	_
riforma	riforma	SS	O	_	_
.	.	XPS	O	_	_

Questo	questo	PS	O	_	_
è	essere	VI	O	_	_
il	il	RS	O	_	_
dilemma	dilemma	SS	O	_	_
,	comma	XPW	O	_	_
né	né	C	O	_	_
vale	valere	VI	O	_	_
a	a	E	O	_	_
distruggerlo	distruggere/pro	VF+E	O	_	_
un	uno	RS	O	_	_
finto	finto	SS	O	_	_
zelo	zelo	AS	O	_	_
per	per	E	O	_	_
quei	quello	DP	O	_	_
miserabili	miserabile	AP	O	_	_
sei	sei	N	O	_	_
mandati	mandato	SP	O	_	_
che	che	CCHE	O	_	_
una	uno	RS	O	_	_
riforma	riforma	SS	O	_	_
con	con	E	O	_	_
tanto	tanto	B	O	_	_
di	di	E	O	_	_
barba	barba	SS	O	_	_
concedeva	concedere	VI	O	_	_
dieci	dieci	N	O	_	_
anni	anno	SP	O	_	_
fa	fa	B	O	_	_
ad	ad	E	O	_	_
una	uno	RS	O	_	_
curia	curia	SS	O	_	_
generale	generale	AS	O	_	_
.	.	XPS	O	_	_

Il	il	RS	O	_	_
progetto	progetto	SS	O	_	_
che	che	CCHE	O	_	_
sta	stare	VI	O	_	_
sui	su/det	EP	O	_	_
banchi	banco	SP	O	_	_
della	di/det	ES	O	_	_
Dieta	dieta	SPN	O	_	_
precede	precedere	VI	O	_	_
tutte	tutto	DP	O	_	_
le	il	RP	O	_	_
riforme	riforma	SP	O	_	_
che	che	CCHE	O	_	_
si	rifl	PN	O	_	_
introdussero	introdussero	VI	O	_	_
poi	poi	B	O	_	_
in	in	E	O	_	_
Austria	austria	SPN	GPE	47.2000338	13.199959
ed	ed	C	O	_	_
è	essere	VIY	O	_	_
invecchiato	invecchiare	VSP	O	_	_
ancora	ancora	B	O	_	_
prima	prima	C	O	_	_
di	di	E	O	_	_
nascere	nascere	VF	O	_	_
.	.	XPS	O	_	_

Voi	voi	PS	O	_	_
vorreste	volere	VI	O	_	_
che	che	CCHE	O	_	_
approviamo	approvare	VI	O	_	_
quel	quello	DS	O	_	_
progetto	progetto	SS	O	_	_
,	comma	XPW	O	_	_
lasciando	lasciare	VG	O	_	_
il	il	RS	O	_	_
mandato	mandato	SS	O	_	_
ai	a/det	EP	O	_	_
socialisti	socialista	SP	O	_	_
ed	ed	C	O	_	_
a	a	E	O	_	_
voi	voi	PS	O	_	_
di	di	E	O	_	_
migliorarlo	migliorare/pro	VF+E	O	_	_
poi	poi	B	O	_	_
.	.	XPS	O	_	_

No	no	B	O	_	_
,	comma	XPW	O	_	_
carini	carini	SP	O	_	_
,	comma	XPW	O	_	_
né	né	C	O	_	_
voi	voi	PP	O	_	_
né	né	B	O	_	_
i	il	RP	O	_	_
socialisti	socialista	SP	O	_	_
avete	avere	VI	O	_	_
il	il	RS	O	_	_
minimo	minimo	AS	O	_	_
diritto	diritto	SS	O	_	_
di	di	E	O	_	_
pretendere	pretendere	VF	O	_	_
dai	da/det	EP	O	_	_
cittadini	cittadino	SP	O	_	_
popolari	popolare	AP	O	_	_
un	uno	RS	O	_	_
mandato	mandato	SS	O	_	_
di	di	E	O	_	_
fiducia	fiducia	SS	O	_	_
.	.	XPS	O	_	_

Entrambi	entrambi	DP	O	_	_
siete	essere	VI	O	_	_
ispirati	ispirato	AP	O	_	_
al	a/det	ES	O	_	_
più	più	B	O	_	_
feroce	feroce	AS	O	_	_
anticlericalismo	anticlericalismo	SS	O	_	_
e	e	C	O	_	_
ovunque	ovunque	B	O	_	_
fu	essere	VI	O	_	_
possibile	possibile	AS	O	_	_
,	comma	XPW	O	_	_
avete	avere	VIY	O	_	_
dimostrato	dimostrare	VSP	O	_	_
di	di	E	O	_	_
non	non	B	O	_	_
riconoscere	riconoscere	VF	O	_	_
né	né	B	O	_	_
legge	legge	SS	O	_	_
né	né	B	O	_	_
criteri	criterio	SP	O	_	_
di	di	E	O	_	_
equità	equità	SN	O	_	_
quando	quando	CADV	O	_	_
si	rifl	PN	O	_	_
tratta	trattare	VI	O	_	_
di	di	E	O	_	_
combattere	combattere	VF	O	_	_
le	il	RP	O	_	_
persone	persona	SP	O	_	_
provate	provare	VPP	O	_	_
o	o	C	O	_	_
sospette	sospetto	AP	O	_	_
di	di	E	O	_	_
aderire	aderire	VF	O	_	_
ai	a/det	EP	O	_	_
nostri	nostro	DP	O	_	_
principii	principii	SP	O	_	_
.	.	XPS	O	_	_

Voi	voi	PS	O	_	_
poi	poi	B	O	_	_
in	in	E	O	_	_
modo	modo	SS	O	_	_
particolare	particolare	AS	O	_	_
,	comma	XPW	O	_	_
beati	beare	VPP	O	_	_
possidentes	possidentes	SP	O	_	_
,	comma	XPW	O	_	_
in	in	E	O	_	_
questi	questo	DP	O	_	_
dieci	dieci	N	O	_	_
anni	anno	SP	O	_	_
non	non	B	O	_	_
avete	avere	VI	O	_	_
addimostrato	addimostrare	VSP	O	_	_
un	uno	RS	O	_	_
tale	tale	DS	O	_	_
entusiasmo	entusiasmo	SS	O	_	_
per	per	E	O	_	_
le	il	RP	O	_	_
riforme	riforma	SP	O	_	_
elettorali	elettorale	AP	O	_	_
,	comma	XPW	O	_	_
che	che	CCHE	O	_	_
vi	vi	B	O	_	_
si	rifl	PN	O	_	_
possa	potere	VI	O	_	_
credere	credere	VF	O	_	_
sulla	su/det	ES	O	_	_
parola	parola	SS	O	_	_
,	comma	XPW	O	_	_
quando	quando	CADV	O	_	_
promettete	promettere	VI	O	_	_
per	per	E	O	_	_
l’	il	RS	O	_	_
avvenire	avvenire	SS	O	_	_
«	«	XPO	O	_	_
una	uno	RS	O	_	_
riforma	riforma	SS	O	_	_
più	più	B	O	_	_
radicale	radicale	AS	O	_	_
»	»	XPO	O	_	_
.	.	XPS	O	_	_

Così	così	B	O	_	_
in	in	E	O	_	_
parte	parte	SS	O	_	_
abbiamo	avere	VIY	O	_	_
ripetuto	ripetere	VSP	O	_	_
anche	anche	C	O	_	_
al	a/det	ES	O	_	_
Popolo	popolo	SPN	O	_	_
la	il	RS	O	_	_
risposta	risposta	SS	O	_	_
che	che	CCHE	O	_	_
già	già	B	O	_	_
abbiamo	avere	VIY	O	_	_
dato	dare	VSP	O	_	_
e	e	C	O	_	_
che	che	CCHE	O	_	_
non	non	B	O	_	_
vuole	volere	VI	O	_	_
avere	avere	VFY	O	_	_
ricevuto	ricevere	VSP	O	_	_
.	.	XPS	O	_	_

Ci	ci	PP	O	_	_
chiede	chiedere	VI	O	_	_
:	:	XPS	O	_	_
introdurrete	introdurre	VI	O	_	_
la	il	RS	O	_	_
proporzionale	proporzionale	AS	O	_	_
nei	in/det	EP	O	_	_
quattro	quattro	N	O	_	_
corpi	corpo	SP	O	_	_
o	o	C	O	_	_
proporrete	proporre	VI	O	_	_
la	il	RS	O	_	_
riduzione	riduzione	SS	O	_	_
dei	di/det	EP	O	_	_
corpi	corpo	SP	O	_	_
a	a	E	O	_	_
due	due	N	O	_	_
?	?	XPS	O	_	_

Ripetiamo	ripetere	VI	O	_	_
:	:	XPS	O	_	_
il	il	RS	O	_	_
partito	partito	SS	O	_	_
nostro	nostro	AS	O	_	_
chiede	chiedere	VI	O	_	_
un	uno	RS	O	_	_
allargamento	allargamento	SS	O	_	_
del	di/det	ES	O	_	_
suffragio	suffragio	SS	O	_	_
più	più	B	O	_	_
ampio	ampio	AS	O	_	_
che	che	CCHE	O	_	_
sia	essere	VI	O	_	_
possibile	possibile	AS	O	_	_
.	.	XPS	O	_	_

Per	per	E	O	_	_
conto	conto	SS	O	_	_
nostro	nostro	AS	O	_	_
quindi	quindi	C	O	_	_
nulla	nulla	PS	O	_	_
osta	ostare	VI	O	_	_
che	che	CCHE	O	_	_
si	rifl	PN	O	_	_
riduca	ridurre	VI	O	_	_
o	o	C	O	_	_
si	rifl	PN	O	_	_
modifichi	modificare	VI	O	_	_
l’	il	RS	O	_	_
attuale	attuale	AS	O	_	_
sistema	sistema	SS	O	_	_
della	di/det	ES	O	_	_
rappresentanza	rappresentanza	SS	O	_	_
degli	di/det	EP	O	_	_
interessi	interesse	SP	O	_	_
,	comma	XPW	O	_	_
ma	ma	C	O	_	_
si	rifl	PN	O	_	_
è	essere	VIY	O	_	_
accolta	accogliere	VSP	O	_	_
la	il	RS	O	_	_
formula	formula	SS	O	_	_
data	dare	VSP	O	_	_
«	«	XPO	O	_	_
più	più	B	O	_	_
ampio	ampio	AS	O	_	_
che	che	CCHE	O	_	_
sia	essere	VI	O	_	_
possibile	possibile	AS	O	_	_
»	»	XPO	O	_	_
,	comma	XPW	O	_	_
perché	perché	C	O	_	_
è	essere	VI	O	_	_
noto	noto	AS	O	_	_
che	che	CCHE	O	_	_
le	il	RP	O	_	_
riforme	riforma	SP	O	_	_
elettorali	elettorale	AP	O	_	_
non	non	B	O	_	_
possono	potere	VI	O	_	_
riuscire	riuscire	VF	O	_	_
che	che	CCHE	O	_	_
quale	quale	DS	O	_	_
risultato	risultato	SS	O	_	_
di	di	E	O	_	_
compromesso	compromesso	SS	O	_	_
dei	di/det	EP	O	_	_
partiti	partito	SP	O	_	_
e	e	C	O	_	_
previa	previa	VI	O	_	_
l’	il	RS	O	_	_
approvazione	approvazione	SS	O	_	_
dei	di/det	EP	O	_	_
criteri	criterio	SP	O	_	_
di	di	E	O	_	_
massima	massima	SS	O	_	_
da	da	E	O	_	_
parte	parte	SS	O	_	_
del	di/det	ES	O	_	_
Governo	governo	SS	O	_	_
.	.	XPS	O	_	_

Tale	tale	DS	O	_	_
compromesso	compromesso	SS	O	_	_
e	e	C	O	_	_
tale	tale	AS	O	_	_
presanzione	presanzione	SS	O	_	_
stabiliscono	stabilire	VI	O	_	_
i	il	RP	O	_	_
gradi	grado	SP	O	_	_
della	di/det	ES	O	_	_
possibilità	possibilità	SN	O	_	_
.	.	XPS	O	_	_

Quello	quello	PS	O	_	_
che	che	CCHE	O	_	_
è	essere	VI	O	_	_
certissimo	certo	AS	O	_	_
si	rifl	PN	O	_	_
è	essere	VIY	O	_	_
che	che	CCHE	O	_	_
il	il	RS	O	_	_
Governo	governo	SS	O	_	_
ha	avere	VIY	O	_	_
già	già	B	O	_	_
concessa	concedere	VSP	O	_	_
l’	il	RS	O	_	_
introduzione	introduzione	SS	O	_	_
del	di/det	ES	O	_	_
suffragio	suffragio	SS	O	_	_
universale	universale	AS	O	_	_
,	comma	XPW	O	_	_
colla	con/det	ES	O	_	_
proporzionale	proporzionale	AS	O	_	_
dei	di/det	EP	O	_	_
quattro	quattro	N	O	_	_
corpi	corpo	SP	O	_	_
.	.	XPS	O	_	_

Se	se	C	O	_	_
vi	vi	B	O	_	_
siano	essere	VI	O	_	_
esempi	esempio	SP	O	_	_
per	per	E	O	_	_
i	il	RP	O	_	_
due	due	N	O	_	_
corpi	corpo	SP	O	_	_
con	con	E	O	_	_
la	il	RS	O	_	_
proporzionale	proporzionale	AS	O	_	_
non	non	B	O	_	_
lo	lo	PS	O	_	_
sappiamo	sapere	VI	O	_	_
,	comma	XPW	O	_	_
ma	ma	C	O	_	_
gioverà	giovare	VI	O	_	_
che	che	CCHE	O	_	_
voi	voi	PS	O	_	_
li	li	PP	O	_	_
riferiate	riferire	VI	O	_	_
.	.	XPS	O	_	_

Comunque	comunque	B	O	_	_
,	comma	XPW	O	_	_
e	e	C	O	_	_
ciò	ciò`	PS	O	_	_
è	essere	VI	O	_	_
naturale	naturale	AS	O	_	_
,	comma	XPW	O	_	_
la	il	RS	O	_	_
riforma	riforma	SS	O	_	_
non	non	B	O	_	_
deve	dovere	VI	O	_	_
mai	mai	B	O	_	_
riuscire	riuscire	VF	O	_	_
una	uno	RS	O	_	_
riforma	riforma	SS	O	_	_
all’	a/det	ES	O	_	_
indietro	indietro	B	O	_	_
nel	in/det	ES	O	_	_
senso	senso	SS	O	_	_
cioè	cioe`	B	O	_	_
che	che	CCHE	O	_	_
introducendo	introdurre	VG	O	_	_
la	il	RS	O	_	_
proporzionale	proporzionale	AS	O	_	_
si	rifl	PN	O	_	_
venga	venire	VI	O	_	_
a	a	E	O	_	_
torre	torre	VF	O	_	_
al	a/det	ES	O	_	_
partito	partito	SS	O	_	_
socialista	socialista	AS	O	_	_
quella	quello	DS	O	_	_
rappresentanza	rappresentanza	SS	O	_	_
che	che	CCHE	O	_	_
gli	gli	PS	O	_	_
concederebbe	concedere	VI	O	_	_
l’	il	RS	O	_	_
attuale	attuale	AS	O	_	_
progetto	progetto	SS	O	_	_
.	.	XPS	O	_	_

Tanto	tanto	B	O	_	_
senso	senso	SS	O	_	_
di	di	E	O	_	_
equità	equità	SN	O	_	_
e	e	C	O	_	_
di	di	E	O	_	_
realismo	realismo	SS	O	_	_
politico	politico	AS	O	_	_
ben	ben	B	O	_	_
possediamo	possedere	VI	O	_	_
per	per	E	O	_	_
non	non	B	O	_	_
promuovere	promuovere	VF	O	_	_
riforme	riforma	SP	O	_	_
che	che	CCHE	O	_	_
dovessero	dovere	VI	O	_	_
sembrare	sembrare	VF	O	_	_
ad	ad	E	O	_	_
un	uno	RS	O	_	_
partito	partito	SS	O	_	_
il	il	RS	O	_	_
decurtamento	decurtamento	SS	O	_	_
del	di/det	ES	O	_	_
possesso	possesso	SS	O	_	_
che	che	CCHE	O	_	_
credeva	credere	VI	O	_	_
già	già	B	O	_	_
assicurato	assicurare	VSP	O	_	_
.	.	XPS	O	_	_

Come	come	CADV	O	_	_
vede	vedere	VI	O	_	_
il	il	RS	O	_	_
popolo	popolo	SS	O	_	_
,	comma	XPW	O	_	_
se	se	C	O	_	_
noi	noi	PP	O	_	_
chiediamo	chiedere	VI	O	_	_
equità	equità	SN	O	_	_
per	per	E	O	_	_
noi	noi	PP	O	_	_
,	comma	XPW	O	_	_
non	non	B	O	_	_
intendiamo	intendere	VI	O	_	_
negarla	negare/pro	VF+E	O	_	_
ad	ad	E	O	_	_
altri	altro	DP	O	_	_
.	.	XPS	O	_	_

Ma	ma	C	O	_	_
noi	noi	PP	O	_	_
temiamo	temere	VI	O	_	_
che	che	CCHE	O	_	_
non	non	B	O	_	_
siano	essere	VI	O	_	_
le	il	RP	O	_	_
ragioni	ragione	SP	O	_	_
di	di	E	O	_	_
equità	equità	SN	O	_	_
che	che	CCHE	O	_	_
stanno	stare	VI	O	_	_
a	a	E	O	_	_
cuore	cuore	SS	O	_	_
a	a	E	O	_	_
voi	voi	PS	O	_	_
,	comma	XPW	O	_	_
o	o	C	O	_	_
socialisti	socialista	SP	O	_	_
borghesi	borghese	AP	O	_	_
,	comma	XPW	O	_	_
ma	ma	C	O	_	_
piuttosto	piuttosto	B	O	_	_
v’	v’	B	O	_	_
importa	importare	VI	O	_	_
la	il	RS	O	_	_
conquista	conquista	SS	O	_	_
di	di	E	O	_	_
quei	quello	DP	O	_	_
6	6	N	O	_	_
miserabili	miserabile	AP	O	_	_
seggi	seggio	SP	O	_	_
del	di/det	ES	O	_	_
quarto	quarto	AS	O	_	_
corpo	corpo	SS	O	_	_
,	comma	XPW	O	_	_
per	per	E	O	_	_
dividere	dividere	VF	O	_	_
poi	poi	B	O	_	_
il	il	RS	O	_	_
potere	potere	SS	O	_	_
coi	con/det	EP	O	_	_
vostri	vostro	DP	O	_	_
antichi	antico	SP	O	_	_
amici	amico	AP	O	_	_
sulla	su/det	ES	O	_	_
base	base	SS	O	_	_
della	di/det	ES	O	_	_
lotta	lotta	SS	O	_	_
anticlericale	anticlericale	AS	O	_	_
.	.	XPS	O	_	_

A	a	E	O	_	_
questo	questo	DS	O	_	_
giuoco	giuoco	SS	O	_	_
non	non	B	O	_	_
ci	ci	PP	O	_	_
prestiamo	prestare	VI	O	_	_
,	comma	XPW	O	_	_
ma	ma	C	O	_	_
combatteremo	combattere	VI	O	_	_
con	con	E	O	_	_
voi	voi	PS	O	_	_
o	o	C	O	_	_
contro	contro	E	O	_	_
di	di	E	O	_	_
voi	voi	B	O	_	_
per	per	E	O	_	_
quella	quello	DS	O	_	_
rappresentanza	rappresentanza	SS	O	_	_
proporzionale	proporzionale	AS	O	_	_
la	il	RS	O	_	_
cui	cui	PN	O	_	_
marcia	marcia	SS	O	_	_
vittoriosa	vittorioso	AS	O	_	_
è	essere	VI	O	_	_
ormai	ormai	B	O	_	_
sicura	sicuro	AS	O	_	_
,	comma	XPW	O	_	_
e	e	C	O	_	_
che	che	CCHE	O	_	_
ha	avere	VIY	O	_	_
già	già	B	O	_	_
conquistata	conquistare	VSP	O	_	_
la	il	RS	O	_	_
coscienza	coscienza	SS	O	_	_
di	di	E	O	_	_
tutti	tutto	DP	O	_	_
i	il	RP	O	_	_
cittadini	cittadino	SP	O	_	_
equanimi	equanime	AP	O	_	_
e	e	C	O	_	_
non	non	B	O	_	_
forcaiuoli	forcaiuoli	AP	O	_	_
.	.	XPS	O	_	_
