# total number of persons:4, total number of gpes:3
Nel	in/det	ES	O	_	_
suo	suo	DS	O	_	_
programma	programma	SS	O	_	_
elettorale	elettorale	AS	O	_	_
,	comma	XPW	O	_	_
il	il	RS	O	_	_
dr.	dottore	SS	O	_	_
Battisti	battisti	SPN	PER	_	_
si	rifl	PN	O	_	_
chiama	chiamare	VI	O	_	_
«	«	XPO	O	_	_
spola	spola	SS	O	_	_
di	di	E	O	_	_
dinamite	dinamite	SP	O	_	_
»	»	XPO	O	_	_
che	che	CCHE	O	_	_
farà	fare	VI	O	_	_
saltare	saltare	VF	O	_	_
in	in	E	O	_	_
aria	aria	SS	O	_	_
tutto	tutto	DS	O	_	_
il	il	RS	O	_	_
vecchiume	vecchiume	SS	O	_	_
e	e	C	O	_	_
le	il	RP	O	_	_
anticaglie	anticaglia	SP	O	_	_
della	di/det	ES	O	_	_
Dieta	dieta	SPN	O	_	_
"!"	esclamation_mark	XPS	O	_	_

A	a	E	O	_	_
forza	forza	SS	O	_	_
di	di	E	O	_	_
caricare	caricare	VF	O	_	_
le	il	RP	O	_	_
tinte	tinta	SP	O	_	_
,	comma	XPW	O	_	_
si	rifl	PN	O	_	_
è	essere	VIY	O	_	_
giunti	giungere	VPP	O	_	_
al	a/det	ES	O	_	_
punto	punto	SS	O	_	_
di	di	E	O	_	_
non	non	B	O	_	_
vedere	vedere	VF	O	_	_
che	che	CCHE	O	_	_
i	il	RP	O	_	_
quattro	quattro	N	O	_	_
prelati	prelato	SP	O	_	_
e	e	C	O	_	_
quegli	quello	DP	O	_	_
alcuni	alcuni	DP	O	_	_
nobili	nobile	SP	O	_	_
,	comma	XPW	O	_	_
contro	contro	E	O	_	_
cui	cui	PN	O	_	_
è	essere	VI	O	_	_
assolutamente	assolutamente	B	O	_	_
necessario	necessario	AS	O	_	_
un	uno	RS	O	_	_
novello	novello	SS	O	_	_
don	don	SN	O	_	_
Chisciotte	chisciotte	SPN	O	_	_
per	per	E	O	_	_
portare	portare	VF	O	_	_
il	il	RS	O	_	_
rinnovamento	rinnovamento	SS	O	_	_
.	.	XPS	O	_	_

Avvertiamo	avvertire	VI	O	_	_
il	il	RS	O	_	_
dr.	dottore	SS	O	_	_
Battisti	battisti	SPN	PER	_	_
che	che	CCHE	O	_	_
,	comma	XPW	O	_	_
come	come	CADV	O	_	_
potrà	potere	VI	O	_	_
constatare	constatare	VF	O	_	_
dall’	da/det	ES	O	_	_
esito	esito	SS	O	_	_
delle	di/det	EP	O	_	_
elezioni	elezione	SP	O	_	_
di	di	E	O	_	_
ieri	ieri	B	O	_	_
,	comma	XPW	O	_	_
non	non	B	O	_	_
sarà	essere	VI	O	_	_
proprio	proprio	B	O	_	_
tutto	tutto	PS	O	_	_
vecchiume	vecchiume	VI	O	_	_
che	che	CCHE	O	_	_
si	rifl	PN	O	_	_
raccoglierà	raccogliere	VI	O	_	_
alla	a/det	ES	O	_	_
Dieta	dieta	SPN	O	_	_
e	e	C	O	_	_
se	se	C	O	_	_
,	comma	XPW	O	_	_
per	per	E	O	_	_
merito	merito	SS	O	_	_
dei	di/det	EP	O	_	_
borghesi	borghese	SP	O	_	_
trentini	trentino	AP	O	_	_
,	comma	XPW	O	_	_
vi	vi	B	O	_	_
entrerà	entrare	VI	O	_	_
,	comma	XPW	O	_	_
vi	vi	B	O	_	_
troverà	trovare	VI	O	_	_
dei	di/det	EP	O	_	_
colleghi	collega	SP	O	_	_
che	che	CCHE	O	_	_
lo	lo	PS	O	_	_
ammaestreranno	ammaestrare	VI	O	_	_
del	di/det	ES	O	_	_
contrario	contrario	SS	O	_	_
.	.	XPS	O	_	_

In	in	E	O	_	_
un’	uno	RS	O	_	_
amministrazione	amministrazione	SS	O	_	_
provinciale	provinciale	AS	O	_	_
così	così	B	O	_	_
malandata	malandato	AS	O	_	_
,	comma	XPW	O	_	_
con	con	E	O	_	_
una	uno	RS	O	_	_
popolazione	popolazione	SS	O	_	_
tanto	tanto	B	O	_	_
povera	povero	AS	O	_	_
che	che	CCHE	O	_	_
reclama	reclamare	VI	O	_	_
tante	tanto	DP	O	_	_
riforme	riforma	SP	O	_	_
e	e	C	O	_	_
per	per	E	O	_	_
la	il	RS	O	_	_
viabilità	viabilità	SN	O	_	_
e	e	C	O	_	_
per	per	E	O	_	_
le	il	RP	O	_	_
arginazioni	arginazioni	SP	O	_	_
e	e	C	O	_	_
per	per	E	O	_	_
i	il	RP	O	_	_
comuni	comune	SP	O	_	_
,	comma	XPW	O	_	_
davvero	davvero	B	O	_	_
che	che	CCHE	O	_	_
la	il	RS	O	_	_
dinamite	dinamite	SS	O	_	_
non	non	B	O	_	_
è	essere	VI	O	_	_
a	a	E	O	_	_
posto	posto	SS	O	_	_
.	.	XPS	O	_	_

Conviene	convenire	VI	O	_	_
fare	fare	VF	O	_	_
opera	opera	SS	O	_	_
di	di	E	O	_	_
ricostruzione	ricostruzione	SS	O	_	_
e	e	C	O	_	_
non	non	B	O	_	_
di	di	E	O	_	_
demolizione	demolizione	SS	O	_	_
.	.	XPS	O	_	_

Se	se	C	O	_	_
il	il	RS	O	_	_
dr.	dottore	SS	O	_	_
Battisti	battisti	SPN	PER	_	_
ha	avere	VI	O	_	_
la	il	RS	O	_	_
visione	visione	SS	O	_	_
della	di/det	ES	O	_	_
facile	facile	AS	O	_	_
posa	posa	SS	O	_	_
di	di	E	O	_	_
demolitore	demolitore	SS	O	_	_
e	e	C	O	_	_
critico	critico	SS	O	_	_
negativo	negativo	AS	O	_	_
alla	a/det	ES	O	_	_
Dieta	dieta	SPN	O	_	_
,	comma	XPW	O	_	_
i	il	RP	O	_	_
nostri	nostro	DP	O	_	_
,	comma	XPW	O	_	_
rappresentanti	rappresentante	SP	O	_	_
non	non	B	O	_	_
di	di	E	O	_	_
prelati	prelato	SP	O	_	_
o	o	C	O	_	_
di	di	E	O	_	_
feudali	feudali	SP	O	_	_
,	comma	XPW	O	_	_
ma	ma	C	O	_	_
della	di/det	ES	O	_	_
maggioranza	maggioranza	SS	O	_	_
del	di/det	ES	O	_	_
Trentino	trentino	SPN	GPE	46.102869	11.12961993
che	che	CCHE	O	_	_
lavora	lavorare	VI	O	_	_
e	e	C	O	_	_
soffre	soffrire	VI	O	_	_
,	comma	XPW	O	_	_
gli	gli	PS	O	_	_
daranno	dare	VI	O	_	_
occasione	occasione	SS	O	_	_
di	di	E	O	_	_
dimostrare	dimostrare	VF	O	_	_
la	il	RS	O	_	_
vacuità	vacuità	SN	O	_	_
di	di	E	O	_	_
un	uno	RS	O	_	_
partito	partito	SS	O	_	_
,	comma	XPW	O	_	_
che	che	CCHE	O	_	_
non	non	B	O	_	_
ha	avere	VI	O	_	_
al	a/det	ES	O	_	_
suo	suo	DS	O	_	_
attivo	attivo	SS	O	_	_
,	comma	XPW	O	_	_
per	per	E	O	_	_
quanto	quanto	QNS	O	_	_
riguarda	riguardare	VI	O	_	_
l’	il	RS	O	_	_
attività	attività	SN	O	_	_
politico-amministrativa	politico-amministrativa	AS	O	_	_
,	comma	XPW	O	_	_
che	che	CCHE	O	_	_
dei	di/det	EP	O	_	_
discorsi	discorso	SP	O	_	_
e	e	C	O	_	_
dei	di/det	EP	O	_	_
programmi	programma	SP	O	_	_
.	.	XPS	O	_	_

Quanto	quanto	B	O	_	_
alla	a/det	ES	O	_	_
funzione	funzione	SS	O	_	_
del	di/det	ES	O	_	_
partito	partito	SS	O	_	_
socialista	socialista	AS	O	_	_
austriaco	austriaco	AS	O	_	_
per	per	E	O	_	_
le	il	RP	O	_	_
autonomie	autonomia	SP	O	_	_
nazionali	nazionale	AP	O	_	_
,	comma	XPW	O	_	_
non	non	B	O	_	_
c’	ci	B	O	_	_
è	essere	VI	O	_	_
più	più	B	O	_	_
un	uno	RS	O	_	_
cane	cane	SS	O	_	_
che	che	CCHE	O	_	_
ci	ci	PP	O	_	_
crede	credere	VI	O	_	_
.	.	XPS	O	_	_

Vero	vero	AS	O	_	_
che	che	CCHE	O	_	_
esiste	esistere	VI	O	_	_
il	il	RS	O	_	_
programma	programma	SS	O	_	_
di	di	E	O	_	_
Brünn	brünn	SPN	O	_	_
,	comma	XPW	O	_	_
ma	ma	C	O	_	_
è	essere	VI	O	_	_
anche	anche	C	O	_	_
vero	vero	AS	O	_	_
che	che	CCHE	O	_	_
i	il	RP	O	_	_
socialisti	socialista	SP	O	_	_
czechi	czechi	AP	O	_	_
nel	in/det	ES	O	_	_
loro	loro	DP	O	_	_
programma	programma	SS	O	_	_
dietale	dietale	AS	O	_	_
boemo	boemo	VI	O	_	_
,	comma	XPW	O	_	_
proprio	proprio	B	O	_	_
in	in	E	O	_	_
questi	questo	DP	O	_	_
ultimi	ultimo	AP	O	_	_
giorni	giorno	SP	O	_	_
si	rifl	PN	O	_	_
sono	essere	VIY	O	_	_
dichiarati	dichiarare	VPP	O	_	_
contrari	contrario	AP	O	_	_
a	a	E	O	_	_
tutte	tutto	DP	O	_	_
le	il	RP	O	_	_
richieste	richiesta	SP	O	_	_
dei	di/det	EP	O	_	_
tedeschi	tedesco	SP	O	_	_
,	comma	XPW	O	_	_
cioè	cioe`	B	O	_	_
l’	il	RS	O	_	_
autonomia	autonomia	SS	O	_	_
,	comma	XPW	O	_	_
la	il	RS	O	_	_
divisione	divisione	SS	O	_	_
della	di/det	ES	O	_	_
Giunta	giunta	SPN	O	_	_
ecc.,	ecc.,	SPN	O	_	_
che	che	CCHE	O	_	_
sono	essere	VI	O	_	_
precisamente	precisamente	B	O	_	_
i	il	RP	O	_	_
nostri	nostro	DP	O	_	_
postulati	postulato	SP	O	_	_
.	.	XPS	O	_	_

Che	che	CCHE	O	_	_
i	il	RP	O	_	_
socialisti	socialista	SP	O	_	_
tirolesi	tirolese	AP	O	_	_
la	il	RS	O	_	_
pensino	pensino	SS	O	_	_
diversamente	diversamente	B	O	_	_
,	comma	XPW	O	_	_
non	non	B	O	_	_
è	essere	VI	O	_	_
ancora	ancora	B	O	_	_
detto	dire	VSP	O	_	_
,	comma	XPW	O	_	_
ma	ma	C	O	_	_
questo	questo	PS	O	_	_
sappiamo	sapere	VI	O	_	_
che	che	CCHE	O	_	_
né	né	B	O	_	_
Abram	abram	SPN	PER	_	_
né	né	C	O	_	_
altri	altro	DP	O	_	_
oratori	oratorio	SP	O	_	_
socialisti	socialista	AP	O	_	_
si	rifl	PN	O	_	_
sono	essere	VIY	O	_	_
mai	mai	B	O	_	_
dichiarati	dichiarare	VPP	O	_	_
per	per	E	O	_	_
la	il	RS	O	_	_
nostra	nostro	DS	O	_	_
autonomia	autonomia	SS	O	_	_
,	comma	XPW	O	_	_
ciò	ciò`	PS	O	_	_
che	che	CCHE	O	_	_
solo	solo	B	O	_	_
in	in	E	O	_	_
realtà	realtà	SN	O	_	_
potrebbe	potere	VI	O	_	_
dimostrare	dimostrare	VF	O	_	_
la	il	RS	O	_	_
vantata	vantato	AS	O	_	_
funzione	funzione	SS	O	_	_
autonomistica	autonomistico	AS	O	_	_
del	di/det	ES	O	_	_
partito	partito	SS	O	_	_
internazionale	internazionale	AS	O	_	_
.	.	XPS	O	_	_

E	e	C	O	_	_
allora	allora	B	O	_	_
a	a	E	O	_	_
che	che	CCHE	O	_	_
ha	avere	VIY	O	_	_
giovato	giovare	VSP	O	_	_
il	il	RS	O	_	_
convegno	convegno	SS	O	_	_
socialista	socialista	AS	O	_	_
trentino-tirolese	trentino-tirolese	AS	O	_	_
di	di	E	O	_	_
Bolzano	bolzano	SPN	GPE	46.4981125	11.3547801
,	comma	XPW	O	_	_
ove	ove	B	O	_	_
si	rifl	PN	O	_	_
è	essere	VIY	O	_	_
stabilito	stabilire	VSP	O	_	_
l’	il	RS	O	_	_
accordo	accordo	SS	O	_	_
fra	fra	E	O	_	_
le	il	RP	O	_	_
due	due	N	O	_	_
sezioni	sezione	SP	O	_	_
socialiste	socialista	AP	O	_	_
–	–	XPO	O	_	_
come	come	CADV	O	_	_
annunziava	annunziare	VI	O	_	_
Il	il	RS	O	_	_
Popolo	popolo	SPN	O	_	_
–	–	XPO	O	_	_
per	per	E	O	_	_
il	il	RS	O	_	_
programma	programma	SS	O	_	_
dietale	dietale	AS	O	_	_
?	?	XPS	O	_	_

No	no	B	O	_	_
,	comma	XPW	O	_	_
Trento	trento	SPN	GPE	46.0664228	11.1257601
non	non	B	O	_	_
ha	avere	VIY	O	_	_
ottenuto	ottenere	VSP	O	_	_
l’	il	RS	O	_	_
autonomia	autonomia	SS	O	_	_
sinora	sinora	B	O	_	_
,	comma	XPW	O	_	_
ma	ma	C	O	_	_
non	non	B	O	_	_
l’	l’	PS	O	_	_
otterrebbe	ottenere	VI	O	_	_
davvero	davvero	B	O	_	_
per	per	E	O	_	_
l’	il	RS	O	_	_
opera	opera	SS	O	_	_
di	di	E	O	_	_
un	uno	RS	O	_	_
club	club	SN	O	_	_
trentino-tirolese	trentino-tirolese	AS	O	_	_
socialista	socialista	SS	O	_	_
alla	a/det	ES	O	_	_
Dieta	dieta	SPN	O	_	_
.	.	XPS	O	_	_

Lo	il	RS	O	_	_
scoppio	scoppio	SS	O	_	_
non	non	B	O	_	_
sarebbe	essere	VI	O	_	_
di	di	E	O	_	_
una	uno	RS	O	_	_
spola	spola	SS	O	_	_
di	di	E	O	_	_
dinamite	dinamite	SP	O	_	_
,	comma	XPW	O	_	_
ma	ma	C	O	_	_
di	di	E	O	_	_
un	uno	RS	O	_	_
pallone	pallone	SS	O	_	_
gonfiato	gonfiare	VSP	O	_	_
.	.	XPS	O	_	_

Ciò	ciò`	PS	O	_	_
sia	essere	VIY	O	_	_
detto	dire	VSP	O	_	_
senza	senza	E	O	_	_
attualità	attualità	SN	O	_	_
per	per	E	O	_	_
il	il	RS	O	_	_
giorno	giorno	SS	O	_	_
di	di	E	O	_	_
domani	domani	B	O	_	_
,	comma	XPW	O	_	_
in	in	E	O	_	_
cui	cui	PN	O	_	_
lasciamo	lasciare	VI	O	_	_
i	il	RP	O	_	_
compari	compare	SP	O	_	_
tra	tra	E	O	_	_
di	di	E	O	_	_
loro	loro	PP	O	_	_
.	.	XPS	O	_	_
