# total number of persons:7, total number of gpes:2
Questa	questo	DS	O	_	_
mattina	mattina	SS	O	_	_
si	rifl	PN	O	_	_
è	essere	VIY	O	_	_
tenuto	tenere	VSP	O	_	_
il	il	RS	O	_	_
Congresso	congresso	SS	O	_	_
Straordinario	straordinario	AS	O	_	_
del	di/det	ES	O	_	_
Comitato	comitato	SS	O	_	_
Diocesano	diocesano	SPN	O	_	_
Trentino	trentino	SPN	GPE	46.102869	11.12961993
per	per	E	O	_	_
l’	il	RS	O	_	_
azione	azione	SS	O	_	_
cattolica	cattolico	AS	O	_	_
.	.	XPS	O	_	_

Comparvero	comparire	VI	O	_	_
circa	circa	B	O	_	_
un’	uno	RS	O	_	_
ottantina	ottantina	SS	O	_	_
di	di	E	O	_	_
soci	socio	SP	O	_	_
,	comma	XPW	O	_	_
venuti	venire	VPP	O	_	_
anche	anche	C	O	_	_
da	da	E	O	_	_
lontano	lontano	AS	O	_	_
.	.	XPS	O	_	_

Era	essere	VI	O	_	_
presente	presente	AS	O	_	_
anche	anche	C	O	_	_
un	uno	RS	O	_	_
deputato	deputato	SS	O	_	_
della	di/det	ES	O	_	_
quinta	quinto	AS	O	_	_
Curia	curia	SPN	O	_	_
Don	don	SPN	O	_	_
Baldassare	baldassare	SPN	PER	_	_
Delugan	delugan	SPN	PER	_	_
.	.	XPS	O	_	_

Giunsero	giungere	VI	O	_	_
telegrammi	telegramma	SP	O	_	_
di	di	E	O	_	_
adesione	adesione	SS	O	_	_
e	e	C	O	_	_
di	di	E	O	_	_
augurio	augurio	SS	O	_	_
del	di/det	ES	O	_	_
m.	m.	YA	O	_	_
rev.	rev.	SS	O	_	_
Don	don	SPN	O	_	_
Giacinto	giacinto	SPN	PER	_	_
Vedovelli	vedovelli	SPN	PER	_	_
,	comma	XPW	O	_	_
parroco	parroco	SS	O	_	_
di	di	E	O	_	_
Vigo	vigo	SPN	GPE	46.26531	11.08798
d’	di	E	O	_	_
Anaunia	anaunia	SPN	O	_	_
,	comma	XPW	O	_	_
e	e	C	O	_	_
del	di/det	ES	O	_	_
maestro	maestro	SS	O	_	_
dirigente	dirigente	AS	O	_	_
Roberto	roberto	SPN	PER	_	_
Rocco	rocco	SPN	PER	_	_
Tonolli	tonolli	SPN	PER	_	_
.	.	XPS	O	_	_

Alle	a/det	EP	O	_	_
nove	nove	N	O	_	_
il	il	RS	O	_	_
Presidente	presidente	SS	O	_	_
mons.	mons.	AS	O	_	_
Gio	gio	SPN	O	_	_
.	.	XPS	O	_	_

Batta	batta	SPN	O	_	_
Inama	inama	SPN	O	_	_
,	comma	XPW	O	_	_
dato	dare	VSP	O	_	_
ai	a/det	EP	O	_	_
soci	socio	SP	O	_	_
il	il	RS	O	_	_
cordiale	cordiale	AS	O	_	_
saluto	saluto	SS	O	_	_
e	e	C	O	_	_
rallegratosi	rallegratosi	VG+E	O	_	_
per	per	E	O	_	_
il	il	RS	O	_	_
numeroso	numeroso	AS	O	_	_
intervento	intervento	SS	O	_	_
,	comma	XPW	O	_	_
esprimeva	esprimere	VI	O	_	_
i	il	RP	O	_	_
motivi	motivo	SP	O	_	_
e	e	C	O	_	_
l’	il	RS	O	_	_
oggetto	oggetto	SS	O	_	_
della	di/det	ES	O	_	_
adunanza	adunanza	SS	O	_	_
.	.	XPS	O	_	_

Quindi	quindi	C	O	_	_
in	in	E	O	_	_
una	uno	RS	O	_	_
breve	breve	AS	O	_	_
relazione	relazione	SS	O	_	_
espose	esporre	VI	O	_	_
quanto	quanto	QNS	O	_	_
fu	essere	VI	O	_	_
fatto	fare	VSP	O	_	_
per	per	E	O	_	_
la	il	RS	O	_	_
compera	compera	SS	O	_	_
dei	di/det	EP	O	_	_
fabbricati	fabbricato	SP	O	_	_
del	di/det	ES	O	_	_
Seminario	seminario	SS	O	_	_
,	comma	XPW	O	_	_
presentò	presentare	VI	O	_	_
il	il	RS	O	_	_
piano	piano	SS	O	_	_
di	di	E	O	_	_
riduzione	riduzione	SS	O	_	_
della	di/det	ES	O	_	_
casa	casa	SS	O	_	_
del	di/det	ES	O	_	_
vecchio	vecchio	AS	O	_	_
ginnasio	ginnasio	SS	O	_	_
allo	a/det	ES	O	_	_
scopo	scopo	SS	O	_	_
di	di	E	O	_	_
farne	fare/part	VF+E	O	_	_
la	il	RS	O	_	_
sede	sede	SS	O	_	_
delle	di/det	EP	O	_	_
associazioni	associazione	SP	O	_	_
cattoliche	cattolico	AP	O	_	_
e	e	C	O	_	_
domandò	domandare	VI	O	_	_
l’	il	RS	O	_	_
autorizzazione	autorizzazione	SS	O	_	_
a	a	E	O	_	_
incontrare	incontrare	VF	O	_	_
le	il	RP	O	_	_
spese	spesa	SP	O	_	_
che	che	CCHE	O	_	_
all’	a/det	ES	O	_	_
uopo	uopo	SS	O	_	_
fossero	essere	VI	O	_	_
necessarie	necessario	AP	O	_	_
.	.	XPS	O	_	_

La	il	RS	O	_	_
relazione	relazione	SS	O	_	_
fu	essere	VI	O	_	_
accolta	accogliere	VSP	O	_	_
con	con	E	O	_	_
viva	vivo	AS	O	_	_
soddisfazione	soddisfazione	SS	O	_	_
e	e	C	O	_	_
con	con	E	O	_	_
plauso	plauso	SS	O	_	_
e	e	C	O	_	_
le	il	RP	O	_	_
proposte	proposta	SP	O	_	_
della	di/det	ES	O	_	_
direzione	direzione	SS	O	_	_
furono	essere	VIY	O	_	_
approvate	approvare	VPP	O	_	_
all’unanimità.	all’unanimità.	SPN	O	_	_
Quindi	quindi	C	O	_	_
mons.	mons.	AS	PER	_	_
Inama	inama	SPN	PER	_	_
diede	dare	VI	O	_	_
la	il	RS	O	_	_
parola	parola	SS	O	_	_
al	a/det	ES	O	_	_
Vicepresidente	vicepresidente	SPN	O	_	_
d.r	d.r	YA	PER	_	_
Giuseppe	giuseppe	SPN	PER	_	_
Cappelletti	cappelletti	SPN	PER	_	_
il	il	RS	O	_	_
quale	quale	PS	O	_	_
espose	esporre	VI	O	_	_
i	il	RP	O	_	_
cambiamenti	cambiamento	SP	O	_	_
da	da	E	O	_	_
introdursi	introdursi	VF+E	O	_	_
nel	in/det	ES	O	_	_
§	§	XPO	O	_	_
3	3	N	O	_	_
dello	di/det	ES	O	_	_
Statuto	statuto	SS	O	_	_
per	per	E	O	_	_
rendere	rendere	VF	O	_	_
possibile	possibile	AS	O	_	_
l’	il	RS	O	_	_
allargamento	allargamento	SS	O	_	_
dell’	di/det	ES	O	_	_
attività	attività	SN	O	_	_
del	di/det	ES	O	_	_
Comitato	comitato	SS	O	_	_
e	e	C	O	_	_
riferì	riferire	VI	O	_	_
sui	su/det	EP	O	_	_
passi	passo	SP	O	_	_
da	da	E	O	_	_
farsi	fare/rifl	VF+E	O	_	_
e	e	C	O	_	_
delle	di/det	EP	O	_	_
spese	spesa	SP	O	_	_
da	da	E	O	_	_
incontrarsi	incontrare/rifl	VF+E	O	_	_
per	per	E	O	_	_
dare	dare	VF	O	_	_
l’	il	RS	O	_	_
antico	antico	AS	O	_	_
valore	valore	SS	O	_	_
ai	a/det	EP	O	_	_
detti	detto	SP	O	_	_
cambiamenti	cambiamenti	AP	O	_	_
.	.	XPS	O	_	_

Il	il	RS	O	_	_
Congresso	congresso	SS	O	_	_
annuì	annuire	VI	O	_	_
unanime	unanime	AP	O	_	_
alla	a/det	ES	O	_	_
relazione	relazione	SS	O	_	_
e	e	C	O	_	_
alle	a/det	EP	O	_	_
proposte	proposta	SP	O	_	_
.	.	XPS	O	_	_

Il	il	RS	O	_	_
Vice	vice	SPN	O	_	_
dr.	dottore	SS	O	_	_
Cappelletti	cappelletti	SPN	PER	_	_
sottopose	sottoporre	VI	O	_	_
poi	poi	B	O	_	_
al	a/det	ES	O	_	_
Congresso	congresso	SS	O	_	_
le	il	RP	O	_	_
mutazioni	mutazione	SP	O	_	_
da	da	E	O	_	_
introdursi	introdursi	VF+E	O	_	_
nel	in/det	ES	O	_	_
§	§	XPO	O	_	_
14	14	N	O	_	_
delle	di/det	EP	O	_	_
statuto	statuto	SP	O	_	_
riguardante	riguardare	VSP	O	_	_
la	il	RS	O	_	_
composizione	composizione	SS	O	_	_
della	di/det	ES	O	_	_
direzione	direzione	SS	O	_	_
,	comma	XPW	O	_	_
composizione	composizione	SS	O	_	_
che	che	CCHE	O	_	_
,	comma	XPW	O	_	_
come	come	CADV	O	_	_
era	essere	VIY	O	_	_
organizzata	organizzare	VSP	O	_	_
finora	finora	B	O	_	_
,	comma	XPW	O	_	_
rendeva	rendere	VI	O	_	_
il	il	RS	O	_	_
funzionamento	funzionamento	SS	O	_	_
della	di/det	ES	O	_	_
Direzione	direzione	SS	O	_	_
alquanto	alquanto	B	O	_	_
difficile	difficile	AS	O	_	_
e	e	C	O	_	_
a	a	E	O	_	_
volte	volta	SP	O	_	_
un	uno	RS	O	_	_
po’	poco	B	O	_	_
lento	lento	AS	O	_	_
ai	a/det	EP	O	_	_
desideri	desiderio	SP	O	_	_
e	e	C	O	_	_
al	a/det	ES	O	_	_
bisogno	bisogno	SS	O	_	_
.	.	XPS	O	_	_

Disse	dire	VI	O	_	_
altresì	altresì	B	O	_	_
delle	di/det	EP	O	_	_
Delegazioni	delegazione	SP	O	_	_
e	e	C	O	_	_
del	di/det	ES	O	_	_
piano	piano	SS	O	_	_
di	di	E	O	_	_
procurare	procurare	VF	O	_	_
alle	a/det	EP	O	_	_
stesse	stesse	SP	O	_	_
una	uno	RS	O	_	_
uguale	uguale	AS	O	_	_
rappresentanza	rappresentanza	SS	O	_	_
del	di/det	ES	O	_	_
Comitato	comitato	SS	O	_	_
.	.	XPS	O	_	_

Chiuse	chiuse	SPN	O	_	_
col	con/det	ES	O	_	_
presentare	presentare	VF	O	_	_
le	il	RP	O	_	_
proposte	proposta	SP	O	_	_
concrete	concreto	AP	O	_	_
della	di/det	ES	O	_	_
Direzione	direzione	SS	O	_	_
che	che	CCHE	O	_	_
furono	essere	VIY	O	_	_
accolte	accogliere	VPP	O	_	_
con	con	E	O	_	_
generale	generale	SS	O	_	_
consenso	consenso	SS	O	_	_
.	.	XPS	O	_	_

Per	per	E	O	_	_
incarico	incarico	SS	O	_	_
della	di/det	ES	O	_	_
Direzione	direzione	SS	O	_	_
il	il	RS	O	_	_
consigliere	consigliere	SS	O	_	_
rev.	rev.	VI	O	_	_
D.r	d.r	YA	O	_	_
Guido	guido	SPN	O	_	_
de	de	E	O	_	_
Gentili	gentili	SPN	O	_	_
parlò	parlare	VI	O	_	_
dello	di/det	ES	O	_	_
sviluppo	sviluppo	SS	O	_	_
e	e	C	O	_	_
della	di/det	ES	O	_	_
diffusione	diffusione	SS	O	_	_
maggiore	maggiore	AS	O	_	_
che	che	CCHE	O	_	_
specialmente	specialmente	B	O	_	_
nelle	in/det	EP	O	_	_
circostanze	circostanza	SP	O	_	_
odierne	odierno	AP	O	_	_
deve	dovere	VI	O	_	_
darsi	dare/rifl	VF+E	O	_	_
alla	a/det	ES	O	_	_
stampa	stampa	SS	O	_	_
cattolica	cattolico	AS	O	_	_
.	.	XPS	O	_	_

In	in	E	O	_	_
questo	questo	DS	O	_	_
riguardo	riguardo	SS	O	_	_
richiamò	richiamare	VI	O	_	_
l’	il	RS	O	_	_
attenzione	attenzione	SS	O	_	_
del	di/det	ES	O	_	_
Congresso	congresso	SS	O	_	_
sul	su/det	ES	O	_	_
valido	valido	AS	O	_	_
aiuto	aiuto	SS	O	_	_
che	che	CCHE	O	_	_
potrebbero	potere	VI	O	_	_
e	e	C	O	_	_
dovrebbero	dovere	VI	O	_	_
prestare	prestare	VF	O	_	_
le	il	RP	O	_	_
Delegazioni	delegazione	SP	O	_	_
,	comma	XPW	O	_	_
e	e	C	O	_	_
invitò	invitare	VI	O	_	_
caldamente	caldamente	B	O	_	_
i	il	RP	O	_	_
soci	socio	SP	O	_	_
del	di/det	ES	O	_	_
Comitato	comitato	SS	O	_	_
a	a	E	O	_	_
volerle	volere/pro	VF+E	O	_	_
costituire	costituire	VF	O	_	_
quanto	quanto	B	O	_	_
prima	prima	B	O	_	_
in	in	E	O	_	_
base	base	SS	O	_	_
all’	a/det	ES	O	_	_
apposito	apposito	AS	O	_	_
regolamento	regolamento	SS	O	_	_
elaborato	elaborare	VSP	O	_	_
dalla	da/det	ES	O	_	_
Direzione	direzione	SS	O	_	_
ove	ove	B	O	_	_
già	già	B	O	_	_
non	non	B	O	_	_
fossero	essere	VIY	O	_	_
state	essere	VPPY	O	_	_
costituite	costituire	VPP	O	_	_
,	comma	XPW	O	_	_
e	e	C	O	_	_
a	a	E	O	_	_
volerle	volere/pro	VF+E	O	_	_
quanto	quanto	B	O	_	_
prima	prima	B	O	_	_
convocare	convocare	VF	O	_	_
ad	ad	E	O	_	_
adunanza	adunanza	SS	O	_	_
,	comma	XPW	O	_	_
ove	ove	B	O	_	_
già	già	B	O	_	_
sono	essere	VIY	O	_	_
formate	formare	VPP	O	_	_
e	e	C	O	_	_
pronte	pronte	AS	O	_	_
e	e	C	O	_	_
a	a	E	O	_	_
cominciare	cominciare	VF	O	_	_
il	il	RS	O	_	_
loro	loro	DP	O	_	_
lavoro	lavoro	SS	O	_	_
.	.	XPS	O	_	_

Nel	in/det	ES	O	_	_
Congresso	congresso	SS	O	_	_
,	comma	XPW	O	_	_
profondamente	profondamente	B	O	_	_
compreso	comprendere	VSP	O	_	_
dei	di/det	EP	O	_	_
gravi	grave	AP	O	_	_
bisogni	bisogno	SP	O	_	_
dell’	di/det	ES	O	_	_
ora	ora	SS	O	_	_
presente	presente	AS	O	_	_
e	e	C	O	_	_
della	di/det	ES	O	_	_
necessità	necessità	SN	O	_	_
di	di	E	O	_	_
una	uno	RS	O	_	_
viva	vivo	AS	O	_	_
ed	ed	C	O	_	_
energica	energico	AS	O	_	_
azione	azione	SS	O	_	_
cattolica	cattolico	AS	O	_	_
sociale	sociale	AS	O	_	_
,	comma	XPW	O	_	_
si	rifl	PN	O	_	_
mostrò	mostrare	VI	O	_	_
in	in	E	O	_	_
perfetto	perfetto	AS	O	_	_
accordo	accordo	SS	O	_	_
con	con	E	O	_	_
le	il	RP	O	_	_
idee	idea	SP	O	_	_
esposte	esporre	VPP	O	_	_
e	e	C	O	_	_
si	rifl	PN	O	_	_
spera	sperare	VI	O	_	_
che	che	CCHE	O	_	_
quanto	quanto	B	O	_	_
prima	prima	B	O	_	_
si	rifl	PN	O	_	_
abbiano	avere	VI	O	_	_
a	a	E	O	_	_
vedere	vedere	VF	O	_	_
i	il	RP	O	_	_
frutti	frutto	SP	O	_	_
che	che	CCHE	O	_	_
debbono	dovere	VI	O	_	_
arrecare	arrecare	VF	O	_	_
le	il	RP	O	_	_
Delegazioni	delegazione	SP	O	_	_
che	che	CCHE	O	_	_
dopo	dopo	E	O	_	_
le	il	RP	O	_	_
esperienze	esperienza	SP	O	_	_
di	di	E	O	_	_
due	due	N	O	_	_
anni	anno	SP	O	_	_
furono	essere	VIY	O	_	_
sostituite	sostituire	VPP	O	_	_
alle	a/det	EP	O	_	_
primitive	primitivo	AP	O	_	_
Commissioni	commissioni	SPN	O	_	_
.	.	XPS	O	_	_

Alle	a/det	EP	O	_	_
10	10	N	O	_	_
e	e	C	O	_	_
mezza	mezzo	AS	O	_	_
,	comma	XPW	O	_	_
dopo	dopo	E	O	_	_
brevi	brevio	SP	O	_	_
e	e	C	O	_	_
sentite	sentire	VPP	O	_	_
parole	parola	SP	O	_	_
di	di	E	O	_	_
mons.	mons.	SS	O	_	_
Inama	inama	SPN	PER	_	_
si	rifl	PN	O	_	_
chiuse	chiudere	VI	O	_	_
il	il	RS	O	_	_
Congresso	congresso	SS	O	_	_
che	che	CCHE	O	_	_
lasciò	lasciare	VI	O	_	_
in	in	E	O	_	_
tutti	tutto	PP	O	_	_
la	il	RS	O	_	_
migliore	migliore	AS	O	_	_
impressione	impressione	SS	O	_	_
per	per	E	O	_	_
i	il	RP	O	_	_
progressi	progresso	SP	O	_	_
del	di/det	ES	O	_	_
Comitato	comitato	SS	O	_	_
,	comma	XPW	O	_	_
per	per	E	O	_	_
la	il	RS	O	_	_
viva	vivo	AS	O	_	_
partecipazione	partecipazione	SS	O	_	_
che	che	CCHE	O	_	_
i	il	RP	O	_	_
soci	socio	SP	O	_	_
prendono	prendere	VI	O	_	_
alla	a/det	ES	O	_	_
sua	suo	DS	O	_	_
azione	azione	SS	O	_	_
e	e	C	O	_	_
per	per	E	O	_	_
i	il	RP	O	_	_
frutti	frutto	SP	O	_	_
sempre	sempre	B	O	_	_
migliori	migliore	AP	O	_	_
che	che	CCHE	O	_	_
da	da	E	O	_	_
questa	questo	PS	O	_	_
a	a	E	O	_	_
buona	buono	AS	O	_	_
ragione	ragione	SS	O	_	_
si	rifl	PN	O	_	_
aspettano	aspettare	VI	O	_	_
.	.	XPS	O	_	_

Ora	ora	B	O	_	_
,	comma	XPW	O	_	_
come	come	CADV	O	_	_
fu	essere	VIY	O	_	_
accennato	accennare	VSP	O	_	_
ripetutamente	ripetutamente	B	O	_	_
nel	in/det	ES	O	_	_
Congresso	congresso	SS	O	_	_
sta	stare	VI	O	_	_
specialmente	specialmente	B	O	_	_
nelle	in/det	EP	O	_	_
Delegazioni	delegazione	SP	O	_	_
di	di	E	O	_	_
spiegare	spiegare	VF	O	_	_
la	il	RS	O	_	_
loro	loro	DP	O	_	_
attività	attività	SN	O	_	_
nelle	in/det	EP	O	_	_
singole	singolo	AP	O	_	_
vallate	vallata	SP	O	_	_
,	comma	XPW	O	_	_
studiandone	studiandone	SS	O	_	_
esattamente	esattamente	B	O	_	_
i	il	RP	O	_	_
bisogni	bisogno	SP	O	_	_
,	comma	XPW	O	_	_
riferendone	riferendone	SS	O	_	_
alla	a/det	ES	O	_	_
Direzione	direzione	SS	O	_	_
e	e	C	O	_	_
provvedendo	provvedere	VG	O	_	_
d’	di	E	O	_	_
accordo	accordo	SS	O	_	_
con	con	E	O	_	_
essa	essa	PS	O	_	_
all’	a/det	ES	O	_	_
erezione	erezione	SS	O	_	_
,	comma	XPW	O	_	_
allo	a/det	ES	O	_	_
sviluppo	sviluppo	SS	O	_	_
,	comma	XPW	O	_	_
e	e	C	O	_	_
alla	a/det	ES	O	_	_
diffusione	diffusione	SS	O	_	_
delle	di/det	EP	O	_	_
società	società	SN	O	_	_
dirette	diretto	AP	O	_	_
a	a	E	O	_	_
istruire	istruire	VF	O	_	_
e	e	C	O	_	_
ad	ad	E	O	_	_
educare	educare	VF	O	_	_
il	il	RS	O	_	_
popolo	popolo	SS	O	_	_
,	comma	XPW	O	_	_
a	a	E	O	_	_
migliorarne	migliorare/part	VF+E	O	_	_
le	il	RP	O	_	_
condizioni	condizione	SP	O	_	_
economiche	economico	AP	O	_	_
e	e	C	O	_	_
a	a	E	O	_	_
renderlo	rendere/pro	VF+E	O	_	_
indipendente	indipendente	AS	O	_	_
,	comma	XPW	O	_	_
a	a	E	O	_	_
procurargli	procurare/pro	VF+E	O	_	_
maestri	maestro	SP	O	_	_
che	che	CCHE	O	_	_
corrispondano	corrispondere	VI	O	_	_
ai	a/det	EP	O	_	_
suoi	suo	DP	O	_	_
sentimenti	sentimento	SP	O	_	_
,	comma	XPW	O	_	_
a	a	E	O	_	_
salvaguardare	salvaguardare	VF	O	_	_
la	il	RS	O	_	_
gioventù	gioventù	SN	O	_	_
dai	da/det	EP	O	_	_
pericoli	pericolo	SP	O	_	_
:	:	XPS	O	_	_
in	in	E	O	_	_
una	uno	RS	O	_	_
parola	parola	SS	O	_	_
a	a	E	O	_	_
difenderne	difendere/part	VF+E	O	_	_
e	e	C	O	_	_
promuoverne	promuovere/part	VF+E	O	_	_
tutti	tutto	DP	O	_	_
gli	il	RP	O	_	_
interessi	interesse	SP	O	_	_
materiali	materiale	AP	O	_	_
e	e	C	O	_	_
morali	morale	AP	O	_	_
.	.	XPS	O	_	_
