# total number of persons:11, total number of gpes:28
Caro	caro	AS	O	_	_
G.	g.	YA	O	_	_
Lasciandoci	lasciandoci	SPN	O	_	_
,	comma	XPW	O	_	_
a	a	E	O	_	_
Modena	modena	SPN	GPE	44.6458885	10.9255707
,	comma	XPW	O	_	_
tu	tu	PS	O	_	_
e	e	C	O	_	_
gli	il	RP	O	_	_
amici	amico	SP	O	_	_
mi	io	PS	O	_	_
avete	avere	VIY	O	_	_
detto	dire	VSP	O	_	_
:	:	XPS	O	_	_
Hai	avere	VIY	O	_	_
avuto	avere	VSP	O	_	_
la	il	RS	O	_	_
buona	buono	AS	O	_	_
ventura	ventura	SS	O	_	_
di	di	E	O	_	_
star	stare	VF	O	_	_
sempre	sempre	B	O	_	_
alla	a/det	ES	O	_	_
finestra	finestra	SS	O	_	_
,	comma	XPW	O	_	_
a	a	E	O	_	_
vedere	vedere	VF	O	_	_
ed	ed	C	O	_	_
ascoltare	ascoltare	VF	O	_	_
e	e	C	O	_	_
sei	sei	N	O	_	_
in	in	E	O	_	_
grado	grado	SS	O	_	_
di	di	E	O	_	_
far	fare	VF	O	_	_
confronti	confronto	SP	O	_	_
,	comma	XPW	O	_	_
oggettivamente	oggettivamente	B	O	_	_
.	.	XPS	O	_	_

Non	non	B	O	_	_
potresti	potere	VI	O	_	_
scrivere	scrivere	VF	O	_	_
le	il	RP	O	_	_
tue	tuo	DP	O	_	_
impressioni	impressione	SP	O	_	_
?	?	XPS	O	_	_

Ed	ed	C	O	_	_
eccomi	eccomi	SP	O	_	_
a	a	E	O	_	_
riassumerle	riassumere/pro	VF+E	O	_	_
e	e	C	O	_	_
pubblicarle	pubblicare/pro	VF+E	O	_	_
,	comma	XPW	O	_	_
per	per	E	O	_	_
quel	quello	DS	O	_	_
poco	poco	B	O	_	_
che	che	CCHE	O	_	_
valgono	valere	VI	O	_	_
.	.	XPS	O	_	_

A	a	E	O	_	_
Modena	modena	SPN	GPE	44.6458885	10.9255707
mi	io	PS	O	_	_
sorprese	sorprendere	VI	O	_	_
anzitutto	anzitutto	B	O	_	_
la	il	RS	O	_	_
grande	grande	AS	O	_	_
dimostrazione	dimostrazione	SS	O	_	_
di	di	E	O	_	_
vitalità	vitalità	SN	O	_	_
cattolica	cattolico	AS	O	_	_
.	.	XPS	O	_	_

A	a	E	O	_	_
giudicare	giudicare	VF	O	_	_
da	da	E	O	_	_
certa	certo	AS	O	_	_
stampa	stampa	SS	O	_	_
e	e	C	O	_	_
da	da	E	O	_	_
certi	certo	DP	O	_	_
sintomi	sintomo	SP	O	_	_
dell’	di/det	ES	O	_	_
ultimo	ultimo	AS	O	_	_
periodo	periodo	SS	O	_	_
v’	v’	B	O	_	_
era	essere	VI	O	_	_
da	da	E	O	_	_
temere	temere	VF	O	_	_
che	che	CCHE	O	_	_
l’	il	RS	O	_	_
Italia	italia	SPN	O	_	_
cattolica	cattolico	AS	O	_	_
fosse	essere	VI	O	_	_
tutta	tutto	DS	O	_	_
una	uno	RS	O	_	_
moria	moria	SS	O	_	_
e	e	C	O	_	_
che	che	CCHE	O	_	_
anche	anche	C	O	_	_
i	il	RP	O	_	_
cattolici	cattolico	SP	O	_	_
più	più	B	O	_	_
vivi	vivo	AP	O	_	_
scoraggiati	scoraggiare	VPP	O	_	_
e	e	C	O	_	_
rassegnati	rassegnare	VPP	O	_	_
,	comma	XPW	O	_	_
avessero	avere	VIY	O	_	_
rinunziato	rinunziare	VSP	O	_	_
ai	a/det	EP	O	_	_
congressi	congresso	SP	O	_	_
«	«	XPO	O	_	_
brontolandosi	brontolare/rifl	VG+E	O	_	_
un	uno	RS	O	_	_
requie	requie	SS	O	_	_
senza	senza	E	O	_	_
tanti	tanto	DP	O	_	_
discorsi	discorso	SP	O	_	_
»	»	XPO	O	_	_
.	.	XPS	O	_	_

Ho	avere	VIY	O	_	_
visto	vedere	VSP	O	_	_
invece	invece	C	O	_	_
che	che	CCHE	O	_	_
a	a	E	O	_	_
Modena	modena	SPN	GPE	44.6458885	10.9255707
erano	essere	VIY	O	_	_
raccolte	raccogliere	VPP	O	_	_
tante	tanto	DP	O	_	_
forze	forza	SP	O	_	_
vive	vivere	VI	O	_	_
,	comma	XPW	O	_	_
quante	quanto	PP	O	_	_
bastano	bastare	VI	O	_	_
per	per	E	O	_	_
riprendere	riprendere	VF	O	_	_
in	in	E	O	_	_
Italia	italia	SPN	GPE	42.6384261	12.674297
con	con	E	O	_	_
vigore	vigore	SS	O	_	_
l’	il	RS	O	_	_
azione	azione	SS	O	_	_
popolare	popolare	AS	O	_	_
,	comma	XPW	O	_	_
rinnovando	rinnovare	VG	O	_	_
l’	il	RS	O	_	_
ardore	ardore	SS	O	_	_
e	e	C	O	_	_
l’	il	RS	O	_	_
entusiasmo	entusiasmo	SS	O	_	_
suscitato	suscitare	VSP	O	_	_
dalla	da/det	ES	O	_	_
Rerum	rerum	SPN	O	_	_
Novarum	novarum	SPN	O	_	_
.	.	XPS	O	_	_

Viceversa	viceversa	B	O	_	_
non	non	B	O	_	_
ho	avere	VIY	O	_	_
visto	vedere	VSP	O	_	_
un’	uno	RS	O	_	_
altra	altro	DS	O	_	_
cosa	cosa	SS	O	_	_
che	che	CCHE	O	_	_
,	comma	XPW	O	_	_
a	a	E	O	_	_
dar	dare	VF	O	_	_
retta	retta	SS	O	_	_
a	a	E	O	_	_
certuni	certuni	SP	O	_	_
dovrebbe	dovere	VI	O	_	_
essere	essere	VF	O	_	_
per	per	E	O	_	_
i	il	RP	O	_	_
cattolici	cattolico	SP	O	_	_
d’	di	E	O	_	_
azione	azione	SS	O	_	_
il	il	RS	O	_	_
pane	pane	SS	O	_	_
quotidiano	quotidiano	AS	O	_	_
.	.	XPS	O	_	_

Non	non	B	O	_	_
ho	avere	VIY	O	_	_
visto	vedere	VSP	O	_	_
cioè	cioe`	B	O	_	_
–	–	XPO	O	_	_
ed	ed	C	O	_	_
ho	avere	VIY	O	_	_
guardato	guardare	VSP	O	_	_
bene	bene	B	O	_	_
–	–	XPO	O	_	_
il	il	RS	O	_	_
modernismo	modernismo	SS	O	_	_
.	.	XPS	O	_	_

I	il	RP	O	_	_
modernisti	modernista	SP	O	_	_
mancavano	mancare	VI	O	_	_
completamente	completamente	B	O	_	_
;	semicolon	XPS	O	_	_

c’	ci	B	O	_	_
era	essere	VI	O	_	_
invece	invece	B	O	_	_
della	di/det	ES	O	_	_
gente	gente	SS	O	_	_
moderna	moderno	AS	O	_	_
che	che	CCHE	O	_	_
all’	a/det	ES	O	_	_
ossequio	ossequio	SS	O	_	_
sincero	sincero	AS	O	_	_
e	e	C	O	_	_
cordiale	cordiale	AS	O	_	_
per	per	E	O	_	_
l’	il	RS	O	_	_
autorità	autorità	SN	O	_	_
della	di/det	ES	O	_	_
Chiesa	chiesa	SS	O	_	_
aggiunge	aggiungere	VI	O	_	_
la	il	RS	O	_	_
necessaria	necessario	AS	O	_	_
modernità	modernità	SN	O	_	_
di	di	E	O	_	_
vedute	veduta	SP	O	_	_
e	e	C	O	_	_
di	di	E	O	_	_
metodi	metodo	SP	O	_	_
.	.	XPS	O	_	_

Ritengo	ritenere	VI	O	_	_
anzi	anzi	C	O	_	_
che	che	CCHE	O	_	_
in	in	E	O	_	_
pochi	poco	DP	O	_	_
congressi	congresso	SP	O	_	_
si	rifl	PN	O	_	_
sia	essere	VIY	O	_	_
avuta	avere	VSP	O	_	_
una	uno	RS	O	_	_
dimostrazione	dimostrazione	SS	O	_	_
così	così	B	O	_	_
viva	vivo	AS	O	_	_
e	e	C	O	_	_
così	così	B	O	_	_
precisa	preciso	AS	O	_	_
di	di	E	O	_	_
obbedienza	obbedienza	SS	O	_	_
alle	a/det	EP	O	_	_
direttive	direttiva	SP	O	_	_
pontificie	pontificio	AP	O	_	_
.	.	XPS	O	_	_

Tale	tale	DS	O	_	_
dimostrazione	dimostrazione	SS	O	_	_
oltre	oltre	E	O	_	_
a	a	E	O	_	_
suo	suo	DS	O	_	_
valore	valore	SS	O	_	_
intrinseco	intrinseco	AS	O	_	_
mi	io	PS	O	_	_
pare	parere	VI	O	_	_
che	che	CCHE	O	_	_
nella	in/det	ES	O	_	_
vostra	vostro	DS	O	_	_
intenzione	intenzione	SS	O	_	_
abbia	avere	VIY	O	_	_
avuto	avere	VSP	O	_	_
due	due	N	O	_	_
significati	significato	SP	O	_	_
:	:	XPS	O	_	_
l’	il	RS	O	_	_
uno	uno	PS	O	_	_
di	di	E	O	_	_
protesta	protesta	SS	O	_	_
contro	contro	E	O	_	_
i	il	RP	O	_	_
maligni	maligno	SP	O	_	_
che	che	CCHE	O	_	_
durante	durante	E	O	_	_
la	il	RS	O	_	_
lunga	lungo	AS	O	_	_
crisi	crisi	SN	O	_	_
misero	misero	AS	O	_	_
in	in	E	O	_	_
dubbio	dubbio	SS	O	_	_
questa	questo	DS	O	_	_
vostra	vostro	AS	O	_	_
obbedienza	obbedienza	SS	O	_	_
,	comma	XPW	O	_	_
l’	il	RS	O	_	_
altro	altro	PS	O	_	_
di	di	E	O	_	_
pregiudiziale	pregiudiziale	SS	O	_	_
assoluta	assoluto	AS	O	_	_
in	in	E	O	_	_
caso	caso	SS	O	_	_
che	che	CCHE	O	_	_
voi	voi	PS	O	_	_
,	comma	XPW	O	_	_
maggioranza	maggioranza	SS	O	_	_
del	di/det	ES	O	_	_
congresso	congresso	SS	O	_	_
vi	vi	B	O	_	_
foste	essere	VIY	O	_	_
trovati	trovare	VPP	O	_	_
sul	su/det	ES	O	_	_
terreno	terreno	SS	O	_	_
discutibile	discutibile	AS	O	_	_
in	in	E	O	_	_
disaccordo	disaccordo	SS	O	_	_
coi	con/det	EP	O	_	_
direttori	direttorio	SP	O	_	_
ufficiali	ufficiale	AP	O	_	_
dell’	di/det	ES	O	_	_
azione	azione	SS	O	_	_
cattolica	cattolico	AS	O	_	_
.	.	XPS	O	_	_

In	in	E	O	_	_
proposito	proposito	SS	O	_	_
devo	dovere	VI	O	_	_
aggiungere	aggiungere	VF	O	_	_
per	per	E	O	_	_
la	il	RS	O	_	_
verità	verità	SN	O	_	_
che	che	CCHE	O	_	_
un’	uno	RS	O	_	_
esplicita	esplicito	AS	O	_	_
dichiarazione	dichiarazione	SS	O	_	_
venuta	venire	VSP	O	_	_
dal	da/det	ES	O	_	_
campo	campo	SS	O	_	_
vostro	vostro	PS	O	_	_
,	comma	XPW	O	_	_
mi	io	PS	O	_	_
ha	avere	VIY	O	_	_
colpito	colpire	VSP	O	_	_
ed	ed	C	O	_	_
edificato	edificare	VSP	O	_	_
.	.	XPS	O	_	_

In	in	E	O	_	_
un’	uno	RS	O	_	_
adunanza	adunanza	SS	O	_	_
preparatoria	preparatorio	AS	O	_	_
uno	uno	PS	O	_	_
di	di	E	O	_	_
voi	voi	PS	O	_	_
disse	dire	VI	O	_	_
tra	tra	E	O	_	_
gli	il	RP	O	_	_
applausi	applauso	SP	O	_	_
di	di	E	O	_	_
tutti	tutto	DP	O	_	_
:	:	XPS	O	_	_
«	«	XPO	O	_	_
Domani	domani	B	O	_	_
andremo	andare	VI	O	_	_
al	a/det	ES	O	_	_
congresso	congresso	SS	O	_	_
,	comma	XPW	O	_	_
diremo	dire	VI	O	_	_
con	con	E	O	_	_
franchezza	franchezza	SS	O	_	_
quello	quello	PS	O	_	_
che	che	CCHE	O	_	_
ci	ci	PP	O	_	_
pare	parere	VI	O	_	_
derivi	derivi	AP	O	_	_
dalle	da/det	EP	O	_	_
condizioni	condizione	SP	O	_	_
di	di	E	O	_	_
fatto	fatto	SS	O	_	_
(	open_parenthesis	XPB	O	_	_
si	rifl	PN	O	_	_
trattava	trattare	VI	O	_	_
dei	di/det	EP	O	_	_
criteri	criterio	SP	O	_	_
di	di	E	O	_	_
organizzazione	organizzazione	SS	O	_	_
operaia	operaio	AS	O	_	_
)	close_parenthesis	XPB	O	_	_
,	comma	XPW	O	_	_
poi	poi	B	O	_	_
se	se	C	O	_	_
il	il	RS	O	_	_
Papa	papa	SPN	O	_	_
detterà	dettare	VI	O	_	_
un	uno	RS	O	_	_
indirizzo	indirizzo	SS	O	_	_
diverso	diverso	AS	O	_	_
,	comma	XPW	O	_	_
piegheremo	piegare	VI	O	_	_
il	il	RS	O	_	_
capo	capo	SS	O	_	_
.	.	XPS	O	_	_

Siamo	essere	VI	O	_	_
cattolici	cattolico	AP	O	_	_
,	comma	XPW	O	_	_
e	e	C	O	_	_
basta	bastare	VI	O	_	_
»	»	XPO	O	_	_
.	.	XPS	O	_	_

Allora	allora	C	O	_	_
io	io	PS	O	_	_
mi	io	PS	O	_	_
sono	essere	VIY	O	_	_
chiesto	chiedere	VSP	O	_	_
dove	dove	CADV	O	_	_
fossero	essere	VI	O	_	_
i	il	RP	O	_	_
cosiddetti	cosiddetto	AP	O	_	_
ribelli	ribelle	SP	O	_	_
ed	ed	C	O	_	_
ho	avere	VIY	O	_	_
concluso	concludere	VSP	O	_	_
che	che	CCHE	O	_	_
coloro	colui	PP	O	_	_
i	il	RP	O	_	_
quali	quale	PP	O	_	_
per	per	E	O	_	_
una	uno	RS	O	_	_
parola	parola	SS	O	_	_
meno	meno	B	O	_	_
corretta	corretto	AS	O	_	_
sfuggita	sfuggita	SS	O	_	_
di	di	E	O	_	_
bocca	bocca	SS	O	_	_
ad	ad	E	O	_	_
un	uno	RS	O	_	_
povero	povero	SS	O	_	_
cappellano	cappellano	VI	O	_	_
od	od	B	O	_	_
a	a	E	O	_	_
un	uno	RS	O	_	_
propagandista	propagandista	SS	O	_	_
nella	in/det	ES	O	_	_
foga	foga	SS	O	_	_
del	di/det	ES	O	_	_
dibattito	dibattito	SS	O	_	_
,	comma	XPW	O	_	_
hanno	avere	VI	O	_	_
pronta	pronto	AS	O	_	_
la	il	RS	O	_	_
denunzia	denunzia	SS	O	_	_
e	e	C	O	_	_
la	il	RS	O	_	_
pietra	pietra	SS	O	_	_
,	comma	XPW	O	_	_
compiono	compiere	VI	O	_	_
opera	opera	SS	O	_	_
iniqua	iniquo	AS	O	_	_
.	.	XPS	O	_	_

E	e	C	O	_	_
questi	questo	DP	O	_	_
giovani	giovane	SP	O	_	_
hanno	avere	VIY	O	_	_
tuttavia	tuttavia	C	O	_	_
lavorato	lavorare	VSP	O	_	_
infaticabilmente	infaticabilmente	B	O	_	_
e	e	C	O	_	_
sono	essere	VIY	O	_	_
rimasti	rimanere	VPP	O	_	_
sempre	sempre	B	O	_	_
sulla	su/det	ES	O	_	_
breccia	breccia	SS	O	_	_
contro	contro	E	O	_	_
il	il	RS	O	_	_
più	più	B	O	_	_
feroce	feroce	AS	O	_	_
anticlericalismo	anticlericalismo	SS	O	_	_
e	e	C	O	_	_
la	il	RS	O	_	_
più	più	B	O	_	_
settaria	settaria	SS	O	_	_
delle	di/det	EP	O	_	_
democrazie	democrazia	SP	O	_	_
sociali	sociale	AP	O	_	_
.	.	XPS	O	_	_

Innanzi	innanzi	SPN	O	_	_
a	a	E	O	_	_
loro	loro	DP	O	_	_
il	il	RS	O	_	_
sorriso	sorriso	SS	O	_	_
di	di	E	O	_	_
compatimento	compatimento	SS	O	_	_
che	che	CCHE	O	_	_
hanno	avere	VI	O	_	_
sulle	su/det	EP	O	_	_
labbra	labbra	SP	O	_	_
i	il	RP	O	_	_
partiti	partito	SP	O	_	_
cristiano-sociali	cristiano-sociali	AP	O	_	_
di	di	E	O	_	_
altri	altro	DP	O	_	_
paesi	paese	SP	O	_	_
più	più	B	O	_	_
numerosi	numeroso	AP	O	_	_
,	comma	XPW	O	_	_
più	più	B	O	_	_
forti	forte	AP	O	_	_
,	comma	XPW	O	_	_
più	più	B	O	_	_
progrediti	progredito	AP	O	_	_
,	comma	XPW	O	_	_
dovrebbero	dovere	VI	O	_	_
scomparire	scomparire	VF	O	_	_
,	comma	XPW	O	_	_
perché	perché	C	O	_	_
questi	questo	DP	O	_	_
giovani	giovane	SP	O	_	_
meritano	meritare	VI	O	_	_
non	non	B	O	_	_
il	il	RS	O	_	_
compatimento	compatimento	SS	O	_	_
ma	ma	C	O	_	_
l’	il	RS	O	_	_
ammirazione	ammirazione	SS	O	_	_
per	per	E	O	_	_
quello	quello	PS	O	_	_
che	che	CCHE	O	_	_
,	comma	XPW	O	_	_
malgrado	malgrado	E	O	_	_
tutto	tutto	PS	O	_	_
,	comma	XPW	O	_	_
hanno	avere	VIY	O	_	_
saputo	sapere	VSP	O	_	_
fare	fare	VF	O	_	_
.	.	XPS	O	_	_

Quanti	quanto	DP	O	_	_
degli	di/det	EP	O	_	_
organizzatori	organizzatore	SP	O	_	_
in	in	E	O	_	_
Germania	germania	SPN	GPE	51.0834196	10.4234469
,	comma	XPW	O	_	_
in	in	E	O	_	_
Austria	austria	SPN	GPE	47.2000338	13.199959
,	comma	XPW	O	_	_
nel	in/det	ES	O	_	_
Belgio	belgio	SPN	GPE	50.6407351	4.66696
avrebbero	avere	VIY	O	_	_
continuato	continuare	VSP	O	_	_
a	a	E	O	_	_
lavorare	lavorare	VF	O	_	_
rinnegando	rinnegare	VG	O	_	_
molte	molto	DP	O	_	_
volte	volta	SP	O	_	_
la	il	RS	O	_	_
propria	propria	DS	O	_	_
personalità	personalità	SN	O	_	_
pubblica	pubblico	AS	O	_	_
?	?	XPS	O	_	_

A	a	E	O	_	_
questo	questo	DS	O	_	_
punto	punto	SS	O	_	_
mi	io	PS	O	_	_
avvedo	avvedere	VI	O	_	_
d’	di	E	O	_	_
essere	essere	VF	O	_	_
incorso	incorso	AS	O	_	_
in	in	E	O	_	_
un	uno	RS	O	_	_
errore	errore	SS	O	_	_
di	di	E	O	_	_
termini	termine	SP	O	_	_
di	di	E	O	_	_
cui	cui	PN	O	_	_
si	rifl	PN	O	_	_
compiacquero	compiacere	VI	O	_	_
altri	altro	DP	O	_	_
colleghi	collega	SP	O	_	_
della	di/det	ES	O	_	_
stampa	stampa	SS	O	_	_
,	comma	XPW	O	_	_
forse	forse	B	O	_	_
per	per	E	O	_	_
ragioni	ragione	SP	O	_	_
di	di	E	O	_	_
comodità	comodità	SN	O	_	_
.	.	XPS	O	_	_

Di	di	E	O	_	_
fatto	fatto	SS	O	_	_
però	però	C	O	_	_
a	a	E	O	_	_
Modena	modena	SPN	GPE	44.6458885	10.9255707
non	non	B	O	_	_
si	rifl	PN	O	_	_
manifestarono	manifestare	VI	O	_	_
né	né	C	O	_	_
tendenze	tendenza	SP	O	_	_
sinistre	sinistro	AP	O	_	_
né	né	C	O	_	_
destre	destro	AP	O	_	_
,	comma	XPW	O	_	_
né	né	C	O	_	_
giovani	giovane	AP	O	_	_
né	né	C	O	_	_
vecchi	vecchio	AP	O	_	_
,	comma	XPW	O	_	_
ma	ma	C	O	_	_
si	rifl	PN	O	_	_
ebbe	avere	VI	O	_	_
una	uno	RS	O	_	_
solenne	solenne	AS	O	_	_
dimostrazione	dimostrazione	SS	O	_	_
di	di	E	O	_	_
tutti	tutto	PP	O	_	_
coloro	colui	PP	O	_	_
che	che	CCHE	O	_	_
vogliono	volere	VI	O	_	_
lavorare	lavorare	VF	O	_	_
.	.	XPS	O	_	_

Si	rifl	PN	O	_	_
è	essere	VIY	O	_	_
affermato	affermare	VSP	O	_	_
vigorosamente	vigorosamente	B	O	_	_
il	il	RS	O	_	_
partito	partito	SS	O	_	_
del	di/det	ES	O	_	_
lavoro	lavoro	SS	O	_	_
.	.	XPS	O	_	_

Non	non	B	O	_	_
irreconciliabili	irreconciliabile	AP	O	_	_
dissensi	dissenso	SP	O	_	_
intorno	intorno	B	O	_	_
al	a/det	ES	O	_	_
metodo	metodo	SS	O	_	_
ed	ed	C	O	_	_
alla	a/det	ES	O	_	_
latitudine	latitudine	SS	O	_	_
di	di	E	O	_	_
certi	certo	DP	O	_	_
criteri	criterio	SP	O	_	_
furono	essere	VIY	O	_	_
superati	superare	VPP	O	_	_
in	in	E	O	_	_
una	uno	RS	O	_	_
discussione	discussione	SS	O	_	_
relativamente	relativamente	B	O	_	_
breve	breve	AS	O	_	_
;	semicolon	XPS	O	_	_

tanto	tanto	PS	O	_	_
breve	breve	AS	O	_	_
anzi	anzi	C	O	_	_
da	da	E	O	_	_
dimostrare	dimostrare	VF	O	_	_
che	che	CCHE	O	_	_
gli	il	RP	O	_	_
oppositori	oppositore	SP	O	_	_
avevano	avere	VI	O	_	_
presupposta	presupposta	SS	O	_	_
una	uno	RS	O	_	_
resistenza	resistenza	SS	O	_	_
la	il	RS	O	_	_
quale	quale	PS	O	_	_
non	non	B	O	_	_
ci	ci	PP	O	_	_
fu	essere	VI	O	_	_
affatto	affatto	B	O	_	_
.	.	XPS	O	_	_

Si	rifl	PN	O	_	_
dovrà	dovere	VI	O	_	_
quindi	quindi	B	O	_	_
conchiudere	conchiudere	VF	O	_	_
che	che	CCHE	O	_	_
il	il	RS	O	_	_
movimento	movimento	SS	O	_	_
democratico-cristiano	democratico-cristiano	AS	O	_	_
in	in	E	O	_	_
Italia	italia	SPN	GPE	42.6384261	12.674297
va	andare	VI	O	_	_
da	da	E	O	_	_
Toniolo	toniolo	SPN	PER	_	_
,	comma	XPW	O	_	_
Rezzara	rezzara	SPN	PER	_	_
,	comma	XPW	O	_	_
Rodinò	rodinò	SPN	PER	_	_
,	comma	XPW	O	_	_
Bertini	bertini	SPN	PER	_	_
e	e	C	O	_	_
Miglioli	miglioli	SPN	PER	_	_
:	:	XPS	O	_	_
comprende	comprendere	VI	O	_	_
cioè	cioe`	B	O	_	_
tutti	tutto	PP	O	_	_
i	il	RP	O	_	_
cattolici	cattolico	SP	O	_	_
di	di	E	O	_	_
azione	azione	SS	O	_	_
.	.	XPS	O	_	_

L’	il	RS	O	_	_
azione	azione	SS	O	_	_
cattolica	cattolico	AS	O	_	_
seguirà	seguire	VI	O	_	_
quindi	quindi	C	O	_	_
l’	il	RS	O	_	_
indirizzo	indirizzo	SS	O	_	_
democratico	democratico	AS	O	_	_
di	di	E	O	_	_
Modena	modena	SPN	GPE	44.6458885	10.9255707
o	o	C	O	_	_
non	non	B	O	_	_
sarà	essere	VI	O	_	_
.	.	XPS	O	_	_

A	a	E	O	_	_
Modena	modena	SPN	GPE	44.6458885	10.9255707
si	rifl	PN	O	_	_
è	essere	VIY	O	_	_
però	però	C	O	_	_
andati	andare	VPP	O	_	_
più	più	B	O	_	_
oltre	oltre	B	O	_	_
di	di	E	O	_	_
una	uno	RS	O	_	_
semplice	semplice	AS	O	_	_
manifestazione	manifestazione	SS	O	_	_
di	di	E	O	_	_
indirizzo	indirizzo	SS	O	_	_
.	.	XPS	O	_	_

Si	rifl	PN	O	_	_
è	essere	VIY	O	_	_
chiesto	chiedere	VSP	O	_	_
anche	anche	C	O	_	_
l’	il	RS	O	_	_
organo	organo	SS	O	_	_
centrale	centrale	AS	O	_	_
e	e	C	O	_	_
direttivo	direttivo	AS	O	_	_
di	di	E	O	_	_
tutta	tutto	DS	O	_	_
l’	il	RS	O	_	_
azione	azione	SS	O	_	_
cattolica	cattolico	AS	O	_	_
.	.	XPS	O	_	_

Nata	nascere	VSP	O	_	_
questa	questo	DS	O	_	_
proposta	proposta	SS	O	_	_
forse	forse	B	O	_	_
dal	da/det	ES	O	_	_
fatto	fatto	SS	O	_	_
che	che	CCHE	O	_	_
le	il	RP	O	_	_
cinque	cinque	N	O	_	_
unioni	unione	SP	O	_	_
manifestarono	manifestare	VI	O	_	_
in	in	E	O	_	_
circostanze	circostanza	SP	O	_	_
speciali	speciale	AP	O	_	_
un	uno	RS	O	_	_
indirizzo	indirizzo	SS	O	_	_
pratico	pratico	AS	O	_	_
diverso	diverso	AS	O	_	_
,	comma	XPW	O	_	_
tirando	tirare	VG	O	_	_
l’	il	RS	O	_	_
una	uno	PS	O	_	_
a	a	E	O	_	_
destra	destra	SS	O	_	_
,	comma	XPW	O	_	_
l’	il	RS	O	_	_
altra	altro	PS	O	_	_
a	a	E	O	_	_
sinistra	sinistra	SS	O	_	_
;	semicolon	XPS	O	_	_

essa	essa	PS	O	_	_
,	comma	XPW	O	_	_
se	se	C	O	_	_
ho	avere	VIY	O	_	_
capito	capire	VSP	O	_	_
bene	bene	B	O	_	_
,	comma	XPW	O	_	_
ha	avere	VI	O	_	_
un	uno	RS	O	_	_
significato	significato	SS	O	_	_
più	più	B	O	_	_
largo	largo	AS	O	_	_
e	e	C	O	_	_
più	più	B	O	_	_
comprensivo	comprensivo	AS	O	_	_
.	.	XPS	O	_	_

S’	s’	PN	O	_	_
intendeva	intendere	VI	O	_	_
di	di	E	O	_	_
dire	dire	VF	O	_	_
:	:	XPS	O	_	_
Vogliamo	volere	VI	O	_	_
un	uno	RS	O	_	_
organo	organo	SS	O	_	_
esecutivo	esecutivo	AS	O	_	_
delle	di/det	EP	O	_	_
deliberazioni	deliberazione	SP	O	_	_
del	di/det	ES	O	_	_
congresso	congresso	SS	O	_	_
,	comma	XPW	O	_	_
organo	organare	VI	O	_	_
che	che	CCHE	O	_	_
dal	da/det	ES	O	_	_
congresso	congresso	SS	O	_	_
attinga	attingere	VI	O	_	_
la	il	RS	O	_	_
forza	forza	SS	O	_	_
per	per	E	O	_	_
spingere	spingere	VF	O	_	_
innanzi	innanzi	E	O	_	_
l’	il	RS	O	_	_
azione	azione	SS	O	_	_
cristiano-sociale	cristiano-sociale	AS	O	_	_
là	là	B	O	_	_
dove	dove	CADV	O	_	_
è	essere	VIY	O	_	_
ostacolata	ostacolare	VSP	O	_	_
o	o	C	O	_	_
semplicemente	semplicemente	B	O	_	_
tollerata	tollerare	VSP	O	_	_
e	e	C	O	_	_
che	che	CCHE	O	_	_
la	il	RS	O	_	_
liberi	liberi	SS	O	_	_
dai	da/det	EP	O	_	_
particolarismi	particolarismo	SP	O	_	_
ed	ed	C	O	_	_
arbitri	arbitro	SP	O	_	_
locali	locale	AP	O	_	_
,	comma	XPW	O	_	_
ma	ma	C	O	_	_
l’	il	RS	O	_	_
organo	organo	SS	O	_	_
anche	anche	C	O	_	_
,	comma	XPW	O	_	_
il	il	RS	O	_	_
quale	quale	PS	O	_	_
sia	essere	VI	O	_	_
responsabile	responsabile	AS	O	_	_
innanzi	innanzi	E	O	_	_
al	a/det	ES	O	_	_
congresso	congresso	SS	O	_	_
.	.	XPS	O	_	_

Fu	essere	VI	O	_	_
quindi	quindi	B	O	_	_
,	comma	XPW	O	_	_
secondo	secondo	E	O	_	_
me	io	PS	O	_	_
,	comma	XPW	O	_	_
una	uno	RS	O	_	_
affermazione	affermazione	SS	O	_	_
di	di	E	O	_	_
costituzionalismo	costituzionalismo	SS	O	_	_
.	.	XPS	O	_	_

Se	se	C	O	_	_
mons.	mons.	VI	O	_	_
Werthmann	werthmann	SPN	PER	_	_
considererà	considerare	VI	O	_	_
l’	il	RS	O	_	_
ordine	ordine	SS	O	_	_
del	di/det	ES	O	_	_
giorno	giorno	SS	O	_	_
Bertini	bertini	SPN	PER	_	_
da	da	E	O	_	_
tale	tale	DS	O	_	_
punto	punto	SS	O	_	_
di	di	E	O	_	_
vista	vista	SS	O	_	_
,	comma	XPW	O	_	_
egli	egli	PS	O	_	_
comprenderà	comprendere	VI	O	_	_
perché	perché	C	O	_	_
in	in	E	O	_	_
Italia	italia	SPN	GPE	42.6384261	12.674297
,	comma	XPW	O	_	_
a	a	E	O	_	_
differenza	differenza	SS	O	_	_
della	di/det	ES	O	_	_
Germania	germania	SPN	GPE	51.0834196	10.4234469
siano	essere	VI	O	_	_
proprio	proprio	B	O	_	_
i	il	RP	O	_	_
giovani	giovane	SP	O	_	_
che	che	CCHE	O	_	_
invocano	invocare	VI	O	_	_
una	uno	RS	O	_	_
direzione	direzione	SS	O	_	_
generale	generale	AS	O	_	_
dell’	di/det	ES	O	_	_
azione	azione	SS	O	_	_
cattolica	cattolico	AS	O	_	_
.	.	XPS	O	_	_

Così	così	B	O	_	_
il	il	RS	O	_	_
congresso	congresso	SS	O	_	_
di	di	E	O	_	_
Modena	modena	SPN	GPE	44.6458885	10.9255707
ha	avere	VIY	O	_	_
segnato	segnare	VSP	O	_	_
per	per	E	O	_	_
tutto	tutto	DS	O	_	_
quello	quello	PS	O	_	_
che	che	CCHE	O	_	_
riguarda	riguardare	VI	O	_	_
il	il	RS	O	_	_
movimento	movimento	SS	O	_	_
sociale	sociale	AS	O	_	_
cristiano	cristiano	VI	O	_	_
la	il	RS	O	_	_
fine	fine	SS	O	_	_
della	di/det	ES	O	_	_
crisi	crisi	SN	O	_	_
incominciata	incominciato	AS	O	_	_
a	a	E	O	_	_
Bologna	bologna	SPN	GPE	44.4936714	11.3430347
.	.	XPS	O	_	_

Se	se	C	O	_	_
i	il	RP	O	_	_
voti	voto	SP	O	_	_
unanimi	unanime	AP	O	_	_
dell’	di/det	ES	O	_	_
assemblea	assemblea	SS	O	_	_
troveranno	trovare	VI	O	_	_
la	il	RS	O	_	_
loro	loro	DP	O	_	_
completa	completo	AS	O	_	_
attuazione	attuazione	SS	O	_	_
,	comma	XPW	O	_	_
esso	esso	PS	O	_	_
segnerà	segnare	VI	O	_	_
anche	anche	C	O	_	_
nell’	in/det	ES	O	_	_
ambito	ambito	SS	O	_	_
dei	di/det	EP	O	_	_
fatti	fatto	SP	O	_	_
l’	il	RS	O	_	_
energica	energico	AS	O	_	_
ripresa	ripresa	SS	O	_	_
del	di/det	ES	O	_	_
movimento	movimento	SS	O	_	_
che	che	CCHE	O	_	_
ebbe	avere	VI	O	_	_
la	il	RS	O	_	_
sua	suo	AS	O	_	_
più	più	B	O	_	_
solenne	solenne	AS	O	_	_
sanzione	sanzione	SS	O	_	_
nella	in/det	ES	O	_	_
Rerum	rerum	SPN	O	_	_
Novarum	novarum	SPN	O	_	_
.	.	XPS	O	_	_

A	a	E	O	_	_
Modena	modena	SPN	GPE	44.6458885	10.9255707
si	rifl	PN	O	_	_
è	essere	VIY	O	_	_
però	però	C	O	_	_
andati	andare	VPP	O	_	_
più	più	B	O	_	_
innanzi	innanzi	B	O	_	_
ancora	ancora	B	O	_	_
e	e	C	O	_	_
dall’	da/det	ES	O	_	_
azione	azione	SS	O	_	_
sociale	sociale	AS	O	_	_
si	rifl	PN	O	_	_
è	essere	VIY	O	_	_
passati	passare	VPP	O	_	_
direttamente	direttamente	B	O	_	_
all’	a/det	ES	O	_	_
azione	azione	SS	O	_	_
politica	politico	AS	O	_	_
.	.	XPS	O	_	_

L’	il	RS	O	_	_
ordine	ordine	SS	O	_	_
del	di/det	ES	O	_	_
giorno	giorno	SS	O	_	_
relativo	relativo	AS	O	_	_
,	comma	XPW	O	_	_
accettato	accettare	VSP	O	_	_
anche	anche	C	O	_	_
all’	a/det	ES	O	_	_
unanimità	unanimità	SN	O	_	_
,	comma	XPW	O	_	_
stabilì	stabilire	VI	O	_	_
che	che	CCHE	O	_	_
i	il	RP	O	_	_
cattolici	cattolico	SP	O	_	_
italiani	italiano	AP	O	_	_
,	comma	XPW	O	_	_
in	in	E	O	_	_
quanto	quanto	B	O	_	_
agiscono	agire	VI	O	_	_
come	come	CADV	O	_	_
elettori	elettore	SP	O	_	_
,	comma	XPW	O	_	_
debbano	dovere	VI	O	_	_
nei	in/det	EP	O	_	_
loro	loro	DP	O	_	_
atteggiamenti	atteggiamento	SP	O	_	_
e	e	C	O	_	_
nelle	in/det	EP	O	_	_
loro	loro	DP	O	_	_
finalità	finalità	SN	O	_	_
armonizzare	armonizzare	VF	O	_	_
(	open_parenthesis	XPB	O	_	_
cito	citare	VI	O	_	_
la	il	RS	O	_	_
parola	parola	SS	O	_	_
come	come	CADV	O	_	_
fu	essere	VIY	O	_	_
detta	dire	VSP	O	_	_
)	close_parenthesis	XPB	O	_	_
colle	con/det	EP	O	_	_
direttive	direttivo	AP	O	_	_
del	di/det	ES	O	_	_
movimento	movimento	SS	O	_	_
sociale	sociale	AS	O	_	_
.	.	XPS	O	_	_

O	o	C	O	_	_
,	comma	XPW	O	_	_
più	più	B	O	_	_
in	in	E	O	_	_
breve	breve	AS	O	_	_
e	e	C	O	_	_
più	più	B	O	_	_
chiaro	chiaro	AS	O	_	_
:	:	XPS	O	_	_
Dal	da/det	ES	O	_	_
movimento	movimento	SS	O	_	_
sociale	sociale	AS	O	_	_
cristiano	cristiano	AS	O	_	_
nasce	nascere	VI	O	_	_
per	per	E	O	_	_
logica	logico	AS	O	_	_
figliazione	figliazione	SS	O	_	_
il	il	RS	O	_	_
partito	partito	SS	O	_	_
cristiano-sociale	cristiano-sociale	AS	O	_	_
.	.	XPS	O	_	_

Ora	ora	B	O	_	_
,	comma	XPW	O	_	_
se	se	C	O	_	_
non	non	B	O	_	_
fossimo	essere	VI	O	_	_
in	in	E	O	_	_
Italia	italia	SPN	GPE	42.6384261	12.674297
,	comma	XPW	O	_	_
la	il	RS	O	_	_
cosa	cosa	SS	O	_	_
sarebbe	essere	VI	O	_	_
logica	logico	AS	O	_	_
ed	ed	C	O	_	_
evidentissima	evidente	AS	O	_	_
.	.	XPS	O	_	_

Per	per	E	O	_	_
l’	il	RS	O	_	_
Italia	italia	SPN	O	_	_
invece	invece	B	O	_	_
almeno	almeno	B	O	_	_
nella	in/det	ES	O	_	_
mia	mio	DS	O	_	_
mente	mente	SS	O	_	_
,	comma	XPW	O	_	_
rimangono	rimanere	VI	O	_	_
invece	invece	B	O	_	_
diverse	diverso	AP	O	_	_
incognite	incognita	SP	O	_	_
.	.	XPS	O	_	_

Anzitutto	anzitutto	B	O	_	_
non	non	B	O	_	_
ho	avere	VIY	O	_	_
capito	capire	VSP	O	_	_
perché	perché	C	O	_	_
proprio	proprio	B	O	_	_
nel	in/det	ES	O	_	_
congresso	congresso	SS	O	_	_
di	di	E	O	_	_
Modena	modena	SPN	GPE	44.6458885	10.9255707
si	rifl	PN	O	_	_
fosse	essere	VIY	O	_	_
posta	porre	VSP	O	_	_
all’	a/det	ES	O	_	_
ordine	ordine	SS	O	_	_
del	di/det	ES	O	_	_
giorno	giorno	SS	O	_	_
la	il	RS	O	_	_
questione	questione	SS	O	_	_
elettorale	elettorale	AS	O	_	_
.	.	XPS	O	_	_

Era	essere	VI	O	_	_
chiaro	chiaro	AS	O	_	_
che	che	CCHE	O	_	_
questa	questo	DS	O	_	_
presupponeva	presupporre	VI	O	_	_
la	il	RS	O	_	_
discussione	discussione	SS	O	_	_
intorno	intorno	E	O	_	_
al	a/det	ES	O	_	_
partito	partito	SS	O	_	_
politico	politico	AS	O	_	_
.	.	XPS	O	_	_

Ora	ora	B	O	_	_
i	il	RP	O	_	_
direttori	direttorio	SP	O	_	_
e	e	C	O	_	_
gli	il	RP	O	_	_
organizzatori	organizzatore	SP	O	_	_
del	di/det	ES	O	_	_
congresso	congresso	SS	O	_	_
ebbero	avere	VI	O	_	_
proprio	proprio	B	O	_	_
in	in	E	O	_	_
animo	animo	SS	O	_	_
di	di	E	O	_	_
provocare	provocare	VF	O	_	_
la	il	RS	O	_	_
discussione	discussione	SS	O	_	_
politica	politico	AS	O	_	_
o	o	C	O	_	_
,	comma	XPW	O	_	_
ingenuamente	ingenuamente	B	O	_	_
,	comma	XPW	O	_	_
furono	essere	VIY	O	_	_
sorpresi	sorprendere	VPP	O	_	_
?	?	XPS	O	_	_

Ecco	ecco	B	O	_	_
la	il	RS	O	_	_
prima	primo	AS	O	_	_
incognita	incognita	SS	O	_	_
.	.	XPS	O	_	_

In	in	E	O	_	_
secondo	secondo	AS	O	_	_
luogo	luogo	SS	O	_	_
,	comma	XPW	O	_	_
in	in	E	O	_	_
qual	quale	AS	O	_	_
modo	modo	SS	O	_	_
combinare	combinare	VF	O	_	_
le	il	RP	O	_	_
dichiarazioni	dichiarazione	SP	O	_	_
dei	di/det	EP	O	_	_
deputati	deputato	SP	O	_	_
intervenuti	intervenire	VPP	O	_	_
come	come	CADV	O	_	_
tali	tale	AP	O	_	_
«	«	XPO	O	_	_
nell’	in/det	ES	O	_	_
indivisibilità	indivisibilità	SN	O	_	_
della	di/det	ES	O	_	_
loro	loro	DP	O	_	_
coscienza	coscienza	SS	O	_	_
»	»	XPO	O	_	_
colla	con/det	ES	O	_	_
pratica	pratico	AS	O	_	_
esatta	esatta	VI	O	_	_
fino	fino	E	O	_	_
qui	qui	B	O	_	_
di	di	E	O	_	_
concedere	concedere	VF	O	_	_
l’	il	RS	O	_	_
andata	andata	SS	O	_	_
alle	a/det	EP	O	_	_
urne	urna	SP	O	_	_
non	non	B	O	_	_
ai	a/det	EP	O	_	_
cattolico-sociali	cattolico-sociali	SP	O	_	_
,	comma	XPW	O	_	_
perché	perché	C	O	_	_
tali	tale	AP	O	_	_
,	comma	XPW	O	_	_
ma	ma	C	O	_	_
perché	perché	C	O	_	_
la	il	RS	O	_	_
loro	loro	DP	O	_	_
candidatura	candidatura	SS	O	_	_
impediva	impedire	VI	O	_	_
un	uno	RS	O	_	_
male	male	SS	O	_	_
maggiore	maggiore	AS	O	_	_
?	?	XPS	O	_	_

Come	come	CADV	O	_	_
si	rifl	PN	O	_	_
concorda	concordare	VI	O	_	_
con	con	E	O	_	_
tutto	tutto	DS	O	_	_
ciò	ciò`	PS	O	_	_
e	e	C	O	_	_
colle	con/det	EP	O	_	_
dichiarazioni	dichiarazione	SP	O	_	_
autorevoli	autorevole	AP	O	_	_
degli	di/det	EP	O	_	_
ultimi	ultimo	AP	O	_	_
anni	anno	SP	O	_	_
l’	il	RS	O	_	_
affermazione	affermazione	SS	O	_	_
applaudita	applaudito	AS	O	_	_
dell’	di/det	ES	O	_	_
on	on	SN	O	_	_
.	.	XPS	O	_	_

Cameroni	camerone	SP	PER	_	_
che	che	CCHE	O	_	_
la	il	RS	O	_	_
libertà	libertà	SN	O	_	_
di	di	E	O	_	_
andare	andare	VF	O	_	_
alle	a/det	EP	O	_	_
urne	urna	SP	O	_	_
verrà	venire	VIY	O	_	_
concessa	concedere	VSP	O	_	_
,	comma	XPW	O	_	_
quando	quando	CADV	O	_	_
sarà	essere	VIY	O	_	_
meritata	meritare	VSP	O	_	_
con	con	E	O	_	_
un	uno	RS	O	_	_
buon	buon	AS	O	_	_
lavoro	lavoro	SS	O	_	_
nel	in/det	ES	O	_	_
campo	campo	SS	O	_	_
sociale	sociale	AS	O	_	_
?	?	XPS	O	_	_

C’	ci	B	O	_	_
è	essere	VI	O	_	_
dunque	dunque	C	O	_	_
nesso	nesso	SS	O	_	_
logico	logico	AS	O	_	_
fra	fra	E	O	_	_
il	il	RS	O	_	_
movimento	movimento	SS	O	_	_
sociale	sociale	AS	O	_	_
e	e	C	O	_	_
politico	politico	AS	O	_	_
in	in	E	O	_	_
modo	modo	SS	O	_	_
che	che	CCHE	O	_	_
l’	il	RS	O	_	_
uno	uno	RS	O	_	_
sia	sia	C	O	_	_
padre	padre	SS	O	_	_
dell’	di/det	ES	O	_	_
altro	altro	PS	O	_	_
o	o	C	O	_	_
non	non	B	O	_	_
s’	s’	PN	O	_	_
è	essere	VIY	O	_	_
voluta	volere	VSP	O	_	_
finora	finora	B	O	_	_
l’	il	RS	O	_	_
astrazione	astrazione	SS	O	_	_
dell’	di/det	ES	O	_	_
uno	uno	PS	O	_	_
dall’	da/det	ES	O	_	_
altro	altro	PS	O	_	_
?	?	XPS	O	_	_

Ecco	ecco	B	O	_	_
la	il	RS	O	_	_
seconda	secondo	AS	O	_	_
grande	grande	AS	O	_	_
incognita	incognita	SS	O	_	_
,	comma	XPW	O	_	_
la	il	RS	O	_	_
quale	quale	PS	O	_	_
,	comma	XPW	O	_	_
se	se	C	O	_	_
non	non	B	O	_	_
erro	errare	VI	O	_	_
,	comma	XPW	O	_	_
si	rifl	PN	O	_	_
affaccia	affacciare	VI	O	_	_
non	non	B	O	_	_
solo	solo	B	O	_	_
a	a	E	O	_	_
me	io	PS	O	_	_
ma	ma	C	O	_	_
a	a	E	O	_	_
tutti	tutto	PP	O	_	_
i	il	RP	O	_	_
congressisti	congressista	SP	O	_	_
.	.	XPS	O	_	_

E	e	C	O	_	_
allora	allora	C	O	_	_
se	se	C	O	_	_
non	non	B	O	_	_
si	rifl	PN	O	_	_
doveva	dovere	VI	O	_	_
o	o	C	O	_	_
non	non	B	O	_	_
si	rifl	PN	O	_	_
poteva	potere	VI	O	_	_
venire	venire	VF	O	_	_
a	a	E	O	_	_
conclusioni	conclusione	SP	O	_	_
più	più	B	O	_	_
nette	netto	AP	O	_	_
e	e	C	O	_	_
più	più	B	O	_	_
efficaci	efficace	AP	O	_	_
non	non	B	O	_	_
era	essere	VI	O	_	_
meglio	meglio	B	O	_	_
rimettere	rimettere	VF	O	_	_
la	il	RS	O	_	_
questione	questione	SS	O	_	_
politica	politico	AS	O	_	_
ad	ad	E	O	_	_
altre	altro	DP	O	_	_
assise	assisa	SP	O	_	_
?	?	XPS	O	_	_

Un’	uno	RS	O	_	_
altra	altro	DS	O	_	_
cosa	cosa	SS	O	_	_
io	io	PS	O	_	_
,	comma	XPW	O	_	_
politicamente	politicamente	B	O	_	_
forestiero	forestiero	AS	O	_	_
,	comma	XPW	O	_	_
non	non	B	O	_	_
ho	avere	VIY	O	_	_
saputo	sapere	VSP	O	_	_
comprendere	comprendere	VF	O	_	_
.	.	XPS	O	_	_

In	in	E	O	_	_
Germania	germania	SPN	GPE	51.0834196	10.4234469
,	comma	XPW	O	_	_
in	in	E	O	_	_
Austria	austria	SPN	GPE	47.2000338	13.199959
,	comma	XPW	O	_	_
nel	in/det	ES	O	_	_
Belgio	belgio	SPN	GPE	50.6407351	4.66696
,	comma	XPW	O	_	_
in	in	E	O	_	_
America	america	SPN	O	_	_
,	comma	XPW	O	_	_
in	in	E	O	_	_
Australia	australia	SPN	GPE	-24.7761086	134.755
,	comma	XPW	O	_	_
i	il	RP	O	_	_
cattolici	cattolico	SP	O	_	_
hanno	avere	VIY	O	_	_
cura	cura	SS	O	_	_
di	di	E	O	_	_
separare	separare	VF	O	_	_
la	il	RS	O	_	_
responsabilità	responsabilità	SN	O	_	_
dell’	di/det	ES	O	_	_
azione	azione	SS	O	_	_
politica	politico	AS	O	_	_
da	da	E	O	_	_
tutte	tutto	DP	O	_	_
le	il	RP	O	_	_
altre	altro	DP	O	_	_
attività	attività	SN	O	_	_
dei	di/det	EP	O	_	_
cattolici	cattolico	SP	O	_	_
.	.	XPS	O	_	_

Nei	in/det	EP	O	_	_
congressi	congresso	SP	O	_	_
cattolici	cattolico	AP	O	_	_
si	rifl	PN	O	_	_
tratterà	trattare	VI	O	_	_
di	di	E	O	_	_
problemi	problema	SP	O	_	_
che	che	CCHE	O	_	_
interessano	interessare	VI	O	_	_
anche	anche	C	O	_	_
la	il	RS	O	_	_
vita	vita	SS	O	_	_
parlamentare	parlamentare	AS	O	_	_
,	comma	XPW	O	_	_
di	di	E	O	_	_
azione	azione	SS	O	_	_
ed	ed	C	O	_	_
organizzazione	organizzazione	SS	O	_	_
politica	politico	AS	O	_	_
propriamente	propriamente	B	O	_	_
detta	dire	VSP	O	_	_
.	.	XPS	O	_	_

Il	il	RS	O	_	_
perché	perché	C	O	_	_
è	essere	VI	O	_	_
ovvio	ovvio	AS	O	_	_
.	.	XPS	O	_	_

Il	il	RS	O	_	_
congresso	congresso	SS	O	_	_
cattolico	cattolico	AS	O	_	_
raduna	radunare	VI	O	_	_
tutte	tutto	DP	O	_	_
le	il	RP	O	_	_
opere	opera	SP	O	_	_
e	e	C	O	_	_
le	il	RP	O	_	_
forze	forza	SP	O	_	_
laiche	laico	AP	O	_	_
o	o	C	O	_	_
clericali	clericale	AP	O	_	_
che	che	CCHE	O	_	_
sono	essere	VI	O	_	_
quasi	quasi	B	O	_	_
un	uno	RS	O	_	_
ausilio	ausilio	SS	O	_	_
diretto	dirigere	VSP	O	_	_
della	di/det	ES	O	_	_
missione	missione	SS	O	_	_
della	di/det	ES	O	_	_
Chiesa	chiesa	SS	O	_	_
.	.	XPS	O	_	_

Intervengono	intervenire	VI	O	_	_
quindi	quindi	B	O	_	_
i	il	RP	O	_	_
rappresentanti	rappresentante	SP	O	_	_
della	di/det	ES	O	_	_
gerarchia	gerarchia	SS	O	_	_
ecclesiastica	ecclesiastico	AS	O	_	_
,	comma	XPW	O	_	_
i	il	RP	O	_	_
quali	quale	PP	O	_	_
condividono	condividere	VI	O	_	_
col	con/det	ES	O	_	_
congresso	congresso	SS	O	_	_
la	il	RS	O	_	_
responsabilità	responsabilità	SN	O	_	_
delle	di/det	EP	O	_	_
deliberazioni	deliberazione	SP	O	_	_
.	.	XPS	O	_	_

Per	per	E	O	_	_
l’	il	RS	O	_	_
azione	azione	SS	O	_	_
politica	politico	AS	O	_	_
invece	invece	B	O	_	_
non	non	B	O	_	_
tutti	tutto	PP	O	_	_
i	il	RP	O	_	_
cattolici	cattolico	SP	O	_	_
prendono	prendere	VI	O	_	_
impegno	impegno	SS	O	_	_
,	comma	XPW	O	_	_
ma	ma	C	O	_	_
solo	solo	B	O	_	_
gli	il	RP	O	_	_
organizzati	organizzato	SP	O	_	_
del	di/det	ES	O	_	_
partito	partito	SS	O	_	_
.	.	XPS	O	_	_

C’	ci	B	O	_	_
è	essere	VI	O	_	_
il	il	RS	O	_	_
congresso	congresso	SS	O	_	_
cattolico	cattolico	AS	O	_	_
,	comma	XPW	O	_	_
non	non	B	O	_	_
il	il	RS	O	_	_
partito	partito	SS	O	_	_
cattolico	cattolico	AS	O	_	_
.	.	XPS	O	_	_

In	in	E	O	_	_
Austria	austria	SPN	GPE	47.2000338	13.199959
tale	tale	AS	O	_	_
separazione	separazione	SS	O	_	_
è	essere	VIY	O	_	_
richiesta	richiedere	VSP	O	_	_
anche	anche	C	O	_	_
dalla	da/det	ES	O	_	_
pregiudiziale	pregiudiziale	SS	O	_	_
nazionale	nazionale	AS	O	_	_
.	.	XPS	O	_	_

Ora	ora	B	O	_	_
mi	io	PS	O	_	_
sono	essere	VIY	O	_	_
domandato	domandare	VSP	O	_	_
perché	perché	C	O	_	_
mai	mai	B	O	_	_
i	il	RP	O	_	_
deputati	deputato	SP	O	_	_
come	come	CADV	O	_	_
Meda	meda	SPN	PER	_	_
,	comma	XPW	O	_	_
Micheli	micheli	SPN	PER	_	_
ecc.	ecc.	YA	O	_	_
insistettero	insistere	VI	O	_	_
per	per	E	O	_	_
l’	il	RS	O	_	_
intervento	intervento	SS	O	_	_
al	a/det	ES	O	_	_
congresso	congresso	SS	O	_	_
e	e	C	O	_	_
vi	vi	B	O	_	_
parlarono	parlare	VI	O	_	_
di	di	E	O	_	_
indirizzo	indirizzo	SS	O	_	_
politico	politico	AS	O	_	_
?	?	XPS	O	_	_

Non	non	B	O	_	_
era	essere	VI	O	_	_
questo	questo	DS	O	_	_
un	uno	RS	O	_	_
inaugurare	inaugurare	VF	O	_	_
in	in	E	O	_	_
Italia	italia	SPN	GPE	42.6384261	12.674297
il	il	RS	O	_	_
partito	partito	SS	O	_	_
cattolico	cattolico	AS	O	_	_
che	che	CCHE	O	_	_
proprio	proprio	B	O	_	_
in	in	E	O	_	_
Italia	italia	SPN	GPE	42.6384261	12.674297
per	per	E	O	_	_
la	il	RS	O	_	_
pregiudiziale	pregiudiziale	SS	O	_	_
papale	papale	AS	O	_	_
può	potere	VI	O	_	_
esistere	esistere	VF	O	_	_
men	men	SS	O	_	_
ancora	ancora	B	O	_	_
che	che	CCHE	O	_	_
in	in	E	O	_	_
Austria	austria	SPN	GPE	47.2000338	13.199959
per	per	E	O	_	_
la	il	RS	O	_	_
pregiudiziale	pregiudiziale	SS	O	_	_
nazionale	nazionale	AS	O	_	_
?	?	XPS	O	_	_

I	il	RP	O	_	_
cattolici	cattolico	SP	O	_	_
hanno	avere	VIY	O	_	_
voluto	volere	VSP	O	_	_
affermare	affermare	VF	O	_	_
che	che	CCHE	O	_	_
nei	in/det	EP	O	_	_
deputati	deputato	SP	O	_	_
riconoscono	riconoscere	VI	O	_	_
ancora	ancora	B	O	_	_
i	il	RP	O	_	_
loro	loro	DP	O	_	_
uomini	uomo	SP	O	_	_
ma	ma	C	O	_	_
non	non	B	O	_	_
bastava	bastare	VI	O	_	_
fermarsi	fermare/rifl	VF+E	O	_	_
lì	lì	B	O	_	_
?	?	XPS	O	_	_

Quando	quando	CADV	O	_	_
invece	invece	B	O	_	_
Meda	meda	SPN	PER	_	_
augura	augurare	VI	O	_	_
che	che	CCHE	O	_	_
i	il	RP	O	_	_
deputati	deputato	SP	O	_	_
vengano	venire	VIY	O	_	_
prossimamente	prossimamente	B	O	_	_
al	a/det	ES	O	_	_
congresso	congresso	SS	O	_	_
cattolico	cattolico	AS	O	_	_
,	comma	XPW	O	_	_
a	a	E	O	_	_
render	rendere	VF	O	_	_
conto	conto	SS	O	_	_
del	di/det	ES	O	_	_
loro	loro	DP	O	_	_
operato	operato	SS	O	_	_
,	comma	XPW	O	_	_
non	non	B	O	_	_
è	essere	VI	O	_	_
questo	questo	PS	O	_	_
entrare	entrare	VF	O	_	_
a	a	E	O	_	_
gonfie	gonfio	AP	O	_	_
vele	vela	SP	O	_	_
nel	in/det	ES	O	_	_
«	«	XPO	O	_	_
partito	partito	SS	O	_	_
cattolico	cattolico	AS	O	_	_
»	»	XPO	O	_	_
?	?	XPS	O	_	_

Ecco	ecco	B	O	_	_
,	comma	XPW	O	_	_
caro	caro	AS	O	_	_
G.,	g.,	SPN	O	_	_
le	il	RP	O	_	_
incognite	incognita	SP	O	_	_
che	che	CCHE	O	_	_
m’	m’	B	O	_	_
hanno	avere	VIY	O	_	_
seguito	seguire	VSP	O	_	_
da	da	E	O	_	_
Modena	modena	SPN	GPE	44.6458885	10.9255707
a	a	E	O	_	_
Trento	trento	SPN	GPE	46.0664228	11.1257601
.	.	XPS	O	_	_

Le	le	PS	O	_	_
ho	avere	VIY	O	_	_
volute	volere	VPP	O	_	_
accennare	accennare	VF	O	_	_
per	per	E	O	_	_
essere	essere	VF	O	_	_
chiaro	chiaro	AS	O	_	_
e	e	C	O	_	_
completo	completo	AS	O	_	_
,	comma	XPW	O	_	_
aspettando	aspettare	VG	O	_	_
dagli	da/det	EP	O	_	_
avvenimenti	avvenimento	SP	O	_	_
prossimi	prossimo	AP	O	_	_
che	che	CCHE	O	_	_
la	il	RS	O	_	_
soluzione	soluzione	SS	O	_	_
del	di/det	ES	O	_	_
problema	problema	SS	O	_	_
politico	politico	AS	O	_	_
si	rifl	PN	O	_	_
presenti	presentare	VI	O	_	_
matura	maturo	AS	O	_	_
.	.	XPS	O	_	_

Intanto	intanto	B	O	_	_
lasciami	lasciami	VI	O	_	_
terminare	terminare	VF	O	_	_
con	con	E	O	_	_
l’	il	RS	O	_	_
augurio	augurio	SS	O	_	_
che	che	CCHE	O	_	_
voi	voi	PS	O	_	_
acceleriate	acceleriate	VPP	O	_	_
frattanto	frattanto	C	O	_	_
il	il	RS	O	_	_
passo	passo	SS	O	_	_
sul	su/det	ES	O	_	_
cammino	cammino	SS	O	_	_
sociale	sociale	AS	O	_	_
e	e	C	O	_	_
possiate	possiate	VPP	O	_	_
rinvigorire	rinvigorire	VF	O	_	_
e	e	C	O	_	_
disciplinare	disciplinare	VF	O	_	_
il	il	RS	O	_	_
movimento	movimento	SS	O	_	_
cristiano-sociale	cristiano-sociale	AS	O	_	_
per	per	E	O	_	_
cui	cui	PN	O	_	_
avete	avere	VI	O	_	_
tutta	tutto	DS	O	_	_
la	il	RS	O	_	_
necessaria	necessario	AS	O	_	_
preparazione	preparazione	SS	O	_	_
tecnica	tecnico	AS	O	_	_
e	e	C	O	_	_
di	di	E	O	_	_
principio	principio	SS	O	_	_
,	comma	XPW	O	_	_
nella	in/det	ES	O	_	_
convinzione	convinzione	SS	O	_	_
che	che	CCHE	O	_	_
,	comma	XPW	O	_	_
comunque	comunque	C	O	_	_
si	rifl	PN	O	_	_
presenti	presentare	VI	O	_	_
la	il	RS	O	_	_
soluzione	soluzione	SS	O	_	_
del	di/det	ES	O	_	_
problema	problema	SS	O	_	_
politico	politico	AS	O	_	_
,	comma	XPW	O	_	_
ne	ne	PN	O	_	_
è	essere	VI	O	_	_
premessa	premessa	SS	O	_	_
indispensabile	indispensabile	AS	O	_	_
una	uno	RS	O	_	_
forte	forte	AS	O	_	_
ed	ed	C	O	_	_
invincibile	invincibile	AS	O	_	_
organizzazione	organizzazione	SS	O	_	_
della	di/det	ES	O	_	_
democrazia	democrazia	SS	O	_	_
cristiana	cristiano	AS	O	_	_
.	.	XPS	O	_	_

Trento	trento	SPN	O	_	_
,	comma	XPW	O	_	_
15	15	N	O	_	_
novembre	novembre	SS	O	_	_
ad	ad	E	O	_	_
.	.	XPS	O	_	_
