# total number of persons:1, total number of gpes:21
Eravamo	essere	VI	O	_	_
per	per	E	O	_	_
nostro	nostro	DS	O	_	_
conto	conto	SS	O	_	_
dell’	di/det	ES	O	_	_
opinione	opinione	SS	O	_	_
che	che	CCHE	O	_	_
,	comma	XPW	O	_	_
possibilmente	possibilmente	B	O	_	_
,	comma	XPW	O	_	_
si	rifl	PN	O	_	_
fossero	essere	VIY	O	_	_
evitate	evitare	VPP	O	_	_
ulteriori	ulteriore	AP	O	_	_
manifestazioni	manifestazione	SP	O	_	_
circa	circa	B	O	_	_
la	il	RS	O	_	_
questione	questione	SS	O	_	_
fiemmese	fiemmese	AS	O	_	_
fino	fino	E	O	_	_
a	a	E	O	_	_
che	che	CCHE	O	_	_
la	il	RS	O	_	_
situazione	situazione	SS	O	_	_
fosse	essere	VI	O	_	_
completamente	completamente	B	O	_	_
chiarita	chiarire	VSP	O	_	_
.	.	XPS	O	_	_

Questo	questo	DS	O	_	_
desiderio	desiderio	SS	O	_	_
era	essere	VIY	O	_	_
stato	essere	VSPY	O	_	_
espresso	esprimere	VSP	O	_	_
anche	anche	C	O	_	_
dai	da/det	EP	O	_	_
tedeschi	tedesco	SP	O	_	_
favorevoli	favorevole	AP	O	_	_
all’accordo.	all’accordo.	SPN	O	_	_
Ma	ma	C	O	_	_
gli	il	RP	O	_	_
avversari	avversario	SP	O	_	_
ad	ad	E	O	_	_
ogni	ogni	DS	O	_	_
costo	costo	SS	O	_	_
del	di/det	ES	O	_	_
progetto	progetto	SS	O	_	_
hanno	avere	VIY	O	_	_
già	già	B	O	_	_
da	da	E	O	_	_
alcuni	alcuni	DP	O	_	_
giorni	giorno	SP	O	_	_
dato	dare	VSP	O	_	_
l’	il	RS	O	_	_
allarme	allarme	SS	O	_	_
,	comma	XPW	O	_	_
e	e	C	O	_	_
in	in	E	O	_	_
data	data	SS	O	_	_
del	di/det	ES	O	_	_
3	3	N	O	_	_
si	rifl	PN	O	_	_
riconvocò	riconvocare	VI	O	_	_
a	a	E	O	_	_
Egna	egna	SPN	GPE	46.3169161	11.2725698
l’	il	RS	O	_	_
adunanza	adunanza	SS	O	_	_
di	di	E	O	_	_
quelli	quello	PP	O	_	_
«	«	XPO	O	_	_
stessi	stessi	SP	O	_	_
interessati	interessato	AP	O	_	_
»	»	XPO	O	_	_
che	che	CCHE	O	_	_
già	già	B	O	_	_
nel	in/det	ES	O	_	_
1909	1909	N	O	_	_
avevano	avere	VIY	O	_	_
dichiarato	dichiarare	VSP	O	_	_
guerra	guerra	SS	O	_	_
ad	ad	E	O	_	_
oltranza	oltranza	SS	O	_	_
al	a/det	ES	O	_	_
compromesso	compromesso	SS	O	_	_
ed	ed	C	O	_	_
avevano	avere	VIY	O	_	_
provocata	provocare	VSP	O	_	_
la	il	RS	O	_	_
protesta	protesta	SS	O	_	_
di	di	E	O	_	_
più	più	B	O	_	_
di	di	E	O	_	_
trecento	trecento	N	O	_	_
comuni	comune	SP	O	_	_
tirolesi	tirolese	AP	O	_	_
.	.	XPS	O	_	_

Convocatore	convocatore	SS	O	_	_
dell’	di/det	ES	O	_	_
adunanza	adunanza	SS	O	_	_
fu	essere	VI	O	_	_
il	il	RS	O	_	_
signor	signore	SS	O	_	_
Quinz	quinz	SPN	PER	_	_
di	di	E	O	_	_
Egna	egna	SPN	GPE	46.3169161	11.2725698
,	comma	XPW	O	_	_
tedesco	tedesco	SS	O	_	_
nazionale	nazionale	AS	O	_	_
e	e	C	O	_	_
noto	noto	AS	O	_	_
volksbunidsta	volksbunidsta	SS	O	_	_
,	comma	XPW	O	_	_
e	e	C	O	_	_
v’	v’	B	O	_	_
intervennero	intervenire	VI	O	_	_
i	il	RP	O	_	_
delegati	delegato	SP	O	_	_
e	e	C	O	_	_
i	il	RP	O	_	_
deputati	deputato	SP	O	_	_
rurali	rurale	AP	O	_	_
della	di/det	ES	O	_	_
regione	regione	SS	O	_	_
limitrofa	limitrofa	VI	O	_	_
ad	ad	E	O	_	_
Egna	egna	SPN	O	_	_
fino	fino	E	O	_	_
a	a	E	O	_	_
Merano	merano	SPN	GPE	46.6695547	11.1594185
.	.	XPS	O	_	_

In	in	E	O	_	_
verità	verità	SN	O	_	_
si	rifl	PN	O	_	_
potrebbe	potere	VI	O	_	_
chiedere	chiedere	VF	O	_	_
con	con	E	O	_	_
qual	qual	SS	O	_	_
diritto	diritto	AS	O	_	_
codesti	codesto	DP	O	_	_
signori	signori	AP	O	_	_
,	comma	XPW	O	_	_
supponiamo	supporre	VI	O	_	_
il	il	RS	O	_	_
capocomune	capocomune	SS	O	_	_
di	di	E	O	_	_
Caldaro	caldaro	SPN	GPE	46.4132594	11.2462025
o	o	C	O	_	_
di	di	E	O	_	_
Termeno	termeno	SPN	GPE	46.3415121	11.2422716
,	comma	XPW	O	_	_
entrambi	entrambi	DP	O	_	_
vicepresidenti	vicepresidente	SP	O	_	_
dell’	di/det	ES	O	_	_
adunanza	adunanza	SS	O	_	_
,	comma	XPW	O	_	_
vogliano	volere	VI	O	_	_
posare	posare	VF	O	_	_
ad	ad	E	O	_	_
«	«	XPO	O	_	_
interessati	interessato	AP	O	_	_
»	»	XPO	O	_	_
nella	in/det	ES	O	_	_
questione	questione	SS	O	_	_
che	che	CCHE	O	_	_
interessa	interessare	VI	O	_	_
Fiemme	fiemme	SPN	O	_	_
,	comma	XPW	O	_	_
Cembra	cembra	SPN	O	_	_
,	comma	XPW	O	_	_
Trento	trento	SPN	GPE	46.0664228	11.1257601
e	e	C	O	_	_
,	comma	XPW	O	_	_
se	se	C	O	_	_
si	rifl	PN	O	_	_
vuole	volere	VI	O	_	_
,	comma	XPW	O	_	_
Bolzano	bolzano	SPN	O	_	_
.	.	XPS	O	_	_

Il	il	RS	O	_	_
peggio	peggio	SS	O	_	_
è	essere	VI	O	_	_
che	che	CCHE	O	_	_
costoro	costoro	PS	O	_	_
si	rifl	PN	O	_	_
rivelano	rivelare	VI	O	_	_
per	per	E	O	_	_
interessati	interessato	SP	O	_	_
a	a	E	O	_	_
rovescio	rovescio	SS	O	_	_
,	comma	XPW	O	_	_
cioè	cioe`	B	O	_	_
si	rifl	PN	O	_	_
arrogano	arrogare	VI	O	_	_
un	uno	RS	O	_	_
veto	veto	SS	O	_	_
che	che	CCHE	O	_	_
è	essere	VI	O	_	_
semplicemente	semplicemente	B	O	_	_
goffo	goffo	AS	O	_	_
e	e	C	O	_	_
provocante	provocante	AS	O	_	_
.	.	XPS	O	_	_

L’	il	RS	O	_	_
adunanza	adunanza	SS	O	_	_
di	di	E	O	_	_
Egna	egna	SPN	GPE	46.3169161	11.2725698
infatti	infatti	C	O	_	_
non	non	B	O	_	_
solo	solo	B	O	_	_
protestò	protestare	VI	O	_	_
contro	contro	E	O	_	_
l’	il	RS	O	_	_
eventuale	eventuale	AS	O	_	_
votazione	votazione	SS	O	_	_
del	di/det	ES	O	_	_
contributo	contributo	SS	O	_	_
dietale	dietale	AS	O	_	_
per	per	E	O	_	_
la	il	RS	O	_	_
ferrovia	ferrovia	SS	O	_	_
di	di	E	O	_	_
Fiemme	fiemme	SPN	O	_	_
,	comma	XPW	O	_	_
ciò	ciò`	PS	O	_	_
che	che	CCHE	O	_	_
avrebbe	avere	VIY	O	_	_
ancora	ancora	B	O	_	_
un	uno	RS	O	_	_
senso	senso	SS	O	_	_
,	comma	XPW	O	_	_
trattandosi	trattare/rifl	VG+E	O	_	_
di	di	E	O	_	_
danari	danaro	SP	O	_	_
della	di/det	ES	O	_	_
provincia	provincia	SS	O	_	_
,	comma	XPW	O	_	_
ma	ma	C	O	_	_
protestò	protestare	VI	O	_	_
sopratutto	sopratutto	B	O	_	_
contro	contro	E	O	_	_
quella	quello	PS	O	_	_
qualunque	qualunque	DS	O	_	_
disposizione	disposizione	SS	O	_	_
che	che	CCHE	O	_	_
potesse	potere	VI	O	_	_
esistere	esistere	VF	O	_	_
da	da	E	O	_	_
parte	parte	SS	O	_	_
del	di/det	ES	O	_	_
governo	governo	SS	O	_	_
centrale	centrale	AS	O	_	_
di	di	E	O	_	_
sovvenire	sovvenire	VF	O	_	_
il	il	RS	O	_	_
compromesso	compromesso	SS	O	_	_
col	con/det	ES	O	_	_
contributo	contributo	SS	O	_	_
delle	di/det	EP	O	_	_
casse	cassa	SP	O	_	_
dello	di/det	ES	O	_	_
stato	stato	SS	O	_	_
.	.	XPS	O	_	_

Codesta	codesto	DS	O	_	_
protesta	protesta	SS	O	_	_
contro	contro	E	O	_	_
danari	danaro	SP	O	_	_
che	che	CCHE	O	_	_
al	a/det	ES	O	_	_
postutto	postutto	SS	O	_	_
verrebbero	venire	VI	O	_	_
dalle	da/det	EP	O	_	_
casse	cassa	SP	O	_	_
centrali	centrale	AP	O	_	_
in	in	E	O	_	_
provincia	provincia	SS	O	_	_
,	comma	XPW	O	_	_
sarebbe	essere	VI	O	_	_
addirittura	addirittura	B	O	_	_
incomprensibile	incomprensibile	AS	O	_	_
se	se	C	O	_	_
i	il	RP	O	_	_
protestanti	protestante	SP	O	_	_
stessi	stesso	AP	O	_	_
non	non	B	O	_	_
ci	ci	PP	O	_	_
discoprissero	discoprissero	VI	O	_	_
più	più	B	O	_	_
inanzi	inanzi	AS	O	_	_
la	il	RS	O	_	_
segreta	segreta	SS	O	_	_
leva	levare	VI	O	_	_
delle	di/det	EP	O	_	_
loro	loro	DP	O	_	_
mosse	mossa	SP	O	_	_
.	.	XPS	O	_	_

Essi	essi	PP	O	_	_
dichiararono	dichiarare	VI	O	_	_
infatti	infatti	B	O	_	_
nell’	in/det	ES	O	_	_
ulteriore	ulteriore	AS	O	_	_
fissazione	fissazione	SS	O	_	_
dell’	di/det	ES	O	_	_
ordine	ordine	SS	O	_	_
del	di/det	ES	O	_	_
giorno	giorno	SS	O	_	_
che	che	CCHE	O	_	_
prima	prima	E	O	_	_
della	di/det	ES	O	_	_
costruzione	costruzione	SS	O	_	_
di	di	E	O	_	_
qualunque	qualunque	DS	O	_	_
linea	linea	SS	O	_	_
fiemmese	fiemmese	AS	O	_	_
,	comma	XPW	O	_	_
vogliono	volere	VI	O	_	_
la	il	RS	O	_	_
costruzione	costruzione	SS	O	_	_
dell’	di/det	ES	O	_	_
intera	intero	AS	O	_	_
ferrovia	ferrovia	SS	O	_	_
della	di/det	ES	O	_	_
Val	val	SPN	O	_	_
Venosta	venosta	SPN	O	_	_
e	e	C	O	_	_
delle	di/det	EP	O	_	_
altre	altro	DP	O	_	_
due	due	N	O	_	_
linee	linea	SP	O	_	_
che	che	CCHE	O	_	_
congiungerebbero	congiungere	VI	O	_	_
la	il	RS	O	_	_
Venosta	venosta	SPN	O	_	_
colla	con/det	ES	O	_	_
Svizzera	svizzera	SPN	GPE	46.7985624	8.2319736
,	comma	XPW	O	_	_
per	per	E	O	_	_
la	il	RS	O	_	_
valle	valle	SS	O	_	_
dell’	di/det	ES	O	_	_
Inn	inn	SPN	O	_	_
e	e	C	O	_	_
il	il	RS	O	_	_
passo	passo	SS	O	_	_
della	di/det	ES	O	_	_
Bufalona	bufalona	SPN	O	_	_
"!"	esclamation_mark	XPS	O	_	_

È	essere	VI	O	_	_
chiaro	chiaro	AS	O	_	_
che	che	CCHE	O	_	_
cosa	cosa	SS	O	_	_
voglia	volere	VI	O	_	_
dire	dire	VF	O	_	_
codesta	codesto	DS	O	_	_
posposizione	posposizione	SS	O	_	_
.	.	XPS	O	_	_

Siccome	siccome	SPN	O	_	_
della	di/det	ES	O	_	_
ferrovia	ferrovia	SS	O	_	_
venostana	venostana	AS	O	_	_
nel	in/det	ES	O	_	_
prossimo	prossimo	AS	O	_	_
progetto	progetto	SS	O	_	_
governativo	governativo	AS	O	_	_
sarà	essere	VIY	O	_	_
contenuta	contenere	VSP	O	_	_
solo	solo	B	O	_	_
una	uno	RS	O	_	_
parte	parte	SS	O	_	_
,	comma	XPW	O	_	_
rimanendo	rimanere	VG	O	_	_
da	da	E	O	_	_
costruirne	costruire/part	VF+E	O	_	_
un	uno	RS	O	_	_
tratto	tratto	SS	O	_	_
ancora	ancora	B	O	_	_
notevolissimo	notevole	AS	O	_	_
,	comma	XPW	O	_	_
ricco	ricco	AS	O	_	_
di	di	E	O	_	_
difficoltà	difficoltà	SN	O	_	_
tecniche	tecnico	AP	O	_	_
e	e	C	O	_	_
sorprese	sorpresa	SP	O	_	_
finanziarie	finanziario	AP	O	_	_
,	comma	XPW	O	_	_
già	già	B	O	_	_
la	il	RS	O	_	_
posposizione	posposizione	SS	O	_	_
all’	a/det	ES	O	_	_
intiera	intiera	AS	O	_	_
venostana	venostana	SS	O	_	_
significa	significare	VI	O	_	_
per	per	E	O	_	_
la	il	RS	O	_	_
tramvia	tramvia	SS	O	_	_
di	di	E	O	_	_
Fiemme	fiemme	SPN	O	_	_
un	uno	RS	O	_	_
ritardo	ritardo	SS	O	_	_
di	di	E	O	_	_
chissà	chissà	B	O	_	_
quanti	quanto	DP	O	_	_
anni	anno	SP	O	_	_
.	.	XPS	O	_	_

Ma	ma	C	O	_	_
di	di	E	O	_	_
questo	questo	PS	O	_	_
non	non	B	O	_	_
sono	essere	VI	O	_	_
ancora	ancora	B	O	_	_
abbastanza	abbastanza	B	O	_	_
soddisfatti	soddisfacere	VPP	O	_	_
i	il	RP	O	_	_
congressisti	congressista	SP	O	_	_
di	di	E	O	_	_
Egna	egna	SPN	GPE	46.3169161	11.2725698
.	.	XPS	O	_	_

Essi	essi	PP	O	_	_
vogliono	volere	VI	O	_	_
prima	prima	B	O	_	_
della	di/det	ES	O	_	_
ferrovia	ferrovia	SS	O	_	_
fiemmese	fiemmese	AS	O	_	_
anche	anche	C	O	_	_
la	il	RS	O	_	_
costruzione	costruzione	SS	O	_	_
delle	di/det	EP	O	_	_
due	due	N	O	_	_
linee	linea	SP	O	_	_
che	che	CCHE	O	_	_
dovrebbero	dovere	VI	O	_	_
congiungere	congiungere	VF	O	_	_
la	il	RS	O	_	_
Venosta	venosta	SS	O	_	_
colla	con/det	ES	O	_	_
Svizzera	svizzera	SPN	GPE	46.7985624	8.2319736
,	comma	XPW	O	_	_
linee	linea	SP	O	_	_
che	che	CCHE	O	_	_
si	rifl	PN	O	_	_
trovano	trovare	VI	O	_	_
appena	appena	B	O	_	_
nel	in/det	ES	O	_	_
primo	primo	AS	O	_	_
stadio	stadio	SS	O	_	_
della	di/det	ES	O	_	_
discussione	discussione	SS	O	_	_
pubblica	pubblico	AS	O	_	_
.	.	XPS	O	_	_

La	il	RS	O	_	_
posposizione	posposizione	SS	O	_	_
a	a	E	O	_	_
queste	questo	DP	O	_	_
linee	linea	SP	O	_	_
–	–	XPO	O	_	_
supposto	supposto	SS	O	_	_
anche	anche	C	O	_	_
che	che	CCHE	O	_	_
tutto	tutto	PS	O	_	_
il	il	RS	O	_	_
Tirolo	tirolo	SPN	GPE	47.223193	11.5261028
fosse	essere	VI	O	_	_
in	in	E	O	_	_
tale	tale	DS	O	_	_
programma	programma	SS	O	_	_
d’	di	E	O	_	_
accordo	accordo	SS	O	_	_
–	–	XPO	O	_	_
significa	significare	VI	O	_	_
non	non	B	O	_	_
solo	solo	B	O	_	_
la	il	RS	O	_	_
posposizione	posposizione	SS	O	_	_
della	di/det	ES	O	_	_
tramvia	tramvia	SS	O	_	_
fiemmese	fiemmese	AS	O	_	_
ma	ma	C	O	_	_
la	il	RS	O	_	_
sua	suo	DS	O	_	_
sepoltura	sepoltura	SS	O	_	_
.	.	XPS	O	_	_

Dal	da/det	ES	O	_	_
convegno	convegno	SS	O	_	_
di	di	E	O	_	_
Egna	egna	SPN	GPE	46.3169161	11.2725698
risulta	risultare	VI	O	_	_
quindi	quindi	B	O	_	_
con	con	E	O	_	_
invidiabile	invidiabile	AS	O	_	_
chiarezza	chiarezza	SS	O	_	_
che	che	CCHE	O	_	_
una	uno	RS	O	_	_
parte	parte	SS	O	_	_
dell’	di/det	ES	O	_	_
opposizione	opposizione	SS	O	_	_
tedesca	tedesco	AS	O	_	_
non	non	B	O	_	_
è	essere	VI	O	_	_
diretta	diretto	AS	O	_	_
semplicemente	semplicemente	B	O	_	_
contro	contro	E	O	_	_
il	il	RS	O	_	_
compromesso	compromesso	SS	O	_	_
di	di	E	O	_	_
Bolzano	bolzano	SPN	GPE	46.4981125	11.3547801
,	comma	XPW	O	_	_
ma	ma	C	O	_	_
contro	contro	E	O	_	_
la	il	RS	O	_	_
ferrovia	ferrovia	SS	O	_	_
fiemmese	fiemmese	AS	O	_	_
in	in	E	O	_	_
genere	genere	SS	O	_	_
.	.	XPS	O	_	_

Sono	essere	VIY	O	_	_
mescolati	mescolare	VPP	O	_	_
in	in	E	O	_	_
quest’	questo	DS	O	_	_
opposizione	opposizione	SS	O	_	_
gli	il	RP	O	_	_
interessi	interesse	SP	O	_	_
di	di	E	O	_	_
coloro	colui	PP	O	_	_
per	per	E	O	_	_
i	il	RP	O	_	_
quali	quale	DP	O	_	_
la	il	RS	O	_	_
tramvia	tramvia	SS	O	_	_
distruggerebbe	distruggere	VI	O	_	_
i	il	RP	O	_	_
favori	favore	SP	O	_	_
dello	di/det	ES	O	_	_
stato	stato	SS	O	_	_
presente	presente	AS	O	_	_
,	comma	XPW	O	_	_
gli	il	RP	O	_	_
interessi	interesse	SP	O	_	_
politici	politico	AP	O	_	_
dei	di/det	EP	O	_	_
conservatori	conservatorio	SP	O	_	_
che	che	CCHE	O	_	_
già	già	B	O	_	_
durante	durante	E	O	_	_
la	il	RS	O	_	_
campagna	campagna	SS	O	_	_
elettorale	elettorale	AS	O	_	_
giocarono	giocare	VI	O	_	_
la	il	RS	O	_	_
questione	questione	SS	O	_	_
della	di/det	ES	O	_	_
Venosta	venosta	SPN	O	_	_
contro	contro	E	O	_	_
i	il	RP	O	_	_
cristiano-sociali	cristiano-sociali	SP	O	_	_
ed	ed	C	O	_	_
infine	infine	B	O	_	_
i	il	RP	O	_	_
livori	livore	SP	O	_	_
nazionali	nazionale	AP	O	_	_
dei	di/det	EP	O	_	_
nostri	nostro	DP	O	_	_
odiatori	odiatore	SP	O	_	_
ad	ad	E	O	_	_
oltranza	oltranza	SS	O	_	_
.	.	XPS	O	_	_

È	essere	VIY	O	_	_
riuscito	riuscire	VSP	O	_	_
così	così	B	O	_	_
a	a	E	O	_	_
codesta	codesto	DS	O	_	_
ibrida	ibrido	AS	O	_	_
mescolanza	mescolanza	SS	O	_	_
di	di	E	O	_	_
rinfocolare	rinfocolare	VF	O	_	_
già	già	B	O	_	_
nel	in/det	ES	O	_	_
1909	1909	N	O	_	_
una	uno	RS	O	_	_
opposizione	opposizione	SS	O	_	_
che	che	CCHE	O	_	_
poteva	potere	VI	O	_	_
fregiarsi	fregiare/rifl	VF+E	O	_	_
dell’	di/det	ES	O	_	_
adesione	adesione	SS	O	_	_
di	di	E	O	_	_
centinaia	centinaio	SP	O	_	_
di	di	E	O	_	_
comuni	comune	SP	O	_	_
ed	ed	C	O	_	_
oggi	oggi	B	O	_	_
si	rifl	PN	O	_	_
ripete	ripetere	VI	O	_	_
il	il	RS	O	_	_
tentativo	tentativo	SS	O	_	_
di	di	E	O	_	_
rendere	rendere	VF	O	_	_
difficile	difficile	AS	O	_	_
ai	a/det	EP	O	_	_
compiacenti	compiacenti	SP	O	_	_
di	di	E	O	_	_
Bolzano	bolzano	SPN	GPE	46.4981125	11.3547801
,	comma	XPW	O	_	_
in	in	E	O	_	_
modo	modo	SS	O	_	_
speciale	speciale	AS	O	_	_
ai	a/det	EP	O	_	_
cristiano-sociali	cristiano-sociali	SP	O	_	_
,	comma	XPW	O	_	_
il	il	RS	O	_	_
mantenimento	mantenimento	SS	O	_	_
della	di/det	ES	O	_	_
loro	loro	DP	O	_	_
parola	parola	SS	O	_	_
.	.	XPS	O	_	_

Ma	ma	C	O	_	_
dove	dove	CADV	O	_	_
quest’	questo	DS	O	_	_
insana	insano	AS	O	_	_
opposizione	opposizione	SS	O	_	_
può	potere	VI	O	_	_
riuscire	riuscire	VF	O	_	_
pericolosa	pericoloso	AS	O	_	_
non	non	B	O	_	_
è	essere	VI	O	_	_
sullo	su/det	ES	O	_	_
stretto	stretto	AS	O	_	_
terreno	terreno	SS	O	_	_
del	di/det	ES	O	_	_
compromesso	compromesso	SS	O	_	_
,	comma	XPW	O	_	_
il	il	RS	O	_	_
quale	quale	PS	O	_	_
potrà	potere	VI	O	_	_
anche	anche	C	O	_	_
ottenere	ottenere	VF	O	_	_
la	il	RS	O	_	_
sanzione	sanzione	SS	O	_	_
della	di/det	ES	O	_	_
Dieta	dieta	SPN	O	_	_
,	comma	XPW	O	_	_
ma	ma	C	O	_	_
di	di	E	O	_	_
fronte	fronte	SS	O	_	_
al	a/det	ES	O	_	_
governo	governo	SS	O	_	_
centrale	centrale	AS	O	_	_
,	comma	XPW	O	_	_
il	il	RS	O	_	_
quale	quale	PS	O	_	_
del	di/det	ES	O	_	_
compromesso	compromesso	SS	O	_	_
dovrebbe	dovere	VI	O	_	_
pagare	pagare	VF	O	_	_
in	in	E	O	_	_
gran	grande	AS	O	_	_
parte	parte	SS	O	_	_
le	il	RP	O	_	_
spese	spesa	SP	O	_	_
.	.	XPS	O	_	_

Il	il	RS	O	_	_
governo	governo	SS	O	_	_
che	che	CCHE	O	_	_
ricorre	ricorrere	VI	O	_	_
già	già	B	O	_	_
di	di	E	O	_	_
per	per	E	O	_	_
sé	sé	PN	O	_	_
a	a	E	O	_	_
tutti	tutto	DP	O	_	_
i	il	RP	O	_	_
pretesti	pretesto	SP	O	_	_
per	per	E	O	_	_
non	non	B	O	_	_
assumere	assumere	VF	O	_	_
un	uno	RS	O	_	_
impegno	impegno	SS	O	_	_
che	che	CCHE	O	_	_
gli	il	RP	O	_	_
costa	costare	VI	O	_	_
parecchi	parecchio	AP	O	_	_
milioni	milione	SP	O	_	_
,	comma	XPW	O	_	_
sarà	essere	VI	O	_	_
ben	ben	B	O	_	_
lieto	lieto	AS	O	_	_
di	di	E	O	_	_
trovare	trovare	VF	O	_	_
alleati	alleare	VPP	O	_	_
nel	in/det	ES	O	_	_
Tirolo	tirolo	SPN	GPE	47.223193	11.5261028
stesso	stesso	DS	O	_	_
che	che	CCHE	O	_	_
indeboliscono	indebolire	VI	O	_	_
i	il	RP	O	_	_
propugnatori	propugnatore	SP	O	_	_
del	di/det	ES	O	_	_
compromesso	compromesso	SS	O	_	_
.	.	XPS	O	_	_

Ed	ed	C	O	_	_
in	in	E	O	_	_
questi	questo	DP	O	_	_
momenti	momento	SP	O	_	_
la	il	RS	O	_	_
posizione	posizione	SS	O	_	_
contraria	contrario	AS	O	_	_
ha	avere	VIY	O	_	_
doppia	doppio	AS	O	_	_
forza	forza	SS	O	_	_
,	comma	XPW	O	_	_
in	in	E	O	_	_
quanto	quanto	B	O	_	_
che	che	CCHE	O	_	_
la	il	RS	O	_	_
pressione	pressione	SS	O	_	_
favorevole	favorevole	AS	O	_	_
,	comma	XPW	O	_	_
dopo	dopo	E	O	_	_
le	il	RP	O	_	_
ultime	ultimo	AP	O	_	_
elezioni	elezione	SP	O	_	_
è	essere	VIY	O	_	_
diminuita	diminuire	VSP	O	_	_
.	.	XPS	O	_	_

Gli	il	RP	O	_	_
italiani	italiano	SP	O	_	_
non	non	B	O	_	_
sono	essere	VI	O	_	_
più	più	B	O	_	_
creduti	creduti	SP	O	_	_
necessari	necessario	AP	O	_	_
alla	a/det	ES	O	_	_
maggioranza	maggioranza	SS	O	_	_
e	e	C	O	_	_
i	il	RP	O	_	_
cristiano-sociali	cristiano-sociali	SP	O	_	_
sono	essere	VIY	O	_	_
scemati	scemare	VPP	O	_	_
di	di	E	O	_	_
numero	numero	SS	O	_	_
e	e	C	O	_	_
di	di	E	O	_	_
valore	valore	SS	O	_	_
,	comma	XPW	O	_	_
mentre	mentre	C	O	_	_
partito	partito	SS	O	_	_
centrale	centrale	AS	O	_	_
di	di	E	O	_	_
governo	governo	SS	O	_	_
è	essere	VIY	O	_	_
divenuta	divenire	VSP	O	_	_
la	il	RS	O	_	_
federazione	federazione	SS	O	_	_
tedesca	tedesco	AS	O	_	_
nazionale	nazionale	AS	O	_	_
,	comma	XPW	O	_	_
nel	in/det	ES	O	_	_
cui	cui	PN	O	_	_
nesso	nesso	SS	O	_	_
–	–	XPO	O	_	_
come	come	CADV	O	_	_
s’	s’	PN	O	_	_
è	essere	VIY	O	_	_
visto	vedere	VSP	O	_	_
nella	in/det	ES	O	_	_
questione	questione	SS	O	_	_
universitaria	universitario	AS	O	_	_
–	–	XPO	O	_	_
i	il	RP	O	_	_
due	due	N	O	_	_
neoeletti	neoeletti	SP	O	_	_
radicali	radicale	AP	O	_	_
tirolesi	tirolese	AP	O	_	_
possono	potere	VI	O	_	_
raggiungere	raggiungere	VF	O	_	_
un	uno	RS	O	_	_
influsso	influsso	SS	O	_	_
decisivo	decisivo	AS	O	_	_
.	.	XPS	O	_	_

Favoriti	favorito	SP	O	_	_
da	da	E	O	_	_
tali	tale	AP	O	_	_
mutate	mutato	AP	O	_	_
circostanze	circostanza	SP	O	_	_
politiche	politico	AP	O	_	_
,	comma	XPW	O	_	_
intervenute	intervenuto	AP	O	_	_
dopo	dopo	E	O	_	_
le	il	RP	O	_	_
elezioni	elezione	SP	O	_	_
del	di/det	ES	O	_	_
giugno	giugno	SS	O	_	_
,	comma	XPW	O	_	_
i	il	RP	O	_	_
nemici	nemico	SP	O	_	_
della	di/det	ES	O	_	_
ferrovia	ferrovia	SS	O	_	_
fiemmese	fiemmese	AS	O	_	_
sperano	sperare	VI	O	_	_
d’	di	E	O	_	_
impedirne	impedire/part	VF+E	O	_	_
l’	il	RS	O	_	_
attuazione	attuazione	SS	O	_	_
.	.	XPS	O	_	_

Ed	ed	C	O	_	_
essi	essi	PP	O	_	_
tentano	tentare	VI	O	_	_
naturalmente	naturalmente	B	O	_	_
sopratutto	sopratutto	AS	O	_	_
di	di	E	O	_	_
non	non	B	O	_	_
impedire	impedire	VF	O	_	_
la	il	RS	O	_	_
votazione	votazione	SS	O	_	_
in	in	E	O	_	_
dieta	dieta	SS	O	_	_
del	di/det	ES	O	_	_
compromesso	compromesso	SS	O	_	_
,	comma	XPW	O	_	_
com’	com’	B	O	_	_
era	essere	VIY	O	_	_
stato	essere	VSPY	O	_	_
pattuito	pattuire	VSP	O	_	_
a	a	E	O	_	_
Bolzano	bolzano	SPN	GPE	46.4981125	11.3547801
,	comma	XPW	O	_	_
quanto	quanto	B	O	_	_
piuttosto	piuttosto	B	O	_	_
di	di	E	O	_	_
impedire	impedire	VF	O	_	_
che	che	CCHE	O	_	_
il	il	RS	O	_	_
governo	governo	SS	O	_	_
dia	dare	VI	O	_	_
il	il	RS	O	_	_
suo	suo	DS	O	_	_
notevole	notevole	AS	O	_	_
contributo	contributo	SS	O	_	_
per	per	E	O	_	_
l’	il	RS	O	_	_
esecuzione	esecuzione	SS	O	_	_
di	di	E	O	_	_
tale	tale	DS	O	_	_
compromesso	compromesso	SS	O	_	_
.	.	XPS	O	_	_

Il	il	RS	O	_	_
prossimo	prossimo	AS	O	_	_
periodo	periodo	SS	O	_	_
porterà	portare	VI	O	_	_
completa	completo	AS	O	_	_
luce	luce	SS	O	_	_
intorno	intorno	E	O	_	_
agli	a/det	EP	O	_	_
intendimenti	intendimento	SP	O	_	_
del	di/det	ES	O	_	_
governo	governo	SS	O	_	_
,	comma	XPW	O	_	_
il	il	RS	O	_	_
quale	quale	PS	O	_	_
avrà	avere	VIY	O	_	_
presto	presto	B	O	_	_
tra	tra	E	O	_	_
mano	mano	SS	O	_	_
i	il	RP	O	_	_
dati	dato	SP	O	_	_
precisi	preciso	AP	O	_	_
tecnici	tecnico	AP	O	_	_
e	e	C	O	_	_
finanziari	finanziario	AP	O	_	_
di	di	E	O	_	_
una	uno	RS	O	_	_
revisione	revisione	SS	O	_	_
di	di	E	O	_	_
massima	massima	SS	O	_	_
,	comma	XPW	O	_	_
ordinata	ordinare	VSP	O	_	_
di	di	E	O	_	_
recente	recente	AS	O	_	_
.	.	XPS	O	_	_

In	in	E	O	_	_
ogni	ogni	DS	O	_	_
caso	caso	SS	O	_	_
confidiamo	confidare	VI	O	_	_
che	che	CCHE	O	_	_
tutti	tutto	DP	O	_	_
gli	il	RP	O	_	_
interessati	interessato	SP	O	_	_
procederanno	procedere	VI	O	_	_
colla	con/det	ES	O	_	_
concordia	concordia	AS	O	_	_
e	e	C	O	_	_
coll’	con/det	ES	O	_	_
energia	energia	SS	O	_	_
che	che	CCHE	O	_	_
finora	finora	B	O	_	_
accompagnarono	accompagnare	VI	O	_	_
le	il	RP	O	_	_
trattative	trattativa	SP	O	_	_
e	e	C	O	_	_
che	che	CCHE	O	_	_
anche	anche	C	O	_	_
gli	il	RP	O	_	_
elettori	elettore	SP	O	_	_
degli	di/det	EP	O	_	_
altri	altro	DP	O	_	_
collegi	collegio	SP	O	_	_
non	non	B	O	_	_
direttamente	direttamente	B	O	_	_
interessati	interessato	AP	O	_	_
terranno	tenere	VI	O	_	_
conto	conto	SS	O	_	_
dell’	di/det	ES	O	_	_
eccezionale	eccezionale	AS	O	_	_
importanza	importanza	SS	O	_	_
di	di	E	O	_	_
questo	questo	DS	O	_	_
problema	problema	SS	O	_	_
.	.	XPS	O	_	_

Sappiamo	sapere	VI	O	_	_
che	che	CCHE	O	_	_
prossimamente	prossimamente	B	O	_	_
si	rifl	PN	O	_	_
raduneranno	radunare	VI	O	_	_
i	il	RP	O	_	_
delegati	delegato	SP	O	_	_
dei	di/det	EP	O	_	_
deputati	deputato	SP	O	_	_
dietali	dietali	AP	O	_	_
per	per	E	O	_	_
prendere	prendere	VF	O	_	_
posizione	posizione	SS	O	_	_
di	di	E	O	_	_
fronte	fronte	SS	O	_	_
alla	a/det	ES	O	_	_
protesta	protesta	SS	O	_	_
di	di	E	O	_	_
Egna	egna	SPN	GPE	46.3169161	11.2725698
.	.	XPS	O	_	_

Ci	ci	PP	O	_	_
si	rifl	PN	O	_	_
comunica	comunicare	VI	O	_	_
che	che	CCHE	O	_	_
il	il	RS	O	_	_
Municipio	municipio	SS	O	_	_
di	di	E	O	_	_
Trento	trento	SPN	GPE	46.0664228	11.1257601
,	comma	XPW	O	_	_
la	il	RS	O	_	_
Comunità	comunità	SN	O	_	_
generale	generale	AS	O	_	_
ed	ed	C	O	_	_
il	il	RS	O	_	_
comitato	comitato	SS	O	_	_
di	di	E	O	_	_
Cembra	cembra	SPN	O	_	_
telegraferanno	telegrafare	VI	O	_	_
al	a/det	ES	O	_	_
luogotenente	luogotenente	SS	O	_	_
ed	ed	C	O	_	_
a	a	E	O	_	_
Vienna	vienna	SPN	GPE	48.2083537	16.3725042
per	per	E	O	_	_
accentuare	accentuare	VF	O	_	_
ancora	ancora	B	O	_	_
una	uno	RS	O	_	_
volta	volta	SS	O	_	_
la	il	RS	O	_	_
solidarietà	solidarietà	SN	O	_	_
di	di	E	O	_	_
tutti	tutto	PP	O	_	_
per	per	E	O	_	_
il	il	RS	O	_	_
compromesso	compromesso	SS	O	_	_
.	.	XPS	O	_	_

La	il	RS	O	_	_
direzione	direzione	SS	O	_	_
dell’	di/det	ES	O	_	_
Unione	unione	SS	O	_	_
politica	politico	AS	O	_	_
popolare	popolare	AS	O	_	_
,	comma	XPW	O	_	_
raccolta	raccogliere	VSP	O	_	_
ieri	ieri	B	O	_	_
ad	ad	E	O	_	_
una	uno	RS	O	_	_
seduta	seduta	SS	O	_	_
straordinaria	straordinario	AS	O	_	_
ha	avere	VIY	O	_	_
votato	votare	VSP	O	_	_
il	il	RS	O	_	_
seguente	seguente	SS	O	_	_
ordine	ordine	SS	O	_	_
del	di/det	ES	O	_	_
giorno	giorno	SS	O	_	_
:	:	XPS	O	_	_
Il	il	RS	O	_	_
partito	partito	SS	O	_	_
popolare	popolare	AS	O	_	_
trentino	trentino	AS	O	_	_
,	comma	XPW	O	_	_
preso	prendere	VSP	O	_	_
atto	atto	SS	O	_	_
della	di/det	ES	O	_	_
convocazione	convocazione	SS	O	_	_
della	di/det	ES	O	_	_
dieta	dieta	SS	O	_	_
,	comma	XPW	O	_	_
attende	attendere	VI	O	_	_
ed	ed	C	O	_	_
esige	esigere	VI	O	_	_
dai	da/det	EP	O	_	_
deputati	deputato	SP	O	_	_
dietali	dietali	AP	O	_	_
di	di	E	O	_	_
ambo	ambo	SS	O	_	_
le	il	RP	O	_	_
nazionalità	nazionalità	SN	O	_	_
il	il	RS	O	_	_
pieno	pieno	AS	O	_	_
mantenimento	mantenimento	SS	O	_	_
del	di/det	ES	O	_	_
solenne	solenne	AS	O	_	_
impegno	impegno	SS	O	_	_
preso	prendere	VSP	O	_	_
dai	da/det	EP	O	_	_
partiti	partito	SP	O	_	_
sotto	sotto	E	O	_	_
il	il	RS	O	_	_
patronato	patronato	SS	O	_	_
di	di	E	O	_	_
S.E.	s.e.	YA	O	_	_
il	il	RS	O	_	_
Luogotenente	luogotenente	SS	O	_	_
per	per	E	O	_	_
il	il	RS	O	_	_
compromesso	compromesso	SS	O	_	_
ferroviario	ferroviario	AS	O	_	_
fiemmese	fiemmese	AS	O	_	_
;	semicolon	XPS	O	_	_

insiste	insistere	VI	O	_	_
con	con	E	O	_	_
tutta	tutto	DS	O	_	_
l’	il	RS	O	_	_
energia	energia	SS	O	_	_
perché	perché	C	O	_	_
il	il	RS	O	_	_
governo	governo	SS	O	_	_
centrale	centrale	AS	O	_	_
,	comma	XPW	O	_	_
coerentemente	coerentemente	B	O	_	_
alle	a/det	EP	O	_	_
antecedenti	antecedente	AP	O	_	_
favorevoli	favorevole	AP	O	_	_
dimostrazioni	dimostrazione	SP	O	_	_
di	di	E	O	_	_
massima	massima	SS	O	_	_
,	comma	XPW	O	_	_
attui	attuare	VI	O	_	_
,	comma	XPW	O	_	_
anche	anche	C	O	_	_
per	per	E	O	_	_
parte	parte	SS	O	_	_
sua	suo	DS	O	_	_
,	comma	XPW	O	_	_
col	con/det	ES	O	_	_
suo	suo	DS	O	_	_
intervento	intervento	SS	O	_	_
finanziario	finanziario	AS	O	_	_
il	il	RS	O	_	_
compromesso	compromesso	SS	O	_	_
e	e	C	O	_	_
che	che	CCHE	O	_	_
comunichi	comunicare	VI	O	_	_
in	in	E	O	_	_
riguardo	riguardo	SS	O	_	_
le	il	RP	O	_	_
sue	suo	DP	O	_	_
decisioni	decisione	SP	O	_	_
,	comma	XPW	O	_	_
a	a	E	O	_	_
tempo	tempo	SS	O	_	_
debito	debito	AS	O	_	_
;	semicolon	XPS	O	_	_

protesta	protesta	SS	O	_	_
fieramente	fieramente	B	O	_	_
contro	contro	E	O	_	_
l’	il	RS	O	_	_
adunanza	adunanza	SS	O	_	_
dei	di/det	EP	O	_	_
pochi	poco	DP	O	_	_
interessati	interessato	SP	O	_	_
di	di	E	O	_	_
Egna	egna	SPN	GPE	46.3169161	11.2725698
la	il	RS	O	_	_
quale	quale	PS	O	_	_
,	comma	XPW	O	_	_
posponendo	posporre	VG	O	_	_
la	il	RS	O	_	_
soluzione	soluzione	SS	O	_	_
tramviaria	tramviaria	AS	O	_	_
fiemmese	fiemmese	AS	O	_	_
all’	a/det	ES	O	_	_
esecuzione	esecuzione	SS	O	_	_
dell’	di/det	ES	O	_	_
intiera	intiera	AS	O	_	_
ferrovia	ferrovia	SS	O	_	_
della	di/det	ES	O	_	_
Val	val	SPN	O	_	_
Venosta	venosta	SPN	O	_	_
,	comma	XPW	O	_	_
colle	con/det	EP	O	_	_
diramazioni	diramazione	SP	O	_	_
per	per	E	O	_	_
la	il	RS	O	_	_
Svizzera	svizzera	SPN	GPE	46.7985624	8.2319736
,	comma	XPW	O	_	_
tenta	tentare	VI	O	_	_
di	di	E	O	_	_
rimandare	rimandare	VF	O	_	_
a	a	E	O	_	_
tempo	tempo	SS	O	_	_
lontanissimo	lontano	AS	O	_	_
l’	il	RS	O	_	_
urgente	urgente	AS	O	_	_
esecuzione	esecuzione	SS	O	_	_
di	di	E	O	_	_
una	uno	RS	O	_	_
tramvia	tramvia	SS	O	_	_
che	che	CCHE	O	_	_
due	due	N	O	_	_
valli	vallo	SP	O	_	_
coll’	con/det	ES	O	_	_
appoggio	appoggio	SS	O	_	_
del	di/det	ES	O	_	_
paese	paese	SS	O	_	_
intero	intero	AS	O	_	_
reclamano	reclamare	VI	O	_	_
invano	invano	B	O	_	_
da	da	E	O	_	_
tanti	tanto	DP	O	_	_
anni	anno	SP	O	_	_
.	.	XPS	O	_	_
