# total number of persons:3, total number of gpes:11
Il	il	RS	O	_	_
Popolo	popolo	SS	O	_	_
di	di	E	O	_	_
ieri	ieri	B	O	_	_
tenta	tentare	VI	O	_	_
di	di	E	O	_	_
fare	fare	VF	O	_	_
adepti	adepto	SP	O	_	_
collo	con/det	ES	O	_	_
spauracchio	spauracchio	SS	O	_	_
del	di/det	ES	O	_	_
clericalismo	clericalismo	SS	O	_	_
,	comma	XPW	O	_	_
cianciando	cianciare	VG	O	_	_
di	di	E	O	_	_
nostre	nostro	DP	O	_	_
candidature	candidatura	SP	O	_	_
per	per	E	O	_	_
la	il	RS	O	_	_
città	città	SN	O	_	_
di	di	E	O	_	_
Trento	trento	SPN	GPE	46.0664228	11.1257601
.	.	XPS	O	_	_

Le	il	RP	O	_	_
dicerie	diceria	SP	O	_	_
non	non	B	O	_	_
hanno	avere	VI	O	_	_
nessun	nessun	DS	O	_	_
fondamento	fondamento	SS	O	_	_
,	comma	XPW	O	_	_
né	né	C	O	_	_
per	per	E	O	_	_
quello	quello	PS	O	_	_
che	che	CCHE	O	_	_
riguarda	riguardare	VI	O	_	_
la	il	RS	O	_	_
cosa	cosa	SS	O	_	_
in	in	E	O	_	_
sé	sé	PN	O	_	_
né	né	B	O	_	_
,	comma	XPW	O	_	_
conseguentemente	conseguentemente	B	O	_	_
,	comma	XPW	O	_	_
per	per	E	O	_	_
quanto	quanto	QNS	O	_	_
venne	venire	VIY	O	_	_
stampato	stampare	VSP	O	_	_
circa	circa	B	O	_	_
i	il	RP	O	_	_
nomi	noma	SP	O	_	_
e	e	C	O	_	_
le	il	RP	O	_	_
persone	persona	SP	O	_	_
.	.	XPS	O	_	_

Il	il	RS	O	_	_
coraggio	coraggio	SS	O	_	_
poi	poi	B	O	_	_
che	che	CCHE	O	_	_
il	il	RS	O	_	_
Popolo	popolo	SPN	O	_	_
vede	vedere	VI	O	_	_
in	in	E	O	_	_
noi	noi	PP	O	_	_
così	così	B	O	_	_
deficiente	deficiente	B	O	_	_
,	comma	XPW	O	_	_
è	essere	VI	O	_	_
tutto	tutto	PS	O	_	_
dei	di/det	EP	O	_	_
rossi	rosso	SP	O	_	_
,	comma	XPW	O	_	_
i	il	RP	O	_	_
quali	quale	PP	O	_	_
lasciano	lasciare	VI	O	_	_
cadere	cadere	VF	O	_	_
a	a	E	O	_	_
Trento	trento	SPN	GPE	46.0664228	11.1257601
il	il	RS	O	_	_
loro	loro	DP	O	_	_
deputato	deputato	SS	O	_	_
parlamentare	parlamentare	AS	O	_	_
per	per	E	O	_	_
la	il	RS	O	_	_
tema	tema	SS	O	_	_
che	che	CCHE	O	_	_
gli	gli	PS	O	_	_
«	«	XPO	O	_	_
odiati	odiare	VPP	O	_	_
»	»	XPO	O	_	_
borghesi	borghese	SP	O	_	_
abbiano	avere	VIY	O	_	_
patito	patire	VSP	O	_	_
circa	circa	B	O	_	_
quel	quel	PS	O	_	_
che	che	CCHE	O	_	_
non	non	B	O	_	_
ha	avere	VIY	O	_	_
fatto	fare	VSP	O	_	_
e	e	C	O	_	_
quel	quel	PS	O	_	_
che	che	CCHE	O	_	_
ha	avere	VIY	O	_	_
fatto	fare	VSP	O	_	_
l’	il	RS	O	_	_
on	on	SN	O	_	_
.	.	XPS	O	_	_

Avancini	avancini	SPN	PER	_	_
forti	forte	AP	O	_	_
delusioni	delusione	SP	O	_	_
;	semicolon	XPS	O	_	_

il	il	RS	O	_	_
coraggio	coraggio	SS	O	_	_
è	essere	VI	O	_	_
tutto	tutto	PS	O	_	_
di	di	E	O	_	_
loro	loro	PP	O	_	_
,	comma	XPW	O	_	_
che	che	CCHE	O	_	_
dopo	dopo	C	O	_	_
aver	avere	VFY	O	_	_
messo	mettere	VSP	O	_	_
a	a	E	O	_	_
soqquadro	soqquadro	SS	O	_	_
i	il	RP	O	_	_
collegi	collegio	SP	O	_	_
meridionali	meridionale	AP	O	_	_
riparano	riparare	VI	O	_	_
clamorosamente	clamorosamente	B	O	_	_
con	con	E	O	_	_
un	uno	RS	O	_	_
avvocato	avvocato	SS	O	_	_
roveretano	roveretano	VI	O	_	_
in	in	E	O	_	_
Fiemme	fiemme	SPN	O	_	_
o	o	C	O	_	_
tra	tra	E	O	_	_
i	il	RP	O	_	_
nonesi	nonesi	SP	O	_	_
.	.	XPS	O	_	_

Noi	noi	PP	O	_	_
siamo	essere	VI	O	_	_
più	più	B	O	_	_
modesti	modesto	AP	O	_	_
,	comma	XPW	O	_	_
e	e	C	O	_	_
stiamo	stare	VI	O	_	_
a	a	E	O	_	_
vedere	vedere	VF	O	_	_
.	.	XPS	O	_	_

E	e	C	O	_	_
che	che	CCHE	O	_	_
?	?	XPS	O	_	_

–	–	XPO	O	_	_
egoisti	egoista	SP	O	_	_
–	–	XPO	O	_	_
non	non	B	O	_	_
vorreste	volere	VI	O	_	_
lasciarci	lasciare/loc/pro	VF+E	O	_	_
gustare	gustare	VF	O	_	_
le	il	RP	O	_	_
comode	comoda	SP	O	_	_
noie	noie	AP	O	_	_
della	di/det	ES	O	_	_
platea	platea	SS	O	_	_
anche	anche	C	O	_	_
a	a	E	O	_	_
noi	noi	PP	O	_	_
?	?	XPS	O	_	_

Dopo	dopo	E	O	_	_
la	il	RS	O	_	_
votazione	votazione	SS	O	_	_
dei	di/det	EP	O	_	_
14	14	N	O	_	_
maggio	maggio	SS	O	_	_
,	comma	XPW	O	_	_
i	il	RP	O	_	_
socialisti	socialista	SP	O	_	_
scrissero	scrivere	VI	O	_	_
d’	di	E	O	_	_
aver	avere	VFY	O	_	_
dato	dare	VSP	O	_	_
il	il	RS	O	_	_
colpo	colpo	SS	O	_	_
di	di	E	O	_	_
grazia	grazia	SS	O	_	_
a	a	E	O	_	_
quell’	quell	DS	O	_	_
inetto	inetto	AS	O	_	_
liberalismo	liberalismo	SS	O	_	_
nazionale	nazionale	AS	O	_	_
che	che	CCHE	O	_	_
fino	fino	E	O	_	_
a	a	E	O	_	_
ieri	ieri	B	O	_	_
ritenevasi	ritenevasi	VI	O	_	_
il	il	RS	O	_	_
dispotico	dispotico	AS	O	_	_
padrone	padrone	SS	O	_	_
della	di/det	ES	O	_	_
capitale	capitale	SS	O	_	_
del	di/det	ES	O	_	_
Trentino	trentino	SPN	GPE	46.102869	11.12961993
(	open_parenthesis	XPB	O	_	_
Avvenire	avvenire	SPN	O	_	_
del	di/det	ES	O	_	_
lavoratore	lavoratore	SS	O	_	_
,	comma	XPW	O	_	_
17	17	N	O	_	_
maggio	maggio	SS	O	_	_
)	close_parenthesis	XPB	O	_	_
e	e	C	O	_	_
proclamavano	proclamare	VI	O	_	_
l’	il	RS	O	_	_
esito	esito	SS	O	_	_
delle	di/det	EP	O	_	_
urne	urna	SP	O	_	_
a	a	E	O	_	_
Trento	trento	SPN	GPE	46.0664228	11.1257601
come	come	CADV	O	_	_
la	il	RS	O	_	_
fine	fine	SS	O	_	_
del	di/det	ES	O	_	_
policantismo	policantismo	SS	O	_	_
patriottardo	patriottardo	AS	O	_	_
(	open_parenthesis	XPB	O	_	_
idem	idem	SS	O	_	_
)	close_parenthesis	XPB	O	_	_
e	e	C	O	_	_
Todeschini	todeschini	SPN	PER	_	_
scriveva	scrivere	VI	O	_	_
su	su	E	O	_	_
Verona	verona	SPN	GPE	45.4384958	10.9924122
del	di/det	ES	O	_	_
Popolo	popolo	SPN	O	_	_
:	:	XPS	O	_	_
«	«	XPO	O	_	_
L’	il	RS	O	_	_
irredentismo	irredentismo	SS	O	_	_
è	essere	VI	O	_	_
sepolto	sepolto	AS	O	_	_
.	.	XPS	O	_	_

L’	il	RS	O	_	_
offa	offa	SS	O	_	_
per	per	E	O	_	_
i	il	RP	O	_	_
succhioni	succhione	SP	O	_	_
è	essere	VI	O	_	_
infranto	infranto	SS	O	_	_
.	.	XPS	O	_	_

Evviva	evviva	I	O	_	_
l’	il	RS	O	_	_
Internazionale	internazionale	SS	O	_	_
"!"	esclamation_mark	XPS	O	_	_

»	»	XPO	O	_	_
.	.	XPS	O	_	_

Anche	anche	C	O	_	_
noi	noi	PP	O	_	_
e	e	C	O	_	_
a	a	E	O	_	_
15	15	N	O	_	_
e	e	C	O	_	_
ai	a/det	EP	O	_	_
23	23	N	O	_	_
commentammo	commentare	VI	O	_	_
la	il	RS	O	_	_
vittoria	vittoria	SS	O	_	_
socialista	socialista	AS	O	_	_
in	in	E	O	_	_
questo	questo	DS	O	_	_
senso	senso	SS	O	_	_
,	comma	XPW	O	_	_
aggiungendo	aggiungere	VG	O	_	_
che	che	CCHE	O	_	_
la	il	RS	O	_	_
votazione	votazione	SS	O	_	_
era	essere	VI	O	_	_
un	uno	RS	O	_	_
suicidio	suicidio	SS	O	_	_
liberale	liberale	AS	O	_	_
per	per	E	O	_	_
vendetta	vendetta	SS	O	_	_
poiché	poiché	C	O	_	_
gran	grande	AS	O	_	_
parte	parte	SS	O	_	_
dei	di/det	EP	O	_	_
liberali	liberale	SP	O	_	_
avevano	avere	VIY	O	_	_
piantato	piantare	VSP	O	_	_
in	in	E	O	_	_
asso	asso	SS	O	_	_
il	il	RS	O	_	_
loro	loro	DP	O	_	_
campione	campione	SS	O	_	_
,	comma	XPW	O	_	_
meditando	meditare	VG	O	_	_
–	–	XPO	O	_	_
come	come	CADV	O	_	_
scriveva	scrivere	VI	O	_	_
l’	il	RS	O	_	_
Eco	eco	SPN	O	_	_
del	di/det	ES	O	_	_
Baldo	baldo	SPN	PER	_	_
–	–	XPO	O	_	_
nell’	in/det	ES	O	_	_
ombra	ombra	SS	O	_	_
il	il	RS	O	_	_
tradimento	tradimento	SS	O	_	_
.	.	XPS	O	_	_

E	e	C	O	_	_
ai	a/det	EP	O	_	_
23	23	N	O	_	_
,	comma	XPW	O	_	_
nella	in/det	ES	O	_	_
certa	certo	DS	O	_	_
previsione	previsione	SS	O	_	_
dell’	di/det	ES	O	_	_
esito	esito	SS	O	_	_
del	di/det	ES	O	_	_
ballottaggio	ballottaggio	SS	O	_	_
,	comma	XPW	O	_	_
scrivevamo	scrivere	VI	O	_	_
:	:	XPS	O	_	_
«	«	XPO	O	_	_
Qualcuno	qualcuno	PS	O	_	_
profetizza	profetizzare	VI	O	_	_
che	che	CCHE	O	_	_
i	il	RP	O	_	_
socialisti	socialista	SP	O	_	_
questa	questo	DS	O	_	_
sera	sera	SS	O	_	_
“	“	XPO	O	_	_
improvviseranno	improvvisare	VI	O	_	_
”	”	XPO	O	_	_
una	uno	RS	O	_	_
dimostrazione	dimostrazione	SS	O	_	_
.	.	XPS	O	_	_

Si	rifl	PN	O	_	_
dice	dire	VI	O	_	_
che	che	CCHE	O	_	_
vi	vi	B	O	_	_
porteranno	portare	VI	O	_	_
una	uno	RS	O	_	_
bara	bara	SS	O	_	_
.	.	XPS	O	_	_

Sarà	essere	VI	O	_	_
la	il	RS	O	_	_
bara	bara	SS	O	_	_
del	di/det	ES	O	_	_
“	“	XPO	O	_	_
politicantismo	politicantismo	SS	O	_	_
patriottardo	patriottardo	AS	O	_	_
”	”	XPO	O	_	_
,	comma	XPW	O	_	_
dell’	di/det	ES	O	_	_
“	“	XPO	O	_	_
inetto	inetto	AS	O	_	_
nazionalismo	nazionalismo	SS	O	_	_
liberale	liberale	AS	O	_	_
”	”	XPO	O	_	_
,	comma	XPW	O	_	_
del	di/det	ES	O	_	_
partito	partito	SS	O	_	_
dei	di/det	EP	O	_	_
succhioni	succhione	SP	O	_	_
come	come	CADV	O	_	_
scrisse	scrivere	VI	O	_	_
il	il	RS	O	_	_
Todeschini	todeschini	SPN	O	_	_
e...	e...	YA	O	_	_
i	il	RP	O	_	_
radicali	radicale	SP	O	_	_
porteranno	portare	VI	O	_	_
le	il	RP	O	_	_
torce	torcia	SP	O	_	_
.	.	XPS	O	_	_

E	e	C	O	_	_
fanno	fare	VI	O	_	_
bene	bene	B	O	_	_
,	comma	XPW	O	_	_
ed	ed	C	O	_	_
è	essere	VI	O	_	_
destino	destino	SS	O	_	_
così	così	B	O	_	_
.	.	XPS	O	_	_

–	–	XPO	O	_	_
I	il	RP	O	_	_
socialisti	socialista	SP	O	_	_
–	–	XPO	O	_	_
scrisse	scrivere	VI	O	_	_
l’	il	RS	O	_	_
Avanti	avanti	SPN	O	_	_
a	a	E	O	_	_
proposito	proposito	SS	O	_	_
delle	di/det	EP	O	_	_
elezioni	elezione	SP	O	_	_
di	di	E	O	_	_
Trieste	trieste	SPN	GPE	45.6500335	13.7706559
–	–	XPO	O	_	_
vanno	andare	VI	O	_	_
verso	verso	E	O	_	_
l’	il	RS	O	_	_
avvenire	avvenire	SS	O	_	_
calcando	calcare	VG	O	_	_
le	il	RP	O	_	_
rovine	rovina	SP	O	_	_
della	di/det	ES	O	_	_
politica	politica	SS	O	_	_
borghese	borghese	AS	O	_	_
–	–	XPO	O	_	_
poiché	poiché	B	O	_	_
è	essere	VI	O	_	_
destino	destino	SS	O	_	_
che	che	CCHE	O	_	_
i	il	RP	O	_	_
figli	figlio	SP	O	_	_
debbano	dovere	VI	O	_	_
passare	passare	VF	O	_	_
sulle	su/det	EP	O	_	_
ossa	ossa	SS	O	_	_
dei	di/det	EP	O	_	_
padri	padre	SP	O	_	_
"!"	esclamation_mark	XPS	O	_	_

»	»	XPO	O	_	_
.	.	XPS	O	_	_

Fummo	essere	VI	O	_	_
facili	facile	AP	O	_	_
profeti	profeta	SP	O	_	_
allora	allora	C	O	_	_
.	.	XPS	O	_	_

Solo	solo	B	O	_	_
l’	il	RS	O	_	_
Alto	alto	SPN	GPE	46.65596895	11.22964387
Adige	adige	SPN	GPE	46.65596895	11.22964387
non	non	B	O	_	_
voleva	volere	VI	O	_	_
ammettere	ammettere	VF	O	_	_
il	il	RS	O	_	_
significato	significato	SS	O	_	_
integrale	integrale	AS	O	_	_
della	di/det	ES	O	_	_
votazione	votazione	SS	O	_	_
di	di	E	O	_	_
Trento	trento	SPN	GPE	46.0664228	11.1257601
capitale	capitale	SS	O	_	_
e	e	C	O	_	_
parlava	parlare	VI	O	_	_
di	di	E	O	_	_
anticlericalismo	anticlericalismo	SS	O	_	_
puramente	puramente	B	O	_	_
.	.	XPS	O	_	_

Vennero	venire	VI	O	_	_
più	più	B	O	_	_
tardi	tardi	B	O	_	_
le	il	RP	O	_	_
elezioni	elezione	SP	O	_	_
comunali	comunale	AP	O	_	_
.	.	XPS	O	_	_

Si	rifl	PN	O	_	_
risvegliò	risvegliare	VI	O	_	_
allora	allora	C	O	_	_
d’	di	E	O	_	_
un	uno	RS	O	_	_
tratto	tratto	SS	O	_	_
tra	tra	E	O	_	_
i	il	RP	O	_	_
liberali	liberale	SP	O	_	_
lo	il	RS	O	_	_
spirito	spirito	SS	O	_	_
patriottico	patriottico	AS	O	_	_
e	e	C	O	_	_
l’	il	RS	O	_	_
Alto	alto	SPN	GPE	46.65596895	11.22964387
Adige	adige	SPN	GPE	46.65596895	11.22964387
notava	notare	VI	O	_	_
–	–	XPO	O	_	_
dopo	dopo	E	O	_	_
l’	il	RS	O	_	_
atto	atto	SS	O	_	_
elettorale	elettorale	AS	O	_	_
–	–	XPO	O	_	_
con	con	E	O	_	_
gioia	gioia	SS	O	_	_
che	che	CCHE	O	_	_
nessun	nessun	DS	O	_	_
trentino	trentino	SS	O	_	_
potrà	potere	VI	O	_	_
mai	mai	B	O	_	_
dar	dare	VF	O	_	_
quartiere	quartiere	SS	O	_	_
alle	a/det	EP	O	_	_
idee	idea	SP	O	_	_
sindacaliste	sindacaliste	AP	O	_	_
ed	ed	C	O	_	_
internazionaliste	internazionalista	AP	O	_	_
.	.	XPS	O	_	_

Al	a/det	ES	O	_	_
che	che	CCHE	O	_	_
l’	il	RS	O	_	_
Avvenire	avvenire	SS	O	_	_
del	di/det	ES	O	_	_
Lavoratore	lavoratore	SS	O	_	_
,	comma	XPW	O	_	_
rispondeva	rispondere	VI	O	_	_
(	open_parenthesis	XPB	O	_	_
n.	n.	YA	O	_	_
49	49	N	O	_	_
)	close_parenthesis	XPB	O	_	_
:	:	XPS	O	_	_
«	«	XPO	O	_	_
Ah	ah	I	O	_	_
"!"	esclamation_mark	XPS	O	_	_

Signori	signore	SP	O	_	_
dell’	di/det	ES	O	_	_
Alto	alto	SPN	GPE	46.65596895	11.22964387
Adige	adige	SPN	GPE	46.65596895	11.22964387
,	comma	XPW	O	_	_
decisamente	decisamente	B	O	_	_
i	il	RP	O	_	_
trentini	trentino	SP	O	_	_
disobbediscono	disobbedire	VI	O	_	_
alle	a/det	EP	O	_	_
vostre	vostro	DP	O	_	_
encicliche	enciclica	SP	O	_	_
e	e	C	O	_	_
cominciano	cominciare	VI	O	_	_
a	a	E	O	_	_
trovare	trovare	VF	O	_	_
che	che	CCHE	O	_	_
gli	il	RP	O	_	_
interessi	interesse	SP	O	_	_
collettivi	collettivo	AP	O	_	_
si	rifl	PN	O	_	_
difendono	difendere	VI	O	_	_
solo	solo	B	O	_	_
seguendo	seguire	VG	O	_	_
le	il	RP	O	_	_
idee	idea	SP	O	_	_
internazionaliste	internazionalista	AP	O	_	_
della	di/det	ES	O	_	_
Camera	camera	SS	O	_	_
del	di/det	ES	O	_	_
Lavoro	lavoro	SS	O	_	_
e	e	C	O	_	_
certo	certo	B	O	_	_
domani	domani	B	O	_	_
quando	quando	CADV	O	_	_
ci	ci	PP	O	_	_
fosse	essere	VI	O	_	_
il	il	RS	O	_	_
suffragio	suffragio	SS	O	_	_
universale	universale	AS	O	_	_
saprebbero	sapere	VI	O	_	_
anche	anche	C	O	_	_
in	in	E	O	_	_
base	base	SS	O	_	_
a	a	E	O	_	_
tali	tale	AP	O	_	_
idee	idea	SP	O	_	_
darvi	darvi	AP	O	_	_
il	il	RS	O	_	_
buon	buon	AS	O	_	_
servito	servito	SS	O	_	_
dal	da/det	ES	O	_	_
comune	comune	SS	O	_	_
,	comma	XPW	O	_	_
come	come	CADV	O	_	_
internazionalmente	internazionalmente	B	O	_	_
l’	l’	PS	O	_	_
hanno	avere	VIY	O	_	_
fornito	fornire	VSP	O	_	_
lo	il	RS	O	_	_
scorso	scorso	SS	O	_	_
14	14	N	O	_	_
maggio	maggio	SS	O	_	_
al	a/det	ES	O	_	_
vostro	vostro	DS	O	_	_
candidato	candidato	SS	O	_	_
politico	politico	AS	O	_	_
»	»	XPO	O	_	_
.	.	XPS	O	_	_

«	«	XPO	O	_	_
Provateci	provateci	VSP	O	_	_
il	il	RS	O	_	_
contrario	contrario	SS	O	_	_
se	se	C	O	_	_
vi	vi	B	O	_	_
basta	bastare	VI	O	_	_
l’	il	RS	O	_	_
animo	animo	SS	O	_	_
"!"	esclamation_mark	XPS	O	_	_

»	»	XPO	O	_	_
.	.	XPS	O	_	_

E	e	C	O	_	_
una	uno	PS	O	_	_
delle	di/det	EP	O	_	_
prove	prova	SP	O	_	_
verrà	venire	VIY	O	_	_
fatta	fare	VSP	O	_	_
venerdì	venerdì	SN	O	_	_
.	.	XPS	O	_	_

Benché	benché	C	O	_	_
il	il	RS	O	_	_
voto	voto	SS	O	_	_
sia	essere	VIY	O	_	_
ristretto	ristringere	VSP	O	_	_
,	comma	XPW	O	_	_
la	il	RS	O	_	_
cittadinanza	cittadinanza	SS	O	_	_
è	essere	VI	O	_	_
pur	pur	B	O	_	_
chiamata	chiamare	VSP	O	_	_
in	in	E	O	_	_
numero	numero	SS	O	_	_
rilevante	rilevante	AS	O	_	_
a	a	E	O	_	_
decidere	decidere	VF	O	_	_
.	.	XPS	O	_	_

Vedremo	vedere	VI	O	_	_
se	se	C	O	_	_
la	il	RS	O	_	_
Camera	camera	SPN	O	_	_
ha	avere	VIY	O	_	_
tanto	tanto	B	O	_	_
influsso	influsso	VSP	O	_	_
contro	contro	B	O	_	_
o	o	C	O	_	_
su	su	E	O	_	_
la	il	RS	O	_	_
Lega	lega	SPN	O	_	_
,	comma	XPW	O	_	_
se	se	C	O	_	_
quei	quello	DP	O	_	_
medesimi	medesimi	SP	O	_	_
che	che	CCHE	O	_	_
hanno	avere	VIY	O	_	_
respinto	respingere	VSP	O	_	_
i	il	RP	O	_	_
rossi	rosso	SP	O	_	_
dal	da/det	ES	O	_	_
comune	comune	SS	O	_	_
affideranno	affidare	VI	O	_	_
loro	loro	PP	O	_	_
la	il	RS	O	_	_
rappresentanza	rappresentanza	SS	O	_	_
alla	a/det	ES	O	_	_
Dieta	dieta	SPN	O	_	_
.	.	XPS	O	_	_

Sarà	essere	VI	O	_	_
forse	forse	B	O	_	_
così	così	B	O	_	_
venuto	venire	VSP	O	_	_
il	il	RS	O	_	_
momento	momento	SS	O	_	_
,	comma	XPW	O	_	_
in	in	E	O	_	_
cui	cui	PN	O	_	_
la	il	RS	O	_	_
nostra	nostro	DS	O	_	_
profezia	profezia	SS	O	_	_
dei	di/det	EP	O	_	_
23	23	N	O	_	_
ha	avere	VI	O	_	_
una	uno	RS	O	_	_
nuova	nuovo	AS	O	_	_
conferma	conferma	SS	O	_	_
.	.	XPS	O	_	_

In	in	E	O	_	_
quanto	quanto	B	O	_	_
a	a	E	O	_	_
noi	noi	PP	O	_	_
,	comma	XPW	O	_	_
estranei	estraneo	AP	O	_	_
alla	a/det	ES	O	_	_
lotta	lotta	SS	O	_	_
che	che	CCHE	O	_	_
si	rifl	PN	O	_	_
combatte	combattere	VI	O	_	_
tra	tra	E	O	_	_
i	il	RP	O	_	_
due	due	N	O	_	_
partiti	partito	SP	O	_	_
anticlericali	anticlericale	AP	O	_	_
,	comma	XPW	O	_	_
non	non	B	O	_	_
c’	ci	B	O	_	_
inquietiamo	inquietare	VI	O	_	_
gran	grande	AS	O	_	_
che	che	CCHE	O	_	_
.	.	XPS	O	_	_

I	il	RP	O	_	_
socialisti	socialista	SP	O	_	_
sono	essere	VI	O	_	_
i	il	RP	O	_	_
più	più	B	O	_	_
acerrimi	acerrimo	AP	O	_	_
nemici	nemico	SP	O	_	_
dei	di/det	EP	O	_	_
neri	nero	SP	O	_	_
,	comma	XPW	O	_	_
ha	avere	VIY	O	_	_
scritto	scrivere	VSP	O	_	_
l’	il	RS	O	_	_
Alto	alto	SPN	GPE	46.65596895	11.22964387
Adige	adige	SPN	GPE	46.65596895	11.22964387
;	semicolon	XPS	O	_	_

ed	ed	C	O	_	_
è	essere	VI	O	_	_
vero	vero	AS	O	_	_
.	.	XPS	O	_	_

Ma	ma	C	O	_	_
noi	noi	PP	O	_	_
li	li	PP	O	_	_
abbiamo	avere	VIY	O	_	_
affrontati	affrontare	VPP	O	_	_
sempre	sempre	B	O	_	_
né	né	C	O	_	_
ci	ci	PP	O	_	_
fa	fare	VI	O	_	_
tema	tema	SS	O	_	_
la	il	RS	O	_	_
prospettiva	prospettiva	SS	O	_	_
di	di	E	O	_	_
un	uno	RS	O	_	_
deputato	deputato	SS	O	_	_
rosso	rosso	AS	O	_	_
o	o	C	O	_	_
meno	meno	B	O	_	_
.	.	XPS	O	_	_

A	a	E	O	_	_
programma	programma	SS	O	_	_
noi	noi	PP	O	_	_
opponiamo	opporre	VI	O	_	_
programma	programma	SS	O	_	_
,	comma	XPW	O	_	_
ad	ad	E	O	_	_
idee	idea	SP	O	_	_
radicali	radicale	AP	O	_	_
un	uno	RS	O	_	_
pensiero	pensiero	SS	O	_	_
chiaro	chiaro	AS	O	_	_
e	e	C	O	_	_
preciso	preciso	AS	O	_	_
che	che	CCHE	O	_	_
non	non	B	O	_	_
tocca	toccare	VI	O	_	_
solo	solo	B	O	_	_
la	il	RS	O	_	_
questione	questione	SS	O	_	_
nazionale	nazionale	AS	O	_	_
;	semicolon	XPS	O	_	_

ma	ma	C	O	_	_
anche	anche	C	O	_	_
i	il	RP	O	_	_
problemi	problema	SP	O	_	_
morali-religiosi	morali-religiosi	AP	O	_	_
,	comma	XPW	O	_	_
la	il	RS	O	_	_
vita	vita	SS	O	_	_
civile	civile	AS	O	_	_
e	e	C	O	_	_
l’	il	RS	O	_	_
evoluzione	evoluzione	SS	O	_	_
economica	economico	AS	O	_	_
.	.	XPS	O	_	_

Contro	contro	E	O	_	_
questa	questo	DS	O	_	_
nostra	nostro	DS	O	_	_
fortezza	fortezza	SS	O	_	_
s’	s’	PN	O	_	_
infrangerà	infrangere	VI	O	_	_
anche	anche	C	O	_	_
il	il	RS	O	_	_
socialismo	socialismo	SS	O	_	_
trentino	trentino	AS	O	_	_
.	.	XPS	O	_	_

Abbiamo	avere	VI	O	_	_
anzi	anzi	B	O	_	_
constatato	constatare	VSP	O	_	_
che	che	CCHE	O	_	_
più	più	B	O	_	_
alto	alto	AS	O	_	_
rampica	rampica	SS	O	_	_
la	il	RS	O	_	_
scimmia	scimmia	SS	O	_	_
,	comma	XPW	O	_	_
più	più	B	O	_	_
le	il	RP	O	_	_
si	rifl	PN	O	_	_
vede	vedere	VI	O	_	_
la	il	RS	O	_	_
coda	coda	SS	O	_	_
.	.	XPS	O	_	_

Certi	certi	SPN	O	_	_
capoccia	capoccia	VI	O	_	_
che	che	CCHE	O	_	_
nei	in/det	EP	O	_	_
comitati	comitato	SP	O	_	_
brillarono	brillare	VI	O	_	_
come	come	CADV	O	_	_
salvatori	salvatore	SP	O	_	_
dimostrarono	dimostrare	VI	O	_	_
più	più	B	O	_	_
che	che	CCHE	O	_	_
qualunque	qualunque	DS	O	_	_
argomento	argomento	SS	O	_	_
avversario	avversario	AS	O	_	_
l’	il	RS	O	_	_
inettitudine	inettitudine	SS	O	_	_
del	di/det	ES	O	_	_
partito	partito	SS	O	_	_
socialista	socialista	AS	O	_	_
nella	in/det	ES	O	_	_
pratica	pratica	SS	O	_	_
del	di/det	ES	O	_	_
lavoro	lavoro	SS	O	_	_
serio	serio	AS	O	_	_
e	e	C	O	_	_
responsabile	responsabile	AS	O	_	_
di	di	E	O	_	_
riforma	riforma	SS	O	_	_
sociale	sociale	AS	O	_	_
.	.	XPS	O	_	_
