# total number of persons:7, total number of gpes:17
Signor	signor	SPN	O	_	_
Luogotenente	luogotenente	SPN	O	_	_
.	.	XPS	O	_	_

Le	il	RP	O	_	_
Innsbrucker	innsbrucker	SPN	O	_	_
Nachrichen	nachrichen	SPN	O	_	_
dei	di/det	EP	O	_	_
27	27	N	O	_	_
maggio	maggio	SS	O	_	_
ebbero	avere	VI	O	_	_
la	il	RS	O	_	_
bontà	bontà	SN	O	_	_
di	di	E	O	_	_
occuparsi	occupare/rifl	VF+E	O	_	_
della	di/det	ES	O	_	_
lettera	lettera	SS	O	_	_
aperta	aperto	AS	O	_	_
ch’	che	CCHE	O	_	_
io	io	PS	O	_	_
le	il	RP	O	_	_
diressi	diressi	SP	O	_	_
per	per	E	O	_	_
mezzo	mezzo	SS	O	_	_
del	di/det	ES	O	_	_
Trentino	trentino	SPN	GPE	46.102869	11.12961993
,	comma	XPW	O	_	_
e	e	C	O	_	_
con	con	E	O	_	_
brevi	brevio	SP	O	_	_
,	comma	XPW	O	_	_
ma	ma	C	O	_	_
eloquenti	eloquente	AP	O	_	_
parole	parola	SP	O	_	_
,	comma	XPW	O	_	_
mi	io	PS	O	_	_
chiarirono	chiarire	VI	O	_	_
la	il	RS	O	_	_
situazione	situazione	SS	O	_	_
.	.	XPS	O	_	_

«	«	XPO	O	_	_
Cosa	cosa	SPN	O	_	_
strana	strano	AS	O	_	_
"!"	esclamation_mark	XPS	O	_	_

–	–	XPO	O	_	_
esclamano	esclamare	VI	O	_	_
le	il	RP	O	_	_
Innsbrucker	innsbrucker	SPN	O	_	_
Nachrichen	nachrichen	SPN	O	_	_
–	–	XPO	O	_	_
il	il	RS	O	_	_
Trentino	trentino	SPN	GPE	46.102869	11.12961993
si	rifl	PN	O	_	_
rivolge	rivolgere	VI	O	_	_
a	a	E	O	_	_
un’	uno	RS	O	_	_
autorità	autorità	SN	O	_	_
che	che	CCHE	O	_	_
,	comma	XPW	O	_	_
anziché	anziché	C	O	_	_
combattere	combattere	VF	O	_	_
,	comma	XPW	O	_	_
deve	dovere	VI	O	_	_
piuttosto	piuttosto	B	O	_	_
appoggiare	appoggiare	VF	O	_	_
il	il	RS	O	_	_
Volksbund	volksbund	SPN	O	_	_
.	.	XPS	O	_	_

O	o	C	O	_	_
non	non	B	O	_	_
sa	sapere	VI	O	_	_
il	il	RS	O	_	_
Trentino	trentino	SPN	GPE	46.102869	11.12961993
che	che	CCHE	O	_	_
il	il	RS	O	_	_
Volksbund	volksbund	SPN	O	_	_
,	comma	XPW	O	_	_
raccogliendo	raccogliere	VG	O	_	_
gli	il	RP	O	_	_
uomini	uomo	SP	O	_	_
fedeli	fedele	AP	O	_	_
alla	a/det	ES	O	_	_
provincia	provincia	SS	O	_	_
,	comma	XPW	O	_	_
cura	curare	VI	O	_	_
uno	uno	PS	O	_	_
degli	di/det	EP	O	_	_
affari	affare	SP	O	_	_
più	più	B	O	_	_
importanti	importante	AP	O	_	_
del	di/det	ES	O	_	_
Governo	governo	SS	O	_	_
?	?	XPS	O	_	_

»	»	XPO	O	_	_
Queste	questo	DP	O	_	_
parole	parola	SP	O	_	_
furono	essere	VI	O	_	_
per	per	E	O	_	_
me	me	B	O	_	_
come	come	CADV	O	_	_
un	uno	RS	O	_	_
lampo	lampo	SS	O	_	_
in	in	E	O	_	_
mezzo	mezzo	SS	O	_	_
alla	a/det	ES	O	_	_
tempesta	tempesta	SS	O	_	_
.	.	XPS	O	_	_

Finalmente	finalmente	B	O	_	_
capisco	capire	VI	O	_	_
,	comma	XPW	O	_	_
perché	perché	C	O	_	_
Ella	ella	SPN	O	_	_
permette	permettere	VI	O	_	_
agli	a/det	EP	O	_	_
impiegati	impiegato	SP	O	_	_
tedeschi	tedesco	AP	O	_	_
di	di	E	O	_	_
far	fare	VF	O	_	_
parte	parte	SS	O	_	_
del	di/det	ES	O	_	_
Volksbund	volksbund	SPN	O	_	_
,	comma	XPW	O	_	_
e	e	C	O	_	_
perché	perché	C	O	_	_
il	il	RS	O	_	_
Volksbund	volksbund	SPN	O	_	_
può	potere	VI	O	_	_
prendersi	prendere/rifl	VF+E	O	_	_
la	il	RS	O	_	_
libertà	libertà	SN	O	_	_
di	di	E	O	_	_
sorpassare	sorpassare	VF	O	_	_
impunemente	impunemente	B	O	_	_
i	il	RP	O	_	_
suoi	suo	DP	O	_	_
statuti	statuto	SP	O	_	_
o	o	C	O	_	_
di	di	E	O	_	_
invocarne	invocare/part	VF+E	O	_	_
giudaicamente	giudaicamente	B	O	_	_
la	il	RS	O	_	_
lettera	lettera	SS	O	_	_
per	per	E	O	_	_
eludere	eludere	VF	O	_	_
lo	il	RS	O	_	_
spirito	spirito	SS	O	_	_
delle	di/det	EP	O	_	_
leggi	leggio	SP	O	_	_
.	.	XPS	O	_	_

Il	il	RS	O	_	_
Volksbund	volksbund	SPN	O	_	_
cura	curare	VI	O	_	_
gli	il	RP	O	_	_
«	«	XPO	O	_	_
affari	affare	SP	O	_	_
»	»	XPO	O	_	_
,	comma	XPW	O	_	_
anzi	anzi	C	O	_	_
gli	gli	PS	O	_	_
«	«	XPO	O	_	_
affari	affare	SP	O	_	_
più	più	B	O	_	_
importanti	importante	AP	O	_	_
del	di/det	ES	O	_	_
Governo	governo	SS	O	_	_
"!"	esclamation_mark	XPS	O	_	_

»	»	XPO	O	_	_
Ciò	ciò`	PS	O	_	_
che	che	CCHE	O	_	_
il	il	RS	O	_	_
Governo	governo	SS	O	_	_
tentò	tentare	VI	O	_	_
inutilmente	inutilmente	B	O	_	_
per	per	E	O	_	_
lunghi	lungo	AP	O	_	_
anni	anno	SP	O	_	_
,	comma	XPW	O	_	_
ciò	ciò`	PS	O	_	_
che	che	CCHE	O	_	_
i	il	RP	O	_	_
tempi	tempo	SP	O	_	_
più	più	B	O	_	_
progrediti	progredito	AP	O	_	_
gli	gli	PS	O	_	_
impediscono	impedire	VI	O	_	_
di	di	E	O	_	_
fare	fare	VF	O	_	_
a	a	E	O	_	_
visiera	visiera	SS	O	_	_
aperta	aperto	AS	O	_	_
e	e	C	O	_	_
in	in	E	O	_	_
persona	persona	SS	O	_	_
propria	propria	AS	O	_	_
:	:	XPS	O	_	_
tutto	tutto	DS	O	_	_
questo	questo	PS	O	_	_
il	il	RS	O	_	_
Governo	governo	SS	O	_	_
lo	il	RS	O	_	_
fa	fare	VI	O	_	_
per	per	E	O	_	_
mezzo	mezzo	SS	O	_	_
del	di/det	ES	O	_	_
Volksbund	volksbund	SPN	O	_	_
.	.	XPS	O	_	_

Quindi	quindi	C	O	_	_
gli	il	RP	O	_	_
impiegati	impiegato	SP	O	_	_
possono	potere	VI	O	_	_
entrarvi	entrare/loc/voi	VF+E	O	_	_
a	a	E	O	_	_
bandiera	bandiera	SS	O	_	_
spiegata	spiegato	AS	O	_	_
;	semicolon	XPS	O	_	_

quindi	quindi	C	O	_	_
lo	il	RS	O	_	_
Psenner	psenner	SPN	O	_	_
,	comma	XPW	O	_	_
amministratore	amministratore	SS	O	_	_
postale	postale	AS	O	_	_
superiore	superiore	AS	O	_	_
,	comma	XPW	O	_	_
può	potere	VI	O	_	_
presiedere	presiedere	VF	O	_	_
il	il	RS	O	_	_
gruppo	gruppo	SS	O	_	_
maschile	maschile	AS	O	_	_
di	di	E	O	_	_
Bolzano	bolzano	SPN	GPE	46.4981125	11.3547801
e	e	C	O	_	_
salutare	salutare	VF	O	_	_
pubblicamente	pubblicamente	B	O	_	_
in	in	E	O	_	_
un	uno	RS	O	_	_
discorso	discorso	SS	O	_	_
politico	politico	AS	O	_	_
i	il	RP	O	_	_
soci	socio	SP	O	_	_
intervenuti	intervenire	VPP	O	_	_
al	a/det	ES	O	_	_
congresso	congresso	SS	O	_	_
generale	generale	AS	O	_	_
del	di/det	ES	O	_	_
Volksbund	volksbund	SPN	O	_	_
.	.	XPS	O	_	_

Per	per	E	O	_	_
contestare	contestare	VF	O	_	_
l’	il	RS	O	_	_
ingiusto	ingiusto	AS	O	_	_
privilegio	privilegio	SS	O	_	_
concesso	concesso	AS	O	_	_
agli	a/det	EP	O	_	_
impiegati	impiegato	SP	O	_	_
tedeschi	tedesco	AP	O	_	_
,	comma	XPW	O	_	_
si	rifl	PN	O	_	_
va	andare	VIY	O	_	_
dicendo	dire	VG	O	_	_
che	che	CCHE	O	_	_
lo	il	RS	O	_	_
scopo	scopo	SS	O	_	_
del	di/det	ES	O	_	_
Volksbund	volksbund	SPN	O	_	_
è	essere	VI	O	_	_
altamente	altamente	B	O	_	_
«	«	XPO	O	_	_
patriottico	patriottico	AS	O	_	_
e	e	C	O	_	_
dinastico	dinastico	AS	O	_	_
»	»	XPO	O	_	_
,	comma	XPW	O	_	_
poiché	poiché	C	O	_	_
tende	tendere	VI	O	_	_
a	a	E	O	_	_
salvare	salvare	VF	O	_	_
l’	il	RS	O	_	_
unità	unità	SN	O	_	_
della	di/det	ES	O	_	_
provincia	provincia	SS	O	_	_
e	e	C	O	_	_
impedire	impedire	VF	O	_	_
il	il	RS	O	_	_
primo	primo	AS	O	_	_
passo	passo	SS	O	_	_
che	che	CCHE	O	_	_
condurrebbe	condurre	VI	O	_	_
fatalmente	fatalmente	B	O	_	_
il	il	RS	O	_	_
Trentino	trentino	SPN	GPE	46.102869	11.12961993
in	in	E	O	_	_
braccio	braccio	SS	O	_	_
all’Italia.	all’italia.	SPN	O	_	_
Ridicole	ridicole	SPN	O	_	_
gonfiature	gonfiatura	SP	O	_	_
e	e	C	O	_	_
vergognose	vergognoso	AP	O	_	_
menzogne	menzogna	SP	O	_	_
"!"	esclamation_mark	XPS	O	_	_

Il	il	RS	O	_	_
Vorarlberg	vorarlberg	SPN	PER	_	_
,	comma	XPW	O	_	_
possiede	possedere	VI	O	_	_
già	già	B	O	_	_
molto	molto	B	O	_	_
più	più	B	O	_	_
di	di	E	O	_	_
quello	quello	PS	O	_	_
che	che	CCHE	O	_	_
domandano	domandare	VI	O	_	_
i	il	RP	O	_	_
trentini	trentino	SP	O	_	_
:	:	XPS	O	_	_
è	essere	VIY	O	_	_
rotta	rompere	VSP	O	_	_
per	per	E	O	_	_
questo	questo	DS	O	_	_
l’	il	RS	O	_	_
unità	unità	SN	O	_	_
provinciale	provinciale	AS	O	_	_
?	?	XPS	O	_	_

I	il	RP	O	_	_
tedeschi	tedesco	SP	O	_	_
della	di/det	ES	O	_	_
Boemia	boemia	SPN	GPE	50.1272222	14.19638889
chiedono	chiedere	VI	O	_	_
l’	il	RS	O	_	_
autonomia	autonomia	SS	O	_	_
:	:	XPS	O	_	_
si	rifl	PN	O	_	_
osa	osare	VI	O	_	_
perciò	perciò	C	O	_	_
diffamarli	diffamare/pro	VF+E	O	_	_
e	e	C	O	_	_
combatterli	combattere/pro	VF+E	O	_	_
come	come	CADV	O	_	_
irredentisti	irredentista	SP	O	_	_
?	?	XPS	O	_	_

E	e	C	O	_	_
sì	sì	B	O	_	_
che	che	CCHE	O	_	_
nel	in/det	ES	O	_	_
loro	loro	DP	O	_	_
mezzo	mezzo	SS	O	_	_
vi	vi	B	O	_	_
sono	essere	VI	O	_	_
i	il	RP	O	_	_
gruppi	gruppo	SP	O	_	_
numerosi	numeroso	AP	O	_	_
dei	di/det	EP	O	_	_
pantedeschi	pantedeschi	SP	O	_	_
e	e	C	O	_	_
dei	di/det	EP	O	_	_
tedeschi	tedesco	SP	O	_	_
radicali	radicale	AP	O	_	_
,	comma	XPW	O	_	_
che	che	CCHE	O	_	_
notoriamente	notoriamente	B	O	_	_
avversano	avversare	VI	O	_	_
l’	il	RS	O	_	_
Austria	austria	SPN	GPE	47.2000338	13.199959
con	con	E	O	_	_
la	il	RS	O	_	_
sua	suo	DS	O	_	_
dinastia	dinastia	SS	O	_	_
e	e	C	O	_	_
sospirano	sospirare	VI	O	_	_
la	il	RS	O	_	_
grande	grande	AS	O	_	_
Germania	germania	SPN	GPE	51.0834196	10.4234469
legata	legare	VSP	O	_	_
ai	a/det	EP	O	_	_
destini	destino	SP	O	_	_
degli	di/det	EP	O	_	_
Hohenzollern	hohenzollern	SPN	O	_	_
"!"	esclamation_mark	XPS	O	_	_

L’	il	RS	O	_	_
unità	unità	SN	O	_	_
della	di/det	ES	O	_	_
provincia	provincia	SS	O	_	_
e	e	C	O	_	_
lo	il	RS	O	_	_
spettro	spettro	SS	O	_	_
dell’	di/det	ES	O	_	_
irredentismo	irredentismo	SS	O	_	_
sono	essere	VI	O	_	_
due	due	N	O	_	_
pretesti	pretesto	SP	O	_	_
,	comma	XPW	O	_	_
per	per	E	O	_	_
promuovere	promuovere	VF	O	_	_
sotto	sotto	E	O	_	_
l’	il	RS	O	_	_
egida	egida	SS	O	_	_
del	di/det	ES	O	_	_
Governo	governo	SS	O	_	_
l’	il	RS	O	_	_
intedeschimento	intedeschimento	SS	O	_	_
del	di/det	ES	O	_	_
Trentino	trentino	SPN	GPE	46.102869	11.12961993
.	.	XPS	O	_	_

E	e	C	O	_	_
poi	poi	B	O	_	_
si	rifl	PN	O	_	_
dice	dire	VI	O	_	_
che	che	CCHE	O	_	_
il	il	RS	O	_	_
Volksbund	volksbund	SPN	O	_	_
non	non	B	O	_	_
ha	avere	VI	O	_	_
scopi	scopo	SP	O	_	_
politici	politico	AP	O	_	_
"!"	esclamation_mark	XPS	O	_	_

Dovunque	dovunque	VI	O	_	_
io	io	PS	O	_	_
mi	io	PS	O	_	_
volga	volgere	VI	O	_	_
e	e	C	O	_	_
quale	quale	PS	O	_	_
che	che	CCHE	O	_	_
sia	essere	VI	O	_	_
il	il	RS	O	_	_
fine	fine	SS	O	_	_
della	di/det	ES	O	_	_
società	società	SN	O	_	_
.	.	XPS	O	_	_

Il	il	RS	O	_	_
vero	vero	AS	O	_	_
,	comma	XPW	O	_	_
ch’	che	CCHE	O	_	_
io	io	PS	O	_	_
asserisco	asserire	VI	O	_	_
e	e	C	O	_	_
che	che	CCHE	O	_	_
troppo	troppo	B	O	_	_
spesso	spesso	AS	O	_	_
gli	il	RP	O	_	_
avversari	avversario	SP	O	_	_
nei	in/det	EP	O	_	_
momenti	momento	SP	O	_	_
della	di/det	ES	O	_	_
passione	passione	SS	O	_	_
più	più	B	O	_	_
acuta	acuto	AS	O	_	_
professarono	professare	VI	O	_	_
,	comma	XPW	O	_	_
o	o	C	O	_	_
il	il	RS	O	_	_
fittizio	fittizio	SS	O	_	_
,	comma	XPW	O	_	_
che	che	CCHE	O	_	_
mettono	mettere	VI	O	_	_
innanzi	innanzi	E	O	_	_
,	comma	XPW	O	_	_
quando	quando	CADV	O	_	_
vogliono	volere	VI	O	_	_
ammantarsi	ammantare/rifl	VF+E	O	_	_
di	di	E	O	_	_
una	uno	RS	O	_	_
parvenza	parvenza	SS	O	_	_
di	di	E	O	_	_
legalità	legalità	SN	O	_	_
;	semicolon	XPS	O	_	_

sempre	sempre	B	O	_	_
e	e	C	O	_	_
poi	poi	B	O	_	_
sempre	sempre	B	O	_	_
il	il	RS	O	_	_
Volksbund	volksbund	SPN	O	_	_
si	rifl	PN	O	_	_
presenta	presentare	VI	O	_	_
come	come	CADV	O	_	_
intento	intento	SS	O	_	_
a	a	E	O	_	_
un’	uno	RS	O	_	_
opera	opera	SS	O	_	_
eminentemente	eminentemente	B	O	_	_
politica	politico	AS	O	_	_
"!"	esclamation_mark	XPS	O	_	_

Signor	signor	SPN	O	_	_
Luogotenente	luogotenente	SPN	O	_	_
"!"	esclamation_mark	XPS	O	_	_

Sarebbe	essere	VI	O	_	_
Ella	ella	SPN	O	_	_
disposto	disporre	VSP	O	_	_
a	a	E	O	_	_
chiudere	chiudere	VF	O	_	_
gli	il	RP	O	_	_
occhi	occhio	SP	O	_	_
,	comma	XPW	O	_	_
se	se	C	O	_	_
gli	il	RP	O	_	_
impiegati	impiegato	SP	O	_	_
italiani	italiano	AP	O	_	_
fossero	essere	VI	O	_	_
membri	membro	SP	O	_	_
o	o	C	O	_	_
capi	capo	SP	O	_	_
di	di	E	O	_	_
una	uno	RS	O	_	_
società	società	SN	O	_	_
rivolta	rivolgere	VSP	O	_	_
ad	ad	E	O	_	_
ottenere	ottenere	VF	O	_	_
l’	il	RS	O	_	_
autonomia	autonomia	SS	O	_	_
del	di/det	ES	O	_	_
Trentino	trentino	SPN	GPE	46.102869	11.12961993
,	comma	XPW	O	_	_
fosse	essere	VI	O	_	_
pure	pure	B	O	_	_
la	il	RS	O	_	_
semplice	semplice	AS	O	_	_
autonomia	autonomia	SS	O	_	_
amministrativa	amministrativo	AS	O	_	_
?	?	XPS	O	_	_

E	e	C	O	_	_
che	che	CCHE	O	_	_
farebbe	fare	VI	O	_	_
,	comma	XPW	O	_	_
se	se	C	O	_	_
questa	questo	DS	O	_	_
società	società	SN	O	_	_
tendesse	tendere	VI	O	_	_
a	a	E	O	_	_
invadere	invadere	VF	O	_	_
il	il	RS	O	_	_
territorio	territorio	SS	O	_	_
tedesco	tedesco	AS	O	_	_
o	o	C	O	_	_
anche	anche	C	O	_	_
solo	solo	B	O	_	_
a	a	E	O	_	_
riconquistare	riconquistare	VF	O	_	_
gli	il	RP	O	_	_
italiani	italiano	SP	O	_	_
imbastarditi	imbastardito	AP	O	_	_
o	o	C	O	_	_
a	a	E	O	_	_
salvare	salvare	VF	O	_	_
i	il	RP	O	_	_
pericolanti	pericolanti	SP	O	_	_
?	?	XPS	O	_	_

Che	che	CCHE	O	_	_
cosa	cosa	SS	O	_	_
farebbe	fare	VI	O	_	_
?	?	XPS	O	_	_

La	il	RS	O	_	_
domanda	domanda	SS	O	_	_
è	essere	VI	O	_	_
superflua	superfluo	AS	O	_	_
.	.	XPS	O	_	_

Non	non	B	O	_	_
troverebbe	trovare	VI	O	_	_
fulmini	fulminio	SP	O	_	_
abbastanza	abbastanza	B	O	_	_
,	comma	XPW	O	_	_
per	per	E	O	_	_
incenerire	incenerire	VF	O	_	_
gli	il	RP	O	_	_
sciagurati	sciagurato	SP	O	_	_
.	.	XPS	O	_	_

E	e	C	O	_	_
costà	costà	VI	O	_	_
fuori	fuori	B	O	_	_
guarda	guardare	VI	O	_	_
e	e	C	O	_	_
tace	tacere	VI	O	_	_
?	?	XPS	O	_	_

O	o	C	O	_	_
crede	credere	VI	O	_	_
proprio	proprio	B	O	_	_
siamo	essere	VI	O	_	_
senza	senza	E	O	_	_
fegato	fegato	SS	O	_	_
o	o	C	O	_	_
senza	senza	E	O	_	_
cervello	cervello	SS	O	_	_
?	?	XPS	O	_	_

Se	se	C	O	_	_
Vostra	vostra	SPN	O	_	_
Signoria	signoria	SPN	O	_	_
tace	tacere	VI	O	_	_
,	comma	XPW	O	_	_
se	se	C	O	_	_
tollera	tollerare	VI	O	_	_
che	che	CCHE	O	_	_
il	il	RS	O	_	_
Volksbund	volksbund	SPN	O	_	_
fondi	fondo	SP	O	_	_
gruppi	gruppo	SP	O	_	_
perfino	perfino	B	O	_	_
fuori	fuori	E	O	_	_
dell’	di/det	ES	O	_	_
Impero	impero	SPN	O	_	_
,	comma	XPW	O	_	_
se	se	C	O	_	_
permette	permettere	VI	O	_	_
che	che	CCHE	O	_	_
con	con	E	O	_	_
mille	mille	N	O	_	_
arti	arte	SP	O	_	_
disoneste	disonesto	AP	O	_	_
attiri	attiri	AP	O	_	_
nelle	in/det	EP	O	_	_
sue	suo	DP	O	_	_
file	fila	SP	O	_	_
poveri	povero	AP	O	_	_
contadini	contadino	AP	O	_	_
italiani	italiano	AP	O	_	_
,	comma	XPW	O	_	_
vergognosamente	vergognosamente	B	O	_	_
traditi	tradire	VPP	O	_	_
;	semicolon	XPS	O	_	_

se	se	C	O	_	_
consente	consentire	VI	O	_	_
che	che	CCHE	O	_	_
gli	il	RP	O	_	_
impiegati	impiegato	SP	O	_	_
dello	di/det	ES	O	_	_
Stato	stato	SS	O	_	_
concorrano	concorrere	VI	O	_	_
a	a	E	O	_	_
questa	questo	DS	O	_	_
impresa	impresa	SS	O	_	_
brigantesca	brigantesco	AS	O	_	_
e	e	C	O	_	_
le	il	RP	O	_	_
si	rifl	PN	O	_	_
mettano	mettere	VI	O	_	_
a	a	E	O	_	_
capo	capo	SS	O	_	_
;	semicolon	XPS	O	_	_

se	se	C	O	_	_
Ella	ella	SPN	O	_	_
lascia	lasciare	VI	O	_	_
passare	passare	VF	O	_	_
tutto	tutto	DS	O	_	_
questo	questo	PS	O	_	_
cumulo	cumulo	SS	O	_	_
di	di	E	O	_	_
illegalità	illegalità	SN	O	_	_
,	comma	XPW	O	_	_
di	di	E	O	_	_
ingiustizie	ingiustizia	SP	O	_	_
,	comma	XPW	O	_	_
di	di	E	O	_	_
offese	offesa	SP	O	_	_
,	comma	XPW	O	_	_
di	di	E	O	_	_
provocazioni	provocazione	SP	O	_	_
senza	senza	E	O	_	_
fiatare	fiatare	VF	O	_	_
,	comma	XPW	O	_	_
hanno	avere	VI	O	_	_
ragione	ragione	SS	O	_	_
da	da	E	O	_	_
vendere	vendere	VF	O	_	_
le	il	RP	O	_	_
Innsbrucker	innsbrucker	SPN	O	_	_
Nachrichten	nachrichten	SPN	O	_	_
quando	quando	CADV	O	_	_
affermano	affermare	VI	O	_	_
e	e	C	O	_	_
stampano	stampare	VI	O	_	_
che	che	CCHE	O	_	_
il	il	RS	O	_	_
Volksbund	volksbund	SPN	O	_	_
fa	fare	VI	O	_	_
«	«	XPO	O	_	_
gli	il	RP	O	_	_
affari	affare	SP	O	_	_
del	di/det	ES	O	_	_
Governo	governo	SS	O	_	_
»	»	XPO	O	_	_
.	.	XPS	O	_	_

E	e	C	O	_	_
noi	noi	PP	O	_	_
,	comma	XPW	O	_	_
rammemorando	rammemorare	VG	O	_	_
giorni	giorno	SP	O	_	_
lontani	lontano	AP	O	_	_
ma	ma	C	O	_	_
di	di	E	O	_	_
cui	cui	PN	O	_	_
non	non	B	O	_	_
sarà	essere	VIY	O	_	_
mai	mai	B	O	_	_
cancellata	cancellare	VSP	O	_	_
la	il	RS	O	_	_
triste	triste	AS	O	_	_
memoria	memoria	SS	O	_	_
dovremo	dovere	VI	O	_	_
dire	dire	VF	O	_	_
:	:	XPS	O	_	_
«	«	XPO	O	_	_
Fu	essere	VI	O	_	_
tempo	tempo	SS	O	_	_
che	che	CCHE	O	_	_
,	comma	XPW	O	_	_
fingendo	fingere	VG	O	_	_
di	di	E	O	_	_
farci	fare/loc/pro	VF+E	O	_	_
l’	il	RS	O	_	_
elemosina	elemosina	SS	O	_	_
per	per	E	O	_	_
sollevare	sollevare	VF	O	_	_
la	il	RS	O	_	_
nostra	nostro	DS	O	_	_
miseria	miseria	SS	O	_	_
,	comma	XPW	O	_	_
ci	ci	PP	O	_	_
si	rifl	PN	O	_	_
imposero	imporre	VI	O	_	_
le	il	RP	O	_	_
scuole	scuola	SP	O	_	_
tedesche	tedesco	AP	O	_	_
.	.	XPS	O	_	_

Fu	essere	VI	O	_	_
tempo	tempo	SS	O	_	_
che	che	CCHE	O	_	_
un	uno	RS	O	_	_
consigliere	consigliere	SS	O	_	_
aulico	aulico	AS	O	_	_
di	di	E	O	_	_
nome	nome	SS	O	_	_
italiano	italiano	AS	O	_	_
vaneggiò	vaneggiare	VI	O	_	_
di	di	E	O	_	_
corrompere	corrompere	VF	O	_	_
il	il	RS	O	_	_
carattere	carattere	SS	O	_	_
del	di/det	ES	O	_	_
Trentino	trentino	SPN	GPE	46.102869	11.12961993
;	semicolon	XPS	O	_	_

e	e	C	O	_	_
le	il	RP	O	_	_
promesse	promessa	SP	O	_	_
,	comma	XPW	O	_	_
le	il	RP	O	_	_
minacce	minaccia	SP	O	_	_
,	comma	XPW	O	_	_
lo	il	RS	O	_	_
spionaggio	spionaggio	SS	O	_	_
dilagarono	dilagare	VI	O	_	_
nella	in/det	ES	O	_	_
nostra	nostro	DS	O	_	_
patria	patria	SS	O	_	_
,	comma	XPW	O	_	_
dove	dove	CADV	O	_	_
essere	essere	VF	O	_	_
trentino	trentino	AS	O	_	_
si	rifl	PN	O	_	_
dipingeva	dipingere	VI	O	_	_
come	come	CADV	O	_	_
un	uno	RS	O	_	_
delitto	delitto	SS	O	_	_
di	di	E	O	_	_
alto	alto	AS	O	_	_
tradimento	tradimento	SS	O	_	_
»	»	XPO	O	_	_
.	.	XPS	O	_	_

Quei	quello	DP	O	_	_
tempi	tempo	SP	O	_	_
sono	essere	VIY	O	_	_
passati	passare	VPP	O	_	_
.	.	XPS	O	_	_

La	il	RS	O	_	_
feroce	feroce	AS	O	_	_
persecuzione	persecuzione	SS	O	_	_
fallì	fallire	VI	O	_	_
.	.	XPS	O	_	_

Gli	il	RP	O	_	_
eroi	eroe	SP	O	_	_
che	che	CCHE	O	_	_
la	la	PS	O	_	_
condussero	condussero	VI	O	_	_
,	comma	XPW	O	_	_
sono	essere	VIY	O	_	_
spariti	sparire	VPP	O	_	_
o	o	C	O	_	_
il	il	RS	O	_	_
tempo	tempo	SS	O	_	_
illanguidì	illanguidire	VI	O	_	_
la	il	RS	O	_	_
memoria	memoria	SS	O	_	_
delle	di/det	EP	O	_	_
loro	loro	PP	O	_	_
gesta	gesta	SS	O	_	_
.	.	XPS	O	_	_

Ma	ma	C	O	_	_
se	se	C	O	_	_
qualche	qualche	DS	O	_	_
cosa	cosa	SS	O	_	_
valesse	valere	VI	O	_	_
a	a	E	O	_	_
ridestarla	ridestare/pro	VF+E	O	_	_
e	e	C	O	_	_
a	a	E	O	_	_
ridestare	ridestare	VF	O	_	_
con	con	E	O	_	_
essa	essa	PS	O	_	_
le	il	RP	O	_	_
proteste	protesta	SP	O	_	_
,	comma	XPW	O	_	_
le	il	RP	O	_	_
ire	ire	SP	O	_	_
,	comma	XPW	O	_	_
gli	il	RP	O	_	_
sdegni	sdegno	SP	O	_	_
,	comma	XPW	O	_	_
sarebbe	essere	VI	O	_	_
se	se	C	O	_	_
i	il	RP	O	_	_
trentini	trentino	SP	O	_	_
dovessero	dovere	VI	O	_	_
convincersi	convincere/rifl	VF+E	O	_	_
che	che	CCHE	O	_	_
l’	il	RS	O	_	_
opera	opera	SS	O	_	_
del	di/det	ES	O	_	_
Volksbund	volksbund	SPN	O	_	_
è	essere	VI	O	_	_
una	uno	RS	O	_	_
manovra	manovra	SS	O	_	_
del	di/det	ES	O	_	_
Governo	governo	SS	O	_	_
,	comma	XPW	O	_	_
che	che	CCHE	O	_	_
lascia	lasciare	VI	O	_	_
perseguitare	perseguitare	VF	O	_	_
e	e	C	O	_	_
insultare	insultare	VF	O	_	_
dai	da/det	EP	O	_	_
cittadini	cittadino	SP	O	_	_
della	di/det	ES	O	_	_
Germania	germania	SPN	GPE	51.0834196	10.4234469
e	e	C	O	_	_
tirapiedi	tirapiedi	SP	O	_	_
del	di/det	ES	O	_	_
Tirolo	tirolo	SPN	GPE	47.223193	11.5261028
,	comma	XPW	O	_	_
i	il	RP	O	_	_
cittadini	cittadino	SP	O	_	_
italiani	italiano	AP	O	_	_
dell’	di/det	ES	O	_	_
Austria	austria	SPN	O	_	_
,	comma	XPW	O	_	_
con	con	E	O	_	_
evidente	evidente	AS	O	_	_
violazione	violazione	SS	O	_	_
dei	di/det	EP	O	_	_
supremi	supremi	SP	O	_	_
diritti	diritto	AP	O	_	_
che	che	CCHE	O	_	_
la	il	RS	O	_	_
natura	natura	SS	O	_	_
e	e	C	O	_	_
le	il	RP	O	_	_
leggi	leggio	SP	O	_	_
accordano	accordare	VI	O	_	_
ad	ad	E	O	_	_
ogni	ogni	DS	O	_	_
popolo	popolo	SS	O	_	_
.	.	XPS	O	_	_

Uno	uno	PS	O	_	_
per	per	E	O	_	_
molti	molto	PP	O	_	_
PS	ps	N	O	_	_
:	:	XPS	O	_	_
Mi	io	PS	O	_	_
permetta	permettere	VI	O	_	_
,	comma	XPW	O	_	_
signor	signore	SS	O	_	_
Luogotenente	luogotenente	SPN	O	_	_
,	comma	XPW	O	_	_
di	di	E	O	_	_
aggiungere	aggiungere	VF	O	_	_
una	uno	RS	O	_	_
postilla	postilla	SS	O	_	_
.	.	XPS	O	_	_

Una	uno	RS	O	_	_
ragazza	ragazza	SS	O	_	_
di	di	E	O	_	_
Bolzano	bolzano	SPN	GPE	46.4981125	11.3547801
,	comma	XPW	O	_	_
a	a	E	O	_	_
nome	nome	SS	O	_	_
di	di	E	O	_	_
tutte	tutto	DP	O	_	_
le	il	RP	O	_	_
scolare	scolare	SP	O	_	_
di	di	E	O	_	_
quella	quello	DS	O	_	_
città	città	SN	O	_	_
,	comma	XPW	O	_	_
offerse	offerse	VPP	O	_	_
al	a/det	ES	O	_	_
signor	signore	SS	O	_	_
Wackernell	wackernell	SPN	PER	_	_
,	comma	XPW	O	_	_
presidente	presidente	SS	O	_	_
del	di/det	ES	O	_	_
Volksbund	volksbund	SPN	O	_	_
,	comma	XPW	O	_	_
un	uno	RS	O	_	_
mazzo	mazzo	SS	O	_	_
di	di	E	O	_	_
fiori	fiore	SP	O	_	_
.	.	XPS	O	_	_

Ricorda	ricordare	VI	O	_	_
,	comma	XPW	O	_	_
signor	signore	SS	O	_	_
Luogotenente	luogotenente	SPN	O	_	_
,	comma	XPW	O	_	_
che	che	CCHE	O	_	_
a	a	E	O	_	_
Trento	trento	SPN	GPE	46.0664228	11.1257601
fu	essere	VI	O	_	_
invece	invece	B	O	_	_
proibito	proibire	VSP	O	_	_
di	di	E	O	_	_
concedere	concedere	VF	O	_	_
vacanza	vacanza	SS	O	_	_
agli	a/det	EP	O	_	_
alunni	alunno	SP	O	_	_
delle	di/det	EP	O	_	_
scuole	scuola	SP	O	_	_
cittadine	cittadino	AP	O	_	_
nell’	in/det	ES	O	_	_
anniversario	anniversario	SS	O	_	_
dell’	di/det	ES	O	_	_
inaugurazione	inaugurazione	SS	O	_	_
del	di/det	ES	O	_	_
monumento	monumento	SS	O	_	_
a	a	E	O	_	_
Dante	dante	SPN	PER	_	_
?	?	XPS	O	_	_

Eppure	eppure	C	O	_	_
,	comma	XPW	O	_	_
dinanzi	dinanzi	B	O	_	_
a	a	E	O	_	_
quel	quello	DS	O	_	_
monumento	monumento	SS	O	_	_
sta	stare	VI	O	_	_
una	uno	RS	O	_	_
scritta	scritta	SS	O	_	_
,	comma	XPW	O	_	_
molto	molto	B	O	_	_
diversa	diverso	AS	O	_	_
dalle	da/det	EP	O	_	_
parole	parola	SP	O	_	_
di	di	E	O	_	_
Walther	walther	SPN	PER	_	_
citate	citare	VPP	O	_	_
a	a	E	O	_	_
Bolzano	bolzano	SPN	GPE	46.4981125	11.3547801
dal	da/det	ES	O	_	_
signor	signore	SS	O	_	_
Wackernell	wackernell	SPN	PER	_	_
.	.	XPS	O	_	_

Parole	parola	SP	O	_	_
improntate	improntare	VPP	O	_	_
alla	a/det	ES	O	_	_
smisurata	smisurato	AS	O	_	_
superbia	superbia	SS	O	_	_
di	di	E	O	_	_
quei	quello	DP	O	_	_
teutoni	teutoni	SP	O	_	_
che	che	CCHE	O	_	_
,	comma	XPW	O	_	_
a	a	E	O	_	_
somiglianza	somiglianza	SS	O	_	_
dei	di/det	EP	O	_	_
farisei	fariseo	SP	O	_	_
,	comma	XPW	O	_	_
si	rifl	PN	O	_	_
stimano	stimare	VI	O	_	_
superiori	superiore	AP	O	_	_
a	a	E	O	_	_
tutti	tutto	DP	O	_	_
gli	il	RP	O	_	_
uomini	uomo	SP	O	_	_
.	.	XPS	O	_	_

E	e	C	O	_	_
in	in	E	O	_	_
quella	quello	PS	O	_	_
bella	bello	AS	O	_	_
compagnia	compagnia	SS	O	_	_
comparve	comparire	VI	O	_	_
un	uno	RS	O	_	_
cristiano-sociale	cristiano-sociale	SS	O	_	_
,	comma	XPW	O	_	_
un	uno	RS	O	_	_
deputato	deputato	SS	O	_	_
,	comma	XPW	O	_	_
un	uno	RS	O	_	_
prete	prete	SS	O	_	_
"!"	esclamation_mark	XPS	O	_	_

Psenner	psenner	SPN	O	_	_
,	comma	XPW	O	_	_
Wackernell	wackernell	SPN	O	_	_
,	comma	XPW	O	_	_
Rohmeder	rohmeder	SPN	O	_	_
,	comma	XPW	O	_	_
Meyer	meyer	SPN	PER	_	_
,	comma	XPW	O	_	_
Steck	steck	SPN	PER	_	_
"!"	esclamation_mark	XPS	O	_	_

Che	che	CCHE	O	_	_
bel	bello	AS	O	_	_
gruppo	gruppo	SS	O	_	_
,	comma	XPW	O	_	_
non	non	B	O	_	_
è	essere	VI	O	_	_
vero	vero	AS	O	_	_
?	?	XPS	O	_	_

L’	il	RS	GPE	42.35	13.4
aquila	aquila	SS	GPE	42.35	13.4
tirolese	tirolese	AS	O	_	_
e	e	C	O	_	_
l’	il	RS	O	_	_
aquila	aquila	SS	O	_	_
dell’	di/det	ES	O	_	_
Impero	impero	SPN	O	_	_
possono	potere	VI	O	_	_
posarvi	posare/loc/voi	VF+E	O	_	_
sopra	sopra	B	O	_	_
a	a	E	O	_	_
tutto	tutto	DS	O	_	_
loro	loro	DP	O	_	_
agio	agio	SS	O	_	_
"!"	esclamation_mark	XPS	O	_	_
