# total number of persons:0, total number of gpes:5
I	il	RP	O	_	_
nostri	nostro	DP	O	_	_
accademici	accademico	SP	O	_	_
ritornano	ritornare	VI	O	_	_
ora	ora	B	O	_	_
in	in	E	O	_	_
patria	patria	SS	O	_	_
e	e	C	O	_	_
ricomincia	ricominciare	VI	O	_	_
il	il	RS	O	_	_
periodo	periodo	SS	O	_	_
delle	di/det	EP	O	_	_
vacanze	vacanza	SP	O	_	_
.	.	XPS	O	_	_

Il	il	RS	O	_	_
periodo	periodo	SS	O	_	_
è	essere	VI	O	_	_
fugace	fugace	AS	O	_	_
quant’	quant’	SS	O	_	_
altro	altro	DS	O	_	_
mai	mai	B	O	_	_
,	comma	XPW	O	_	_
giova	giovare	VI	O	_	_
tuttavia	tuttavia	B	O	_	_
ricordare	ricordare	VF	O	_	_
ch’	che	CCHE	O	_	_
esso	esso	PS	O	_	_
fu	essere	VIY	O	_	_
già	già	B	O	_	_
,	comma	XPW	O	_	_
per	per	E	O	_	_
molti	molto	PP	O	_	_
dei	di/det	EP	O	_	_
nostri	nostro	DP	O	_	_
,	comma	XPW	O	_	_
tempo	tempo	SS	O	_	_
di	di	E	O	_	_
lavoro	lavoro	SS	O	_	_
e	e	C	O	_	_
di	di	E	O	_	_
lotta	lotta	SS	O	_	_
.	.	XPS	O	_	_

Molti	molto	PP	O	_	_
preferirono	preferire	VI	O	_	_
agli	a/det	EP	O	_	_
ozi	ozio	SP	O	_	_
dei	di/det	EP	O	_	_
monti	monte	SP	O	_	_
la	il	RS	O	_	_
vita	vita	SS	O	_	_
agitata	agitare	VSP	O	_	_
fra	fra	E	O	_	_
la	il	RS	O	_	_
gente	gente	SS	O	_	_
,	comma	XPW	O	_	_
e	e	C	O	_	_
le	il	RP	O	_	_
conferenze	conferenza	SP	O	_	_
,	comma	XPW	O	_	_
le	il	RP	O	_	_
adunanze	adunanza	SP	O	_	_
parvero	parere	VI	O	_	_
come	come	CADV	O	_	_
un	uno	RS	O	_	_
soffio	soffio	SS	O	_	_
nuovo	nuovo	AS	O	_	_
che	che	CCHE	O	_	_
commovesse	commovesse	VI	O	_	_
l’	il	RS	O	_	_
aria	aria	SS	O	_	_
greve	greve	AS	O	_	_
dell’	di/det	ES	O	_	_
estate	estate	SS	O	_	_
.	.	XPS	O	_	_

Nulla	nulla	PS	O	_	_
è	essere	VIY	O	_	_
parso	parere	VSP	O	_	_
a	a	E	O	_	_
noi	noi	PP	O	_	_
più	più	B	O	_	_
pernicioso	pernicioso	AS	O	_	_
della	di/det	ES	O	_	_
presunzione	presunzione	SS	O	_	_
giovanile	giovanile	AS	O	_	_
che	che	CCHE	O	_	_
all’	a/det	ES	O	_	_
urto	urto	SS	O	_	_
prodotto	produrre	VSP	O	_	_
dal	da/det	ES	O	_	_
contrasto	contrasto	SS	O	_	_
fra	fra	E	O	_	_
la	il	RS	O	_	_
vita	vita	SS	O	_	_
universitaria	universitario	AS	O	_	_
e	e	C	O	_	_
quella	quello	PS	O	_	_
campagnola	campagnola	VI	O	_	_
del	di/det	ES	O	_	_
proprio	proprio	DS	O	_	_
paese	paese	SS	O	_	_
non	non	B	O	_	_
sa	sapere	VI	O	_	_
meditare	meditare	VF	O	_	_
e	e	C	O	_	_
adattarsi	adattare/rifl	VF+E	O	_	_
,	comma	XPW	O	_	_
ma	ma	C	O	_	_
vuol	volere	VI	O	_	_
rompere	rompere	VF	O	_	_
ed	ed	C	O	_	_
innovare	innovare	VF	O	_	_
avendo	avere	VG	O	_	_
in	in	E	O	_	_
viso	viso	SS	O	_	_
più	più	B	O	_	_
sogghigno	sogghigno	AS	O	_	_
di	di	E	O	_	_
disprezzo	disprezzo	SS	O	_	_
per	per	E	O	_	_
il	il	RS	O	_	_
tradizionale	tradizionale	AS	O	_	_
e	e	C	O	_	_
il	il	RS	O	_	_
vecchio	vecchio	AS	O	_	_
,	comma	XPW	O	_	_
che	che	CCHE	O	_	_
in	in	E	O	_	_
cuore	cuore	SS	O	_	_
fermi	fermo	AP	O	_	_
propositi	proposito	SP	O	_	_
e	e	C	O	_	_
idee	idea	SP	O	_	_
chiare	chiaro	AP	O	_	_
circa	circa	B	O	_	_
il	il	RS	O	_	_
nuovo	nuovo	AS	O	_	_
e	e	C	O	_	_
l’	il	RS	O	_	_
avvenire	avvenire	SS	O	_	_
.	.	XPS	O	_	_

Nessuno	nessuno	PS	O	_	_
d’	di	E	O	_	_
altro	altro	DS	O	_	_
canto	canto	SS	O	_	_
ci	ci	B	O	_	_
è	essere	VIY	O	_	_
parso	parere	VSP	O	_	_
d’	di	E	O	_	_
aver	avere	VFY	O	_	_
colpito	colpire	VSP	O	_	_
meglio	meglio	B	O	_	_
nel	in/det	ES	O	_	_
segno	segno	SS	O	_	_
di	di	E	O	_	_
colui	colui	PS	O	_	_
che	che	CCHE	O	_	_
ritornato	ritornare	VSP	O	_	_
dalle	da/det	EP	O	_	_
aule	aula	SP	O	_	_
universitarie	universitario	AP	O	_	_
ai	a/det	EP	O	_	_
solchi	solco	SP	O	_	_
dei	di/det	EP	O	_	_
padri	padre	SP	O	_	_
,	comma	XPW	O	_	_
durante	durante	E	O	_	_
le	il	RP	O	_	_
ferie	feria	SP	O	_	_
estive	estivo	AP	O	_	_
,	comma	XPW	O	_	_
immedesimandosi	immedesimare/rifl	VG+E	O	_	_
al	a/det	ES	O	_	_
popolo	popolo	SS	O	_	_
,	comma	XPW	O	_	_
tenta	tentare	VI	O	_	_
sulle	su/det	EP	O	_	_
basi	base	SP	O	_	_
antiche	antico	AP	O	_	_
e	e	C	O	_	_
sicure	sicuro	AP	O	_	_
di	di	E	O	_	_
erigere	erigere	VF	O	_	_
qualche	qualche	DS	O	_	_
cosa	cosa	SS	O	_	_
di	di	E	O	_	_
utilmente	utilmente	B	O	_	_
nuovo	nuovo	AS	O	_	_
e	e	C	O	_	_
di	di	E	O	_	_
apportare	apportare	VF	O	_	_
nuove	nuovo	AP	O	_	_
idee	idea	SP	O	_	_
e	e	C	O	_	_
novelle	novella	SP	O	_	_
forme	forme	AP	O	_	_
.	.	XPS	O	_	_

Lo	il	RS	O	_	_
spirito	spirito	SS	O	_	_
di	di	E	O	_	_
presunzione	presunzione	SS	O	_	_
fu	essere	VI	O	_	_
cattivo	cattivo	AS	O	_	_
animatore	animatore	SS	O	_	_
di	di	E	O	_	_
moltissimi	molto	AP	O	_	_
tra	tra	E	O	_	_
i	il	RP	O	_	_
nostri	nostro	DP	O	_	_
studenti	studente	SP	O	_	_
del	di/det	ES	O	_	_
Trentino	trentino	SPN	GPE	46.102869	11.12961993
:	:	XPS	O	_	_
un	uno	RS	O	_	_
sapere	sapere	SS	O	_	_
più	più	B	O	_	_
formale	formale	AS	O	_	_
che	che	CCHE	O	_	_
intrinseco	intrinsecare	VI	O	_	_
,	comma	XPW	O	_	_
la	il	RS	O	_	_
fede	fede	SS	O	_	_
perduta	perduto	AS	O	_	_
,	comma	XPW	O	_	_
d’	di	E	O	_	_
altro	altro	DS	O	_	_
canto	canto	SS	O	_	_
un	uno	RS	O	_	_
tal	tale	SS	O	_	_
quale	quale	DS	O	_	_
idealismo	idealismo	SS	O	_	_
,	comma	XPW	O	_	_
una	uno	RS	O	_	_
fiducia	fiducia	SS	O	_	_
cieca	cieco	AS	O	_	_
nella	in/det	ES	O	_	_
coltura	coltura	SS	O	_	_
moderna	moderno	AS	O	_	_
li	li	PP	O	_	_
spinse	spingere	VI	O	_	_
ad	ad	E	O	_	_
un	uno	RS	O	_	_
lavoro	lavoro	SS	O	_	_
che	che	CCHE	O	_	_
fosse	essere	VI	O	_	_
politico	politico	AS	O	_	_
o	o	C	O	_	_
semplicemente	semplicemente	B	O	_	_
di	di	E	O	_	_
coltura	coltura	SS	O	_	_
,	comma	XPW	O	_	_
non	non	B	O	_	_
raggiunse	raggiungere	VI	O	_	_
il	il	RS	O	_	_
suo	suo	DS	O	_	_
scopo	scopo	SS	O	_	_
e	e	C	O	_	_
non	non	B	O	_	_
fu	essere	VI	O	_	_
padre	padre	SS	O	_	_
che	che	CCHE	O	_	_
di	di	E	O	_	_
delusioni	delusione	SP	O	_	_
.	.	XPS	O	_	_

Così	così	B	O	_	_
le	il	RP	O	_	_
conferenze	conferenza	SP	O	_	_
,	comma	XPW	O	_	_
le	il	RP	O	_	_
adunanze	adunanza	SP	O	_	_
lasciarono	lasciare	VI	O	_	_
il	il	RS	O	_	_
tempo	tempo	SS	O	_	_
che	che	CCHE	O	_	_
trovarono	trovare	VI	O	_	_
.	.	XPS	O	_	_

Diversamente	diversamente	B	O	_	_
accade	accadere	VI	O	_	_
ai	a/det	EP	O	_	_
giovani	giovane	SP	O	_	_
,	comma	XPW	O	_	_
i	il	RP	O	_	_
quali	quale	PP	O	_	_
,	comma	XPW	O	_	_
inspirati	inspirare	VPP	O	_	_
a	a	E	O	_	_
quegli	quello	DP	O	_	_
ideali	ideale	SP	O	_	_
che	che	CCHE	O	_	_
condivide	condividere	VI	O	_	_
il	il	RS	O	_	_
Trentino	trentino	SPN	GPE	46.102869	11.12961993
cristiano	cristiano	AS	O	_	_
,	comma	XPW	O	_	_
avendo	avere	VG	O	_	_
già	già	B	O	_	_
legato	legare	VSP	O	_	_
il	il	RS	O	_	_
popolo	popolo	SS	O	_	_
a	a	E	O	_	_
sé	sé	PN	O	_	_
per	per	E	O	_	_
l’	il	RS	O	_	_
anello	anello	SS	O	_	_
della	di/det	ES	O	_	_
medesima	medesimo	AS	O	_	_
fede	fede	SS	O	_	_
,	comma	XPW	O	_	_
molte	molto	DP	O	_	_
idee	idea	SP	O	_	_
,	comma	XPW	O	_	_
molto	molto	B	O	_	_
moto	moto	SS	O	_	_
portarono	portare	VI	O	_	_
al	a/det	ES	O	_	_
popolo	popolo	SS	O	_	_
e	e	C	O	_	_
fecero	fare	VI	O	_	_
opera	opera	SS	O	_	_
di	di	E	O	_	_
vero	vero	AS	O	_	_
progresso	progresso	SS	O	_	_
.	.	XPS	O	_	_

Dobbiamo	dovere	VI	O	_	_
forse	forse	B	O	_	_
ricordare	ricordare	VF	O	_	_
quanta	quanto	DS	O	_	_
parte	parte	SS	O	_	_
del	di/det	ES	O	_	_
movimento	movimento	SS	O	_	_
popolare	popolare	AS	O	_	_
e	e	C	O	_	_
cristiano	cristiano	AS	O	_	_
furono	essere	VI	O	_	_
i	il	RP	O	_	_
nostri	nostro	DP	O	_	_
studenti	studente	SP	O	_	_
accademici	accademico	AP	O	_	_
e	e	C	O	_	_
quanti	quanto	DP	O	_	_
coloro	colui	PP	O	_	_
che	che	CCHE	O	_	_
sono	essere	VI	O	_	_
ora	ora	B	O	_	_
alla	a/det	ES	O	_	_
testa	testa	SS	O	_	_
delle	di/det	EP	O	_	_
nostre	nostro	DP	O	_	_
organizzazioni	organizzazione	SP	O	_	_
s’	s’	PN	O	_	_
addestrano	addestrare	VI	O	_	_
fino	fino	E	O	_	_
dagli	da/det	EP	O	_	_
anni	anno	SP	O	_	_
dello	di/det	ES	O	_	_
studio	studio	SS	O	_	_
,	comma	XPW	O	_	_
durante	durante	E	O	_	_
le	il	RP	O	_	_
ferie	feria	SP	O	_	_
,	comma	XPW	O	_	_
alle	a/det	EP	O	_	_
battaglie	battaglia	SP	O	_	_
future	futuro	AP	O	_	_
?	?	XPS	O	_	_

A	a	E	O	_	_
tutta	tutto	DS	O	_	_
la	il	RS	O	_	_
riscossa	riscossa	SS	O	_	_
popolare	popolare	AS	O	_	_
i	il	RP	O	_	_
giovani	giovane	SP	O	_	_
presero	prendere	VI	O	_	_
parte	parte	SS	O	_	_
,	comma	XPW	O	_	_
accanto	accanto	E	O	_	_
al	a/det	ES	O	_	_
clero	clero	SS	O	_	_
,	comma	XPW	O	_	_
a	a	E	O	_	_
lato	lato	SS	O	_	_
di	di	E	O	_	_
intelligenti	intelligente	AP	O	_	_
operai	operaio	SP	O	_	_
e	e	C	O	_	_
spesso	spesso	B	O	_	_
furono	essere	VI	O	_	_
essi	essi	PP	O	_	_
a	a	E	O	_	_
trovare	trovare	VF	O	_	_
nelle	in/det	EP	O	_	_
grandi	grande	AP	O	_	_
adunanze	adunanza	SP	O	_	_
e	e	C	O	_	_
nei	in/det	EP	O	_	_
congressi	congresso	SP	O	_	_
l’	il	RS	O	_	_
espressione	espressione	SS	O	_	_
più	più	B	O	_	_
calda	caldo	AS	O	_	_
e	e	C	O	_	_
più	più	B	O	_	_
sincera	sincero	AS	O	_	_
di	di	E	O	_	_
quella	quello	PS	O	_	_
che	che	CCHE	O	_	_
poi	poi	B	O	_	_
chiamammo	chiamare	VI	O	_	_
Democrazia	democrazia	SPN	O	_	_
cristiana	cristiano	AS	O	_	_
.	.	XPS	O	_	_

Oggi	oggi	B	O	_	_
molto	molto	B	O	_	_
è	essere	VI	O	_	_
raggiunto	raggiunto	AS	O	_	_
:	:	XPS	O	_	_
un’	uno	RS	O	_	_
organizzazione	organizzazione	SS	O	_	_
economica	economico	AS	O	_	_
rurale	rurale	AS	O	_	_
,	comma	XPW	O	_	_
che	che	CCHE	O	_	_
i	il	RP	O	_	_
forestieri	forestiero	SP	O	_	_
c’	ci	B	O	_	_
invidiano	invidiare	VI	O	_	_
,	comma	XPW	O	_	_
opere	opera	SP	O	_	_
materiali	materiale	AP	O	_	_
e	e	C	O	_	_
morali	morale	AP	O	_	_
che	che	CCHE	O	_	_
non	non	B	O	_	_
passeranno	passare	VI	O	_	_
.	.	XPS	O	_	_

Ma	ma	C	O	_	_
difficile	difficile	AS	O	_	_
è	essere	VI	O	_	_
mantenere	mantenere	VF	O	_	_
.	.	XPS	O	_	_

Le	il	RP	O	_	_
piante	pianta	SP	O	_	_
,	comma	XPW	O	_	_
a	a	E	O	_	_
cui	cui	PN	O	_	_
manchi	mancare	VI	O	_	_
per	per	E	O	_	_
poco	poco	B	O	_	_
il	il	RS	O	_	_
nutrimento	nutrimento	SS	O	_	_
,	comma	XPW	O	_	_
inaridiscono	inaridire	VI	O	_	_
.	.	XPS	O	_	_

Le	il	RP	O	_	_
società	società	SN	O	_	_
economiche	economico	AP	O	_	_
senza	senza	E	O	_	_
lo	il	RS	O	_	_
spirito	spirito	SS	O	_	_
per	per	E	O	_	_
cui	cui	PN	O	_	_
sono	essere	VIY	O	_	_
sorte	sorgere	VPP	O	_	_
,	comma	XPW	O	_	_
diventano	diventare	VI	O	_	_
delle	di/det	EP	O	_	_
botteghe	bottega	SP	O	_	_
come	come	CADV	O	_	_
tant’	tant’	SS	O	_	_
altre	altro	DP	O	_	_
.	.	XPS	O	_	_

Infine	infine	B	O	_	_
ora	ora	B	O	_	_
dovrebbe	dovere	VI	O	_	_
incominciare	incominciare	VF	O	_	_
il	il	RS	O	_	_
vero	vero	AS	O	_	_
lavoro	lavoro	SS	O	_	_
per	per	E	O	_	_
il	il	RS	O	_	_
risorgimento	risorgimento	SS	O	_	_
del	di/det	ES	O	_	_
paese	paese	SS	O	_	_
,	comma	XPW	O	_	_
la	il	RS	O	_	_
creazione	creazione	SS	O	_	_
delle	di/det	EP	O	_	_
industrie	industria	SP	O	_	_
.	.	XPS	O	_	_

Ma	ma	C	O	_	_
quelle	quello	PP	O	_	_
specialmente	specialmente	B	O	_	_
che	che	CCHE	O	_	_
abbisognano	abbisognare	VI	O	_	_
ancora	ancora	B	O	_	_
dell’	di/det	ES	O	_	_
entusiasmo	entusiasmo	SS	O	_	_
,	comma	XPW	O	_	_
della	di/det	ES	O	_	_
parola	parola	SS	O	_	_
dei	di/det	EP	O	_	_
giovani	giovane	SP	O	_	_
sono	essere	VI	O	_	_
le	il	RP	O	_	_
associazioni	associazione	SP	O	_	_
di	di	E	O	_	_
coltura	coltura	SS	O	_	_
popolare	popolare	AS	O	_	_
,	comma	XPW	O	_	_
le	il	RP	O	_	_
società	società	SN	O	_	_
operaie	operaio	AP	O	_	_
,	comma	XPW	O	_	_
i	il	RP	O	_	_
circoli	circolo	SP	O	_	_
di	di	E	O	_	_
lettura	lettura	SS	O	_	_
.	.	XPS	O	_	_

Sono	essere	VI	O	_	_
fiori	fiore	SP	O	_	_
delicati	delicato	AP	O	_	_
,	comma	XPW	O	_	_
presto	presto	B	O	_	_
avvizziti	avvizzire	VPP	O	_	_
se	se	C	O	_	_
l’	il	RS	O	_	_
acqua	acqua	SS	O	_	_
vien	vien	VI	O	_	_
meno	meno	B	O	_	_
.	.	XPS	O	_	_

S’	s’	PN	O	_	_
è	essere	VIY	O	_	_
detto	dire	VSP	O	_	_
che	che	CCHE	O	_	_
sono	essere	VI	O	_	_
in	in	E	O	_	_
decadenza	decadenza	SS	O	_	_
.	.	XPS	O	_	_

Non	non	B	O	_	_
è	essere	VI	O	_	_
vero	vero	AS	O	_	_
,	comma	XPW	O	_	_
sono	essere	VIY	O	_	_
assopite	assopire	VPP	O	_	_
.	.	XPS	O	_	_

A	a	E	O	_	_
voi	voi	PS	O	_	_
,	comma	XPW	O	_	_
giovani	giovane	SP	O	_	_
,	comma	XPW	O	_	_
provate	provare	VPP	O	_	_
a	a	E	O	_	_
mandare	mandare	VF	O	_	_
loro	loro	PP	O	_	_
una	uno	RS	O	_	_
voce	voce	SS	O	_	_
e	e	C	O	_	_
si	rifl	PN	O	_	_
scuoteranno	scuotere	VI	O	_	_
,	comma	XPW	O	_	_
solleveranno	sollevare	VI	O	_	_
il	il	RS	O	_	_
capo	capo	SS	O	_	_
.	.	XPS	O	_	_

Più	più	B	O	_	_
urgente	urgente	AS	O	_	_
è	essere	VI	O	_	_
la	il	RS	O	_	_
necessità	necessità	SN	O	_	_
di	di	E	O	_	_
lavorare	lavorare	VF	O	_	_
in	in	E	O	_	_
questo	questo	DS	O	_	_
campo	campo	SS	O	_	_
,	comma	XPW	O	_	_
se	se	C	O	_	_
si	rifl	PN	O	_	_
considerano	considerare	VI	O	_	_
i	il	RP	O	_	_
bisogni	bisogno	SP	O	_	_
del	di/det	ES	O	_	_
momento	momento	SS	O	_	_
e	e	C	O	_	_
dall’	da/det	ES	O	_	_
altro	altro	DS	O	_	_
lato	lato	SS	O	_	_
la	il	RS	O	_	_
mancanza	mancanza	SS	O	_	_
assoluta	assoluto	AS	O	_	_
di	di	E	O	_	_
una	uno	RS	O	_	_
coscienza	coscienza	SS	O	_	_
politica	politico	AS	O	_	_
e	e	C	O	_	_
nazionale	nazionale	AS	O	_	_
fra	fra	E	O	_	_
il	il	RS	O	_	_
popolo	popolo	SS	O	_	_
.	.	XPS	O	_	_

Crearla	creare/pro	VF+E	O	_	_
,	comma	XPW	O	_	_
ecco	ecco	B	O	_	_
il	il	RS	O	_	_
compito	compito	SS	O	_	_
d’	di	E	O	_	_
oggi	oggi	B	O	_	_
.	.	XPS	O	_	_

Opera	opera	SS	O	_	_
difficile	difficile	AS	O	_	_
,	comma	XPW	O	_	_
ci	ci	B	O	_	_
hanno	avere	VIY	O	_	_
opposto	opporre	VSP	O	_	_
alcuni	alcuni	PP	O	_	_
,	comma	XPW	O	_	_
e	e	C	O	_	_
per	per	E	O	_	_
la	il	RS	O	_	_
quale	quale	PS	O	_	_
dobbiamo	dovere	VI	O	_	_
lottare	lottare	VF	O	_	_
non	non	B	O	_	_
solo	solo	B	O	_	_
coi	con/det	EP	O	_	_
nemici	nemico	SP	O	_	_
fuori	fuori	B	O	_	_
casa	casa	SS	O	_	_
,	comma	XPW	O	_	_
ma	ma	C	O	_	_
anche	anche	C	O	_	_
con	con	E	O	_	_
certi	certi	SP	O	_	_
«	«	XPO	O	_	_
amici	amico	AP	O	_	_
»	»	XPO	O	_	_
di	di	E	O	_	_
casa	casa	SS	O	_	_
nostra	nostro	DS	O	_	_
.	.	XPS	O	_	_

Ed	ed	C	O	_	_
è	essere	VI	O	_	_
vero	vero	AS	O	_	_
,	comma	XPW	O	_	_
ma	ma	C	O	_	_
o	o	C	O	_	_
riuscirà	riuscire	VI	O	_	_
anche	anche	C	O	_	_
quest’	questo	DS	O	_	_
opera	opera	SS	O	_	_
,	comma	XPW	O	_	_
o	o	C	O	_	_
vane	vano	AP	O	_	_
saranno	essere	VI	O	_	_
le	il	RP	O	_	_
altre	altro	DP	O	_	_
fatiche	fatica	SP	O	_	_
.	.	XPS	O	_	_

Per	per	E	O	_	_
i	il	RP	O	_	_
giovani	giovane	SP	O	_	_
accademici	accademico	AP	O	_	_
dovrebbe	dovere	VI	O	_	_
essere	essere	VF	O	_	_
un	uno	RS	O	_	_
punto	punto	SS	O	_	_
d’	di	E	O	_	_
onore	onore	SS	O	_	_
1’	1’	XPO	O	_	_
occuparsene	occuparsene	VI	O	_	_
.	.	XPS	O	_	_

Senza	senza	E	O	_	_
presunzioni	presunzione	SP	O	_	_
,	comma	XPW	O	_	_
senza	senza	C	O	_	_
voler	volere	VF	O	_	_
apparire	apparire	VF	O	_	_
come	come	CADV	O	_	_
propagandisti	propagandista	SP	O	_	_
di	di	E	O	_	_
una	uno	RS	O	_	_
dottrina	dottrina	SS	O	_	_
nuova	nuovo	AS	O	_	_
,	comma	XPW	O	_	_
ma	ma	C	O	_	_
invece	invece	C	O	_	_
come	come	CADV	O	_	_
continuatori	continuatore	SP	O	_	_
del	di/det	ES	O	_	_
movimento	movimento	SS	O	_	_
cattolico	cattolico	AS	O	_	_
,	comma	XPW	O	_	_
i	il	RP	O	_	_
giovani	giovane	SP	O	_	_
che	che	CCHE	O	_	_
parleranno	parlare	VI	O	_	_
al	a/det	ES	O	_	_
popolo	popolo	SS	O	_	_
saranno	essere	VIY	O	_	_
ascoltati	ascoltare	VPP	O	_	_
.	.	XPS	O	_	_

Via	via	B	O	_	_
da	da	E	O	_	_
noi	noi	PP	O	_	_
il	il	RS	O	_	_
frasaiolismo	frasaiolismo	SS	O	_	_
e	e	C	O	_	_
il	il	RS	O	_	_
dilettantismo	dilettantismo	SS	O	_	_
a	a	E	O	_	_
buon	buon	AS	O	_	_
mercato	mercato	SS	O	_	_
di	di	E	O	_	_
certi	certo	DP	O	_	_
nazionalisti	nazionalista	SP	O	_	_
:	:	XPS	O	_	_
niente	niente	PS	O	_	_
ha	avere	VIY	O	_	_
reso	rendere	VSP	O	_	_
il	il	RS	O	_	_
popolo	popolo	SS	O	_	_
più	più	B	O	_	_
refrattario	refrattario	AS	O	_	_
allo	a/det	ES	O	_	_
spirito	spirito	SS	O	_	_
nazionale	nazionale	AS	O	_	_
di	di	E	O	_	_
tutto	tutto	DS	O	_	_
questo	questo	PS	O	_	_
bagaglio	bagaglio	SS	O	_	_
che	che	CCHE	O	_	_
si	rifl	PN	O	_	_
usa	usare	VI	O	_	_
trascinare	trascinare	VF	O	_	_
seco	seco	AS	O	_	_
nelle	in/det	EP	O	_	_
dimostrazioni	dimostrazione	SP	O	_	_
,	comma	XPW	O	_	_
nelle	in/det	EP	O	_	_
gite	gita	SP	O	_	_
e	e	C	O	_	_
che	che	CCHE	O	_	_
si	rifl	PN	O	_	_
tira	tirare	VI	O	_	_
fuori	fuori	B	O	_	_
nei	in/det	EP	O	_	_
brindisi	brindisi	SP	O	_	_
.	.	XPS	O	_	_

E	e	C	O	_	_
soprattutto	soprattutto	B	O	_	_
non	non	B	O	_	_
presentiamo	presentare	VI	O	_	_
né	né	B	O	_	_
la	il	RS	O	_	_
difesa	difesa	SS	O	_	_
nazionale	nazionale	AS	O	_	_
né	né	B	O	_	_
l’	il	RS	O	_	_
opera	opera	SS	O	_	_
di	di	E	O	_	_
elevamento	elevamento	SS	O	_	_
nazionale	nazionale	AS	O	_	_
come	come	CADV	O	_	_
qualche	qualche	DS	O	_	_
cosa	cosa	SS	O	_	_
di	di	E	O	_	_
astratto	astratto	SS	O	_	_
da	da	E	O	_	_
tutte	tutto	DP	O	_	_
le	il	RP	O	_	_
altre	altro	DP	O	_	_
tendenze	tendenza	SP	O	_	_
,	comma	XPW	O	_	_
no	no	B	O	_	_
,	comma	XPW	O	_	_
non	non	B	O	_	_
conviene	convenire	VI	O	_	_
parlare	parlare	VF	O	_	_
come	come	CADV	O	_	_
di	di	E	O	_	_
cosa	cosa	SS	O	_	_
a	a	E	O	_	_
sé	sé	PN	O	_	_
,	comma	XPW	O	_	_
o	o	C	O	_	_
del	di/det	ES	O	_	_
momento	momento	SS	O	_	_
.	.	XPS	O	_	_

Se	se	C	O	_	_
volete	volere	VI	O	_	_
veramente	veramente	B	O	_	_
creare	creare	VF	O	_	_
una	uno	RS	O	_	_
coscienza	coscienza	SS	O	_	_
,	comma	XPW	O	_	_
dovete	dovere	VI	O	_	_
andare	andare	VF	O	_	_
fino	fino	E	O	_	_
al	a/det	ES	O	_	_
fondo	fondo	SS	O	_	_
,	comma	XPW	O	_	_
dovete	dovere	VI	O	_	_
presentare	presentare	VF	O	_	_
al	a/det	ES	O	_	_
popolo	popolo	SS	O	_	_
un	uno	RS	O	_	_
programma	programma	SS	O	_	_
integrale	integrale	AS	O	_	_
di	di	E	O	_	_
risorgimento	risorgimento	SS	O	_	_
e	e	C	O	_	_
di	di	E	O	_	_
rinnovamento	rinnovamento	SS	O	_	_
e	e	C	O	_	_
come	come	CADV	O	_	_
parte	parte	SS	O	_	_
logicamente	logicamente	B	O	_	_
connesso	connettere	VSP	O	_	_
al	a/det	ES	O	_	_
resto	resto	SS	O	_	_
anche	anche	C	O	_	_
quanto	quanto	QNS	O	_	_
riguarda	riguardare	VI	O	_	_
più	più	B	O	_	_
specificamente	specificamente	B	O	_	_
la	il	RS	O	_	_
lingua	lingua	SS	O	_	_
,	comma	XPW	O	_	_
la	il	RS	O	_	_
questione	questione	SS	O	_	_
nazionale	nazionale	AS	O	_	_
.	.	XPS	O	_	_

Dobbiamo	dovere	VI	O	_	_
dimostrare	dimostrare	VF	O	_	_
al	a/det	ES	O	_	_
popolo	popolo	SS	O	_	_
che	che	CCHE	O	_	_
il	il	RS	O	_	_
suo	suo	DS	O	_	_
elevamento	elevamento	SS	O	_	_
morale	morale	AS	O	_	_
,	comma	XPW	O	_	_
religioso	religioso	AS	O	_	_
,	comma	XPW	O	_	_
economico	economico	AS	O	_	_
e	e	C	O	_	_
di	di	E	O	_	_
coltura	coltura	SS	O	_	_
nazionale	nazionale	AS	O	_	_
sono	essere	VI	O	_	_
una	uno	RS	O	_	_
medesima	medesimo	AS	O	_	_
cosa	cosa	SS	O	_	_
.	.	XPS	O	_	_

Allora	allora	C	O	_	_
avremo	avere	VIY	O	_	_
dato	dare	VSP	O	_	_
al	a/det	ES	O	_	_
popolo	popolo	SS	O	_	_
anche	anche	C	O	_	_
una	uno	RS	O	_	_
coscienza	coscienza	SS	O	_	_
dei	di/det	EP	O	_	_
suoi	suo	DP	O	_	_
diritti	diritto	SP	O	_	_
politici	politico	AP	O	_	_
entro	entro	E	O	_	_
lo	il	RS	O	_	_
Stato	stato	SS	O	_	_
.	.	XPS	O	_	_

Ma	ma	C	O	_	_
lasciar	lasciare	VF	O	_	_
regnare	regnare	VF	O	_	_
equivoci	equivoci	SP	O	_	_
è	essere	VIY	O	_	_
pericoloso	pericoloso	VSP	O	_	_
,	comma	XPW	O	_	_
lasciar	lasciare	VF	O	_	_
dubitare	dubitare	VF	O	_	_
che	che	CCHE	O	_	_
l’	il	RS	O	_	_
elevamento	elevamento	SS	O	_	_
nazionale	nazionale	AS	O	_	_
possa	potere	VI	O	_	_
essere	essere	VF	O	_	_
qualche	qualche	DS	O	_	_
cosa	cosa	SS	O	_	_
di	di	E	O	_	_
diverso	diverso	SS	O	_	_
o	o	C	O	_	_
contrario	contrario	AS	O	_	_
a	a	E	O	_	_
quello	quello	PS	O	_	_
morale	morale	AS	O	_	_
religioso	religioso	AS	O	_	_
o	o	C	O	_	_
magari	magari	B	O	_	_
osteggiare	osteggiare	VF	O	_	_
quello	quello	PS	O	_	_
economico	economico	AS	O	_	_
,	comma	XPW	O	_	_
è	essere	VI	O	_	_
come	come	CADV	O	_	_
rinunziare	rinunziare	VF	O	_	_
per	per	E	O	_	_
sempre	sempre	B	O	_	_
a	a	E	O	_	_
formare	formare	VF	O	_	_
il	il	RS	O	_	_
Trentino	trentino	SPN	GPE	46.102869	11.12961993
,	comma	XPW	O	_	_
quel	quello	DS	O	_	_
Trentino	trentino	SPN	GPE	46.102869	11.12961993
moralmente	moralmente	B	O	_	_
unito	unire	VSP	O	_	_
cioè	cioe`	B	O	_	_
,	comma	XPW	O	_	_
che	che	CCHE	O	_	_
non	non	B	O	_	_
esiste	esistere	VI	O	_	_
ancora	ancora	B	O	_	_
.	.	XPS	O	_	_

Vedano	vedere	VI	O	_	_
i	il	RP	O	_	_
giovani	giovane	SP	O	_	_
amici	amico	AP	O	_	_
di	di	E	O	_	_
rivolgere	rivolgere	VF	O	_	_
la	il	RS	O	_	_
mente	mente	SS	O	_	_
e	e	C	O	_	_
l’	il	RS	O	_	_
opera	opera	SS	O	_	_
loro	loro	PP	O	_	_
a	a	E	O	_	_
questa	questo	DS	O	_	_
meta	meta	SS	O	_	_
.	.	XPS	O	_	_

La	il	RS	O	_	_
nostra	nostro	DS	O	_	_
Unione	unione	SS	O	_	_
popolare	popolare	AS	O	_	_
ha	avere	VIY	O	_	_
presentato	presentare	VSP	O	_	_
questo	questo	DS	O	_	_
programma	programma	SS	O	_	_
al	a/det	ES	O	_	_
popolo	popolo	SS	O	_	_
e	e	C	O	_	_
l’	l’	PS	O	_	_
ha	avere	VIY	O	_	_
lanciato	lanciare	VSP	O	_	_
quasi	quasi	B	O	_	_
per	per	E	O	_	_
tutte	tutto	DP	O	_	_
le	il	RP	O	_	_
valli	vallo	SP	O	_	_
.	.	XPS	O	_	_

Spiegarlo	spiegarlo	SPN	O	_	_
,	comma	XPW	O	_	_
diffonderlo	diffondere/pro	VF+E	O	_	_
fra	fra	E	O	_	_
le	il	RP	O	_	_
classi	classe	SP	O	_	_
popolari	popolare	AP	O	_	_
è	essere	VI	O	_	_
lavorare	lavorare	VF	O	_	_
alla	a/det	ES	O	_	_
formazione	formazione	SS	O	_	_
del	di/det	ES	O	_	_
Trentino	trentino	SPN	GPE	46.102869	11.12961993
,	comma	XPW	O	_	_
di	di	E	O	_	_
questa	questo	DS	O	_	_
nostra	nostro	DS	O	_	_
terra	terra	SS	O	_	_
,	comma	XPW	O	_	_
che	che	CCHE	O	_	_
faremo	fare	VI	O	_	_
indipendente	indipendente	AS	O	_	_
dagli	da/det	EP	O	_	_
avversari	avversario	SP	O	_	_
solo	solo	B	O	_	_
quando	quando	CADV	O	_	_
avremo	avere	VI	O	_	_
un	uno	RS	O	_	_
popolo	popolo	SS	O	_	_
intelligente	intelligente	AS	O	_	_
,	comma	XPW	O	_	_
libero	libero	AS	O	_	_
e	e	C	O	_	_
franco	franco	AS	O	_	_
.	.	XPS	O	_	_
