# total number of persons:48, total number of gpes:4
Il	il	RS	O	_	_
partito	partito	SS	O	_	_
nazionale	nazionale	AS	O	_	_
liberale	liberale	AS	O	_	_
provvede	provvedere	VI	O	_	_
ormai	ormai	B	O	_	_
alla	a/det	ES	O	_	_
formazione	formazione	SS	O	_	_
di	di	E	O	_	_
linea	linea	SS	O	_	_
.	.	XPS	O	_	_

Sono	essere	VI	O	_	_
già	già	B	O	_	_
stabiliti	stabilire	VPP	O	_	_
i	il	RP	O	_	_
candidati	candidato	SP	O	_	_
del	di/det	ES	O	_	_
III	iii	N	O	_	_
e	e	C	O	_	_
del	di/det	ES	O	_	_
II	ii	N	O	_	_
corpo	corpo	SS	O	_	_
.	.	XPS	O	_	_

Per	per	E	O	_	_
il	il	RS	O	_	_
primo	primo	SS	O	_	_
si	rifl	PN	O	_	_
provvederà	provvederà	VI	O	_	_
più	più	B	O	_	_
tardi	tardi	B	O	_	_
,	comma	XPW	O	_	_
come	come	CADV	O	_	_
appunto	appunto	B	O	_	_
abbiamo	avere	VIY	O	_	_
pubblicato	pubblicare	VSP	O	_	_
noi	noi	PP	O	_	_
e	e	C	O	_	_
come	come	CADV	O	_	_
invece	invece	B	O	_	_
non	non	B	O	_	_
doveva	dovere	VI	O	_	_
apparire	apparire	VF	O	_	_
dal	da/det	ES	O	_	_
comunicato	comunicato	SS	O	_	_
ufficiale	ufficiale	AS	O	_	_
dell’	di/det	ES	O	_	_
«	«	XPO	O	_	_
Alto	alto	SPN	GPE	46.65596895	11.22964387
Adige	adige	SPN	GPE	46.65596895	11.22964387
»	»	XPO	O	_	_
.	.	XPS	O	_	_

Il	il	RS	O	_	_
primo	primo	AS	O	_	_
corpo	corpo	SS	O	_	_
è	essere	VI	O	_	_
la	il	RS	O	_	_
riserva	riserva	SS	O	_	_
dell’	di/det	ES	O	_	_
ala	ala	SS	O	_	_
moderata	moderato	AS	O	_	_
,	comma	XPW	O	_	_
una	uno	RS	O	_	_
riserva	riserva	SS	O	_	_
molto	molto	B	O	_	_
cospicua	cospicuo	AS	O	_	_
perché	perché	C	O	_	_
dispone	disporre	VI	O	_	_
di	di	E	O	_	_
dodici	dodici	N	O	_	_
mandati	mandato	SP	O	_	_
.	.	XPS	O	_	_

Ora	ora	B	O	_	_
ecco	ecco	B	O	_	_
i	il	RP	O	_	_
nomi	noma	SP	O	_	_
che	che	CCHE	O	_	_
si	rifl	PN	O	_	_
danno	dare	VI	O	_	_
per	per	E	O	_	_
certi	certi	VF+E	O	_	_
come	come	CADV	O	_	_
candidati	candidato	SP	O	_	_
del	di/det	ES	O	_	_
partito	partito	SS	O	_	_
nazionale	nazionale	AS	O	_	_
liberale	liberale	AS	O	_	_
:	:	XPS	O	_	_
Avv.	avv.	SPN	O	_	_
D.r	d.r	YA	O	_	_
Bertolini	bertolini	SPN	O	_	_
,	comma	XPW	O	_	_
Bertoldi	bertoldi	SPN	PER	_	_
Giuseppe	giuseppe	SPN	PER	_	_
,	comma	XPW	O	_	_
prof.	prof.	SS	O	_	_
Cristofolini	cristofolini	SPN	PER	_	_
,	comma	XPW	O	_	_
Amedeo	amedeo	SPN	PER	_	_
Benuzzi	benuzzi	SPN	PER	_	_
,	comma	XPW	O	_	_
Alberti	alberti	SPN	PER	_	_
Antonio	antonio	SPN	PER	_	_
,	comma	XPW	O	_	_
Zippel	zippel	SPN	PER	_	_
Vittorio	vittorio	SPN	PER	_	_
.	.	XPS	O	_	_

Questi	questo	DP	O	_	_
sei	sei	N	O	_	_
rappresentano	rappresentare	VI	O	_	_
la	il	RS	O	_	_
continuità	continuità	SN	O	_	_
dell’	di/det	ES	O	_	_
amministrazione	amministrazione	SS	O	_	_
.	.	XPS	O	_	_

Bertolini	bertolini	SPN	PER	_	_
è	essere	VI	O	_	_
il	il	RS	O	_	_
presidente	presidente	SS	O	_	_
della	di/det	ES	O	_	_
«	«	XPO	O	_	_
Democrazia	democrazia	SPN	O	_	_
»	»	XPO	O	_	_
Benuzzi	benuzzi	SPN	PER	_	_
e	e	C	O	_	_
Bertoldi	bertoldi	SPN	PER	_	_
,	comma	XPW	O	_	_
due	due	N	O	_	_
fedeli	fedele	SP	O	_	_
dell’	di/det	ES	O	_	_
ex	ex	SN	O	_	_
maggioranza	maggioranza	SS	O	_	_
,	comma	XPW	O	_	_
l’	il	RS	O	_	_
Alberti	alberti	SPN	PER	_	_
e	e	C	O	_	_
Zippel	zippel	SPN	PER	_	_
inclini	inclinare	VI	O	_	_
piuttosto	piuttosto	B	O	_	_
verso	verso	E	O	_	_
destra	destra	SS	O	_	_
.	.	XPS	O	_	_

Cristofolini	cristofolini	SPN	PER	_	_
,	comma	XPW	O	_	_
uomo	uomo	SS	O	_	_
dell’	di/det	ES	O	_	_
ultimo	ultimo	SS	O	_	_
e	e	C	O	_	_
più	più	B	O	_	_
recente	recente	AS	O	_	_
periodo	periodo	SS	O	_	_
.	.	XPS	O	_	_

Seguono	seguire	VI	O	_	_
uomini	uomo	SP	O	_	_
nuovi	nuovo	AP	O	_	_
o	o	C	O	_	_
rinnovati	rinnovare	VPP	O	_	_
che	che	CCHE	O	_	_
dovrebbero	dovere	VI	O	_	_
rappresentare	rappresentare	VF	O	_	_
tutti	tutto	DP	O	_	_
i	il	RP	O	_	_
settori	settore	SP	O	_	_
della	di/det	ES	O	_	_
concentrazione	concentrazione	SS	O	_	_
.	.	XPS	O	_	_

D’	di	E	O	_	_
una	uno	RS	O	_	_
parte	parte	SS	O	_	_
A.	a.	YA	O	_	_
Tambosi	tambosi	SPN	O	_	_
,	comma	XPW	O	_	_
il	il	RS	O	_	_
cav.	cav.	SS	O	_	_
R.	r.	YA	PER	_	_
Ciani	ciani	SPN	PER	_	_
,	comma	XPW	O	_	_
presidente	presidente	SS	O	_	_
della	di/det	ES	O	_	_
Cooperativa	cooperativa	SPN	O	_	_
,	comma	XPW	O	_	_
il	il	RS	O	_	_
conte	conte	SS	O	_	_
Manci	manci	SPN	PER	_	_
e	e	C	O	_	_
Girardini	girardini	SPN	PER	_	_
(	open_parenthesis	XPB	O	_	_
questi	questo	DP	O	_	_
due	due	N	O	_	_
già	già	B	O	_	_
candidati	candidare	VPP	O	_	_
all’	a/det	ES	O	_	_
epoca	epoca	SS	O	_	_
della	di/det	ES	O	_	_
prima	primo	AS	O	_	_
concentrazione	concentrazione	SS	O	_	_
e	e	C	O	_	_
poi	poi	B	O	_	_
dimissionari	dimissionario	AP	O	_	_
per	per	E	O	_	_
tradimento	tradimento	SS	O	_	_
dei	di/det	EP	O	_	_
moderati	moderato	SP	O	_	_
del	di/det	ES	O	_	_
primo	primo	AS	O	_	_
corpo	corpo	SS	O	_	_
)	close_parenthesis	XPB	O	_	_
,	comma	XPW	O	_	_
l’	il	RS	O	_	_
ing	ing	SN	O	_	_
.	.	XPS	O	_	_

Fogaroli	fogaroli	SPN	PER	_	_
;	semicolon	XPS	O	_	_

dall’	da/det	ES	O	_	_
altra	altro	DS	O	_	_
Tomasini	tomasini	SPN	PER	_	_
,	comma	XPW	O	_	_
intagliatore	intagliatore	SS	O	_	_
,	comma	XPW	O	_	_
Rigatti	rigatti	SPN	PER	_	_
,	comma	XPW	O	_	_
scultore	scultore	SS	O	_	_
,	comma	XPW	O	_	_
Mario	mario	SPN	PER	_	_
Scoloni	scoloni	SPN	PER	_	_
,	comma	XPW	O	_	_
ex	ex	SN	O	_	_
direttore	direttore	SS	O	_	_
o	o	C	O	_	_
ex	ex	SN	O	_	_
vicedirettore	vicedirettore	SS	O	_	_
dell’	di/det	ES	O	_	_
Alto	alto	SPN	GPE	46.65596895	11.22964387
Adige	adige	SPN	GPE	46.65596895	11.22964387
,	comma	XPW	O	_	_
maestro	maestro	SS	O	_	_
Fr.	fr.	SPN	O	_	_
Mosna	mosna	SPN	O	_	_
,	comma	XPW	O	_	_
ex	ex	SN	O	_	_
socialista	socialista	SS	O	_	_
,	comma	XPW	O	_	_
Fausto	fausto	SPN	PER	_	_
Pasini	pasini	SPN	PER	_	_
,	comma	XPW	O	_	_
ex	ex	SN	O	_	_
capo	capo	SS	O	_	_
socialista	socialista	AS	O	_	_
.	.	XPS	O	_	_

Seguono	seguire	VI	O	_	_
poi	poi	B	O	_	_
il	il	RS	O	_	_
praticante	praticante	SS	O	_	_
d’	di	E	O	_	_
avv	avv	SS	O	_	_
.	.	XPS	O	_	_

D.r	d.r	YA	O	_	_
G.	g.	YA	O	_	_
Menestrina	menestrina	SPN	O	_	_
,	comma	XPW	O	_	_
candidato	candidare	VSP	O	_	_
anche	anche	C	O	_	_
l’	il	RS	O	_	_
ultima	ultimo	AS	O	_	_
volta	volta	SS	O	_	_
nel	in/det	ES	O	_	_
III	iii	N	O	_	_
corpo	corpo	SS	O	_	_
,	comma	XPW	O	_	_
il	il	RS	O	_	_
consigliere	consigliere	SS	O	_	_
aulico	aulico	AS	O	_	_
Zanetti	zanetti	SPN	PER	_	_
,	comma	XPW	O	_	_
venuto	venire	VSP	O	_	_
recentemente	recentemente	B	O	_	_
da	da	E	O	_	_
Vienna	vienna	SPN	GPE	48.2083537	16.3725042
.	.	XPS	O	_	_

Così	così	B	O	_	_
se	se	C	O	_	_
non	non	B	O	_	_
erriamo	errare	VI	O	_	_
,	comma	XPW	O	_	_
abbiamo	avere	VIY	O	_	_
raggiunta	raggiungere	VSP	O	_	_
la	il	RS	O	_	_
cifra	cifra	SS	O	_	_
di	di	E	O	_	_
18	18	N	O	_	_
.	.	XPS	O	_	_

La	il	RS	O	_	_
candidatura	candidatura	SS	O	_	_
di	di	E	O	_	_
F.	f.	YA	O	_	_
Pasini	pasini	SPN	O	_	_
viene	venire	VIY	O	_	_
imposta	imporre	VSP	O	_	_
dagli	da/det	EP	O	_	_
esercenti	esercente	SP	O	_	_
i	il	RP	O	_	_
quali	quale	DP	O	_	_
la	il	RS	O	_	_
proposero	proposero	SS	O	_	_
con	con	E	O	_	_
17	17	N	O	_	_
voti	voto	SP	O	_	_
contro	contro	E	O	_	_
16	16	N	O	_	_
,	comma	XPW	O	_	_
in	in	E	O	_	_
ballottaggio	ballottaggio	SS	O	_	_
coll’	coll’	AS	O	_	_
oste	oste	VI	O	_	_
Nicolussi	nicolussi	SPN	PER	_	_
.	.	XPS	O	_	_

Il	il	RS	O	_	_
comitato	comitato	SS	O	_	_
liberale-nazionale	liberale-nazionale	AS	O	_	_
discusse	discutere	VI	O	_	_
anzi	anzi	B	O	_	_
se	se	C	O	_	_
F.	f.	YA	O	_	_
Pasini	pasini	SPN	O	_	_
non	non	B	O	_	_
si	rifl	PN	O	_	_
dovesse	dovere	VI	O	_	_
presentare	presentare	VF	O	_	_
semplicemente	semplicemente	B	O	_	_
come	come	CADV	O	_	_
candidato	candidato	SS	O	_	_
degli	di/det	EP	O	_	_
esercenti	esercente	SP	O	_	_
.	.	XPS	O	_	_

Non	non	B	O	_	_
ci	ci	PP	O	_	_
è	essere	VI	O	_	_
noto	noto	AS	O	_	_
in	in	E	O	_	_
riguardo	riguardo	SS	O	_	_
se	se	C	O	_	_
tale	tale	AS	O	_	_
questione	questione	SS	O	_	_
di	di	E	O	_	_
forma	forma	SS	O	_	_
venne	venire	VIY	O	_	_
risolta	risolvere	VSP	O	_	_
.	.	XPS	O	_	_

Rimane	rimanere	VI	O	_	_
naturalmente	naturalmente	B	O	_	_
aperta	aperto	AS	O	_	_
la	il	RS	O	_	_
porta	porta	SS	O	_	_
del	di/det	ES	O	_	_
I	il	RP	O	_	_
corpo	corpo	SS	O	_	_
,	comma	XPW	O	_	_
ma	ma	C	O	_	_
qui	qui	B	O	_	_
sono	essere	VI	O	_	_
padroni	padrone	SP	O	_	_
della	di/det	ES	O	_	_
situazione	situazione	SS	O	_	_
i	il	RP	O	_	_
moderati	moderato	SP	O	_	_
,	comma	XPW	O	_	_
i	il	RP	O	_	_
quali	quale	PP	O	_	_
decideranno	decidere	VI	O	_	_
a	a	E	O	_	_
seconda	seconda	SS	O	_	_
delle	di/det	EP	O	_	_
sorti	sorte	SP	O	_	_
del	di/det	ES	O	_	_
III	iii	N	O	_	_
corpo	corpo	SS	O	_	_
.	.	XPS	O	_	_

Se	se	C	O	_	_
le	il	RP	O	_	_
nostre	nostro	DP	O	_	_
informazioni	informazione	SP	O	_	_
sono	essere	VIY	O	_	_
esatte	esigere	VPP	O	_	_
,	comma	XPW	O	_	_
ci	ci	PP	O	_	_
si	rifl	PN	O	_	_
deve	dovere	VI	O	_	_
dare	dare	VF	O	_	_
ragione	ragione	SS	O	_	_
.	.	XPS	O	_	_

L’	il	RS	O	_	_
ex	ex	SN	O	_	_
maggioranza	maggioranza	SS	O	_	_
venne	venire	VIY	O	_	_
concentrata	concentrare	VSP	O	_	_
a	a	E	O	_	_
dovere	dovere	VF	O	_	_
.	.	XPS	O	_	_

Degli	di/det	EP	O	_	_
ex	ex	SN	O	_	_
consiglieri	consigliere	SP	O	_	_
vennero	venire	VIY	O	_	_
sacrificati	sacrificare	VPP	O	_	_
o	o	C	O	_	_
rifiutarono	rifiutare	VI	O	_	_
di	di	E	O	_	_
concentrarsi	concentrare/rifl	VF+E	O	_	_
,	comma	XPW	O	_	_
salve	salve	VI	O	_	_
le	il	RP	O	_	_
dedite	dedite	SP	O	_	_
ammende	ammende	AP	O	_	_
del	di/det	ES	O	_	_
I	il	RP	O	_	_
corpo	corpo	SS	O	_	_
,	comma	XPW	O	_	_
Bazzani	bazzani	SPN	PER	_	_
Vincenzo	vincenzo	SPN	PER	_	_
,	comma	XPW	O	_	_
Cestari	cestari	SPN	PER	_	_
Bernardo	bernardo	SPN	PER	_	_
,	comma	XPW	O	_	_
Frizzera	frizzera	SPN	PER	_	_
Domenico	domenico	SPN	PER	_	_
,	comma	XPW	O	_	_
Gallo	gallo	SPN	O	_	_
Lamberto	lamberto	SPN	O	_	_
,	comma	XPW	O	_	_
Garbari	garbari	SPN	PER	_	_
Vittorio	vittorio	SPN	PER	_	_
,	comma	XPW	O	_	_
Holler	holler	SPN	PER	_	_
Lamberto	lamberto	SPN	PER	_	_
,	comma	XPW	O	_	_
Liberi	liberi	SPN	PER	_	_
Riccardo	riccardo	SPN	PER	_	_
,	comma	XPW	O	_	_
Lubich	lubich	SPN	PER	_	_
Ing.	ing.	SPN	O	_	_
D.r	d.r	YA	O	_	_
Pietro	pietro	SPN	O	_	_
,	comma	XPW	O	_	_
Lunelli	lunelli	SPN	PER	_	_
Augusto	augusto	SPN	PER	_	_
,	comma	XPW	O	_	_
Oss	oss	SPN	PER	_	_
Ing.	ing.	SPN	O	_	_
Domenico	domenico	SPN	PER	_	_
,	comma	XPW	O	_	_
Perghem	perghem	SPN	O	_	_
Ing.	ing.	SPN	O	_	_
G.	g.	YA	O	_	_
B.,	b.,	SPN	O	_	_
Reich	reich	SPN	O	_	_
prof.	prof.	VI	O	_	_
Desiderio	desiderio	SPN	PER	_	_
,	comma	XPW	O	_	_
Sartori	sartori	SPN	PER	_	_
D.r	d.r	YA	O	_	_
Elia	elia	SPN	PER	_	_
,	comma	XPW	O	_	_
Scotoni	scotoni	SPN	PER	_	_
Attilio	attilio	SPN	PER	_	_
,	comma	XPW	O	_	_
Scotoni	scotoni	SPN	PER	_	_
Italo	italo	SPN	PER	_	_
,	comma	XPW	O	_	_
Tomasi	tomasi	SPN	PER	_	_
Francesco	francesco	SPN	O	_	_
Eugenio	eugenio	SPN	PER	_	_
,	comma	XPW	O	_	_
Videsott	videsott	SPN	PER	_	_
D.r	d.r	YA	O	_	_
Giuseppe	giuseppe	SPN	PER	_	_
,	comma	XPW	O	_	_
Albertini	albertini	SPN	PER	_	_
Eugenio	eugenio	SPN	PER	_	_
,	comma	XPW	O	_	_
Pruner	pruner	SPN	PER	_	_
Luigi	luigi	SPN	PER	_	_
;	semicolon	XPS	O	_	_

un’	uno	RS	O	_	_
ecatombe	ecatombe	SS	O	_	_
dunque	dunque	C	O	_	_
in	in	E	O	_	_
tutta	tutto	DS	O	_	_
forma	forma	SS	O	_	_
,	comma	XPW	O	_	_
quale	quale	DS	O	_	_
noi	noi	PP	O	_	_
stessi	stesso	AP	O	_	_
non	non	B	O	_	_
pensavamo	pensare	VI	O	_	_
.	.	XPS	O	_	_

Si	rifl	PN	O	_	_
scelse	scegliere	VI	O	_	_
così	così	B	O	_	_
una	uno	RS	O	_	_
via	via	SS	O	_	_
di	di	E	O	_	_
mezzo	mezzo	SS	O	_	_
:	:	XPS	O	_	_
uomini	uomo	SP	O	_	_
dell’	di/det	ES	O	_	_
ex	ex	SN	O	_	_
maggioranza	maggioranza	SS	O	_	_
come	come	CADV	O	_	_
il	il	RS	O	_	_
vicepodestà	vicepodestà	SN	O	_	_
ed	ed	C	O	_	_
il	il	RS	O	_	_
presidente	presidente	SS	O	_	_
della	di/det	ES	O	_	_
commissione	commissione	SS	O	_	_
al	a/det	ES	O	_	_
bilancio	bilancio	SS	O	_	_
che	che	CCHE	O	_	_
trasportano	trasportare	VI	O	_	_
all’	a/det	ES	O	_	_
amministrazione	amministrazione	SS	O	_	_
nuova	nuovo	AS	O	_	_
il	il	RS	O	_	_
fardello	fardello	SS	O	_	_
vecchio	vecchio	AS	O	_	_
ed	ed	C	O	_	_
uomini	uomo	SP	O	_	_
nuovi	nuovo	AP	O	_	_
di	di	E	O	_	_
vari	vario	AP	O	_	_
e	e	C	O	_	_
contraddittori	contraddittorio	AP	O	_	_
indirizzi	indirizzo	SP	O	_	_
che	che	CCHE	O	_	_
dovrebbero	dovere	VI	O	_	_
essere	essere	VF	O	_	_
il	il	RS	O	_	_
nuovo	nuovo	AS	O	_	_
cemento	cemento	SS	O	_	_
.	.	XPS	O	_	_

Il	il	RS	O	_	_
nome	nome	SS	O	_	_
dell’	di/det	ES	O	_	_
avv	avv	SS	O	_	_
.	.	XPS	O	_	_

Silli	silli	SPN	PER	_	_
è	essere	VIY	O	_	_
scomparso	scomparire	VSP	O	_	_
.	.	XPS	O	_	_

Si	rifl	PN	O	_	_
assicura	assicurare	VI	O	_	_
che	che	CCHE	O	_	_
due	due	N	O	_	_
membri	membro	SP	O	_	_
del	di/det	ES	O	_	_
comitato	comitato	SS	O	_	_
,	comma	XPW	O	_	_
i	il	RP	O	_	_
signori	signore	SP	O	_	_
Zippel	zippel	SPN	PER	_	_
e	e	C	O	_	_
prof.	prof.	SS	O	_	_
Onestinghel	onestinghel	SPN	PER	_	_
abbiano	avere	VIY	O	_	_
proposto	proporre	VSP	O	_	_
all’avv.	all’avv.	SPN	O	_	_
Silli	silli	SPN	O	_	_
di	di	E	O	_	_
riaccettare	riaccettare	VF	O	_	_
una	uno	RS	O	_	_
candidatura	candidatura	SS	O	_	_
,	comma	XPW	O	_	_
ma	ma	C	O	_	_
a	a	E	O	_	_
parte	parte	SS	O	_	_
le	il	RP	O	_	_
sue	suo	DP	O	_	_
ragioni	ragione	SP	O	_	_
personali	personale	AP	O	_	_
,	comma	XPW	O	_	_
come	come	CADV	O	_	_
avrebbe	avere	VIY	O	_	_
potuto	potere	VSP	O	_	_
accettare	accettare	VF	O	_	_
il	il	RS	O	_	_
povero	povero	AS	O	_	_
uomo	uomo	SS	O	_	_
in	in	E	O	_	_
mezzo	mezzo	SS	O	_	_
alla	a/det	ES	O	_	_
«	«	XPO	O	_	_
liquidazione	liquidazione	SS	O	_	_
»	»	XPO	O	_	_
dei	di/det	EP	O	_	_
suoi	suo	DP	O	_	_
?	?	XPS	O	_	_

È	essere	VIY	O	_	_
stato	essere	VSPY	O	_	_
abbozzato	abbozzare	VSP	O	_	_
anche	anche	C	O	_	_
una	uno	RS	O	_	_
specie	specie	SN	O	_	_
di	di	E	O	_	_
piano	piano	SS	O	_	_
di	di	E	O	_	_
battaglia	battaglia	SS	O	_	_
contro	contro	E	O	_	_
«	«	XPO	O	_	_
l’	il	RS	O	_	_
avanzata	avanzata	SS	O	_	_
di	di	E	O	_	_
opposti	opposto	SP	O	_	_
concetti	concetti	AP	O	_	_
»	»	XPO	O	_	_
i	il	RP	O	_	_
quali	quale	PP	O	_	_
,	comma	XPW	O	_	_
evidentemente	evidentemente	B	O	_	_
sono	essere	VIY	O	_	_
incarnati	incarnare	VPP	O	_	_
nelle	in/det	EP	O	_	_
medesime	medesimo	AP	O	_	_
persone	persona	SP	O	_	_
dei	di/det	EP	O	_	_
nostri	nostro	DP	O	_	_
amici	amico	SP	O	_	_
.	.	XPS	O	_	_

Si	rifl	PN	O	_	_
dirà	dire	VI	O	_	_
che	che	CCHE	O	_	_
bisogna	bisognare	VI	O	_	_
salvarsi	salvare/rifl	VF+E	O	_	_
dal	da/det	ES	O	_	_
clericalismo	clericalismo	SS	O	_	_
,	comma	XPW	O	_	_
il	il	RS	O	_	_
quale	quale	PS	O	_	_
è	essere	VI	O	_	_
tutto	tutto	PS	O	_	_
una	uno	RS	O	_	_
cosa	cosa	SS	O	_	_
coll’i.r.	coll’i.r.	SPN	O	_	_
governo	governo	SS	O	_	_
e	e	C	O	_	_
col	con/det	ES	O	_	_
Tirolo	tirolo	SPN	GPE	47.223193	11.5261028
.	.	XPS	O	_	_

Che	che	CCHE	O	_	_
poi	poi	B	O	_	_
i	il	RP	O	_	_
clericali	clericale	SP	O	_	_
hanno	avere	VIY	O	_	_
losche	losco	AP	O	_	_
mire	mira	SP	O	_	_
di	di	E	O	_	_
predominio	predominio	SS	O	_	_
,	comma	XPW	O	_	_
che	che	CCHE	O	_	_
il	il	RS	O	_	_
D.r	d.r	YA	O	_	_
Lanzerotti	lanzerotti	SPN	O	_	_
vuole	volere	VI	O	_	_
ingoiare	ingoiare	VF	O	_	_
l’	il	RS	O	_	_
impianto	impianto	SS	O	_	_
elettrico	elettrico	AS	O	_	_
,	comma	XPW	O	_	_
il	il	RS	O	_	_
Cappelletti	cappelletti	SPN	PER	_	_
la	il	RS	O	_	_
cassa	cassa	SS	O	_	_
di	di	E	O	_	_
risparmio	risparmio	SS	O	_	_
,	comma	XPW	O	_	_
il	il	RS	O	_	_
D.r	d.r	YA	O	_	_
Gentili	gentili	SPN	O	_	_
tutto	tutto	DS	O	_	_
il	il	RS	O	_	_
resto	resto	SS	O	_	_
.	.	XPS	O	_	_

Oh	oh	I	O	_	_
"!"	esclamation_mark	XPS	O	_	_

Ne	ne	PN	O	_	_
sentirete	sentire	VI	O	_	_
di	di	E	O	_	_
belline	belline	SS	O	_	_
"!"	esclamation_mark	XPS	O	_	_

I	il	RP	O	_	_
socialisti	socialista	SP	O	_	_
tengono	tenere	VI	O	_	_
un’	uno	RS	O	_	_
adunanza	adunanza	SS	O	_	_
stasera	stasera	B	O	_	_
.	.	XPS	O	_	_

Presenteranno	presentare	VI	O	_	_
tre	tre	N	O	_	_
nomi	noma	SP	O	_	_
:	:	XPS	O	_	_
Battisti	battisti	SPN	PER	_	_
,	comma	XPW	O	_	_
Avancini	avancini	SPN	PER	_	_
ed	ed	C	O	_	_
un	uno	RS	O	_	_
fornaio	fornaio	SS	O	_	_
,	comma	XPW	O	_	_
perché	perché	C	O	_	_
i	il	RP	O	_	_
fornai	fornaio	SP	O	_	_
hanno	avere	VI	O	_	_
parecchi	parecchio	AP	O	_	_
voti	voto	SP	O	_	_
.	.	XPS	O	_	_

Sperano	sperare	VI	O	_	_
sull’	su/det	ES	O	_	_
anticlericalismo	anticlericalismo	SS	O	_	_
e	e	C	O	_	_
sui	su/det	EP	O	_	_
«	«	XPO	O	_	_
concentrati	concentrare	VPP	O	_	_
»	»	XPO	O	_	_
a	a	E	O	_	_
rovescio	rovescio	SS	O	_	_
.	.	XPS	O	_	_
