# total number of persons:0, total number of gpes:5
Pare	parere	VI	O	_	_
che	che	CCHE	O	_	_
anche	anche	C	O	_	_
questa	questo	DS	O	_	_
volta	volta	SS	O	_	_
in	in	E	O	_	_
uno	uno	PS	O	_	_
dei	di/det	EP	O	_	_
collegi	collegio	SP	O	_	_
dietali	dietali	AP	O	_	_
che	che	CCHE	O	_	_
furono	essere	VIY	O	_	_
sempre	sempre	B	O	_	_
considerati	considerare	VPP	O	_	_
perfino	perfino	B	O	_	_
ufficialmente	ufficialmente	B	O	_	_
quale	quale	PS	O	_	_
«	«	XPO	O	_	_
parte	parte	SS	O	_	_
italiana	italiano	AS	O	_	_
della	di/det	ES	O	_	_
provincia	provincia	SS	O	_	_
»	»	XPO	O	_	_
,	comma	XPW	O	_	_
si	rifl	PN	O	_	_
tenti	tentare	VI	O	_	_
di	di	E	O	_	_
nuovo	nuovo	AS	O	_	_
,	comma	XPW	O	_	_
per	per	E	O	_	_
gli	il	RP	O	_	_
influssi	influsso	SP	O	_	_
degli	di/det	EP	O	_	_
oltrebrennero	oltrebrennero	SP	O	_	_
,	comma	XPW	O	_	_
di	di	E	O	_	_
porre	porre	VF	O	_	_
una	uno	RS	O	_	_
candidatura	candidatura	SS	O	_	_
tedesca	tedesco	AS	O	_	_
o	o	C	O	_	_
del	di/det	ES	O	_	_
genere	genere	SS	O	_	_
volksbundista	volksbundista	SS	O	_	_
.	.	XPS	O	_	_

Avvertiamo	avvertire	VI	O	_	_
i	il	RP	O	_	_
signori	signore	SP	O	_	_
tedeschi	tedesco	AP	O	_	_
,	comma	XPW	O	_	_
e	e	C	O	_	_
specialmente	specialmente	B	O	_	_
quei	quello	DP	O	_	_
partiti	partito	SP	O	_	_
che	che	CCHE	O	_	_
sono	essere	VIY	O	_	_
rappresentati	rappresentare	VPP	O	_	_
nella	in/det	ES	O	_	_
direzione	direzione	SS	O	_	_
del	di/det	ES	O	_	_
Volksbund	volksbund	SPN	O	_	_
,	comma	XPW	O	_	_
che	che	CCHE	O	_	_
in	in	E	O	_	_
politica	politica	SS	O	_	_
applicheremo	applicare	VI	O	_	_
il	il	RS	O	_	_
principio	principio	SS	O	_	_
:	:	XPS	O	_	_
occhio	occhio	SS	O	_	_
per	per	E	O	_	_
occhio	occhio	SS	O	_	_
,	comma	XPW	O	_	_
dente	dente	B	O	_	_
per	per	E	O	_	_
dente	dente	B	O	_	_
"!"	esclamation_mark	XPS	O	_	_

Se	se	C	O	_	_
i	il	RP	O	_	_
signori	signore	SP	O	_	_
direttamente	direttamente	B	O	_	_
o	o	C	O	_	_
indirettamente	indirettamente	B	O	_	_
favoriranno	favorire	VI	O	_	_
una	uno	RS	O	_	_
candidatura	candidatura	SS	O	_	_
antitaliana	antitaliana	AS	O	_	_
nel	in/det	ES	O	_	_
nostro	nostro	DS	O	_	_
territorio	territorio	SS	O	_	_
,	comma	XPW	O	_	_
gli	il	RP	O	_	_
italiani	italiano	SP	O	_	_
porranno	porre	VI	O	_	_
un	uno	RS	O	_	_
loro	loro	DP	O	_	_
candidato	candidato	SS	O	_	_
nella	in/det	ES	O	_	_
parte	parte	SS	O	_	_
tedesca	tedesco	AS	O	_	_
.	.	XPS	O	_	_

Non	non	B	O	_	_
è	essere	VI	O	_	_
una	uno	RS	O	_	_
rodomontata	rodomontata	SS	O	_	_
;	semicolon	XPS	O	_	_

a	a	E	O	_	_
Salorno	salorno	SPN	GPE	46.2396083	11.2110749
e	e	C	O	_	_
oltre	oltre	B	O	_	_
Salorno	salorno	SPN	GPE	46.2396083	11.2110749
,	comma	XPW	O	_	_
a	a	E	O	_	_
Bolzano	bolzano	SPN	GPE	46.4981125	11.3547801
e	e	C	O	_	_
più	più	B	O	_	_
in	in	E	O	_	_
fuori	fuori	B	O	_	_
,	comma	XPW	O	_	_
a	a	E	O	_	_
Livinallongo	livinallongo	SPN	GPE	46.4818759	11.9541284
ed	ed	C	O	_	_
Ampezzo	ampezzo	SPN	GPE	46.4170855	12.7902735
vi	vi	B	O	_	_
sono	essere	VI	O	_	_
italiani	italiano	AP	O	_	_
;	semicolon	XPS	O	_	_

anzi	anzi	C	O	_	_
,	comma	XPW	O	_	_
in	in	E	O	_	_
qualche	qualche	DS	O	_	_
luogo	luogo	SS	O	_	_
,	comma	XPW	O	_	_
gli	il	RP	O	_	_
italiani	italiano	SP	O	_	_
formano	formare	VI	O	_	_
la	il	RS	O	_	_
maggioranza	maggioranza	SS	O	_	_
.	.	XPS	O	_	_

Il	il	RS	O	_	_
voto	voto	SS	O	_	_
è	essere	VI	O	_	_
segreto	segreto	AS	O	_	_
,	comma	XPW	O	_	_
e	e	C	O	_	_
,	comma	XPW	O	_	_
se	se	C	O	_	_
non	non	B	O	_	_
potrà	potere	VI	O	_	_
venire	venire	VF	O	_	_
questa	questo	DS	O	_	_
volta	volta	SS	O	_	_
per	per	E	O	_	_
il	il	RS	O	_	_
ritardo	ritardo	SS	O	_	_
e	e	C	O	_	_
più	più	B	O	_	_
ancora	ancora	B	O	_	_
per	per	E	O	_	_
la	il	RS	O	_	_
ristrettezza	ristrettezza	SS	O	_	_
del	di/det	ES	O	_	_
suffragio	suffragio	SS	O	_	_
,	comma	XPW	O	_	_
può	potere	VI	O	_	_
arrivare	arrivare	VF	O	_	_
il	il	RS	O	_	_
momento	momento	SS	O	_	_
,	comma	XPW	O	_	_
in	in	E	O	_	_
cui	cui	PN	O	_	_
una	uno	RS	O	_	_
candidatura	candidatura	SS	O	_	_
italiana	italiano	AS	O	_	_
sia	sia	C	O	_	_
arbitra	arbitra	AS	O	_	_
fra	fra	E	O	_	_
i	il	RP	O	_	_
singoli	singolo	AP	O	_	_
partiti	partito	SP	O	_	_
tedeschi	tedesco	AP	O	_	_
.	.	XPS	O	_	_

Occhio	occhio	SS	O	_	_
per	per	E	O	_	_
occhio	occhio	SS	O	_	_
,	comma	XPW	O	_	_
dente	dente	B	O	_	_
per	per	E	O	_	_
dente	dente	B	O	_	_
.	.	XPS	O	_	_

Se	se	C	O	_	_
preferite	preferire	VPP	O	_	_
rimanere	rimanere	VF	O	_	_
entro	entro	E	O	_	_
i	il	RP	O	_	_
confini	confino	SP	O	_	_
consuetudinari	consuetudinario	AP	O	_	_
,	comma	XPW	O	_	_
meglio	meglio	B	O	_	_
per	per	E	O	_	_
tutti	tutto	PP	O	_	_
:	:	XPS	O	_	_
si	rifl	PN	O	_	_
eviteranno	evitare	VI	O	_	_
lotte	lotta	SP	O	_	_
inutili	inutile	AP	O	_	_
che	che	CCHE	O	_	_
infine	infine	B	O	_	_
non	non	B	O	_	_
svieranno	sviare	VI	O	_	_
l’	il	RS	O	_	_
effetto	effetto	SS	O	_	_
previsto	previsto	AS	O	_	_
e	e	C	O	_	_
condurranno	condurre	VI	O	_	_
forse	forse	B	O	_	_
alla	a/det	ES	O	_	_
vittoria	vittoria	SS	O	_	_
internazionale	internazionale	AS	O	_	_
del	di/det	ES	O	_	_
tertium	tertium	SS	O	_	_
gaudens	gaudens	AS	O	_	_
,	comma	XPW	O	_	_
come	come	CADV	O	_	_
è	essere	VIY	O	_	_
accaduto	accadere	VSP	O	_	_
altra	altro	DS	O	_	_
volta	volta	SS	O	_	_
in	in	E	O	_	_
casa	casa	SS	O	_	_
nostra	nostro	DS	O	_	_
e	e	C	O	_	_
fuori	fuori	B	O	_	_
.	.	XPS	O	_	_
