# total number of persons:12, total number of gpes:3
I	il	RP	O	_	_
commenti	commento	SP	O	_	_
per	per	E	O	_	_
ogni	ogni	DS	O	_	_
persona	persona	SS	O	_	_
che	che	CCHE	O	_	_
si	rifl	PN	O	_	_
rispetti	rispettare	VI	O	_	_
non	non	B	O	_	_
sono	essere	VI	O	_	_
davvero	davvero	B	O	_	_
necessari	necessario	AP	O	_	_
.	.	XPS	O	_	_

Come	come	CADV	O	_	_
caratterizzare	caratterizzare	VF	O	_	_
un	uno	RS	O	_	_
avvocato	avvocato	SS	O	_	_
che	che	CCHE	O	_	_
pur	pur	B	O	_	_
passa	passare	VI	O	_	_
per	per	E	O	_	_
moderatore	moderatore	SS	O	_	_
del	di/det	ES	O	_	_
partito	partito	SS	O	_	_
,	comma	XPW	O	_	_
il	il	RS	O	_	_
quale	quale	PS	O	_	_
otto	otto	N	O	_	_
giorni	giorno	SP	O	_	_
dopo	dopo	E	O	_	_
la	il	RS	O	_	_
fucilazione	fucilazione	SS	O	_	_
dell’	di/det	ES	O	_	_
anarchico	anarchico	SS	O	_	_
spagnuolo	spagnuolo	AS	O	_	_
,	comma	XPW	O	_	_
falsa	falso	AS	O	_	_
completamente	completamente	B	O	_	_
gli	il	RP	O	_	_
avvenimenti	avvenimento	SP	O	_	_
ed	ed	C	O	_	_
il	il	RS	O	_	_
loro	loro	DP	O	_	_
significato	significato	SS	O	_	_
,	comma	XPW	O	_	_
e	e	C	O	_	_
non	non	B	O	_	_
tiene	tenere	VI	O	_	_
conto	conto	SS	O	_	_
delle	di/det	EP	O	_	_
rettifiche	rettifica	SP	O	_	_
di	di	E	O	_	_
fatto	fatto	SS	O	_	_
che	che	CCHE	O	_	_
tutta	tutto	DS	O	_	_
la	il	RS	O	_	_
grande	grande	AS	O	_	_
stampa	stampa	SS	O	_	_
d’	di	E	O	_	_
Europa	europa	SPN	GPE	51.0000003	9.9999997
,	comma	XPW	O	_	_
passata	passare	VSP	O	_	_
la	il	RS	O	_	_
scalmana	scalmana	SS	O	_	_
dei	di/det	EP	O	_	_
primi	primo	AP	O	_	_
giorni	giorno	SP	O	_	_
,	comma	XPW	O	_	_
si	rifl	PN	O	_	_
sentì	sentire	VI	O	_	_
in	in	E	O	_	_
dovere	dovere	VF	O	_	_
di	di	E	O	_	_
pubblicare	pubblicare	VF	O	_	_
?	?	XPS	O	_	_

Con	con	E	O	_	_
gente	gente	SS	O	_	_
simile	simile	AS	O	_	_
sarebbe	essere	VI	O	_	_
perfettamente	perfettamente	B	O	_	_
inutile	inutile	AS	O	_	_
tentare	tentare	VF	O	_	_
una	uno	RS	O	_	_
discussione	discussione	SS	O	_	_
che	che	CCHE	O	_	_
debba	dovere	VI	O	_	_
ricostruire	ricostruire	VF	O	_	_
esattamente	esattamente	B	O	_	_
il	il	RS	O	_	_
fatto	fatto	SS	O	_	_
storico	storico	AS	O	_	_
.	.	XPS	O	_	_

E	e	C	O	_	_
vi	vi	B	O	_	_
meravigliate	meravigliare	VI	O	_	_
ancora	ancora	B	O	_	_
se	se	C	O	_	_
nei	in/det	EP	O	_	_
comizi	comizio	SP	O	_	_
si	rifl	PN	O	_	_
ripopolano	ripopolare	VI	O	_	_
a	a	E	O	_	_
centinaia	centinaio	SP	O	_	_
le	il	RP	O	_	_
calunnie	calunnia	SP	O	_	_
contro	contro	E	O	_	_
la	il	RS	O	_	_
Chiesa	chiesa	SS	O	_	_
ed	ed	C	O	_	_
il	il	RS	O	_	_
cristianesimo	cristianesimo	SS	O	_	_
,	comma	XPW	O	_	_
calunnie	calunnia	SP	O	_	_
ripetutamente	ripetutamente	B	O	_	_
addimostrate	addimostrare	VPP	O	_	_
tali	tale	AP	O	_	_
colla	con/det	ES	O	_	_
testimonianza	testimonianza	SS	O	_	_
dei	di/det	EP	O	_	_
fatti	fatto	SP	O	_	_
?	?	XPS	O	_	_

Non	non	B	O	_	_
è	essere	VI	O	_	_
ingenuità	ingenuità	SN	O	_	_
pretendere	pretendere	VF	O	_	_
si	rifl	PN	O	_	_
dica	dire	VI	O	_	_
la	il	RS	O	_	_
verità	verità	SN	O	_	_
su	su	E	O	_	_
Galilei	galilei	SPN	O	_	_
o	o	C	O	_	_
Giordano	giordano	SPN	PER	_	_
Bruno	bruno	SPN	PER	_	_
,	comma	XPW	O	_	_
quando	quando	CADV	O	_	_
si	rifl	PN	O	_	_
falsa	falsare	VI	O	_	_
sfacciatamente	sfacciatamente	B	O	_	_
anche	anche	C	O	_	_
la	il	RS	O	_	_
storia	storia	SS	O	_	_
di	di	E	O	_	_
ieri	ieri	B	O	_	_
e	e	C	O	_	_
di	di	E	O	_	_
oggi	oggi	B	O	_	_
?	?	XPS	O	_	_

L’	il	RS	O	_	_
apoteosi	apoteosi	SN	O	_	_
di	di	E	O	_	_
Ferrer	ferrer	SPN	PER	_	_
accrescerà	accrescere	VI	O	_	_
malgrado	malgrado	E	O	_	_
tutto	tutto	DS	O	_	_
il	il	RS	O	_	_
bagaglio	bagaglio	SS	O	_	_
dei	di/det	EP	O	_	_
propagandisti	propagandista	SP	O	_	_
rossi	rosso	AP	O	_	_
e	e	C	O	_	_
il	il	RS	O	_	_
perché	perché	C	O	_	_
è	essere	VI	O	_	_
chiaro	chiaro	AS	O	_	_
,	comma	XPW	O	_	_
l’	l’	PS	O	_	_
ha	avere	VIY	O	_	_
detto	dire	VSP	O	_	_
apertamente	apertamente	B	O	_	_
ieri	ieri	B	O	_	_
uno	uno	PS	O	_	_
degli	di/det	EP	O	_	_
oratori	oratorio	SP	O	_	_
.	.	XPS	O	_	_

Si	rifl	PN	O	_	_
vuole	volere	VI	O	_	_
sfruttare	sfruttare	VF	O	_	_
il	il	RS	O	_	_
cadavere	cadavere	SS	O	_	_
di	di	E	O	_	_
un	uno	RS	O	_	_
condannato	condannato	SS	O	_	_
da	da	E	O	_	_
un	uno	RS	O	_	_
consiglio	consiglio	SS	O	_	_
di	di	E	O	_	_
guerra	guerra	SS	O	_	_
in	in	E	O	_	_
una	uno	RS	O	_	_
fortezza	fortezza	SS	O	_	_
spagnola	spagnolo	AS	O	_	_
per	per	E	O	_	_
accrescere	accrescere	VF	O	_	_
l’	il	RS	O	_	_
odio	odio	SS	O	_	_
contro	contro	E	O	_	_
i	il	RP	O	_	_
difensori	difensore	SP	O	_	_
della	di/det	ES	O	_	_
religione	religione	SS	O	_	_
positiva	positivo	AS	O	_	_
,	comma	XPW	O	_	_
chiamata	chiamare	VSP	O	_	_
impostura	impostura	SS	O	_	_
e	e	C	O	_	_
superstizione	superstizione	SS	O	_	_
e	e	C	O	_	_
per	per	E	O	_	_
combattere	combattere	VF	O	_	_
quelle	quello	DP	O	_	_
organizzazioni	organizzazione	SP	O	_	_
che	che	CCHE	O	_	_
coll’	con/det	ES	O	_	_
opera	opera	SS	O	_	_
loro	loro	PP	O	_	_
,	comma	XPW	O	_	_
beneficando	beneficare	VG	O	_	_
il	il	RS	O	_	_
popolo	popolo	SS	O	_	_
,	comma	XPW	O	_	_
sbarrano	sbarrare	VI	O	_	_
la	il	RS	O	_	_
via	via	SS	O	_	_
ai	a/det	EP	O	_	_
sanculotti	sanculotto	SP	O	_	_
.	.	XPS	O	_	_

Per	per	E	O	_	_
questo	questo	DS	O	_	_
sfruttano	sfruttare	VI	O	_	_
il	il	RS	O	_	_
cadavere	cadavere	SS	O	_	_
di	di	E	O	_	_
un	uno	RS	O	_	_
uomo	uomo	SS	O	_	_
condannato	condannare	VSP	O	_	_
per	per	E	O	_	_
partecipazione	partecipazione	SS	O	_	_
a	a	E	O	_	_
sollevazioni	sollevazione	SP	O	_	_
anarchiche	anarchico	AP	O	_	_
,	comma	XPW	O	_	_
contando	contare	VG	O	_	_
sul	su/det	ES	O	_	_
senso	senso	SS	O	_	_
umano	umano	AS	O	_	_
di	di	E	O	_	_
pietà	pietà	SN	O	_	_
che	che	CCHE	O	_	_
stringe	stringere	VI	O	_	_
gli	il	RP	O	_	_
uditori	uditore	SP	O	_	_
ai	a/det	EP	O	_	_
quali	quale	PP	O	_	_
non	non	B	O	_	_
vengono	venire	VIY	O	_	_
ricordati	ricordare	VPP	O	_	_
altri	altro	DP	O	_	_
omicidi	omicidio	SP	O	_	_
,	comma	XPW	O	_	_
altre	altro	DP	O	_	_
violenze	violenza	SP	O	_	_
,	comma	XPW	O	_	_
altre	altro	DP	O	_	_
enormezze	enormezze	SP	O	_	_
di	di	E	O	_	_
cui	cui	PN	O	_	_
fu	essere	VI	O	_	_
autrice	autrice	AS	O	_	_
l’	l’	PS	O	_	_
anarchia	anarchia	VI	O	_	_
spagnuola	spagnuola	AS	O	_	_
.	.	XPS	O	_	_

Il	il	RS	O	_	_
demagogo	demagogo	SS	O	_	_
roveretano	roveretano	AS	O	_	_
ha	avere	VIY	O	_	_
invece	invece	B	O	_	_
dipinto	dipingere	VSP	O	_	_
a	a	E	O	_	_
colori	colore	SP	O	_	_
di	di	E	O	_	_
sangue	sangue	SS	O	_	_
le	il	RP	O	_	_
dimostrazioni	dimostrazione	SP	O	_	_
antisocialiste	antisocialiste	AP	O	_	_
di	di	E	O	_	_
Civezzano	civezzano	SPN	GPE	46.089367	11.180026
(	open_parenthesis	XPB	O	_	_
in	in	E	O	_	_
illo	illo	SS	O	_	_
tempore	tempore	AS	O	_	_
)	close_parenthesis	XPB	O	_	_
,	comma	XPW	O	_	_
di	di	E	O	_	_
Fondo	fondo	SPN	O	_	_
e	e	C	O	_	_
di	di	E	O	_	_
Fassa	fassa	SPN	O	_	_
e	e	C	O	_	_
l’	il	RS	O	_	_
imbrattamento	imbrattamento	SS	O	_	_
del	di/det	ES	O	_	_
busto	busto	SS	O	_	_
canestriniano	canestriniano	VI	O	_	_
.	.	XPS	O	_	_

Povero	povero	SPN	PER	_	_
Antonio	antonio	SPN	PER	_	_
,	comma	XPW	O	_	_
quanti	quanto	DP	O	_	_
sforzi	sforzo	SP	O	_	_
per	per	E	O	_	_
coonestare	coonestare	VF	O	_	_
la	il	RS	O	_	_
tua	tuo	DS	O	_	_
passione	passione	SS	O	_	_
catilinaria	catilinaria	AS	O	_	_
"!"	esclamation_mark	XPS	O	_	_

Una	uno	RS	O	_	_
dimostrazione	dimostrazione	SS	O	_	_
contro	contro	E	O	_	_
il	il	RS	O	_	_
Costanzi	costanzi	SPN	PER	_	_
in	in	E	O	_	_
cui	cui	PN	O	_	_
non	non	B	O	_	_
si	rifl	PN	O	_	_
usò	usare	VI	O	_	_
violenza	violenza	SS	O	_	_
alcuna	alcuna	DP	O	_	_
,	comma	XPW	O	_	_
una	uno	RS	O	_	_
chiassata	chiassata	SS	O	_	_
di	di	E	O	_	_
Fondo	fondo	SPN	O	_	_
che	che	CCHE	O	_	_
non	non	B	O	_	_
ebbe	avere	VI	O	_	_
serie	serie	SN	O	_	_
conseguenze	conseguenza	SP	O	_	_
,	comma	XPW	O	_	_
due	due	N	O	_	_
o	o	C	O	_	_
tre	tre	N	O	_	_
fassani	fassani	SP	O	_	_
che	che	CCHE	O	_	_
bastonano	bastonare	VI	O	_	_
un	uno	RS	O	_	_
conferenziere	conferenziere	SS	O	_	_
,	comma	XPW	O	_	_
perché	perché	C	O	_	_
offesi	offendere	VPP	O	_	_
a	a	E	O	_	_
sangue	sangue	SS	O	_	_
da	da	E	O	_	_
un	uno	RS	O	_	_
suo	suo	DS	O	_	_
collega	collega	SS	O	_	_
,	comma	XPW	O	_	_
ecco	ecco	B	O	_	_
i	il	RP	O	_	_
gravi	grave	AP	O	_	_
fatti	fatto	SP	O	_	_
che	che	CCHE	O	_	_
sai	sapere	VI	O	_	_
opporre	opporre	VF	O	_	_
al	a/det	ES	O	_	_
popolo	popolo	SS	O	_	_
trentino	trentino	AS	O	_	_
in	in	E	O	_	_
10	10	N	O	_	_
anni	anno	SP	O	_	_
di	di	E	O	_	_
invettive	invettiva	SP	O	_	_
e	e	C	O	_	_
di	di	E	O	_	_
insulti	insulto	SP	O	_	_
socialisti	socialista	AP	O	_	_
"!"	esclamation_mark	XPS	O	_	_

E	e	C	O	_	_
chi	chi	CCHI	O	_	_
l’	l’	PS	O	_	_
ha	avere	VIY	O	_	_
detto	dire	VSP	O	_	_
che	che	CCHE	O	_	_
gli	il	RP	O	_	_
imbrattatori	imbrattatore	SP	O	_	_
di	di	E	O	_	_
Canestrini	canestrini	SPN	PER	_	_
siano	essere	VIY	O	_	_
stati	essere	VPP	O	_	_
nostri	nostro	DP	O	_	_
partigiani	partigiano	SP	O	_	_
?	?	XPS	O	_	_

Casi	caso	SP	O	_	_
recenti	recente	AP	O	_	_
fanno	fare	VI	O	_	_
dubitare	dubitare	VF	O	_	_
del	di/det	ES	O	_	_
contrario	contrario	SS	O	_	_
.	.	XPS	O	_	_

Comunque	comunque	B	O	_	_
,	comma	XPW	O	_	_
gli	gli	PS	O	_	_
è	essere	VI	O	_	_
con	con	E	O	_	_
tali	tale	AP	O	_	_
episodi	episodio	SP	O	_	_
di	di	E	O	_	_
violenza	violenza	SS	O	_	_
locale	locale	AS	O	_	_
da	da	E	O	_	_
noi	noi	PP	O	_	_
condannati	condannare	VPP	O	_	_
espressamente	espressamente	B	O	_	_
che	che	CCHE	O	_	_
vorresti	volere	VI	O	_	_
far	fare	VF	O	_	_
dimenticare	dimenticare	VF	O	_	_
le	il	RP	O	_	_
violenze	violenza	SP	O	_	_
quotidiane	quotidiano	AP	O	_	_
dei	di/det	EP	O	_	_
rossi	rosso	SP	O	_	_
,	comma	XPW	O	_	_
la	il	RS	O	_	_
vigliaccheria	vigliaccheria	SS	O	_	_
degli	di/det	EP	O	_	_
schiaffeggiatori	schiaffeggiatore	SP	O	_	_
alla	a/det	ES	O	_	_
Battisti	battisti	SPN	PER	_	_
,	comma	XPW	O	_	_
alla	a/det	ES	O	_	_
Flor	flor	SPN	PER	_	_
,	comma	XPW	O	_	_
alla	a/det	ES	O	_	_
Frassoni	frassoni	SPN	PER	_	_
,	comma	XPW	O	_	_
le	il	RP	O	_	_
minacce	minaccia	SP	O	_	_
della	di/det	ES	O	_	_
Camera	camera	SS	O	_	_
del	di/det	ES	O	_	_
lavoro	lavoro	SS	O	_	_
,	comma	XPW	O	_	_
gli	il	RP	O	_	_
imbrattamenti	imbrattamento	SP	O	_	_
delle	di/det	EP	O	_	_
case	casa	SP	O	_	_
altrui	altrui	AP	O	_	_
,	comma	XPW	O	_	_
e	e	C	O	_	_
,	comma	XPW	O	_	_
fuor	fuori	SS	O	_	_
di	di	E	O	_	_
qui	qui	B	O	_	_
,	comma	XPW	O	_	_
le	il	RP	O	_	_
violenze	violenza	SP	O	_	_
,	comma	XPW	O	_	_
gli	il	RP	O	_	_
incendi	incendio	SP	O	_	_
,	comma	XPW	O	_	_
le	il	RP	O	_	_
uccisioni	uccisione	SP	O	_	_
commesse	commettere	VPP	O	_	_
nelle	in/det	EP	O	_	_
dimostrazioni	dimostrazione	SP	O	_	_
socialiste	socialista	AP	O	_	_
?	?	XPS	O	_	_

Vana	vana	SPN	PER	_	_
fatica	faticare	VI	O	_	_
di	di	E	O	_	_
mitingai	mitingai	SS	O	_	_
"!"	esclamation_mark	XPS	O	_	_

Il	il	RS	O	_	_
pubblico	pubblico	SS	O	_	_
non	non	B	O	_	_
dimentica	dimenticare	VI	O	_	_
che	che	CCHE	O	_	_
voi	voi	PS	O	_	_
santificate	santificare	VI	O	_	_
quotidianamente	quotidianamente	B	O	_	_
la	il	RS	O	_	_
violenza	violenza	SS	O	_	_
,	comma	XPW	O	_	_
che	che	CCHE	O	_	_
predicate	predicare	VI	O	_	_
la	il	RS	O	_	_
rivoluzione	rivoluzione	SS	O	_	_
ed	ed	C	O	_	_
inneggiate	inneggiare	VPP	O	_	_
al	a/det	ES	O	_	_
regicidio	regicidio	SS	O	_	_
.	.	XPS	O	_	_

E	e	C	O	_	_
l’	il	RS	O	_	_
ordine	ordine	SS	O	_	_
del	di/det	ES	O	_	_
giorno	giorno	SS	O	_	_
è	essere	VI	O	_	_
un	uno	RS	O	_	_
capolavoro	capolavoro	SS	O	_	_
di	di	E	O	_	_
malafede	malafede	SS	O	_	_
e	e	C	O	_	_
di	di	E	O	_	_
violenza	violenza	SS	O	_	_
giacobina	giacobino	AS	O	_	_
.	.	XPS	O	_	_

L’	il	RS	O	_	_
accenno	accenno	SS	O	_	_
al	a/det	ES	O	_	_
Concilio	concilio	SS	O	_	_
di	di	E	O	_	_
Trento	trento	SPN	GPE	46.0664228	11.1257601
è	essere	VI	O	_	_
veramente	veramente	B	O	_	_
meraviglioso	meraviglioso	AS	O	_	_
.	.	XPS	O	_	_

Con	con	E	O	_	_
tali	tale	AP	O	_	_
commentatori	commentatore	SP	O	_	_
i	il	RP	O	_	_
padri	padre	SP	O	_	_
del	di/det	ES	O	_	_
Concilio	concilio	SPN	O	_	_
sono	essere	VIY	O	_	_
fritti	friggere	VPP	O	_	_
.	.	XPS	O	_	_

Risulta	risultare	VI	O	_	_
chiaro	chiaro	B	O	_	_
almeno	almeno	AS	O	_	_
che	che	CCHE	O	_	_
si	rifl	PN	O	_	_
tenta	tentare	VI	O	_	_
far	fare	VF	O	_	_
responsabile	responsabile	AS	O	_	_
della	di/det	ES	O	_	_
testa	testa	SS	O	_	_
di	di	E	O	_	_
Ferrer	ferrer	SPN	PER	_	_
la	il	RS	O	_	_
dottrina	dottrina	SS	O	_	_
dela	dela	VI	O	_	_
Chiesa	chiesa	SS	O	_	_
e	e	C	O	_	_
che	che	CCHE	O	_	_
contro	contro	E	O	_	_
di	di	E	O	_	_
questa	questo	DS	O	_	_
si	rifl	PN	O	_	_
vuol	volere	VI	O	_	_
combattere	combattere	VF	O	_	_
.	.	XPS	O	_	_

Ricordiamolo	ricordiamolo	SPN	O	_	_
,	comma	XPW	O	_	_
perché	perché	C	O	_	_
domani	domani	B	O	_	_
in	in	E	O	_	_
un	uno	RS	O	_	_
paesello	paesello	SS	O	_	_
di	di	E	O	_	_
campagna	campagna	SS	O	_	_
lo	lo	PS	O	_	_
smentiranno	smentire	VI	O	_	_
.	.	XPS	O	_	_

Infine	infine	B	O	_	_
il	il	RS	O	_	_
signor	signore	SS	O	_	_
Cesare	cesare	SPN	PER	_	_
Berti	berti	SPN	PER	_	_
,	comma	XPW	O	_	_
del	di/det	ES	O	_	_
circolo	circolo	SS	O	_	_
«	«	XPO	O	_	_
Giordano	giordano	SPN	PER	_	_
Bruno	bruno	SPN	PER	_	_
»	»	XPO	O	_	_
a	a	E	O	_	_
Mezolombardo	mezolombardo	SPN	O	_	_
,	comma	XPW	O	_	_
propose	proporre	VI	O	_	_
all’	a/det	ES	O	_	_
«	«	XPO	O	_	_
eletta	eletto	AS	O	_	_
parte	parte	SS	O	_	_
della	di/det	ES	O	_	_
cittadinanza	cittadinanza	SS	O	_	_
»	»	XPO	O	_	_
(	open_parenthesis	XPB	O	_	_
che	che	CCHE	O	_	_
non	non	B	O	_	_
c’	ci	B	O	_	_
era	essere	VI	O	_	_
)	close_parenthesis	XPB	O	_	_
una	uno	PS	O	_	_
denuncia	denunciare	VI	O	_	_
ed	ed	C	O	_	_
una	uno	RS	O	_	_
minaccia	minaccia	SS	O	_	_
contro	contro	E	O	_	_
di	di	E	O	_	_
noi	noi	PP	O	_	_
.	.	XPS	O	_	_

Ed	ed	C	O	_	_
ecco	ecco	B	O	_	_
la	il	RS	O	_	_
nostra	nostro	DS	O	_	_
risposta	risposta	SS	O	_	_
:	:	XPS	O	_	_
Smascherando	smascherare	VG	O	_	_
le	il	RP	O	_	_
ipocrisie	ipocrisia	SP	O	_	_
e	e	C	O	_	_
le	il	RP	O	_	_
falsità	falsità	SN	O	_	_
del	di/det	ES	O	_	_
locale	locale	SS	O	_	_
partito	partire	VSP	O	_	_
socialista	socialista	AS	O	_	_
,	comma	XPW	O	_	_
siamo	essere	VI	O	_	_
convinti	convinto	AP	O	_	_
di	di	E	O	_	_
far	fare	VF	O	_	_
opera	opera	SS	O	_	_
civile	civile	AS	O	_	_
e	e	C	O	_	_
benefica	benefico	AS	O	_	_
per	per	E	O	_	_
la	il	RS	O	_	_
classe	classe	SS	O	_	_
lavoratrice	lavoratrice	AS	O	_	_
.	.	XPS	O	_	_

Non	non	B	O	_	_
provochiamo	provocare	VI	O	_	_
né	né	B	O	_	_
insultiamo	insultare	VI	O	_	_
,	comma	XPW	O	_	_
ma	ma	C	O	_	_
diciamo	dire	VI	O	_	_
sul	su/det	ES	O	_	_
muso	muso	SS	O	_	_
a	a	E	O	_	_
tutti	tutto	DP	O	_	_
i	il	RP	O	_	_
turlupinatori	turlupinatore	SP	O	_	_
dell’	di/det	ES	O	_	_
opinione	opinione	SS	O	_	_
pubblica	pubblico	AS	O	_	_
le	il	RP	O	_	_
loro	loro	DP	O	_	_
vergogne	vergogna	SP	O	_	_
.	.	XPS	O	_	_

Sappiamo	sapere	VI	O	_	_
che	che	CCHE	O	_	_
vi	vi	B	O	_	_
brucia	bruciare	VI	O	_	_
di	di	E	O	_	_
non	non	B	O	_	_
poter	potere	VF	O	_	_
rappresentare	rappresentare	VF	O	_	_
la	il	RS	O	_	_
commedia	commedia	SS	O	_	_
indisturbati	indisturbato	AP	O	_	_
:	:	XPS	O	_	_
ma	ma	C	O	_	_
ci	ci	PP	O	_	_
vorrà	volere	VI	O	_	_
pazienza	pazienza	SS	O	_	_
,	comma	XPW	O	_	_
poiché	poiché	C	O	_	_
nonostante	nonostante	E	O	_	_
le	il	RP	O	_	_
vostre	vostro	DP	O	_	_
minacce	minaccia	SP	O	_	_
intendiamo	intendere	VI	O	_	_
di	di	E	O	_	_
compiere	compiere	VF	O	_	_
sempre	sempre	B	O	_	_
e	e	C	O	_	_
dovunque	dovunque	VI	O	_	_
il	il	RS	O	_	_
nostro	nostro	DS	O	_	_
dovere	dovere	SS	O	_	_
.	.	XPS	O	_	_

Constatiamo	constatare	VI	O	_	_
intanto	intanto	B	O	_	_
ancora	ancora	B	O	_	_
una	uno	RS	O	_	_
volta	volta	SS	O	_	_
che	che	CCHE	O	_	_
i	il	RP	O	_	_
cameristi	camerista	SP	O	_	_
minacciano	minacciare	VI	O	_	_
di	di	E	O	_	_
usare	usare	VF	O	_	_
contro	contro	E	O	_	_
di	di	E	O	_	_
noi	noi	PP	O	_	_
la	il	RS	O	_	_
violenza	violenza	SS	O	_	_
e	e	C	O	_	_
che	che	CCHE	O	_	_
a	a	E	O	_	_
noi	noi	PP	O	_	_
tali	tale	AP	O	_	_
minacce	minaccia	SP	O	_	_
non	non	B	O	_	_
fanno	fare	VI	O	_	_
né	né	B	O	_	_
freddo	freddo	AS	O	_	_
né	né	B	O	_	_
caldo	caldo	AS	O	_	_
.	.	XPS	O	_	_

Persevereremo	perseverare	VI	O	_	_
nella	in/det	ES	O	_	_
nostra	nostro	DS	O	_	_
campagna	campagna	SS	O	_	_
con	con	E	O	_	_
risolutezza	risolutezza	SS	O	_	_
,	comma	XPW	O	_	_
senza	senza	C	O	_	_
abbassarci	abbassare/loc/pro	VF+E	O	_	_
mai	mai	B	O	_	_
a	a	E	O	_	_
quei	quello	DP	O	_	_
metodi	metodo	SP	O	_	_
personalmente	personalmente	B	O	_	_
ingiuriosi	ingiurioso	AP	O	_	_
che	che	CCHE	O	_	_
guadagnarono	guadagnare	VI	O	_	_
anche	anche	C	O	_	_
recentemente	recentemente	B	O	_	_
parecchie	parecchio	AP	O	_	_
condanne	condanna	SP	O	_	_
agli	a/det	EP	O	_	_
scrittori	scrittorio	SP	O	_	_
socialisti	socialista	AP	O	_	_
.	.	XPS	O	_	_
