# total number of persons:0, total number of gpes:0
La	il	RS	O	_	_
legge	legge	SS	O	_	_
elettorale	elettorale	AS	O	_	_
stabilisce	stabilire	VI	O	_	_
che	che	CCHE	O	_	_
di	di	E	O	_	_
regola	regola	SS	O	_	_
è	essere	VI	O	_	_
luogo	luogo	SS	O	_	_
di	di	E	O	_	_
elezioni	elezione	SP	O	_	_
ogni	ogni	DS	O	_	_
comune	comune	SS	O	_	_
locale	locale	AS	O	_	_
.	.	XPS	O	_	_

Però	però	C	O	_	_
ove	ove	B	O	_	_
appaia	appaiare	VI	O	_	_
opportuno	opportuno	AS	O	_	_
,	comma	XPW	O	_	_
sia	essere	VIY	O	_	_
avuto	avere	VSP	O	_	_
riguardo	riguardo	SS	O	_	_
all’	a/det	ES	O	_	_
estensione	estensione	SS	O	_	_
territoriale	territoriale	AS	O	_	_
,	comma	XPW	O	_	_
sia	sia	C	O	_	_
al	a/det	ES	O	_	_
numero	numero	SS	O	_	_
della	di/det	ES	O	_	_
popolazione	popolazione	SS	O	_	_
,	comma	XPW	O	_	_
il	il	RS	O	_	_
capitanato	capitanato	SS	O	_	_
distrettuale	distrettuale	AS	O	_	_
può	potere	VI	O	_	_
stabilire	stabilire	VF	O	_	_
che	che	CCHE	O	_	_
in	in	E	O	_	_
un	uno	RS	O	_	_
comune	comune	SS	O	_	_
ci	ci	PP	O	_	_
siano	essere	VI	O	_	_
più	più	B	O	_	_
luoghi	luogo	SP	O	_	_
di	di	E	O	_	_
elezione	elezione	SS	O	_	_
e	e	C	O	_	_
quindi	quindi	C	O	_	_
più	più	B	O	_	_
commissioni	commissione	SP	O	_	_
elettorali	elettorale	AP	O	_	_
.	.	XPS	O	_	_

Non	non	B	O	_	_
è	essere	VI	O	_	_
detto	detto	AS	O	_	_
che	che	CCHE	O	_	_
questo	questo	PS	O	_	_
debba	dovere	VI	O	_	_
venir	venir	VIY	O	_	_
domandato	domandare	VSP	O	_	_
,	comma	XPW	O	_	_
tuttavia	tuttavia	C	O	_	_
è	essere	VI	O	_	_
bene	bene	B	O	_	_
che	che	CCHE	O	_	_
coloro	colui	PP	O	_	_
i	il	RP	O	_	_
quali	quale	PP	O	_	_
desiderassero	desiderare	VI	O	_	_
la	il	RS	O	_	_
divisione	divisione	SS	O	_	_
di	di	E	O	_	_
un	uno	RS	O	_	_
comune	comune	SS	O	_	_
in	in	E	O	_	_
più	più	B	O	_	_
luoghi	luogo	SP	O	_	_
di	di	E	O	_	_
elezione	elezione	SS	O	_	_
ne	ne	PN	O	_	_
facciano	fare	VI	O	_	_
subito	subito	B	O	_	_
domanda	domanda	SS	O	_	_
a	a	E	O	_	_
voce	voce	SS	O	_	_
o	o	C	O	_	_
in	in	E	O	_	_
iscritto	iscritto	SS	O	_	_
al	a/det	ES	O	_	_
capitanato	capitanato	SS	O	_	_
distrettuale	distrettuale	AS	O	_	_
.	.	XPS	O	_	_

Non	non	B	O	_	_
c’	ci	B	O	_	_
è	essere	VI	O	_	_
tempo	tempo	SS	O	_	_
da	da	E	O	_	_
perdere	perdere	VF	O	_	_
,	comma	XPW	O	_	_
perché	perché	C	O	_	_
tale	tale	AS	O	_	_
divisione	divisione	SS	O	_	_
richiede	richiedere	VI	O	_	_
la	il	RS	O	_	_
divisione	divisione	SS	O	_	_
della	di/det	ES	O	_	_
lista	lista	SS	O	_	_
elettorale	elettorale	AS	O	_	_
comunale	comunale	AS	O	_	_
in	in	E	O	_	_
liste	lista	SP	O	_	_
di	di	E	O	_	_
frazione	frazione	SS	O	_	_
.	.	XPS	O	_	_

Richiamiamo	richiamare	VI	O	_	_
su	su	E	O	_	_
ciò	ciò`	PS	O	_	_
l’	il	RS	O	_	_
attenzione	attenzione	SS	O	_	_
di	di	E	O	_	_
quei	quello	DP	O	_	_
comitati	comitato	SP	O	_	_
locali	locale	AP	O	_	_
che	che	CCHE	O	_	_
l’	il	RS	O	_	_
altra	altro	DS	O	_	_
volta	volta	SS	O	_	_
–	–	XPO	O	_	_
troppo	troppo	B	O	_	_
tardi	tardio	AP	O	_	_
–	–	XPO	O	_	_
si	rifl	PN	O	_	_
sono	essere	VIY	O	_	_
lagnati	lagnare	VPP	O	_	_
della	di/det	ES	O	_	_
troppa	troppo	DS	O	_	_
distanza	distanza	SS	O	_	_
che	che	CCHE	O	_	_
dovevano	dovere	VI	O	_	_
superare	superare	VF	O	_	_
gli	il	RP	O	_	_
elettori	elettore	SP	O	_	_
per	per	E	O	_	_
giungere	giungere	VF	O	_	_
all’	a/det	ES	O	_	_
urna	urna	SS	O	_	_
elettorale	elettorale	AS	O	_	_
.	.	XPS	O	_	_

Quest’	questo	DS	O	_	_
anno	anno	SS	O	_	_
converrà	convenire	VI	O	_	_
tener	tenere	VF	O	_	_
conto	conto	SS	O	_	_
anche	anche	C	O	_	_
delle	di/det	EP	O	_	_
circostanze	circostanza	SP	O	_	_
di	di	E	O	_	_
stagione	stagione	SS	O	_	_
:	:	XPS	O	_	_
lavori	lavoro	SP	O	_	_
di	di	E	O	_	_
campagna	campagna	SS	O	_	_
e	e	C	O	_	_
bachi	baco	SP	O	_	_
da	da	E	O	_	_
seta	seta	SS	O	_	_
.	.	XPS	O	_	_

Preghiamo	pregare	VI	O	_	_
quindi	quindi	C	O	_	_
gli	il	RP	O	_	_
amici	amico	SP	O	_	_
di	di	E	O	_	_
non	non	B	O	_	_
perdere	perdere	VF	O	_	_
tempo	tempo	SS	O	_	_
e	e	C	O	_	_
di	di	E	O	_	_
fare	fare	VF	O	_	_
subito	subito	B	O	_	_
la	il	RS	O	_	_
domanda	domanda	SS	O	_	_
.	.	XPS	O	_	_

Nel	in/det	ES	O	_	_
1907	1907	N	O	_	_
in	in	E	O	_	_
ogni	ogni	DS	O	_	_
comune	comune	SS	O	_	_
e	e	C	O	_	_
in	in	E	O	_	_
ogni	ogni	DS	O	_	_
luogo	luogo	SS	O	_	_
elettorale	elettorale	AS	O	_	_
vennero	venire	VIY	O	_	_
costituiti	costituire	VPP	O	_	_
i	il	RP	O	_	_
comitati	comitato	SP	O	_	_
elettorali	elettorale	AP	O	_	_
locali	locale	AP	O	_	_
del	di/det	ES	O	_	_
partito	partito	SS	O	_	_
popolare	popolare	AS	O	_	_
.	.	XPS	O	_	_

Noi	noi	PP	O	_	_
invitiamo	invitare	VI	O	_	_
gli	il	RP	O	_	_
amici	amico	SP	O	_	_
a	a	E	O	_	_
riconvocarli	riconvocare/pro	VF+E	O	_	_
per	per	E	O	_	_
la	il	RS	O	_	_
loro	loro	DP	O	_	_
formale	formale	AS	O	_	_
ricostituzione	ricostituzione	SS	O	_	_
.	.	XPS	O	_	_

In	in	E	O	_	_
quei	quello	DP	O	_	_
pochi	poco	DP	O	_	_
luoghi	luogo	SP	O	_	_
,	comma	XPW	O	_	_
nei	in/det	EP	O	_	_
quali	quale	PP	O	_	_
non	non	B	O	_	_
vennero	venire	VIY	O	_	_
costituiti	costituire	VPP	O	_	_
nel	in/det	ES	O	_	_
1907	1907	N	O	_	_
si	rifl	PN	O	_	_
costituiscano	costituire	VI	O	_	_
ora	ora	B	O	_	_
per	per	E	O	_	_
le	il	RP	O	_	_
nuove	nuovo	AP	O	_	_
,	comma	XPW	O	_	_
imminenti	imminente	AP	O	_	_
elezioni	elezione	SP	O	_	_
generali	generale	AP	O	_	_
.	.	XPS	O	_	_

Abbiamo	avere	VI	O	_	_
notizia	notizia	SS	O	_	_
che	che	CCHE	O	_	_
gli	il	RP	O	_	_
avversari	avversario	SP	O	_	_
preparano	preparare	VI	O	_	_
l’	il	RS	O	_	_
attacco	attacco	SS	O	_	_
anche	anche	C	O	_	_
là	là	B	O	_	_
,	comma	XPW	O	_	_
ove	ove	VI	O	_	_
le	il	RP	O	_	_
speranze	speranza	SP	O	_	_
loro	loro	PP	O	_	_
non	non	B	O	_	_
possono	potere	VI	O	_	_
essere	essere	VF	O	_	_
grandi	grande	AP	O	_	_
.	.	XPS	O	_	_

Gli	il	RP	O	_	_
amici	amico	SP	O	_	_
prevengano	prevenire	VI	O	_	_
queste	questo	DP	O	_	_
mosse	mossa	SP	O	_	_
,	comma	XPW	O	_	_
ristabilendo	ristabilire	VG	O	_	_
subito	subito	B	O	_	_
l’	il	RS	O	_	_
ordine	ordine	SS	O	_	_
di	di	E	O	_	_
battaglia	battaglia	SS	O	_	_
.	.	XPS	O	_	_

Preghiamo	pregare	VI	O	_	_
quindi	quindi	B	O	_	_
i	il	RP	O	_	_
fiduciari	fiduciario	SP	O	_	_
di	di	E	O	_	_
darci	dare/loc/pro	VF+E	O	_	_
notizia	notizia	SS	O	_	_
della	di/det	ES	O	_	_
costituzione	costituzione	SS	O	_	_
,	comma	XPW	O	_	_
rispettivamente	rispettivamente	B	O	_	_
della	di/det	ES	O	_	_
ricostruzione	ricostruzione	SS	O	_	_
del	di/det	ES	O	_	_
comitato	comitato	SS	O	_	_
locale	locale	AS	O	_	_
al	a/det	ES	O	_	_
più	più	B	O	_	_
tardi	tardi	B	O	_	_
entro	entro	E	O	_	_
il	il	RS	O	_	_
25	25	N	O	_	_
corrente	corrente	SS	O	_	_
.	.	XPS	O	_	_

Quando	quando	CADV	O	_	_
il	il	RS	O	_	_
comitato	comitato	SS	O	_	_
resti	restare	VI	O	_	_
composto	comporre	VSP	O	_	_
delle	di/det	EP	O	_	_
persone	persona	SP	O	_	_
che	che	CCHE	O	_	_
già	già	B	O	_	_
possediamo	possedere	VI	O	_	_
nell’	in/det	ES	O	_	_
elenco	elenco	SS	O	_	_
del	di/det	ES	O	_	_
1907	1907	N	O	_	_
,	comma	XPW	O	_	_
basta	bastare	VI	O	_	_
una	uno	RS	O	_	_
cartolina	cartolina	SS	O	_	_
d’	di	E	O	_	_
avviso	avviso	SS	O	_	_
;	semicolon	XPS	O	_	_

se	se	C	O	_	_
invece	invece	B	O	_	_
si	rifl	PN	O	_	_
fanno	fare	VI	O	_	_
modificazioni	modificazione	SP	O	_	_
occorrono	occorrere	VI	O	_	_
i	il	RP	O	_	_
nomi	noma	SP	O	_	_
dei	di/det	EP	O	_	_
membri	membro	SP	O	_	_
,	comma	XPW	O	_	_
costituenti	costituire	VPP	O	_	_
il	il	RS	O	_	_
comitato	comitato	SS	O	_	_
.	.	XPS	O	_	_

Urgiamo	urgere	VI	O	_	_
che	che	CCHE	O	_	_
la	il	RS	O	_	_
cosa	cosa	SS	O	_	_
sia	essere	VIY	O	_	_
fatta	fare	VSP	O	_	_
presto	presto	B	O	_	_
,	comma	XPW	O	_	_
anche	anche	C	O	_	_
perché	perché	C	O	_	_
dobbiamo	dovere	VI	O	_	_
passare	passare	VF	O	_	_
ai	a/det	EP	O	_	_
comitati	comitato	SP	O	_	_
delle	di/det	EP	O	_	_
comunicazioni	comunicazione	SP	O	_	_
importanti	importante	AP	O	_	_
.	.	XPS	O	_	_

La	il	RS	O	_	_
Direzione	direzione	SS	O	_	_
dell’	di/det	ES	O	_	_
Unione	unione	SS	O	_	_
politica	politico	AS	O	_	_
popolare	popolare	AS	O	_	_
.	.	XPS	O	_	_
