# total number of persons:1, total number of gpes:6
Innsbruck	innsbruck	SPN	GPE	47.2654296	11.3927685
,	comma	XPW	O	_	_
11	11	N	O	_	_
Questa	questo	DS	O	_	_
mattina	mattina	SS	O	_	_
il	il	RS	O	_	_
d.r	d.r	YA	O	_	_
Lorenzoni	lorenzoni	SPN	O	_	_
,	comma	XPW	O	_	_
che	che	CCHE	O	_	_
come	come	CADV	O	_	_
generalmente	generalmente	B	O	_	_
si	rifl	PN	O	_	_
dice	dire	VI	O	_	_
,	comma	XPW	O	_	_
terrà	tenere	VI	O	_	_
la	il	RS	O	_	_
sua	suo	DS	O	_	_
prolusione	prolusione	SS	O	_	_
verso	verso	E	O	_	_
la	il	RS	O	_	_
metà	metà	SN	O	_	_
di	di	E	O	_	_
questa	questo	DS	O	_	_
settimana	settimana	SS	O	_	_
.	.	XPS	O	_	_

Sul	su/det	ES	O	_	_
contegno	contegno	SS	O	_	_
che	che	CCHE	O	_	_
terranno	tenere	VI	O	_	_
gli	il	RP	O	_	_
studenti	studente	SP	O	_	_
tedeschi	tedesco	AP	O	_	_
,	comma	XPW	O	_	_
circolano	circolare	VI	O	_	_
voci	voce	SP	O	_	_
tanto	tanto	B	O	_	_
discordi	discordo	SP	O	_	_
da	da	E	O	_	_
non	non	B	O	_	_
poter	potere	VF	O	_	_
per	per	E	O	_	_
ora	ora	B	O	_	_
dir	dir	SS	O	_	_
nulla	nulla	PS	O	_	_
di	di	E	O	_	_
positivo	positivo	AS	O	_	_
:	:	XPS	O	_	_
secondo	secondo	E	O	_	_
gli	il	RP	O	_	_
uni	uni	SP	O	_	_
faranno	fare	VI	O	_	_
del	di/det	ES	O	_	_
gran	grande	AS	O	_	_
chiasso	chiasso	SS	O	_	_
,	comma	XPW	O	_	_
secondo	secondo	E	O	_	_
altri	altro	PP	O	_	_
si	rifl	PN	O	_	_
limiteranno	limitare	VI	O	_	_
a	a	E	O	_	_
una	uno	RS	O	_	_
dimostrazione	dimostrazione	SS	O	_	_
,	comma	XPW	O	_	_
secondo	secondo	E	O	_	_
altri	altro	PP	O	_	_
ancora	ancora	B	O	_	_
lasceranno	lasciare	VI	O	_	_
passare	passare	VF	O	_	_
quasi	quasi	B	O	_	_
inosservato	inosservato	AS	O	_	_
l’	il	RS	O	_	_
avvenimento	avvenimento	SS	O	_	_
:	:	XPS	O	_	_
l’	il	RS	O	_	_
opinione	opinione	SS	O	_	_
predominante	predominante	AS	O	_	_
e	e	C	O	_	_
però	però	C	O	_	_
,	comma	XPW	O	_	_
probabilmente	probabilmente	B	O	_	_
,	comma	XPW	O	_	_
la	il	RS	O	_	_
più	più	B	O	_	_
giusta	giusto	AS	O	_	_
,	comma	XPW	O	_	_
è	essere	VI	O	_	_
la	il	RS	O	_	_
prima	primo	AS	O	_	_
:	:	XPS	O	_	_
tra	tra	E	O	_	_
qualche	qualche	DS	O	_	_
giorno	giorno	SS	O	_	_
si	rifl	PN	O	_	_
vedrà	vedere	VI	O	_	_
.	.	XPS	O	_	_

Intanto	intanto	B	O	_	_
per	per	E	O	_	_
stamane	stamane	B	O	_	_
il	il	RS	O	_	_
Rettore	rettore	SS	O	_	_
,	comma	XPW	O	_	_
che	che	CCHE	O	_	_
in	in	E	O	_	_
questi	questo	DP	O	_	_
giorni	giorno	SP	O	_	_
pare	parere	VI	O	_	_
occupatissimo	occupato	AS	O	_	_
,	comma	XPW	O	_	_
invitò	invitare	VI	O	_	_
separatamente	separatamente	B	O	_	_
ad	ad	E	O	_	_
un	uno	RS	O	_	_
famigliare	famigliare	AS	O	_	_
abboccamento	abboccamento	SS	O	_	_
i	il	RP	O	_	_
delegati	delegato	SP	O	_	_
dei	di/det	EP	O	_	_
diversi	diverso	AP	O	_	_
gruppi	gruppo	SP	O	_	_
tanto	tanto	B	O	_	_
italiani	italiano	AP	O	_	_
che	che	CCHE	O	_	_
tedeschi	tedesco	AP	O	_	_
.	.	XPS	O	_	_

Non	non	B	O	_	_
so	sapere	VI	O	_	_
che	che	CCHE	O	_	_
cosa	cosa	SS	O	_	_
abbia	avere	VIY	O	_	_
detto	dire	VSP	O	_	_
agli	a/det	EP	O	_	_
altri	altro	DP	O	_	_
studenti	studente	SP	O	_	_
;	semicolon	XPS	O	_	_

agli	a/det	EP	O	_	_
studenti	studente	SP	O	_	_
cattolici	cattolico	AP	O	_	_
italiani	italiano	AP	O	_	_
si	rifl	PN	O	_	_
limitò	limitare	VI	O	_	_
alla	a/det	ES	O	_	_
raccomandazione	raccomandazione	SS	O	_	_
di	di	E	O	_	_
non	non	B	O	_	_
voler	volere	VF	O	_	_
essere	essere	VF	O	_	_
provocatori	provocatore	SP	O	_	_
di	di	E	O	_	_
disordini	disordine	SP	O	_	_
,	comma	XPW	O	_	_
che	che	CCHE	O	_	_
potrebbero	potere	VI	O	_	_
ridondare	ridondare	VF	O	_	_
a	a	E	O	_	_
grave	grave	AS	O	_	_
danno	danno	SS	O	_	_
di	di	E	O	_	_
tutti	tutto	DP	O	_	_
gli	il	RP	O	_	_
studenti	studente	SP	O	_	_
.	.	XPS	O	_	_

Gli	il	RP	O	_	_
fu	essere	VI	O	_	_
risposto	risposto	SS	O	_	_
che	che	CCHE	O	_	_
gli	il	RP	O	_	_
studenti	studente	SP	O	_	_
cattolici	cattolico	AP	O	_	_
italiani	italiano	AP	O	_	_
non	non	B	O	_	_
furono	essere	VIY	O	_	_
mai	mai	B	O	_	_
provocatori	provocatore	SP	O	_	_
,	comma	XPW	O	_	_
non	non	B	O	_	_
lo	lo	PS	O	_	_
saranno	essere	VI	O	_	_
neppur	neppur	B	O	_	_
questa	questo	DS	O	_	_
volta	volta	SS	O	_	_
,	comma	XPW	O	_	_
ma	ma	C	O	_	_
provocati	provocare	VPP	O	_	_
ed	ed	C	O	_	_
offesi	offendere	VPP	O	_	_
certo	certo	B	O	_	_
anche	anche	C	O	_	_
essi	essi	PP	O	_	_
faranno	fare	VI	O	_	_
valere	valere	VF	O	_	_
le	il	RP	O	_	_
loro	loro	DP	O	_	_
ragioni	ragione	SP	O	_	_
.	.	XPS	O	_	_

Raccomandò	raccomandare	VI	O	_	_
poi	poi	B	O	_	_
di	di	E	O	_	_
non	non	B	O	_	_
voler	volere	VF	O	_	_
festeggiare	festeggiare	VF	O	_	_
troppo	troppo	B	O	_	_
calorosamente	calorosamente	B	O	_	_
con	con	E	O	_	_
applausi	applauso	SP	O	_	_
,	comma	XPW	O	_	_
con	con	E	O	_	_
battimani	battimano	SP	O	_	_
,	comma	XPW	O	_	_
con	con	E	O	_	_
evviva	evviva	SS	O	_	_
ecc.	ecc.	YA	O	_	_
ecc.	ecc.	YA	O	_	_
il	il	RS	O	_	_
d.r	d.r	YA	O	_	_
Lorenzoni	lorenzoni	SPN	O	_	_
nella	in/det	ES	O	_	_
sua	suo	DS	O	_	_
prolusione	prolusione	SS	O	_	_
,	comma	XPW	O	_	_
ma	ma	C	O	_	_
aspettare	aspettare	VF	O	_	_
piuttosto	piuttosto	B	O	_	_
a	a	E	O	_	_
fargli	fare/pro	VF+E	O	_	_
l’	il	RS	O	_	_
accoglienza	accoglienza	SS	O	_	_
fuori	fuori	E	O	_	_
dal	da/det	ES	O	_	_
suolo	suolo	SS	O	_	_
accademico	accademico	AS	O	_	_
,	comma	XPW	O	_	_
giacché	giacché	C	O	_	_
i	il	RP	O	_	_
tedeschi	tedesco	SP	O	_	_
mal	mal	AP	O	_	_
sopporterebbero	sopportare	VI	O	_	_
tali	tale	AP	O	_	_
cose	cosa	SP	O	_	_
e	e	C	O	_	_
sarebbe	essere	VI	O	_	_
un	uno	RS	O	_	_
eccitarli	eccitare/pro	VF+E	O	_	_
alla	a/det	ES	O	_	_
lotta	lotta	SS	O	_	_
.	.	XPS	O	_	_

Lesse	lesse	SPN	O	_	_
infine	infine	B	O	_	_
il	il	RS	O	_	_
decreto	decreto	SS	O	_	_
ministeriale	ministeriale	AS	O	_	_
giunto	giungere	VSP	O	_	_
in	in	E	O	_	_
questi	questo	DP	O	_	_
giorni	giorno	SP	O	_	_
assieme	assieme	B	O	_	_
alla	a/det	ES	O	_	_
venia	venia	SS	O	_	_
legendi	legendi	SP	O	_	_
del	di/det	ES	O	_	_
d.r	d.r	YA	O	_	_
Lorenzoni	lorenzoni	SPN	O	_	_
,	comma	XPW	O	_	_
di	di	E	O	_	_
cui	cui	PN	O	_	_
qui	qui	B	O	_	_
dò	dò	VI	O	_	_
un	uno	RS	O	_	_
riassunto	riassunto	SS	O	_	_
,	comma	XPW	O	_	_
lasciando	lasciare	VG	O	_	_
i	il	RP	O	_	_
commenti	commento	SP	O	_	_
e	e	C	O	_	_
il	il	RS	O	_	_
giudicare	giudicare	VF	O	_	_
quanto	quanto	QNS	O	_	_
ad	ad	E	O	_	_
esso	esso	PP	O	_	_
si	rifl	PN	O	_	_
possa	potere	VI	O	_	_
credere	credere	VF	O	_	_
,	comma	XPW	O	_	_
ai	a/det	EP	O	_	_
nostri	nostro	DP	O	_	_
lettori	lettore	SP	O	_	_
.	.	XPS	O	_	_

Prendendo	prendere	VG	O	_	_
argomento	argomento	SS	O	_	_
dalla	da/det	ES	O	_	_
prossima	prossimo	AS	O	_	_
venuta	venuta	SS	O	_	_
di	di	E	O	_	_
un	uno	RS	O	_	_
nuovo	nuovo	AS	O	_	_
docente	docente	SS	O	_	_
italiano	italiano	AS	O	_	_
,	comma	XPW	O	_	_
cioè	cioe`	B	O	_	_
del	di/det	ES	O	_	_
d.r	d.r	YA	O	_	_
Lorenzoni	lorenzoni	SPN	O	_	_
all’	a/det	ES	O	_	_
Ateneo	ateneo	SPN	O	_	_
enipontano	enipontano	VI	O	_	_
,	comma	XPW	O	_	_
il	il	RS	O	_	_
Senato	senato	SS	O	_	_
accademico	accademico	AS	O	_	_
in	in	E	O	_	_
una	uno	RS	O	_	_
sessione	sessione	SS	O	_	_
degli	di/det	EP	O	_	_
11	11	N	O	_	_
marzo	marzo	SS	O	_	_
corr	corr	AS	O	_	_
.	.	XPS	O	_	_

ha	avere	VIY	O	_	_
deliberato	deliberare	VSP	O	_	_
di	di	E	O	_	_
far	fare	VF	O	_	_
allontanare	allontanare	VF	O	_	_
quanto	quanto	B	O	_	_
prima	prima	E	O	_	_
le	il	RP	O	_	_
cattedre	cattedra	SP	O	_	_
giuridiche	giuridico	AP	O	_	_
italiane	italiano	AP	O	_	_
dall’	da/det	ES	O	_	_
Università	università	SN	O	_	_
,	comma	XPW	O	_	_
appellandosi	appellare/rifl	VG+E	O	_	_
fra	fra	E	O	_	_
il	il	RS	O	_	_
resto	resto	SS	O	_	_
ai	a/det	EP	O	_	_
disordini	disordine	SP	O	_	_
previsibili	previsibile	AP	O	_	_
in	in	E	O	_	_
quest’	questo	DS	O	_	_
occasione	occasione	SS	O	_	_
e	e	C	O	_	_
agli	a/det	EP	O	_	_
svantaggi	svantaggio	SP	O	_	_
che	che	CCHE	O	_	_
ne	ne	PN	O	_	_
ridonderebbero	ridondare	VI	O	_	_
agli	a/det	EP	O	_	_
studenti	studente	SP	O	_	_
,	comma	XPW	O	_	_
ed	ed	C	O	_	_
ha	avere	VIY	O	_	_
proposto	proporre	VSP	O	_	_
di	di	E	O	_	_
erigere	erigere	VF	O	_	_
in	in	E	O	_	_
quella	quello	DS	O	_	_
vece	vece	SS	O	_	_
in	in	E	O	_	_
Innsbruck	innsbruck	SPN	GPE	47.2654296	11.3927685
una	uno	RS	O	_	_
accademia	accademia	SS	O	_	_
giuridica	giuridico	AS	O	_	_
a	a	E	O	_	_
parte	parte	SS	O	_	_
.	.	XPS	O	_	_

Il	il	RS	O	_	_
Ministro	ministro	SS	O	_	_
del	di/det	ES	O	_	_
culto	culto	SS	O	_	_
e	e	C	O	_	_
dell’	di/det	ES	O	_	_
istruzione	istruzione	SS	O	_	_
deplora	deplorare	VI	O	_	_
vivamente	vivamente	B	O	_	_
tali	tale	AP	O	_	_
prevedibili	prevedibile	AP	O	_	_
disordini	disordine	SP	O	_	_
da	da	E	O	_	_
pare	pare	SS	O	_	_
degli	di/det	EP	O	_	_
studenti	studente	SP	O	_	_
,	comma	XPW	O	_	_
riconosce	riconoscere	VI	O	_	_
il	il	RS	O	_	_
danno	danno	SS	O	_	_
immenso	immenso	AS	O	_	_
che	che	CCHE	O	_	_
ne	ne	PN	O	_	_
deriverebbe	derivare	VI	O	_	_
per	per	E	O	_	_
il	il	RS	O	_	_
corso	corso	SS	O	_	_
regolare	regolare	AS	O	_	_
dei	di/det	EP	O	_	_
loro	loro	DP	O	_	_
studi	studio	SP	O	_	_
,	comma	XPW	O	_	_
qualora	qualora	C	O	_	_
si	rifl	PN	O	_	_
dovesse	dovere	VI	O	_	_
chiudere	chiudere	VF	O	_	_
l’	il	RS	O	_	_
Università	università	SN	O	_	_
,	comma	XPW	O	_	_
ma	ma	C	O	_	_
tutto	tutto	DS	O	_	_
considerato	considerare	VSP	O	_	_
non	non	B	O	_	_
trova	trovare	VI	O	_	_
da	da	E	O	_	_
aderire	aderire	VF	O	_	_
a	a	E	O	_	_
questa	questo	DS	O	_	_
decisione	decisione	SS	O	_	_
del	di/det	ES	O	_	_
lodevole	lodevole	AS	O	_	_
Senato	senato	SS	O	_	_
,	comma	XPW	O	_	_
poiché	poiché	C	O	_	_
manca	mancare	VI	O	_	_
di	di	E	O	_	_
una	uno	RS	O	_	_
base	base	SS	O	_	_
reale	reale	AS	O	_	_
e	e	C	O	_	_
certamente	certamente	B	O	_	_
non	non	B	O	_	_
potrebbe	potere	VI	O	_	_
condurre	condurre	VF	O	_	_
allo	a/det	ES	O	_	_
scioglimento	scioglimento	SS	O	_	_
della	di/det	ES	O	_	_
questione	questione	SS	O	_	_
universitaria	universitario	AS	O	_	_
.	.	XPS	O	_	_

Raccomanda	raccomandare	VI	O	_	_
invece	invece	B	O	_	_
caldamente	caldamente	B	O	_	_
alle	a/det	EP	O	_	_
autorità	autorità	SN	O	_	_
accademiche	accademico	AP	O	_	_
di	di	E	O	_	_
mantenere	mantenere	VF	O	_	_
indisturbato	indisturbato	AS	O	_	_
l’	il	RS	O	_	_
ordine	ordine	SS	O	_	_
e	e	C	O	_	_
la	il	RS	O	_	_
quiete	quiete	SS	O	_	_
indispensabile	indispensabile	AS	O	_	_
allo	a/det	ES	O	_	_
studio	studio	SS	O	_	_
,	comma	XPW	O	_	_
rammentando	rammentare	VG	O	_	_
alle	a/det	EP	O	_	_
stesse	stesse	SP	O	_	_
il	il	RS	O	_	_
dovere	dovere	SS	O	_	_
che	che	CCHE	O	_	_
loro	loro	PP	O	_	_
incombe	incombere	VI	O	_	_
di	di	E	O	_	_
provvedere	provvedere	VF	O	_	_
con	con	E	O	_	_
tutti	tutto	DP	O	_	_
i	il	RP	O	_	_
mezzi	mezzo	SP	O	_	_
all’	a/det	ES	O	_	_
istruzione	istruzione	SS	O	_	_
superiore	superiore	AS	O	_	_
.	.	XPS	O	_	_

Il	il	RS	O	_	_
ministero	ministero	SS	O	_	_
riconferma	riconfermare	VI	O	_	_
agli	a/det	EP	O	_	_
studenti	studente	SP	O	_	_
tedeschi	tedesco	AP	O	_	_
il	il	RS	O	_	_
carattere	carattere	SS	O	_	_
prettamente	prettamente	B	O	_	_
teutonico	teutonico	AS	O	_	_
dell’	di/det	ES	O	_	_
Università	università	SN	O	_	_
enipontana	enipontana	AS	O	_	_
riconosciuto	riconoscere	VSP	O	_	_
in	in	E	O	_	_
un	uno	RS	O	_	_
decreto	decreto	SS	O	_	_
degli	di/det	EP	O	_	_
8	8	N	O	_	_
marzo	marzo	SS	O	_	_
1902	1902	N	O	_	_
e	e	C	O	_	_
dichiara	dichiarare	VI	O	_	_
di	di	E	O	_	_
venir	venire	VF	O	_	_
simultaneamente	simultaneamente	B	O	_	_
incontro	incontro	B	O	_	_
ai	a/det	EP	O	_	_
desideri	desiderio	SP	O	_	_
degli	di/det	EP	O	_	_
studenti	studente	SP	O	_	_
italiani	italiano	AP	O	_	_
offrendo	offrire	VG	O	_	_
loro	loro	PP	O	_	_
il	il	RS	O	_	_
mezzo	mezzo	SS	O	_	_
di	di	E	O	_	_
poter	potere	VF	O	_	_
apprendere	apprendere	VF	O	_	_
la	il	RS	O	_	_
coltura	coltura	SS	O	_	_
superiore	superiore	AS	O	_	_
nella	in/det	ES	O	_	_
madre	madre	SS	O	_	_
lingua	lingua	SS	O	_	_
,	comma	XPW	O	_	_
conforma	conformare	VI	O	_	_
alla	a/det	ES	O	_	_
decisione	decisione	SS	O	_	_
presa	prendere	VSP	O	_	_
nel	in/det	ES	O	_	_
novembre	novembre	SS	O	_	_
del	di/det	ES	O	_	_
1901	1901	N	O	_	_
,	comma	XPW	O	_	_
in	in	E	O	_	_
seguito	seguito	SS	O	_	_
ad	ad	E	O	_	_
una	uno	RS	O	_	_
interpellanza	interpellanza	SS	O	_	_
dei	di/det	EP	O	_	_
deputati	deputato	SP	O	_	_
italiani	italiano	AP	O	_	_
.	.	XPS	O	_	_

Soggiunge	soggiungere	VI	O	_	_
che	che	CCHE	O	_	_
l’	il	RS	O	_	_
idea	idea	SS	O	_	_
lanciata	lanciare	VSP	O	_	_
dal	da/det	ES	O	_	_
Senato	senato	SS	O	_	_
accademico	accademico	AS	O	_	_
di	di	E	O	_	_
erigere	erigere	VF	O	_	_
un’	uno	RS	O	_	_
accademia	accademia	SS	O	_	_
giuridica	giuridico	AS	O	_	_
italiana	italiano	AS	O	_	_
a	a	E	O	_	_
Innsbruck	innsbruck	SPN	GPE	47.2654296	11.3927685
,	comma	XPW	O	_	_
invece	invece	C	O	_	_
di	di	E	O	_	_
segnare	segnare	VF	O	_	_
un	uno	RS	O	_	_
passo	passo	SS	O	_	_
innanzi	innanzi	AS	O	_	_
verso	verso	E	O	_	_
una	uno	RS	O	_	_
pacifica	pacifico	AS	O	_	_
soluzione	soluzione	SS	O	_	_
,	comma	XPW	O	_	_
diverrebbe	divenire	VI	O	_	_
un	uno	RS	O	_	_
nuovo	nuovo	AS	O	_	_
focolare	focolare	SS	O	_	_
di	di	E	O	_	_
discordia	discordia	SS	O	_	_
fra	fra	E	O	_	_
studenti	studente	SP	O	_	_
italiani	italiano	AP	O	_	_
e	e	C	O	_	_
tedeschi	tedesco	AP	O	_	_
.	.	XPS	O	_	_

Il	il	RS	O	_	_
ministero	ministero	SS	O	_	_
però	però	C	O	_	_
sta	stare	VI	O	_	_
esaminando	esaminare	VG	O	_	_
l’	il	RS	O	_	_
idea	idea	SS	O	_	_
di	di	E	O	_	_
allontanare	allontanare	VF	O	_	_
bensì	bensì	YF	O	_	_
quanto	quanto	B	O	_	_
prima	prima	B	O	_	_
la	il	RS	O	_	_
cattedra	cattedra	SS	O	_	_
giur	giur	VI	O	_	_
.	.	XPS	O	_	_

ital	ital	AS	O	_	_
.	.	XPS	O	_	_

da	da	E	O	_	_
qui	qui	B	O	_	_
,	comma	XPW	O	_	_
ma	ma	C	O	_	_
di	di	E	O	_	_
trasportarla	trasportare/pro	VF+E	O	_	_
in	in	E	O	_	_
un’	uno	RS	O	_	_
altra	altro	DS	O	_	_
città	città	SN	O	_	_
–	–	XPO	O	_	_
Vienna	vienna	SPN	O	_	_
,	comma	XPW	O	_	_
Graz	graz	SPN	GPE	47.07325875	15.4444721
,	comma	XPW	O	_	_
Gorizia	gorizia	SPN	GPE	45.9441278	13.6252288
o	o	C	O	_	_
Trieste	trieste	SPN	GPE	45.6500335	13.7706559
–	–	XPO	O	_	_
e	e	C	O	_	_
di	di	E	O	_	_
erigere	erigere	VF	O	_	_
ivi	ivi	B	O	_	_
un’	uno	RS	O	_	_
accademia	accademia	SS	O	_	_
giuridica	giuridico	AS	O	_	_
italiana	italiano	AS	O	_	_
indipendente	indipendente	AS	O	_	_
.	.	XPS	O	_	_

Finisce	finire	VI	O	_	_
assicurando	assicurare	VG	O	_	_
che	che	CCHE	O	_	_
tale	tale	DS	O	_	_
progetto	progetto	SS	O	_	_
,	comma	XPW	O	_	_
che	che	CCHE	O	_	_
non	non	B	O	_	_
è	essere	VI	O	_	_
ancora	ancora	B	O	_	_
maturo	maturo	AS	O	_	_
,	comma	XPW	O	_	_
sarà	essere	VI	O	_	_
fra	fra	E	O	_	_
breve	breve	AS	O	_	_
un	uno	RS	O	_	_
fatto	fatto	SS	O	_	_
compiuto	compiere	VSP	O	_	_
e	e	C	O	_	_
raccomanda	raccomandare	VI	O	_	_
caldamente	caldamente	B	O	_	_
a	a	E	O	_	_
tutti	tutto	DP	O	_	_
gli	il	RP	O	_	_
interessati	interessato	SP	O	_	_
di	di	E	O	_	_
far	fare	VF	O	_	_
sì	sì	B	O	_	_
che	che	CCHE	O	_	_
non	non	B	O	_	_
venga	venire	VIY	O	_	_
turbato	turbare	VSP	O	_	_
l’	il	RS	O	_	_
ordine	ordine	SS	O	_	_
in	in	E	O	_	_
questo	questo	DS	O	_	_
Ateneo	ateneo	SPN	O	_	_
.	.	XPS	O	_	_

Questa	questo	DS	O	_	_
sera	sera	SS	O	_	_
per	per	E	O	_	_
discutere	discutere	VF	O	_	_
appunto	appunto	B	O	_	_
su	su	E	O	_	_
questo	questo	DS	O	_	_
decreto	decreto	SS	O	_	_
e	e	C	O	_	_
per	per	E	O	_	_
stabilire	stabilire	VF	O	_	_
il	il	RS	O	_	_
loro	loro	DP	O	_	_
contegno	contegno	SS	O	_	_
alla	a/det	ES	O	_	_
prolusione	prolusione	SS	O	_	_
di	di	E	O	_	_
Lorenzoni	lorenzoni	SPN	PER	_	_
,	comma	XPW	O	_	_
tengono	tenere	VI	O	_	_
un’	uno	RS	O	_	_
adunanza	adunanza	SS	O	_	_
gli	il	RP	O	_	_
studenti	studente	SP	O	_	_
liberali	liberale	AP	O	_	_
tedeschi	tedesco	AP	O	_	_
,	comma	XPW	O	_	_
a	a	E	O	_	_
cui	cui	PN	O	_	_
terrà	tenere	VI	O	_	_
dietro	dietro	E	O	_	_
un’	uno	RS	O	_	_
altra	altro	DS	O	_	_
domani	domani	B	O	_	_
degli	di/det	EP	O	_	_
studenti	studente	SP	O	_	_
cattolici	cattolico	AP	O	_	_
,	comma	XPW	O	_	_
sempre	sempre	B	O	_	_
sullo	su/det	ES	O	_	_
stesso	stesso	DS	O	_	_
argomento	argomento	SS	O	_	_
,	comma	XPW	O	_	_
nella	in/det	ES	O	_	_
sala	sala	SS	O	_	_
N.	n.	YA	O	_	_
6	6	N	O	_	_
dell’	di/det	ES	O	_	_
Università	università	SN	O	_	_
.	.	XPS	O	_	_
