# total number of persons:2, total number of gpes:43
La	il	RS	O	_	_
linea	linea	SS	O	_	_
Lavis	lavis	SPN	GPE	46.1397416	11.1102267
-	-	XPO	O	_	_
Cembra	cembra	SPN	O	_	_
è	essere	VI	O	_	_
lunga	lungo	AS	O	_	_
13,5	13,5	N	O	_	_
km	km	B	O	_	_
e	e	C	O	_	_
costa	costare	VI	O	_	_
secondo	secondo	E	O	_	_
il	il	RS	O	_	_
preventivo	preventivo	SS	O	_	_
del	di/det	ES	O	_	_
progettante	progettante	AS	O	_	_
Fogowitz	fogowitz	SPN	O	_	_
3.501.000	3.501.000	N	O	_	_
corone	corone	SS	O	_	_
,	comma	XPW	O	_	_
e	e	C	O	_	_
secondo	secondo	E	O	_	_
i	il	RP	O	_	_
calcoli	calcolo	SP	O	_	_
riveduti	riveduti	VPP	O	_	_
del	di/det	ES	O	_	_
Ministero	ministero	SPN	O	_	_
delle	di/det	EP	O	_	_
ferrovie	ferrovia	SP	O	_	_
4	4	N	O	_	_
milioni	milione	SP	O	_	_
,	comma	XPW	O	_	_
essendo	essere	VG	O	_	_
la	il	RS	O	_	_
parte	parte	SS	O	_	_
più	più	B	O	_	_
difficile	difficile	AS	O	_	_
e	e	C	O	_	_
più	più	B	O	_	_
costosa	costoso	AS	O	_	_
dell’	di/det	ES	O	_	_
avisiana	avisiana	SS	O	_	_
.	.	XPS	O	_	_

La	il	RS	O	_	_
linea	linea	SS	O	_	_
Lavis	lavis	SPN	GPE	46.1397416	11.1102267
-	-	XPO	O	_	_
Grumes	grumes	SPN	GPE	46.2208416	11.29408
è	essere	VI	O	_	_
lunga	lungo	AS	O	_	_
23,6	23,6	N	O	_	_
km	km	B	O	_	_
e	e	C	O	_	_
costa	costare	VI	O	_	_
secondo	secondo	E	O	_	_
il	il	RS	O	_	_
preventivo	preventivo	SS	O	_	_
Fogowitz	fogowitz	SPN	O	_	_
3.130.000	3.130.000	N	O	_	_
,	comma	XPW	O	_	_
ossia	ossia	C	O	_	_
217.000	217.000	N	O	_	_
il	il	RS	O	_	_
chilometro	chilometro	SS	O	_	_
.	.	XPS	O	_	_

Ammettiamo	ammettere	VI	O	_	_
per	per	E	O	_	_
precauzione	precauzione	SS	O	_	_
che	che	CCHE	O	_	_
una	uno	RS	O	_	_
revisione	revisione	SS	O	_	_
dei	di/det	EP	O	_	_
calcoli	calcolo	SP	O	_	_
del	di/det	ES	O	_	_
progettante	progettante	AS	O	_	_
renda	renda	SS	O	_	_
necessario	necessario	AS	O	_	_
anche	anche	C	O	_	_
qui	qui	B	O	_	_
un	uno	RS	O	_	_
aumento	aumento	SS	O	_	_
del	di/det	ES	O	_	_
preventivo	preventivo	SS	O	_	_
e	e	C	O	_	_
,	comma	XPW	O	_	_
per	per	E	O	_	_
star	stare	VF	O	_	_
alti	alto	AP	O	_	_
,	comma	XPW	O	_	_
supponiamo	supporre	VI	O	_	_
che	che	CCHE	O	_	_
la	il	RS	O	_	_
Lavis	lavis	SPN	GPE	46.1397416	11.1102267
-	-	XPO	O	_	_
Grumes	grumes	SPN	GPE	46.2208416	11.29408
costi	costare	VI	O	_	_
una	uno	RS	O	_	_
cifra	cifra	SS	O	_	_
tonda	tondo	AS	O	_	_
6	6	N	O	_	_
milioni	milione	SP	O	_	_
.	.	XPS	O	_	_

In	in	E	O	_	_
questo	questo	DS	O	_	_
pessimo	pessimo	SS	O	_	_
dei	di/det	EP	O	_	_
casi	caso	SP	O	_	_
dunque	dunque	C	O	_	_
il	il	RS	O	_	_
tratto	tratto	SS	O	_	_
Cembra	cembra	SPN	O	_	_
-	-	XPO	O	_	_
Grumes	grumes	SPN	GPE	46.2208416	11.29408
di	di	E	O	_	_
circa	circa	B	O	_	_
10	10	N	O	_	_
km	km	PS	O	_	_
costerebbe	costare	VI	O	_	_
2	2	N	O	_	_
milioni	milione	SP	O	_	_
.	.	XPS	O	_	_

Stabilite	stabilite	SP	O	_	_
queste	questo	DP	O	_	_
cifre	cifra	SP	O	_	_
,	comma	XPW	O	_	_
s’	s’	PN	O	_	_
impone	imporre	VI	O	_	_
anzitutto	anzitutto	B	O	_	_
una	uno	RS	O	_	_
considerazione	considerazione	SS	O	_	_
d’	di	E	O	_	_
ordine	ordine	SS	O	_	_
generale	generale	AS	O	_	_
.	.	XPS	O	_	_

Già	già	B	O	_	_
nel	in/det	ES	O	_	_
luglio	luglio	SS	O	_	_
del	di/det	ES	O	_	_
1912	1912	N	O	_	_
nella	in/det	ES	O	_	_
conferenza	conferenza	SS	O	_	_
al	a/det	ES	O	_	_
Ministero	ministero	SS	O	_	_
delle	di/det	EP	O	_	_
ferrovie	ferrovia	SP	O	_	_
il	il	RS	O	_	_
Podestà	podestà	SN	O	_	_
di	di	E	O	_	_
Trento	trento	SPN	GPE	46.0664228	11.1257601
,	comma	XPW	O	_	_
visto	vedere	VSP	O	_	_
che	che	CCHE	O	_	_
il	il	RS	O	_	_
Governo	governo	SS	O	_	_
negava	negare	VI	O	_	_
assolutamente	assolutamente	B	O	_	_
i	il	RP	O	_	_
denari	denaro	SP	O	_	_
per	per	E	O	_	_
costruire	costruire	VF	O	_	_
intiere	intiere	VF	O	_	_
le	il	RP	O	_	_
due	due	N	O	_	_
linee	linea	SP	O	_	_
del	di/det	ES	O	_	_
compromesso	compromesso	SS	O	_	_
Egna	egna	SPN	GPE	46.3169161	11.2725698
-	-	XPO	O	_	_
Moena	moena	SPN	GPE	46.3768554	11.6591816
e	e	C	O	_	_
Lavis	lavis	SPN	GPE	46.1397416	11.1102267
-	-	XPO	O	_	_
Cavalese	cavalese	SPN	GPE	46.2912	11.4604332
e	e	C	O	_	_
dichiarava	dichiarare	VI	O	_	_
di	di	E	O	_	_
voler	volere	VF	O	_	_
costruire	costruire	VF	O	_	_
la	il	RS	O	_	_
Egna	egna	SPN	O	_	_
-	-	XPO	O	_	_
Predazzo	predazzo	SPN	O	_	_
e	e	C	O	_	_
la	il	RS	O	_	_
Lavis	lavis	SPN	GPE	46.1397416	11.1102267
-	-	XPO	O	_	_
Cembra	cembra	SPN	O	_	_
,	comma	XPW	O	_	_
insistette	insistere	VI	O	_	_
perché	perché	C	O	_	_
di	di	E	O	_	_
fronte	fronte	SS	O	_	_
ai	a/det	EP	O	_	_
45	45	N	O	_	_
km	km	B	O	_	_
della	di/det	ES	O	_	_
Predazzo	predazzo	SPN	O	_	_
,	comma	XPW	O	_	_
della	di/det	ES	O	_	_
linea	linea	SS	O	_	_
avisiana	avisiana	AS	O	_	_
se	rifl	PN	O	_	_
ne	ne	PN	O	_	_
costruissero	costruire	VI	O	_	_
almeno	almeno	B	O	_	_
23,6	23,6	N	O	_	_
km	km	B	O	_	_
,	comma	XPW	O	_	_
cioè	cioe`	B	O	_	_
il	il	RS	O	_	_
tratto	tratto	SS	O	_	_
Lavis	lavis	SPN	GPE	46.1397416	11.1102267
-	-	XPO	O	_	_
Grumes	grumes	SPN	GPE	46.2208416	11.29408
.	.	XPS	O	_	_

Tali	tale	AP	O	_	_
insistenze	insistenza	SP	O	_	_
incontrarono	incontrare	VI	O	_	_
purtroppo	purtroppo	B	O	_	_
un	uno	RS	O	_	_
perentorio	perentorio	AS	O	_	_
rifiuto	rifiuto	SS	O	_	_
.	.	XPS	O	_	_

È	essere	VI	O	_	_
noto	noto	AS	O	_	_
però	però	C	O	_	_
che	che	CCHE	O	_	_
Trento	trento	SPN	GPE	46.0664228	11.1257601
ritornò	ritornare	VI	O	_	_
poco	poco	B	O	_	_
dopo	dopo	B	O	_	_
sulla	su/det	ES	O	_	_
stessa	stesso	DS	O	_	_
domanda	domanda	SS	O	_	_
e	e	C	O	_	_
che	che	CCHE	O	_	_
deputati	deputare	VPP	O	_	_
e	e	C	O	_	_
rappresentanti	rappresentante	SP	O	_	_
della	di/det	ES	O	_	_
città	città	SN	O	_	_
fecero	fare	VI	O	_	_
capire	capire	VF	O	_	_
al	a/det	ES	O	_	_
luogotenente	luogotenente	SS	O	_	_
baron	baron	AS	O	_	_
Spiegelfeld	spiegelfeld	SPN	O	_	_
che	che	CCHE	O	_	_
se	se	C	O	_	_
Trento	trento	SPN	GPE	46.0664228	11.1257601
ottenesse	ottenere	VI	O	_	_
la	il	RS	O	_	_
Lavis	lavis	SPN	GPE	46.1397416	11.1102267
-	-	XPO	O	_	_
Grumes	grumes	SPN	GPE	46.2208416	11.29408
avrebbe	avere	VIY	O	_	_
trovata	trovare	VSP	O	_	_
la	il	RS	O	_	_
combinazione	combinazione	SS	O	_	_
ancora	ancora	B	O	_	_
tollerabile	tollerabile	AS	O	_	_
.	.	XPS	O	_	_

Eravamo	essere	VI	O	_	_
dunque	dunque	C	O	_	_
tutti	tutto	PP	O	_	_
sul	su/det	ES	O	_	_
terreno	terreno	SS	O	_	_
dell’	di/det	ES	O	_	_
esecuzione	esecuzione	SS	O	_	_
parziale	parziale	AS	O	_	_
del	di/det	ES	O	_	_
compromesso	compromesso	SS	O	_	_
:	:	XPS	O	_	_
la	il	RS	O	_	_
differenza	differenza	SS	O	_	_
fra	fra	E	O	_	_
quello	quello	PS	O	_	_
che	che	CCHE	O	_	_
il	il	RS	O	_	_
governo	governo	SS	O	_	_
concedeva	concedere	VI	O	_	_
e	e	C	O	_	_
che	che	CCHE	O	_	_
i	il	RP	O	_	_
popolari	popolare	AP	O	_	_
consigliavano	consigliare	VI	O	_	_
di	di	E	O	_	_
accettare	accettare	VF	O	_	_
e	e	C	O	_	_
quello	quello	PS	O	_	_
che	che	CCHE	O	_	_
Trento	trento	SPN	GPE	46.0664228	11.1257601
chiedeva	chiedere	VI	O	_	_
era	essere	VI	O	_	_
di	di	E	O	_	_
10	10	N	O	_	_
km.	km.	SP	O	_	_
Come	come	CADV	O	_	_
venne	venire	VIY	O	_	_
ormai	ormai	B	O	_	_
pubblicato	pubblicare	VSP	O	_	_
e	e	C	O	_	_
documentato	documentare	VSP	O	_	_
,	comma	XPW	O	_	_
nel	in/det	ES	O	_	_
corso	corso	SS	O	_	_
delle	di/det	EP	O	_	_
trattative	trattativa	SP	O	_	_
i	il	RP	O	_	_
nostri	nostro	DP	O	_	_
deputati	deputato	SP	O	_	_
appoggiarono	appoggiare	VI	O	_	_
la	il	RS	O	_	_
domanda	domanda	SS	O	_	_
di	di	E	O	_	_
Trento	trento	SPN	GPE	46.0664228	11.1257601
,	comma	XPW	O	_	_
appoggio	appoggio	SS	O	_	_
che	che	CCHE	O	_	_
si	rifl	PN	O	_	_
trasformò	trasformare	VI	O	_	_
in	in	E	O	_	_
pressione	pressione	SS	O	_	_
fortissima	forte	AS	O	_	_
,	comma	XPW	O	_	_
quando	quando	CADV	O	_	_
il	il	RS	O	_	_
partito	partito	SS	O	_	_
popolare	popolare	AS	O	_	_
pose	porre	VI	O	_	_
il	il	RS	O	_	_
dilemma	dilemma	SS	O	_	_
:	:	XPS	O	_	_
o	o	C	O	_	_
la	il	RS	O	_	_
Lavis	lavis	SPN	GPE	46.1397416	11.1102267
-	-	XPO	O	_	_
Grumes	grumes	SPN	GPE	46.2208416	11.29408
o	o	C	O	_	_
via	via	B	O	_	_
il	il	RS	O	_	_
luogotenente	luogotenente	SS	O	_	_
.	.	XPS	O	_	_

Ma	ma	C	O	_	_
anche	anche	C	O	_	_
queste	questo	PP	O	_	_
trattative	trattativa	SP	O	_	_
ebbero	avere	VI	O	_	_
per	per	E	O	_	_
quanto	quanto	QNS	O	_	_
riguarda	riguardare	VI	O	_	_
la	il	RS	O	_	_
ferrovia	ferrovia	SS	O	_	_
esito	esito	SS	O	_	_
negativo	negativo	AS	O	_	_
,	comma	XPW	O	_	_
perché	perché	C	O	_	_
il	il	RS	O	_	_
Governo	governo	SS	O	_	_
dopo	dopo	E	O	_	_
una	uno	RS	O	_	_
lunga	lungo	AS	O	_	_
crisi	crisi	SN	O	_	_
di	di	E	O	_	_
parecchi	parecchio	AP	O	_	_
mesi	mese	SP	O	_	_
preferì	preferire	VI	O	_	_
dimettere	dimettere	VF	O	_	_
il	il	RS	O	_	_
barone	barone	SS	O	_	_
Spiegelfeld	spiegelfeld	SPN	PER	_	_
.	.	XPS	O	_	_

La	il	RS	O	_	_
domanda	domanda	SS	O	_	_
quindi	quindi	C	O	_	_
dei	di/det	EP	O	_	_
rappresentanti	rappresentante	SP	O	_	_
di	di	E	O	_	_
Trento	trento	SPN	GPE	46.0664228	11.1257601
per	per	E	O	_	_
un	uno	RS	O	_	_
minimum	minimum	SS	O	_	_
Lavis	lavis	SPN	GPE	46.1397416	11.1102267
-	-	XPO	O	_	_
Grumes	grumes	SPN	GPE	46.2208416	11.29408
,	comma	XPW	O	_	_
come	come	CADV	O	_	_
una	uno	RS	O	_	_
specie	specie	SN	O	_	_
di	di	E	O	_	_
compensazione	compensazione	SS	O	_	_
di	di	E	O	_	_
fronte	fronte	SS	O	_	_
alla	a/det	ES	O	_	_
Egna	egna	SPN	O	_	_
-	-	XPO	O	_	_
Predazzo	predazzo	SPN	O	_	_
,	comma	XPW	O	_	_
l’	il	RS	O	_	_
esaudimento	esaudimento	SS	O	_	_
della	di/det	ES	O	_	_
quale	quale	PS	O	_	_
,	comma	XPW	O	_	_
come	come	CADV	O	_	_
disse	dire	VI	O	_	_
il	il	RS	O	_	_
podestà	podestà	SN	O	_	_
nella	in/det	ES	O	_	_
penultima	penultimo	AS	O	_	_
seduta	seduta	SS	O	_	_
municipale	municipale	AS	O	_	_
avrebbe	avere	VI	O	_	_
ancora	ancora	B	O	_	_
accontentata	accontentare	VSP	O	_	_
la	il	RS	O	_	_
città	città	SN	O	_	_
,	comma	XPW	O	_	_
venne	venire	VI	O	_	_
purtroppo	purtroppo	B	O	_	_
respinta	respinto	AS	O	_	_
.	.	XPS	O	_	_

Ora	ora	B	O	_	_
badate	badare	VPP	O	_	_
a	a	E	O	_	_
quello	quello	PS	O	_	_
che	che	CCHE	O	_	_
avviene	avvenire	VI	O	_	_
di	di	E	O	_	_
questi	questo	DP	O	_	_
giorni	giorno	SP	O	_	_
.	.	XPS	O	_	_

Perché	perché	C	O	_	_
i	il	RP	O	_	_
popolari	popolare	AP	O	_	_
,	comma	XPW	O	_	_
messi	mettere	VPP	O	_	_
innanzi	innanzi	E	O	_	_
alla	a/det	ES	O	_	_
triste	triste	AS	O	_	_
necessità	necessità	SN	O	_	_
di	di	E	O	_	_
scegliere	scegliere	VF	O	_	_
fra	fra	E	O	_	_
la	il	RS	O	_	_
combinazione	combinazione	SS	O	_	_
Lavis	lavis	SPN	GPE	46.1397416	11.1102267
-	-	XPO	O	_	_
Cembra	cembra	SPN	O	_	_
ed	ed	C	O	_	_
Egna	egna	SPN	GPE	46.3169161	11.2725698
-	-	XPO	O	_	_
Predazzo	predazzo	SPN	GPE	46.3123698	11.6027345
ovvero	ovvero	C	O	_	_
rischiar	rischiar	VI	O	_	_
tutto	tutto	PS	O	_	_
,	comma	XPW	O	_	_
consigliarono	consigliare	VI	O	_	_
di	di	E	O	_	_
accettar	accettare	VF	O	_	_
la	il	RS	O	_	_
combinazione	combinazione	SS	O	_	_
come	come	CADV	O	_	_
la	il	RS	O	_	_
meno	meno	B	O	_	_
peggio	peggio	AS	O	_	_
,	comma	XPW	O	_	_
vennero	venire	VIY	O	_	_
accusati	accusare	VPP	O	_	_
d’	di	E	O	_	_
aver	avere	VFY	O	_	_
tradito	tradire	VSP	O	_	_
il	il	RS	O	_	_
paese	paese	SS	O	_	_
,	comma	XPW	O	_	_
distaccata	distaccare	VSP	O	_	_
la	il	RS	O	_	_
valle	valle	SS	O	_	_
di	di	E	O	_	_
Fiemme	fiemme	SPN	O	_	_
dal	da/det	ES	O	_	_
Trentino	trentino	SPN	GPE	46.102869	11.12961993
,	comma	XPW	O	_	_
e	e	C	O	_	_
data	dare	VSP	O	_	_
in	in	E	O	_	_
braccio	braccio	SS	O	_	_
la	il	RS	O	_	_
stessa	stesso	DS	O	_	_
valle	valle	SS	O	_	_
ai	a/det	EP	O	_	_
germanizzatori	germanizzatori	SP	O	_	_
.	.	XPS	O	_	_

Perché	perché	C	O	_	_
?	?	XPS	O	_	_

Perché	perché	C	O	_	_
nella	in/det	ES	O	_	_
combinazione	combinazione	SS	O	_	_
è	essere	VIY	O	_	_
compresa	comprendere	VSP	O	_	_
la	il	RS	O	_	_
Egna	egna	SPN	O	_	_
-	-	XPO	O	_	_
Predazzo	predazzo	SPN	O	_	_
?	?	XPS	O	_	_

Ma	ma	C	O	_	_
forse	forse	B	O	_	_
che	che	CCHE	O	_	_
nella	in/det	ES	O	_	_
combinazione	combinazione	SS	O	_	_
colla	con/det	ES	O	_	_
Lavis	lavis	SPN	GPE	46.1397416	11.1102267
-	-	XPO	O	_	_
Grumes	grumes	SPN	GPE	46.2208416	11.29408
,	comma	XPW	O	_	_
che	che	CCHE	O	_	_
i	il	RP	O	_	_
liberali	liberale	SP	O	_	_
avrebbero	avere	VIY	O	_	_
accettata	accettare	VSP	O	_	_
,	comma	XPW	O	_	_
non	non	B	O	_	_
ci	ci	PP	O	_	_
sarebbe	essere	VIY	O	_	_
stata	essere	VSP	O	_	_
anche	anche	C	O	_	_
la	il	RS	O	_	_
Egna	egna	SPN	O	_	_
-	-	XPO	O	_	_
Predazzo	predazzo	SPN	O	_	_
colle	con/det	EP	O	_	_
stessissime	stesso	AP	O	_	_
conseguenze	conseguenza	SP	O	_	_
?	?	XPS	O	_	_

O	o	C	O	_	_
forse	forse	B	O	_	_
i	il	RP	O	_	_
10	10	N	O	_	_
km	km	B	O	_	_
circa	circa	B	O	_	_
in	in	E	O	_	_
più	più	B	O	_	_
da	da	E	O	_	_
Cembra	cembra	SPN	O	_	_
a	a	E	O	_	_
Grumes	grumes	SPN	GPE	46.2208416	11.29408
avrebbero	avere	VIY	O	_	_
tolto	togliere	VSP	O	_	_
alla	a/det	ES	O	_	_
linea	linea	SS	O	_	_
di	di	E	O	_	_
Egna	egna	SPN	GPE	46.3169161	11.2725698
tutti	tutto	DP	O	_	_
gli	il	RP	O	_	_
effetti	effetto	SP	O	_	_
disastrosi	disastroso	AP	O	_	_
che	che	CCHE	O	_	_
le	le	PS	O	_	_
vengono	venire	VIY	O	_	_
attribuiti	attribuire	VPP	O	_	_
,	comma	XPW	O	_	_
cioè	cioe`	B	O	_	_
il	il	RS	O	_	_
distacco	distacco	SS	O	_	_
e	e	C	O	_	_
la	il	RS	O	_	_
perdita	perdita	SS	O	_	_
nazionale	nazionale	AS	O	_	_
di	di	E	O	_	_
Fiemme	fiemme	SPN	O	_	_
?	?	XPS	O	_	_

A	a	E	O	_	_
ragione	ragione	SS	O	_	_
quindi	quindi	C	O	_	_
il	il	RS	O	_	_
D.r	d.r	YA	O	_	_
Degasperi	degasperi	SPN	O	_	_
riassumeva	riassumere	VI	O	_	_
la	il	RS	O	_	_
fenomenale	fenomenale	SS	O	_	_
logica	logico	AS	O	_	_
di	di	E	O	_	_
questi	questo	DP	O	_	_
giorni	giorno	SP	O	_	_
nella	in/det	ES	O	_	_
formola	formola	SS	O	_	_
:	:	XPS	O	_	_
Per	per	E	O	_	_
i	il	RP	O	_	_
libero-socialisti	libero-socialisti	SP	O	_	_
Egna	egna	SPN	GPE	46.3169161	11.2725698
-	-	XPO	O	_	_
Predazzo	predazzo	SPN	GPE	46.3123698	11.6027345
e	e	C	O	_	_
Lavis	lavis	SPN	GPE	46.1397416	11.1102267
-	-	XPO	O	_	_
Cembra	cembra	SPN	O	_	_
+	+	XPO	O	_	_
10	10	N	O	_	_
km	km	B	O	_	_
sarebbe	essere	VIY	O	_	_
stato	essere	VSP	O	_	_
un	uno	RS	O	_	_
trionfo	trionfo	SS	O	_	_
,	comma	XPW	O	_	_
per	per	E	O	_	_
i	il	RP	O	_	_
popolari	popolare	AP	O	_	_
invece	invece	B	O	_	_
Egna	egna	SPN	O	_	_
-	-	XPO	O	_	_
Predazzo	predazzo	SPN	O	_	_
+	+	XPO	O	_	_
Lavis	lavis	SPN	O	_	_
Grumes–10	grumes–10	SPN	O	_	_
km	km	VI	O	_	_
diventa	diventare	VI	O	_	_
il	il	RS	O	_	_
tradimento	tradimento	SS	O	_	_
del	di/det	ES	O	_	_
paese	paese	SS	O	_	_
.	.	XPS	O	_	_

Ebbene	ebbene	C	O	_	_
,	comma	XPW	O	_	_
sapete	sapere	VI	O	_	_
che	che	CCHE	O	_	_
?	?	XPS	O	_	_

Noi	noi	PP	O	_	_
abbandoniamo	abbandonare	VI	O	_	_
codesta	codesto	DS	O	_	_
vostra	vostro	AS	O	_	_
logica	logica	SS	O	_	_
ispirata	ispirare	VSP	O	_	_
alla	a/det	ES	O	_	_
passione	passione	SS	O	_	_
ed	ed	C	O	_	_
all’	a/det	ES	O	_	_
odio	odio	SS	O	_	_
di	di	E	O	_	_
parte	parte	SS	O	_	_
al	a/det	ES	O	_	_
giudizio	giudizio	SS	O	_	_
di	di	E	O	_	_
ogni	ogni	DS	O	_	_
mente	mente	SS	O	_	_
equilibrata	equilibrato	AS	O	_	_
e	e	C	O	_	_
ci	ci	PP	O	_	_
rimettiamo	rimettere	VI	O	_	_
tranquillamente	tranquillamente	B	O	_	_
al	a/det	ES	O	_	_
tribunale	tribunale	SS	O	_	_
della	di/det	ES	O	_	_
storia	storia	SS	O	_	_
.	.	XPS	O	_	_

Ma	ma	C	O	_	_
se	se	C	O	_	_
sono	essere	VI	O	_	_
codesti	codesto	DP	O	_	_
10	10	N	O	_	_
km	km	PS	O	_	_
che	che	CCHE	O	_	_
ci	ci	PP	O	_	_
dividono	dividere	VI	O	_	_
,	comma	XPW	O	_	_
se	se	C	O	_	_
è	essere	VI	O	_	_
la	il	RS	O	_	_
costruzione	costruzione	SS	O	_	_
di	di	E	O	_	_
essi	essi	PP	O	_	_
che	che	CCHE	O	_	_
può	potere	VI	O	_	_
scongiurare	scongiurare	VF	O	_	_
tanti	tanto	DP	O	_	_
pericoli	pericolo	SP	O	_	_
,	comma	XPW	O	_	_
ebbene	ebbene	C	O	_	_
uniamoci	uniamoci	VI	O	_	_
per	per	E	O	_	_
costruirli	costruire/pro	VF+E	O	_	_
"!"	esclamation_mark	XPS	O	_	_

La	il	RS	O	_	_
Lavis	lavis	SPN	O	_	_
-	-	XPO	O	_	_
Grumes	grumes	SPN	O	_	_
sarebbe	essere	VIY	O	_	_
costata	costare	VSP	O	_	_
6	6	N	O	_	_
milioni	milione	SP	O	_	_
;	semicolon	XPS	O	_	_

per	per	E	O	_	_
il	il	RS	O	_	_
nostro	nostro	PS	O	_	_
«	«	XPO	O	_	_
tradimento	tradimento	SS	O	_	_
»	»	XPO	O	_	_
ne	ne	PN	O	_	_
risparmiano	risparmiare	VI	O	_	_
4	4	N	O	_	_
;	semicolon	XPS	O	_	_

rimangono	rimanere	VI	O	_	_
2.	2.	N	O	_	_
Se	se	C	O	_	_
il	il	RS	O	_	_
proletario	proletario	SS	O	_	_
deputato	deputare	VSP	O	_	_
di	di	E	O	_	_
Trento	trento	SPN	GPE	46.0664228	11.1257601
faceva	fare	VI	O	_	_
non	non	B	O	_	_
è	essere	VI	O	_	_
molto	molto	B	O	_	_
in	in	E	O	_	_
Municipio	municipio	SS	O	_	_
appello	appello	SS	O	_	_
alle	a/det	EP	O	_	_
casse	cassa	SP	O	_	_
borghesi	borghese	AP	O	_	_
per	per	E	O	_	_
finanziare	finanziare	VF	O	_	_
l’	il	RS	O	_	_
intiera	intiera	SS	O	_	_
avisiana	avisiana	AS	O	_	_
che	che	CCHE	O	_	_
sarebbe	essere	VIY	O	_	_
costata	costare	VSP	O	_	_
fino	fino	E	O	_	_
a	a	E	O	_	_
Cavalese	cavalese	SPN	GPE	46.2912	11.4604332
oltre	oltre	E	O	_	_
10	10	N	O	_	_
milioni	milione	SP	O	_	_
,	comma	XPW	O	_	_
se	se	C	O	_	_
Trento	trento	SPN	GPE	46.0664228	11.1257601
era	essere	VI	O	_	_
disposta	disposto	AS	O	_	_
a	a	E	O	_	_
versare	versare	VF	O	_	_
per	per	E	O	_	_
lo	il	RS	O	_	_
stesso	stesso	DS	O	_	_
scopo	scopo	SS	O	_	_
1	1	N	O	_	_
milione	milione	SS	O	_	_
e	e	C	O	_	_
mezzo	mezzo	SS	O	_	_
,	comma	XPW	O	_	_
se	se	C	O	_	_
altro	altro	DS	O	_	_
mezzo	mezzo	AS	O	_	_
milione	milione	SS	O	_	_
si	rifl	PN	O	_	_
diceva	dire	VI	O	_	_
pronto	pronto	AS	O	_	_
in	in	E	O	_	_
Cembra	cembra	SPN	O	_	_
,	comma	XPW	O	_	_
perché	perché	C	O	_	_
non	non	B	O	_	_
sarà	essere	VI	O	_	_
possibile	possibile	AS	O	_	_
finanziare	finanziare	VF	O	_	_
fin	fin	E	O	_	_
d’	di	E	O	_	_
ora	ora	B	O	_	_
il	il	RS	O	_	_
tratto	tratto	SS	O	_	_
di	di	E	O	_	_
linea	linea	SS	O	_	_
Cembra	cembra	SPN	O	_	_
-	-	XPO	O	_	_
Grumes	grumes	SPN	GPE	46.2208416	11.29408
che	che	CCHE	O	_	_
costerà	costare	VI	O	_	_
al	a/det	ES	O	_	_
massimo	massimo	SS	O	_	_
2	2	N	O	_	_
milioni	milione	SP	O	_	_
?	?	XPS	O	_	_

Noi	noi	PP	O	_	_
che	che	CCHE	O	_	_
scriviamo	scrivere	VI	O	_	_
siamo	essere	VIY	O	_	_
pronti	pronto	AP	O	_	_
a	a	E	O	_	_
versare	versare	VF	O	_	_
la	il	RS	O	_	_
quota	quota	SS	O	_	_
a	a	E	O	_	_
fondo	fondo	SS	O	_	_
perduto	perduto	AS	O	_	_
,	comma	XPW	O	_	_
che	che	CCHE	O	_	_
corrisponde	corrispondere	VI	O	_	_
alle	a/det	EP	O	_	_
nostre	nostro	DP	O	_	_
possibilità	possibilità	SN	O	_	_
economiche	economico	AP	O	_	_
ed	ed	C	O	_	_
alle	a/det	EP	O	_	_
nostre	nostro	DP	O	_	_
entrate	entrata	SP	O	_	_
,	comma	XPW	O	_	_
a	a	E	O	_	_
condizione	condizione	SS	O	_	_
che	che	CCHE	O	_	_
i	il	RP	O	_	_
Pedrotti	pedrotti	SPN	O	_	_
,	comma	XPW	O	_	_
i	il	RP	O	_	_
Manci	manci	SPN	O	_	_
,	comma	XPW	O	_	_
i	il	RP	O	_	_
Viesi	viesi	SPN	O	_	_
,	comma	XPW	O	_	_
gli	il	RP	O	_	_
Scotoni	scotoni	SPN	PER	_	_
e	e	C	O	_	_
tutti	tutto	DP	O	_	_
gli	il	RP	O	_	_
altri	altro	PP	O	_	_
che	che	CCHE	O	_	_
di	di	E	O	_	_
questi	questo	DP	O	_	_
giorni	giorno	SP	O	_	_
sacrificarono	sacrificare	VI	O	_	_
sull’	su/det	ES	O	_	_
altare	altare	SS	O	_	_
della	di/det	ES	O	_	_
patria	patria	SS	O	_	_
tanta	tanto	DS	O	_	_
rettorica	rettorica	AS	O	_	_
facciano	fare	VI	O	_	_
altrettanto	altrettanto	B	O	_	_
ed	ed	C	O	_	_
in	in	E	O	_	_
proporzione	proporzione	SS	O	_	_
.	.	XPS	O	_	_

In	in	E	O	_	_
Germania	germania	SPN	GPE	51.0834196	10.4234469
s’	s’	PN	O	_	_
è	essere	VIY	O	_	_
deliberato	deliberare	VSP	O	_	_
recentemente	recentemente	B	O	_	_
di	di	E	O	_	_
levare	levare	VF	O	_	_
su	su	E	O	_	_
tutte	tutto	DP	O	_	_
le	il	RP	O	_	_
sostanze	sostanza	SP	O	_	_
e	e	C	O	_	_
le	il	RP	O	_	_
rendite	rendita	SP	O	_	_
un	uno	RS	O	_	_
dato	dato	SS	O	_	_
percento	percento	AS	O	_	_
,	comma	XPW	O	_	_
una	uno	RS	O	_	_
volta	volta	SS	O	_	_
tanto	tanto	PS	O	_	_
,	comma	XPW	O	_	_
onde	onde	VI	O	_	_
coprire	coprire	VF	O	_	_
le	il	RP	O	_	_
enormi	enorme	AP	O	_	_
spese	spesa	SP	O	_	_
militari	militare	AP	O	_	_
.	.	XPS	O	_	_

Perché	perché	C	O	_	_
nel	in/det	ES	O	_	_
Trentino	trentino	SPN	GPE	46.102869	11.12961993
,	comma	XPW	O	_	_
o	o	C	O	_	_
almeno	almeno	B	O	_	_
a	a	E	O	_	_
Trento	trento	SPN	GPE	46.0664228	11.1257601
non	non	B	O	_	_
si	rifl	PN	O	_	_
potrebbe	potere	VI	O	_	_
fare	fare	VF	O	_	_
lo	il	RS	O	_	_
stesso	stesso	PS	O	_	_
,	comma	XPW	O	_	_
imponendosi	imporre/rifl	VG+E	O	_	_
una	uno	RS	O	_	_
volta	volta	SS	O	_	_
tanto	tanto	B	O	_	_
una	uno	RS	O	_	_
tassa	tassa	SS	O	_	_
volontaria	volontario	AS	O	_	_
,	comma	XPW	O	_	_
proporzionata	proporzionare	VSP	O	_	_
alle	a/det	EP	O	_	_
rendite	rendita	SP	O	_	_
ed	ed	C	O	_	_
alle	a/det	EP	O	_	_
sostanze	sostanza	SP	O	_	_
per	per	E	O	_	_
compiere	compiere	VF	O	_	_
un’	uno	RS	O	_	_
impresa	impresa	SS	O	_	_
,	comma	XPW	O	_	_
la	il	RS	O	_	_
cui	cui	PN	O	_	_
mancanza	mancanza	SS	O	_	_
è	essere	VIY	O	_	_
proclamata	proclamare	VSP	O	_	_
un	uno	RS	O	_	_
disastro	disastro	SS	O	_	_
nazionale	nazionale	AS	O	_	_
?	?	XPS	O	_	_
