# total number of persons:8, total number of gpes:5
Nell’	in/det	ES	O	_	_
ultima	ultimo	AS	O	_	_
seduta	seduta	SS	O	_	_
della	di/det	ES	O	_	_
Commissione	commissione	SS	O	_	_
parlamentare	parlamentare	AS	O	_	_
per	per	E	O	_	_
i	il	RP	O	_	_
provvedimenti	provvedimento	SP	O	_	_
eccezionali	eccezionale	AP	O	_	_
applicati	applicare	VPP	O	_	_
a	a	E	O	_	_
Trieste	trieste	SPN	GPE	45.6500335	13.7706559
,	comma	XPW	O	_	_
il	il	RS	O	_	_
deputato	deputato	SS	O	_	_
triestino	triestino	AS	O	_	_
on.	onorevole	SS	O	_	_
Hortis	hortis	SPN	PER	_	_
,	comma	XPW	O	_	_
fiancheggiato	fiancheggiare	VSP	O	_	_
dal	da/det	ES	O	_	_
deputato	deputato	SS	O	_	_
socialista	socialista	AS	O	_	_
dr.	dottore	SS	O	_	_
Ellenbogen	ellenbogen	SPN	O	_	_
,	comma	XPW	O	_	_
fece	fare	VI	O	_	_
la	il	RS	O	_	_
lunga	lungo	AS	O	_	_
esposizione	esposizione	SS	O	_	_
dei	di/det	EP	O	_	_
fatti	fatto	SP	O	_	_
tragici	tragico	AP	O	_	_
di	di	E	O	_	_
Trieste	trieste	SPN	GPE	45.6500335	13.7706559
,	comma	XPW	O	_	_
cominciando	cominciare	VG	O	_	_
dallo	da/det	ES	O	_	_
scoppio	scoppio	SS	O	_	_
dello	di/det	ES	O	_	_
sciopero	sciopero	SS	O	_	_
dei	di/det	EP	O	_	_
fuochisti	fuochisti	SP	O	_	_
,	comma	XPW	O	_	_
fino	fino	E	O	_	_
alle	a/det	EP	O	_	_
presenti	presente	AP	O	_	_
condizioni	condizione	SP	O	_	_
,	comma	XPW	O	_	_
esposizione	esposizione	SS	O	_	_
che	che	CCHE	O	_	_
in	in	E	O	_	_
diversi	diverso	AP	O	_	_
punti	punto	SP	O	_	_
diversifica	diversifica	AS	O	_	_
dalla	da/det	ES	O	_	_
relazione	relazione	SS	O	_	_
ufficiale	ufficiale	AS	O	_	_
,	comma	XPW	O	_	_
precisamente	precisamente	B	O	_	_
per	per	E	O	_	_
quel	quel	PS	O	_	_
che	che	CCHE	O	_	_
riguarda	riguardare	VI	O	_	_
la	il	RS	O	_	_
causa	causa	SS	O	_	_
immediata	immediato	AS	O	_	_
delle	di/det	EP	O	_	_
prime	primo	AP	O	_	_
salve	salva	SP	O	_	_
della	di/det	ES	O	_	_
truppa	truppa	SS	O	_	_
in	in	E	O	_	_
piazza	piazza	SS	O	_	_
della	di/det	ES	O	_	_
Borsa	borsa	SS	O	_	_
.	.	XPS	O	_	_

La	il	RS	O	_	_
relazione	relazione	SS	O	_	_
ufficiale	ufficiale	AS	O	_	_
assegna	assegnare	VI	O	_	_
la	il	RS	O	_	_
provocazione	provocazione	SS	O	_	_
ai	a/det	EP	O	_	_
dimostranti	dimostrante	SP	O	_	_
,	comma	XPW	O	_	_
parla	parlare	VI	O	_	_
di	di	E	O	_	_
gettito	gettito	SS	O	_	_
di	di	E	O	_	_
sassi	sasso	SP	O	_	_
contro	contro	E	O	_	_
i	il	RP	O	_	_
militari	militare	SP	O	_	_
stazionati	stazionare	VPP	O	_	_
in	in	E	O	_	_
piazza	piazza	SS	O	_	_
della	di/det	ES	O	_	_
Borsa	borsa	SS	O	_	_
,	comma	XPW	O	_	_
di	di	E	O	_	_
diversi	diverso	AP	O	_	_
feriti	ferito	SP	O	_	_
tra	tra	E	O	_	_
i	il	RP	O	_	_
medesimi	medesimi	SP	O	_	_
e	e	C	O	_	_
dello	di/det	ES	O	_	_
stesso	stesso	DS	O	_	_
comandante	comandante	SS	O	_	_
caduto	cadere	VSP	O	_	_
a	a	E	O	_	_
terra	terra	SS	O	_	_
,	comma	XPW	O	_	_
fatti	fare	VPP	O	_	_
che	che	CCHE	O	_	_
autorizzavano	autorizzare	VI	O	_	_
da	da	E	O	_	_
parte	parte	SS	O	_	_
del	di/det	ES	O	_	_
militare	militare	AS	O	_	_
l’	il	RS	O	_	_
uso	uso	SS	O	_	_
delle	di/det	EP	O	_	_
armi	arme	SP	O	_	_
.	.	XPS	O	_	_

L’	il	RS	O	_	_
Hortis	hortis	SPN	O	_	_
invece	invece	B	O	_	_
accagiona	accagiona	VI	O	_	_
la	il	RS	O	_	_
truppa	truppa	SS	O	_	_
di	di	E	O	_	_
esser	esser	YF	O	_	_
stata	essere	VSP	O	_	_
la	il	RS	O	_	_
prima	primo	AS	O	_	_
ad	ad	E	O	_	_
assalire	assalire	VF	O	_	_
e	e	C	O	_	_
nega	negare	VI	O	_	_
il	il	RS	O	_	_
fatto	fatto	SS	O	_	_
del	di/det	ES	O	_	_
comandante	comandante	SS	O	_	_
caduto	cadere	VSP	O	_	_
a	a	E	O	_	_
terra	terra	SS	O	_	_
in	in	E	O	_	_
deliquio	deliquio	SS	O	_	_
.	.	XPS	O	_	_

Körber	körber	SPN	O	_	_
sopra	sopra	E	O	_	_
un	uno	RS	O	_	_
voluminoso	voluminoso	SS	O	_	_
materiale	materiale	AS	O	_	_
raccolto	raccogliere	VSP	O	_	_
,	comma	XPW	O	_	_
riconferma	riconfermare	VI	O	_	_
le	il	RP	O	_	_
reazioni	reazione	SP	O	_	_
ufficiali	ufficiale	AP	O	_	_
e	e	C	O	_	_
giustifica	giustificare	VI	O	_	_
i	il	RP	O	_	_
provvedimenti	provvedimento	SP	O	_	_
presi	prendere	VPP	O	_	_
dal	da/det	ES	O	_	_
Governo	governo	SS	O	_	_
.	.	XPS	O	_	_

Hortis	hortis	SPN	O	_	_
si	rifl	PN	O	_	_
dichiara	dichiarare	VI	O	_	_
pronto	pronto	AS	O	_	_
a	a	E	O	_	_
suffragare	suffragare	VF	O	_	_
con	con	E	O	_	_
numerose	numeroso	AP	O	_	_
testimonianze	testimonianza	SP	O	_	_
la	il	RS	O	_	_
sua	suo	DS	O	_	_
esposizione	esposizione	SS	O	_	_
ed	ed	C	O	_	_
invita	invitare	VI	O	_	_
la	il	RS	O	_	_
Commissione	commissione	SS	O	_	_
o	o	C	O	_	_
a	a	E	O	_	_
chiamar	chiamar	SS	O	_	_
a	a	E	O	_	_
Vienna	vienna	SPN	GPE	48.2083537	16.3725042
testimoni	testimone	SP	O	_	_
da	da	E	O	_	_
Trieste	trieste	SPN	GPE	45.6500335	13.7706559
o	o	C	O	_	_
a	a	E	O	_	_
mandar	mandare	VF	O	_	_
colà	colà	SS	O	_	_
un	uno	RS	O	_	_
proprio	proprio	DS	O	_	_
sottocomitato	sottocomitato	VSP	O	_	_
per	per	E	O	_	_
praticare	praticare	VF	O	_	_
un’	uno	RS	O	_	_
inchiesta	inchiesta	SS	O	_	_
.	.	XPS	O	_	_

Da	da	E	O	_	_
qual	qual	SS	O	_	_
parte	parte	AS	O	_	_
sta	stare	VI	O	_	_
dunque	dunque	C	O	_	_
la	il	RS	O	_	_
ragione	ragione	SS	O	_	_
,	comma	XPW	O	_	_
e	e	C	O	_	_
qual’	qual’	AS	O	_	_
è	essere	VI	O	_	_
la	il	RS	O	_	_
relazione	relazione	SS	O	_	_
vera	vero	AS	O	_	_
,	comma	XPW	O	_	_
corrispondente	corrispondente	B	O	_	_
in	in	E	O	_	_
tutto	tutto	PS	O	_	_
e	e	C	O	_	_
per	per	E	O	_	_
tutto	tutto	PS	O	_	_
alla	a/det	ES	O	_	_
realtà	realtà	SN	O	_	_
dei	di/det	EP	O	_	_
fatti	fatto	SP	O	_	_
?	?	XPS	O	_	_

Come	come	CADV	O	_	_
avviene	avvenire	VI	O	_	_
in	in	E	O	_	_
simili	simile	AP	O	_	_
avvenimenti	avvenimento	SP	O	_	_
,	comma	XPW	O	_	_
difficile	difficile	AS	O	_	_
è	essere	VI	O	_	_
l’	il	RS	O	_	_
eruirlo	eruirlo	VF+E	O	_	_
e	e	C	O	_	_
troppo	troppo	B	O	_	_
spiegabile	spiegabile	AS	O	_	_
una	uno	RS	O	_	_
diversa	diverso	AS	O	_	_
esposizione	esposizione	SS	O	_	_
di	di	E	O	_	_
fatti	fatto	SP	O	_	_
singoli	singolo	AP	O	_	_
,	comma	XPW	O	_	_
perché	perché	C	O	_	_
testimoni	testimone	SP	O	_	_
oculari	oculare	AP	O	_	_
non	non	B	O	_	_
interessati	interessare	VPP	O	_	_
in	in	E	O	_	_
causa	causa	SS	O	_	_
in	in	E	O	_	_
simili	simile	AP	O	_	_
circostanze	circostanza	SP	O	_	_
non	non	B	O	_	_
ce	ce	B	O	_	_
ne	ne	PN	O	_	_
sono	essere	VI	O	_	_
,	comma	XPW	O	_	_
ed	ed	C	O	_	_
è	essere	VI	O	_	_
quindi	quindi	B	O	_	_
facile	facile	AS	O	_	_
trovare	trovare	VF	O	_	_
delle	di/det	EP	O	_	_
testimonianze	testimonianza	SP	O	_	_
contraddittorie	contraddittorio	AP	O	_	_
e	e	C	O	_	_
perciò	perciò	C	O	_	_
delle	di/det	EP	O	_	_
relazioni	relazione	SP	O	_	_
diverse	diverso	AP	O	_	_
.	.	XPS	O	_	_

La	il	RS	O	_	_
proposta	proposta	SS	O	_	_
dell’	di/det	ES	O	_	_
on	on	SN	O	_	_
.	.	XPS	O	_	_

Hortis	hortis	SPN	O	_	_
di	di	E	O	_	_
chiamare	chiamare	VF	O	_	_
a	a	E	O	_	_
Vienna	vienna	SPN	GPE	48.2083537	16.3725042
i	il	RP	O	_	_
testimoni	testimone	SP	O	_	_
ci	ci	B	O	_	_
pare	parere	VI	O	_	_
alquanto	alquanto	B	O	_	_
ingenua	ingenuo	AS	O	_	_
;	semicolon	XPS	O	_	_

più	più	B	O	_	_
pratica	pratico	AS	O	_	_
e	e	C	O	_	_
non	non	B	O	_	_
inutile	inutile	AS	O	_	_
crederemmo	credere	VI	O	_	_
invece	invece	B	O	_	_
quella	quello	PS	O	_	_
di	di	E	O	_	_
praticare	praticare	VF	O	_	_
un’	uno	RS	O	_	_
inchiesta	inchiesta	SS	O	_	_
sul	su/det	ES	O	_	_
luogo	luogo	SS	O	_	_
stesso	stesso	DS	O	_	_
,	comma	XPW	O	_	_
per	per	E	O	_	_
mezzo	mezzo	SS	O	_	_
di	di	E	O	_	_
una	uno	RS	O	_	_
sottocommissione	sottocommissione	SS	O	_	_
.	.	XPS	O	_	_

Tale	tale	DS	O	_	_
proposta	proposta	SS	O	_	_
non	non	B	O	_	_
è	essere	VIY	O	_	_
stata	essere	VSPY	O	_	_
presa	prendere	VSP	O	_	_
in	in	E	O	_	_
considerazione	considerazione	SS	O	_	_
,	comma	XPW	O	_	_
a	a	E	O	_	_
quel	quel	PS	O	_	_
che	che	CCHE	O	_	_
sembra	sembrare	VI	O	_	_
,	comma	XPW	O	_	_
dalla	da/det	ES	O	_	_
Commissione	commissione	SS	O	_	_
parlamentare	parlamentare	AS	O	_	_
,	comma	XPW	O	_	_
ma	ma	C	O	_	_
l’	il	RS	O	_	_
Hortis	hortis	SPN	O	_	_
vi	vi	B	O	_	_
insisterà	insistere	VI	O	_	_
nella	in/det	ES	O	_	_
seduta	seduta	SS	O	_	_
di	di	E	O	_	_
domani	domani	B	O	_	_
,	comma	XPW	O	_	_
e	e	C	O	_	_
ci	ci	PP	O	_	_
auguriamo	augurare	VI	O	_	_
che	che	CCHE	O	_	_
la	il	RS	O	_	_
proposta	proposta	SS	O	_	_
venga	venire	VIY	O	_	_
accettata	accettare	VSP	O	_	_
.	.	XPS	O	_	_

Non	non	B	O	_	_
nutriamo	nutrire	VI	O	_	_
però	però	C	O	_	_
fiducia	fiducia	SS	O	_	_
,	comma	XPW	O	_	_
che	che	CCHE	O	_	_
la	il	RS	O	_	_
Commissione	commissione	SS	O	_	_
vi	vi	B	O	_	_
aderisca	aderire	VI	O	_	_
,	comma	XPW	O	_	_
perché	perché	C	O	_	_
crederà	credere	VI	O	_	_
di	di	E	O	_	_
poter	potere	VF	O	_	_
avere	avere	VF	O	_	_
materiale	materiale	SS	O	_	_
sufficiente	sufficiente	AS	O	_	_
in	in	E	O	_	_
mano	mano	SS	O	_	_
per	per	E	O	_	_
poter	potere	VF	O	_	_
adempiere	adempiere	VF	O	_	_
al	a/det	ES	O	_	_
suo	suo	DS	O	_	_
compito	compito	SS	O	_	_
specifico	specifico	AS	O	_	_
,	comma	XPW	O	_	_
che	che	CCHE	O	_	_
è	essere	VI	O	_	_
quello	quello	PS	O	_	_
di	di	E	O	_	_
esprimere	esprimere	VF	O	_	_
un	uno	RS	O	_	_
giudizio	giudizio	SS	O	_	_
sulla	su/det	ES	O	_	_
legittimità	legittimità	SN	O	_	_
dei	di/det	EP	O	_	_
provvedimenti	provvedimento	SP	O	_	_
eccezionali	eccezionale	AP	O	_	_
presi	prendere	VPP	O	_	_
dal	da/det	ES	O	_	_
Governo	governo	SS	O	_	_
e	e	C	O	_	_
sull’	su/det	ES	O	_	_
opportunità	opportunità	SN	O	_	_
di	di	E	O	_	_
togliergli	togliere/pro	VF+E	O	_	_
o	o	C	O	_	_
meno	meno	B	O	_	_
.	.	XPS	O	_	_

Eppure	eppure	C	O	_	_
un	uno	RS	O	_	_
po’	poco	B	O	_	_
più	più	B	O	_	_
di	di	E	O	_	_
luce	luce	SS	O	_	_
anche	anche	C	O	_	_
sull’	su/det	ES	O	_	_
inizio	inizio	SS	O	_	_
e	e	C	O	_	_
sullo	su/det	ES	O	_	_
svolgimento	svolgimento	SS	O	_	_
dei	di/det	EP	O	_	_
fatti	fatto	SP	O	_	_
,	comma	XPW	O	_	_
sulle	su/det	EP	O	_	_
loro	loro	DP	O	_	_
cause	causa	SP	O	_	_
prossime	prossimo	AP	O	_	_
e	e	C	O	_	_
sulle	su/det	EP	O	_	_
relative	relativo	AP	O	_	_
responsabilità	responsabilità	SN	O	_	_
sarebbe	essere	VI	O	_	_
pur	pur	B	O	_	_
necessaria	necessario	AS	O	_	_
"!"	esclamation_mark	XPS	O	_	_

Fatto	fare	VSP	O	_	_
il	il	RS	O	_	_
primo	primo	AS	O	_	_
passo	passo	SS	O	_	_
e	e	C	O	_	_
saltato	saltare	VSP	O	_	_
il	il	RS	O	_	_
primo	primo	AS	O	_	_
fosso	fosso	SS	O	_	_
,	comma	XPW	O	_	_
il	il	RS	O	_	_
.	.	XPS	O	_	_

.	.	XPS	O	_	_

.	.	XPS	O	_	_

nuovo	nuovo	AS	O	_	_
ministero	ministero	SS	O	_	_
Zanardelli	zanardelli	SPN	O	_	_
doveva	dovere	VI	O	_	_
saltarne	saltare/part	VF+E	O	_	_
subito	subito	B	O	_	_
un	uno	RS	O	_	_
secondo	secondo	SS	O	_	_
,	comma	XPW	O	_	_
accettando	accettare	VG	O	_	_
e	e	C	O	_	_
facendo	fare	VG	O	_	_
propria	propria	AS	O	_	_
la	il	RS	O	_	_
candidatura	candidatura	SS	O	_	_
accarezzata	accarezzare	VSP	O	_	_
dall’	da/det	ES	O	_	_
opposizione	opposizione	SS	O	_	_
per	per	E	O	_	_
la	il	RS	O	_	_
presidenza	presidenza	SS	O	_	_
della	di/det	ES	O	_	_
Camera	camera	SS	O	_	_
.	.	XPS	O	_	_

Incredibile	incredibile	AS	O	_	_
,	comma	XPW	O	_	_
ma	ma	C	O	_	_
vero	vero	AS	O	_	_
"!"	esclamation_mark	XPS	O	_	_

a	a	E	O	_	_
quanto	quanto	QNS	O	_	_
raccontano	raccontare	VI	O	_	_
i	il	RP	O	_	_
giornali	giornale	SP	O	_	_
italiani	italiano	AP	O	_	_
venutici	venutici	AP	O	_	_
stamane	stamane	B	O	_	_
.	.	XPS	O	_	_

Dopo	dopo	E	O	_	_
il	il	RS	O	_	_
rifiuto	rifiuto	SS	O	_	_
,	comma	XPW	O	_	_
troppo	troppo	B	O	_	_
necessario	necessario	AS	O	_	_
,	comma	XPW	O	_	_
di	di	E	O	_	_
Villa	villa	SPN	O	_	_
,	comma	XPW	O	_	_
uscito	uscire	VSP	O	_	_
così	così	B	O	_	_
malconcio	malconcio	AS	O	_	_
dall’	da/det	ES	O	_	_
urna	urna	SS	O	_	_
,	comma	XPW	O	_	_
di	di	E	O	_	_
accettare	accettare	VF	O	_	_
la	il	RS	O	_	_
rielezione	rielezione	SS	O	_	_
a	a	E	O	_	_
presidente	presidente	SS	O	_	_
della	di/det	ES	O	_	_
Camera	camera	SS	O	_	_
,	comma	XPW	O	_	_
una	uno	PS	O	_	_
delle	di/det	EP	O	_	_
prime	primo	AP	O	_	_
nuove	nuovo	AP	O	_	_
fatiche	fatica	SP	O	_	_
di	di	E	O	_	_
Zanardelli	zanardelli	SPN	PER	_	_
era	essere	VI	O	_	_
quella	quello	PS	O	_	_
di	di	E	O	_	_
cercarsi	cercare/rifl	VF+E	O	_	_
un	uno	RS	O	_	_
altro	altro	DS	O	_	_
candidato	candidato	SS	O	_	_
per	per	E	O	_	_
la	il	RS	O	_	_
presidenza	presidenza	SS	O	_	_
della	di/det	ES	O	_	_
Camera	camera	SS	O	_	_
,	comma	XPW	O	_	_
ma	ma	C	O	_	_
tale	tale	AS	O	_	_
che	che	CCHE	O	_	_
lo	lo	PS	O	_	_
assicurasse	assicurare	VI	O	_	_
da	da	E	O	_	_
una	uno	RS	O	_	_
seconda	secondo	AS	O	_	_
imbarazzante	imbarazzante	AS	O	_	_
sorpresa	sorpresa	SS	O	_	_
.	.	XPS	O	_	_

Ma	ma	C	O	_	_
ecco	ecco	B	O	_	_
,	comma	XPW	O	_	_
che	che	CCHE	O	_	_
mentre	mentre	C	O	_	_
il	il	RS	O	_	_
nuovo	nuovo	AS	O	_	_
Diogene	diogene	SPN	PER	_	_
va	andare	VI	O	_	_
in	in	E	O	_	_
traccia	traccia	SS	O	_	_
dell’	di/det	ES	O	_	_
uomo-candidato	uomo-candidato	SS	O	_	_
,	comma	XPW	O	_	_
i	il	RP	O	_	_
giornali	giornale	SP	O	_	_
dell’	di/det	ES	O	_	_
opposizione	opposizione	SS	O	_	_
,	comma	XPW	O	_	_
fanno	fare	VI	O	_	_
il	il	RS	O	_	_
nome	nome	SS	O	_	_
dell’	di/det	ES	O	_	_
on	on	SN	O	_	_
.	.	XPS	O	_	_

Palberti	palberti	SP	O	_	_
;	semicolon	XPS	O	_	_

vice	vice	SN	O	_	_
presidente	presidente	SS	O	_	_
della	di/det	ES	O	_	_
Camera	camera	SS	O	_	_
.	.	XPS	O	_	_

Il	il	RS	O	_	_
tiro	tiro	SS	O	_	_
era	essere	VI	O	_	_
birbone	birbone	SS	O	_	_
:	:	XPS	O	_	_
una	uno	RS	O	_	_
candidatura	candidatura	SS	O	_	_
Palberti	palberti	SPN	O	_	_
,	comma	XPW	O	_	_
posta	porre	VSP	O	_	_
dall’	da/det	ES	O	_	_
opposizione	opposizione	SS	O	_	_
,	comma	XPW	O	_	_
era	essere	VI	O	_	_
ancor	ancor	B	O	_	_
più	più	B	O	_	_
pericolosa	pericoloso	AS	O	_	_
per	per	E	O	_	_
il	il	RS	O	_	_
Governo	governo	SS	O	_	_
,	comma	XPW	O	_	_
che	che	CCHE	O	_	_
non	non	B	O	_	_
le	le	PS	O	_	_
schede	schede	VI	O	_	_
bianche	bianco	AP	O	_	_
.	.	XPS	O	_	_

Che	che	CCHE	O	_	_
fare	fare	VF	O	_	_
?	?	XPS	O	_	_

Quando	quando	CADV	O	_	_
si	rifl	PN	O	_	_
è	essere	VI	O	_	_
in	in	E	O	_	_
guerra	guerra	SS	O	_	_
,	comma	XPW	O	_	_
pronto	pronto	AS	O	_	_
consiglio	consiglio	SS	O	_	_
:	:	XPS	O	_	_
Zanardelli	zanardelli	SPN	PER	_	_
piglia	pigliare	VI	O	_	_
il	il	RS	O	_	_
sacco	sacco	SS	O	_	_
in	in	E	O	_	_
cima	cima	SS	O	_	_
e	e	C	O	_	_
fa	fare	VI	O	_	_
proclamare	proclamare	VF	O	_	_
come	come	CADV	O	_	_
proprio	proprio	B	O	_	_
candidato	candidare	VSP	O	_	_
l’	il	RS	O	_	_
on	on	SN	O	_	_
.	.	XPS	O	_	_

Palberti	palberti	SP	O	_	_
.	.	XPS	O	_	_

Se	se	C	O	_	_
non	non	B	O	_	_
ché	ché	B	O	_	_
nella	in/det	ES	O	_	_
fretta	fretta	SS	O	_	_
di	di	E	O	_	_
saltare	saltare	VF	O	_	_
questo	questo	PS	O	_	_
secondo	secondo	AS	O	_	_
fosso	fosso	SS	O	_	_
,	comma	XPW	O	_	_
Zanardelli	zanardelli	SPN	PER	_	_
non	non	B	O	_	_
osservò	osservare	VI	O	_	_
la	il	RS	O	_	_
mota	mota	SS	O	_	_
,	comma	XPW	O	_	_
che	che	CCHE	O	_	_
era	essere	VIY	O	_	_
raccolta	raccogliere	VSP	O	_	_
al	a/det	ES	O	_	_
di	di	E	O	_	_
là	là	B	O	_	_
,	comma	XPW	O	_	_
e	e	C	O	_	_
s’	s’	PN	O	_	_
inzaccherò	inzaccherare	VI	O	_	_
per	per	E	O	_	_
bene	bene	B	O	_	_
i	il	RP	O	_	_
lindi	lindo	AP	O	_	_
stivaletti	stivaletto	SP	O	_	_
di	di	E	O	_	_
Cavaliere	cavaliere	SPN	O	_	_
del	di/det	ES	O	_	_
Serpente	serpente	SPN	O	_	_
.	.	XPS	O	_	_

L’	il	RS	O	_	_
opposizione	opposizione	SS	O	_	_
,	comma	XPW	O	_	_
mettendo	mettere	VG	O	_	_
sul	su/det	ES	O	_	_
tappeto	tappeto	SS	O	_	_
il	il	RS	O	_	_
nome	nome	SS	O	_	_
di	di	E	O	_	_
Palberti	palberti	SPN	O	_	_
,	comma	XPW	O	_	_
voleva	volere	VI	O	_	_
dare	dare	VF	O	_	_
,	comma	XPW	O	_	_
si	rifl	PN	O	_	_
capisce	capire	VI	O	_	_
all’	a/det	ES	O	_	_
elezione	elezione	SS	O	_	_
presidenziale	presidenziale	AS	O	_	_
uno	uno	RS	O	_	_
spiccato	spiccato	AS	O	_	_
colore	colore	SS	O	_	_
.	.	XPS	O	_	_

.	.	XPS	O	_	_

.	.	XPS	O	_	_

antidivorzista	antidivorzista	AS	O	_	_
,	comma	XPW	O	_	_
e	e	C	O	_	_
così	così	B	O	_	_
precisare	precisare	VF	O	_	_
anche	anche	C	O	_	_
il	il	RS	O	_	_
significato	significato	SS	O	_	_
delle	di/det	EP	O	_	_
schede	scheda	SP	O	_	_
bianche	bianco	AP	O	_	_
deposte	deposte	VI	O	_	_
nell’	in/det	ES	O	_	_
urna	urna	SS	O	_	_
la	il	RS	O	_	_
prima	primo	AS	O	_	_
volta	volta	SS	O	_	_
.	.	XPS	O	_	_

Il	il	RS	O	_	_
nome	nome	SS	O	_	_
stesso	stesso	DS	O	_	_
di	di	E	O	_	_
Palberti	palberti	SPN	O	_	_
,	comma	XPW	O	_	_
l’	il	RS	O	_	_
uomo	uomo	SS	O	_	_
che	che	CCHE	O	_	_
con	con	E	O	_	_
le	il	RP	O	_	_
sue	suo	DP	O	_	_
dimissioni	dimissione	SP	O	_	_
da	da	E	O	_	_
presidente	presidente	SS	O	_	_
della	di/det	ES	O	_	_
Commissione	commissione	SS	O	_	_
per	per	E	O	_	_
il	il	RS	O	_	_
divorzio	divorzio	SS	O	_	_
aveva	avere	VIY	O	_	_
recato	recare	VSP	O	_	_
il	il	RS	O	_	_
più	più	B	O	_	_
forte	forte	AS	O	_	_
colpo	colpo	SS	O	_	_
al	a/det	ES	O	_	_
progetto	progetto	SS	O	_	_
Berenini	berenini	SPN	O	_	_
,	comma	XPW	O	_	_
e	e	C	O	_	_
che	che	CCHE	O	_	_
pur	pur	C	O	_	_
non	non	B	O	_	_
essendo	essere	VG	O	_	_
dell’	di/det	ES	O	_	_
opposizione	opposizione	SS	O	_	_
veniva	venire	VIY	O	_	_
designato	designare	VSP	O	_	_
dall’	da/det	ES	O	_	_
opposizione	opposizione	SS	O	_	_
a	a	E	O	_	_
proprio	proprio	DS	O	_	_
candidato	candidato	SS	O	_	_
non	non	B	O	_	_
lasciava	lasciare	VI	O	_	_
dubbio	dubbio	AS	O	_	_
sul	su/det	ES	O	_	_
significato	significato	SS	O	_	_
antidivorzista	antidivorzista	AS	O	_	_
della	di/det	ES	O	_	_
candidatura	candidatura	SS	O	_	_
Palberti	palberti	SPN	O	_	_
.	.	XPS	O	_	_

E	e	C	O	_	_
lo	lo	PS	O	_	_
Zanardelli	zanardelli	SPN	PER	_	_
?	?	XPS	O	_	_

Lo	lo	PS	O	_	_
Zanardelli	zanardelli	SPN	PER	_	_
trangugiando	trangugiare	VG	O	_	_
l’	il	RS	O	_	_
amara	amaro	AS	O	_	_
pillola	pillola	SS	O	_	_
,	comma	XPW	O	_	_
per	per	E	O	_	_
evitare	evitare	VF	O	_	_
una	uno	RS	O	_	_
dimostrazione	dimostrazione	SS	O	_	_
.	.	XPS	O	_	_

.	.	XPS	O	_	_

.	.	XPS	O	_	_

disastrosa	disastroso	AS	O	_	_
,	comma	XPW	O	_	_
al	a/det	ES	O	_	_
posto	posto	SS	O	_	_
del	di/det	ES	O	_	_
divorzista	divorzista	SS	O	_	_
Villa	villa	SPN	O	_	_
,	comma	XPW	O	_	_
mette	mettere	VI	O	_	_
Palberti	palberti	SPN	PER	_	_
"!"	esclamation_mark	XPS	O	_	_

Palberti	palberti	SPN	O	_	_
quindi	quindi	C	O	_	_
riuscirà	riuscire	VI	O	_	_
eletto	eleggere	VSP	O	_	_
con	con	E	O	_	_
tutti	tutto	DP	O	_	_
i	il	RP	O	_	_
voti	voto	SP	O	_	_
ad	ad	E	O	_	_
eccezione	eccezione	SS	O	_	_
di	di	E	O	_	_
quelli	quello	PP	O	_	_
dell’	di/det	ES	O	_	_
Estrema	estrema	SPN	O	_	_
;	semicolon	XPS	O	_	_

non	non	B	O	_	_
si	rifl	PN	O	_	_
potrà	potere	VI	O	_	_
parlare	parlare	VF	O	_	_
di	di	E	O	_	_
un	uno	RS	O	_	_
voto	voto	SS	O	_	_
di	di	E	O	_	_
sfiducia	sfiducia	SS	O	_	_
dato	dare	VSP	O	_	_
al	a/det	ES	O	_	_
Governo	governo	SS	O	_	_
,	comma	XPW	O	_	_
sarà	essere	VIY	O	_	_
protratta	protrare	VSP	O	_	_
anche	anche	C	O	_	_
la	il	RS	O	_	_
manifestazione	manifestazione	SS	O	_	_
contro	contro	E	O	_	_
il	il	RS	O	_	_
divorzio	divorzio	SS	O	_	_
;	semicolon	XPS	O	_	_

ma	ma	C	O	_	_
la	il	RS	O	_	_
prima	primo	AS	O	_	_
sconfitta	sconfitta	SS	O	_	_
morale	morale	AS	O	_	_
del	di/det	ES	O	_	_
nuovo	nuovo	AS	O	_	_
(	open_parenthesis	XPB	O	_	_
chiamato	chiamare	VSP	O	_	_
così	così	B	O	_	_
)	close_parenthesis	XPB	O	_	_
ministero	ministero	SS	O	_	_
Zanardelli	zanardelli	SPN	O	_	_
è	essere	VI	O	_	_
già	già	B	O	_	_
segnata	segnare	VSP	O	_	_
.	.	XPS	O	_	_

Ed	ed	C	O	_	_
a	a	E	O	_	_
questa	questo	DS	O	_	_
non	non	B	O	_	_
tarderanno	tardare	VI	O	_	_
a	a	E	O	_	_
seguirne	seguire/part	VF+E	O	_	_
delle	di/det	EP	O	_	_
altre	altro	DP	O	_	_
.	.	XPS	O	_	_

Intanto	intanto	B	O	_	_
però	però	C	O	_	_
è	essere	VI	O	_	_
bene	bene	B	O	_	_
notare	notare	VF	O	_	_
,	comma	XPW	O	_	_
che	che	CCHE	O	_	_
i	il	RP	O	_	_
giornali	giornale	SP	O	_	_
zanardelliani	zanardelliani	AP	O	_	_
proclamano	proclamare	VI	O	_	_
in	in	E	O	_	_
cento	cento	N	O	_	_
guise	guisa	SP	O	_	_
e	e	C	O	_	_
in	in	E	O	_	_
cento	cento	N	O	_	_
toni	tono	SP	O	_	_
,	comma	XPW	O	_	_
essere	essere	VF	O	_	_
l’	il	RS	O	_	_
introduzione	introduzione	SS	O	_	_
del	di/det	ES	O	_	_
divorzio	divorzio	SS	O	_	_
volontà	volontà	SN	O	_	_
reale	reale	AS	O	_	_
.	.	XPS	O	_	_

Impegnata	impegnare	VSP	O	_	_
la	il	RS	O	_	_
parola	parola	SS	O	_	_
della	di/det	ES	O	_	_
Corona	corona	SS	O	_	_
la	il	RS	O	_	_
setta	setta	SS	O	_	_
ora	ora	B	O	_	_
ne	ne	PN	O	_	_
abusa	abusare	VI	O	_	_
per	per	E	O	_	_
imporre	imporre	VF	O	_	_
l’	il	RS	O	_	_
odiato	odiato	AS	O	_	_
progetto	progetto	SS	O	_	_
alla	a/det	ES	O	_	_
nazione	nazione	SS	O	_	_
;	semicolon	XPS	O	_	_

ma	ma	C	O	_	_
sopra	sopra	E	O	_	_
la	il	RS	O	_	_
volontà	volontà	SN	O	_	_
della	di/det	ES	O	_	_
setta	setta	SS	O	_	_
,	comma	XPW	O	_	_
se	se	C	O	_	_
Dio	dio	SS	O	_	_
vuole	volere	VI	O	_	_
,	comma	XPW	O	_	_
trionferà	trionfare	VI	O	_	_
la	il	RS	O	_	_
volontà	volontà	SN	O	_	_
delle	di/det	EP	O	_	_
oneste	onesto	AP	O	_	_
posizioni	posizione	SP	O	_	_
.	.	XPS	O	_	_

L’	il	RS	O	_	_
altro	altro	DS	O	_	_
ieri	ieri	B	O	_	_
nel	in/det	ES	O	_	_
Parlamento	parlamento	SS	O	_	_
prussiano	prussiano	VI	O	_	_
,	comma	XPW	O	_	_
discutendosi	discutere/rifl	VG+E	O	_	_
il	il	RS	O	_	_
bilancio	bilancio	SS	O	_	_
dello	di/det	ES	O	_	_
Stato	stato	SS	O	_	_
,	comma	XPW	O	_	_
venne	venire	VIY	O	_	_
ancor	ancor	B	O	_	_
sul	su/det	ES	O	_	_
tappeto	tappeto	SS	O	_	_
la	il	RS	O	_	_
questione	questione	SS	O	_	_
polacca	polacco	AS	O	_	_
.	.	XPS	O	_	_

Il	il	RS	O	_	_
dep	dep	SS	O	_	_
.	.	XPS	O	_	_

Glebovski	glebovski	SPN	O	_	_
al	a/det	ES	O	_	_
titolo	titolo	SS	O	_	_
«	«	XPO	O	_	_
rimunerazione	rimunerazione	SS	O	_	_
del	di/det	ES	O	_	_
ministro	ministro	SS	O	_	_
dell’	di/det	ES	O	_	_
interno	interno	SS	O	_	_
»	»	XPO	O	_	_
prese	prendere	VI	O	_	_
la	il	RS	O	_	_
parola	parola	SS	O	_	_
per	per	E	O	_	_
criticare	criticare	VF	O	_	_
l’	il	RS	O	_	_
azione	azione	SS	O	_	_
del	di/det	ES	O	_	_
ministero	ministero	SS	O	_	_
dell’	di/det	ES	O	_	_
interno	interno	SS	O	_	_
di	di	E	O	_	_
fronte	fronte	SS	O	_	_
ai	a/det	EP	O	_	_
polacchi	polacco	SP	O	_	_
,	comma	XPW	O	_	_
esponendo	esporre	VG	O	_	_
una	uno	RS	O	_	_
nuova	nuovo	AS	O	_	_
serie	serie	SN	O	_	_
di	di	E	O	_	_
soprusi	sopruso	SP	O	_	_
,	comma	XPW	O	_	_
illegalità	illegalità	SN	O	_	_
,	comma	XPW	O	_	_
oppressioni	oppressione	SP	O	_	_
,	comma	XPW	O	_	_
miranti	miranti	SP	O	_	_
a	a	E	O	_	_
far	fare	VF	O	_	_
sparire	sparire	VF	O	_	_
la	il	RS	O	_	_
lingua	lingua	SS	O	_	_
ed	ed	C	O	_	_
il	il	RS	O	_	_
carattere	carattere	SS	O	_	_
polacco	polacco	AS	O	_	_
dalle	da/det	EP	O	_	_
provincie	provincie	SP	O	_	_
orientali	orientale	AP	O	_	_
.	.	XPS	O	_	_

Il	il	RS	O	_	_
ministro	ministro	SS	O	_	_
gli	gli	PS	O	_	_
rispose	rispondere	VI	O	_	_
con	con	E	O	_	_
un	uno	RS	O	_	_
discorso	discorso	SS	O	_	_
bilioso	bilioso	AS	O	_	_
,	comma	XPW	O	_	_
insultando	insultare	VG	O	_	_
vigliaccamente	vigliaccamente	B	O	_	_
la	il	RS	O	_	_
nazione	nazione	SS	O	_	_
polacca	polacco	AS	O	_	_
,	comma	XPW	O	_	_
ed	ed	C	O	_	_
agitando	agitare	VG	O	_	_
sempre	sempre	B	O	_	_
l’	il	RS	O	_	_
accusa	accusa	SS	O	_	_
contro	contro	E	O	_	_
i	il	RP	O	_	_
polacchi	polacco	SP	O	_	_
di	di	E	O	_	_
voler	volere	VF	O	_	_
preparare	preparare	VF	O	_	_
il	il	RS	O	_	_
terreno	terreno	SS	O	_	_
per	per	E	O	_	_
una	uno	RS	O	_	_
generale	generale	AS	O	_	_
insurrezione	insurrezione	SS	O	_	_
dei	di/det	EP	O	_	_
polacchi	polacco	SP	O	_	_
allo	a/det	ES	O	_	_
scopo	scopo	SS	O	_	_
di	di	E	O	_	_
risuscitare	risuscitare	VF	O	_	_
l’	il	RS	O	_	_
antico	antico	AS	O	_	_
stato	stato	SS	O	_	_
polacco	polacco	AS	O	_	_
,	comma	XPW	O	_	_
morto	morire	VSP	O	_	_
,	comma	XPW	O	_	_
disse	dire	VI	O	_	_
,	comma	XPW	O	_	_
per	per	E	O	_	_
sempre	sempre	B	O	_	_
.	.	XPS	O	_	_

Ma	ma	C	O	_	_
codeste	codesto	DP	O	_	_
le	le	PP	O	_	_
sono	essere	VI	O	_	_
bubbole	bubbole	AS	O	_	_
.	.	XPS	O	_	_

Se	se	C	O	_	_
i	il	RP	O	_	_
polacchi	polacco	SP	O	_	_
van	van	AP	O	_	_
fuori	fuori	B	O	_	_
della	di/det	ES	O	_	_
legge	legge	SS	O	_	_
puniteli	puniteli	VI	O	_	_
;	semicolon	XPS	O	_	_

se	se	C	O	_	_
no	no	B	O	_	_
,	comma	XPW	O	_	_
lasciate	lasciare	VPP	O	_	_
loro	loro	PP	O	_	_
i	il	RP	O	_	_
loro	loro	DP	O	_	_
diritti	diritto	SP	O	_	_
di	di	E	O	_	_
cittadini	cittadino	SP	O	_	_
.	.	XPS	O	_	_

Ma	ma	C	O	_	_
sperar	sperar	VI	O	_	_
giustizia	giustizia	SS	O	_	_
dalla	da/det	ES	O	_	_
prepotenza	prepotenza	SS	O	_	_
prussiana	prussiano	AS	O	_	_
è	essere	VI	O	_	_
impossibile	impossibile	AS	O	_	_
.	.	XPS	O	_	_
