# total number of persons:4, total number of gpes:1
Ieri	ieri	B	O	_	_
si	rifl	PN	O	_	_
ebbero	avere	VI	O	_	_
dunque	dunque	C	O	_	_
le	il	RP	O	_	_
elezioni	elezione	SP	O	_	_
del	di/det	ES	O	_	_
III	iii	N	O	_	_
corpo	corpo	SS	O	_	_
del	di/det	ES	O	_	_
Municipio	municipio	SS	O	_	_
tridentino	tridentino	AS	O	_	_
.	.	XPS	O	_	_

Il	il	RS	O	_	_
capolista	capolista	SS	O	_	_
,	comma	XPW	O	_	_
dr.	dottore	SS	O	_	_
Silli	silli	SPN	PER	_	_
,	comma	XPW	O	_	_
raccolse	raccogliere	VI	O	_	_
415	415	N	O	_	_
voti	voto	SP	O	_	_
,	comma	XPW	O	_	_
i	il	RP	O	_	_
moderati	moderato	SP	O	_	_
Girardini	girardini	SPN	PER	_	_
382	382	N	O	_	_
,	comma	XPW	O	_	_
Mazzurana	mazzurana	SPN	PER	_	_
382	382	N	O	_	_
e	e	C	O	_	_
il	il	RS	O	_	_
conte	conte	SS	O	_	_
Manci	manci	SPN	PER	_	_
380	380	N	O	_	_
.	.	XPS	O	_	_

La	il	RS	O	_	_
partecipazione	partecipazione	SS	O	_	_
fu	essere	VI	O	_	_
dunque	dunque	C	O	_	_
scarsissima	scarso	AS	O	_	_
,	comma	XPW	O	_	_
quando	quando	CADV	O	_	_
si	rifl	PN	O	_	_
consideri	considerare	VI	O	_	_
che	che	CCHE	O	_	_
circa	circa	B	O	_	_
180	180	N	O	_	_
voti	voto	SP	O	_	_
vennero	venire	VIY	O	_	_
dati	dare	VPP	O	_	_
per	per	E	O	_	_
procura	procura	SS	O	_	_
.	.	XPS	O	_	_

Trento	trento	SPN	O	_	_
s’	s’	PN	O	_	_
è	essere	VIY	O	_	_
ieri	ieri	B	O	_	_
appena	appena	B	O	_	_
accorta	accorta	VI	O	_	_
che	che	CCHE	O	_	_
venivano	venire	VIY	O	_	_
eletti	eleggere	VPP	O	_	_
i	il	RP	O	_	_
suoi	suo	DP	O	_	_
amministratori	amministratore	SP	O	_	_
,	comma	XPW	O	_	_
anzi	anzi	C	O	_	_
per	per	E	O	_	_
poco	poco	B	O	_	_
non	non	B	O	_	_
dimostrò	dimostrare	VI	O	_	_
di	di	E	O	_	_
disinteressarsene	disinteressarsene	VF+E	O	_	_
.	.	XPS	O	_	_

Gli	il	RP	O	_	_
aventi	avente	SP	O	_	_
diritto	diritto	SS	O	_	_
a	a	E	O	_	_
voto	voto	SS	O	_	_
erano	essere	VI	O	_	_
2224	2224	N	O	_	_
,	comma	XPW	O	_	_
ma	ma	C	O	_	_
il	il	RS	O	_	_
voto	voto	SS	O	_	_
venne	venire	VIY	O	_	_
esercitato	esercitare	VSP	O	_	_
,	comma	XPW	O	_	_
comprese	comprendere	VPP	O	_	_
le	il	RP	O	_	_
procure	procura	SP	O	_	_
raccolte	raccogliere	VPP	O	_	_
in	in	E	O	_	_
quel	quello	DS	O	_	_
modo	modo	SS	O	_	_
che	che	CCHE	O	_	_
tutti	tutto	PP	O	_	_
sanno	sapere	VI	O	_	_
,	comma	XPW	O	_	_
appena	appena	B	O	_	_
da	da	E	O	_	_
un	uno	RS	O	_	_
quinto	quinto	SS	O	_	_
,	comma	XPW	O	_	_
anzi	anzi	C	O	_	_
nemmeno	nemmeno	B	O	_	_
dalla	da/det	ES	O	_	_
quinta	quinto	AS	O	_	_
parte	parte	SS	O	_	_
.	.	XPS	O	_	_

Questa	questo	DS	O	_	_
proporzione	proporzione	SS	O	_	_
è	essere	VI	O	_	_
ancora	ancora	B	O	_	_
peggiore	peggiore	AS	O	_	_
di	di	E	O	_	_
quella	quello	DS	O	_	_
raggiunta	raggiunta	SS	O	_	_
nel	in/det	ES	O	_	_
1907	1907	N	O	_	_
,	comma	XPW	O	_	_
quando	quando	CADV	O	_	_
gli	il	RP	O	_	_
elettori	elettore	SP	O	_	_
inscritti	inscritto	AP	O	_	_
nel	in/det	ES	O	_	_
III	iii	N	O	_	_
corpo	corpo	SS	O	_	_
erano	essere	VI	O	_	_
1900	1900	N	O	_	_
ed	ed	C	O	_	_
i	il	RP	O	_	_
votanti	votante	SP	O	_	_
furono	essere	VI	O	_	_
587	587	N	O	_	_
,	comma	XPW	O	_	_
cioè	cioe`	B	O	_	_
il	il	RS	O	_	_
trenta	trenta	N	O	_	_
per	per	E	O	_	_
cento	cento	N	O	_	_
.	.	XPS	O	_	_

È	essere	VI	O	_	_
chiaro	chiaro	AS	O	_	_
evidentemente	evidentemente	B	O	_	_
che	che	CCHE	O	_	_
la	la	PS	O	_	_
grande	grande	AS	O	_	_
maggioranza	maggioranza	SS	O	_	_
dei	di/det	EP	O	_	_
cittadini	cittadino	SP	O	_	_
boicotta	boicottare	VI	O	_	_
le	il	RP	O	_	_
elezioni	elezione	SP	O	_	_
comunali	comunale	AP	O	_	_
,	comma	XPW	O	_	_
e	e	C	O	_	_
la	il	RS	O	_	_
nostra	nostro	DS	O	_	_
affermazione	affermazione	SS	O	_	_
che	che	CCHE	O	_	_
viviamo	vivere	VI	O	_	_
in	in	E	O	_	_
pieno	pieno	AS	O	_	_
sistema	sistema	SS	O	_	_
di	di	E	O	_	_
oligarchia	oligarchia	SS	O	_	_
è	essere	VIY	O	_	_
rinforzata	rinforzare	VSP	O	_	_
dalla	da/det	ES	O	_	_
votazione	votazione	SS	O	_	_
di	di	E	O	_	_
ieri	ieri	B	O	_	_
.	.	XPS	O	_	_

Le	il	RP	O	_	_
cause	causa	SP	O	_	_
non	non	B	O	_	_
vanno	andare	VI	O	_	_
certo	certo	B	O	_	_
ricercate	ricercare	VPP	O	_	_
nel	in/det	ES	O	_	_
disinteresse	disinteresse	SS	O	_	_
dei	di/det	EP	O	_	_
cittadini	cittadino	SP	O	_	_
per	per	E	O	_	_
l’	il	RS	O	_	_
amministrazione	amministrazione	SS	O	_	_
della	di/det	ES	O	_	_
città	città	SN	O	_	_
,	comma	XPW	O	_	_
ché	ché	C	O	_	_
tutti	tutto	PP	O	_	_
comprendono	comprendere	VI	O	_	_
la	il	RS	O	_	_
gravità	gravità	SN	O	_	_
dei	di/det	EP	O	_	_
compiti	compito	SP	O	_	_
che	che	CCHE	O	_	_
incombono	incombere	VI	O	_	_
alla	a/det	ES	O	_	_
deputazione	deputazione	SS	O	_	_
in	in	E	O	_	_
un	uno	RS	O	_	_
periodo	periodo	SS	O	_	_
industriale	industriale	AS	O	_	_
e	e	C	O	_	_
di	di	E	O	_	_
municipalizzazione	municipalizzazione	SS	O	_	_
.	.	XPS	O	_	_

Il	il	RS	O	_	_
disinteresse	disinteresse	SS	O	_	_
è	essere	VI	O	_	_
per	per	E	O	_	_
l’	il	RS	O	_	_
atto	atto	SS	O	_	_
elettorale	elettorale	AS	O	_	_
stesso	stesso	AS	O	_	_
.	.	XPS	O	_	_

Le	il	RP	O	_	_
divisioni	divisione	SP	O	_	_
degli	di/det	EP	O	_	_
interessi	interesse	SP	O	_	_
o	o	C	O	_	_
dei	di/det	EP	O	_	_
partiti	partito	SP	O	_	_
in	in	E	O	_	_
Trento	trento	SPN	GPE	46.0664228	11.1257601
,	comma	XPW	O	_	_
sono	essere	VI	O	_	_
tali	tale	AP	O	_	_
che	che	CCHE	O	_	_
non	non	B	O	_	_
possono	potere	VI	O	_	_
rivelarsi	rivelare/rifl	VF+E	O	_	_
nelle	in/det	EP	O	_	_
strettoie	strettoia	SP	O	_	_
del	di/det	ES	O	_	_
presente	presente	AS	O	_	_
sistema	sistema	SS	O	_	_
elettorale	elettorale	AS	O	_	_
.	.	XPS	O	_	_

E	e	C	O	_	_
qui	qui	B	O	_	_
vi	vi	B	O	_	_
è	essere	VI	O	_	_
un	uno	RS	O	_	_
errore	errore	SS	O	_	_
non	non	B	O	_	_
solo	solo	B	O	_	_
di	di	E	O	_	_
grandezza	grandezza	SS	O	_	_
,	comma	XPW	O	_	_
ma	ma	C	O	_	_
anche	anche	C	O	_	_
di	di	E	O	_	_
costruzione	costruzione	SS	O	_	_
.	.	XPS	O	_	_

Una	uno	RS	O	_	_
riforma	riforma	SS	O	_	_
che	che	CCHE	O	_	_
vuole	volere	VI	O	_	_
veramente	veramente	B	O	_	_
riformare	riformare	VF	O	_	_
qualche	qualche	DS	O	_	_
cosa	cosa	SS	O	_	_
non	non	B	O	_	_
basta	bastare	VI	O	_	_
che	che	CCHE	O	_	_
allarghi	allargare	VI	O	_	_
il	il	RS	O	_	_
voto	voto	SS	O	_	_
ad	ad	E	O	_	_
un	uno	RS	O	_	_
maggior	maggior	AS	O	_	_
numero	numero	SS	O	_	_
di	di	E	O	_	_
cittadini	cittadino	SP	O	_	_
,	comma	XPW	O	_	_
ma	ma	C	O	_	_
bisogna	bisognare	VI	O	_	_
che	che	CCHE	O	_	_
conceda	concedere	VI	O	_	_
anche	anche	C	O	_	_
ai	a/det	EP	O	_	_
cittadini	cittadino	SP	O	_	_
,	comma	XPW	O	_	_
i	il	RP	O	_	_
quali	quale	PP	O	_	_
già	già	B	O	_	_
possiedono	possedere	VI	O	_	_
il	il	RS	O	_	_
voto	voto	SS	O	_	_
nei	in/det	EP	O	_	_
tre	tre	N	O	_	_
corpi	corpo	SP	O	_	_
,	comma	XPW	O	_	_
il	il	RS	O	_	_
mezzo	mezzo	SS	O	_	_
di	di	E	O	_	_
avere	avere	VF	O	_	_
ingerenza	ingerenza	SS	O	_	_
nell’	in/det	ES	O	_	_
amministrazione	amministrazione	SS	O	_	_
comunale	comunale	AS	O	_	_
senza	senza	E	O	_	_
temere	temere	VF	O	_	_
sopraffazioni	sopraffazione	SP	O	_	_
.	.	XPS	O	_	_

Date	data	SP	O	_	_
ai	a/det	EP	O	_	_
2200	2200	N	O	_	_
elettori	elettore	SP	O	_	_
del	di/det	ES	O	_	_
terzo	terzo	AS	O	_	_
corpo	corpo	SS	O	_	_
un	uno	RS	O	_	_
sistema	sistema	SS	O	_	_
elettorale	elettorale	AS	O	_	_
che	che	CCHE	O	_	_
permetta	permettere	VI	O	_	_
loro	loro	PP	O	_	_
di	di	E	O	_	_
affermarsi	affermare/rifl	VF+E	O	_	_
,	comma	XPW	O	_	_
anche	anche	C	O	_	_
se	se	C	O	_	_
non	non	B	O	_	_
possiedono	possedere	VI	O	_	_
la	il	RS	O	_	_
certezza	certezza	SS	O	_	_
o	o	C	O	_	_
la	il	RS	O	_	_
probabilità	probabilità	SN	O	_	_
della	di/det	ES	O	_	_
maggioranza	maggioranza	SS	O	_	_
assoluta	assoluto	AS	O	_	_
,	comma	XPW	O	_	_
ed	ed	C	O	_	_
essi	essi	PP	O	_	_
accorreranno	accorrere	VI	O	_	_
alle	a/det	EP	O	_	_
urne	urna	SP	O	_	_
.	.	XPS	O	_	_

Che	che	CCHE	O	_	_
importa	importare	VI	O	_	_
se	se	C	O	_	_
un	uno	RS	O	_	_
dato	dato	SS	O	_	_
gruppo	gruppo	SS	O	_	_
d’	di	E	O	_	_
interessi	interesse	SP	O	_	_
o	o	C	O	_	_
un	uno	RS	O	_	_
partito	partito	SS	O	_	_
sa	sapere	VI	O	_	_
di	di	E	O	_	_
non	non	B	O	_	_
raggiungere	raggiungere	VF	O	_	_
che	che	CCHE	O	_	_
180	180	N	O	_	_
voti	voto	SP	O	_	_
?	?	XPS	O	_	_

Introducete	introdurre	VI	O	_	_
la	il	RS	O	_	_
proporzionale	proporzionale	AS	O	_	_
,	comma	XPW	O	_	_
suddividete	suddividere	VI	O	_	_
i	il	RP	O	_	_
mandati	mandato	SP	O	_	_
fra	fra	E	O	_	_
le	il	RP	O	_	_
varie	varie	SP	O	_	_
liste	liste	AP	O	_	_
secondo	secondo	E	O	_	_
le	il	RP	O	_	_
rispettive	rispettivo	AP	O	_	_
forze	forza	SP	O	_	_
e	e	C	O	_	_
(	open_parenthesis	XPB	O	_	_
per	per	E	O	_	_
scegliere	scegliere	VF	O	_	_
quest’	questo	DS	O	_	_
esempio	esempio	SS	O	_	_
)	close_parenthesis	XPB	O	_	_
al	a/det	ES	O	_	_
gruppo	gruppo	SS	O	_	_
che	che	CCHE	O	_	_
ha	avere	VIY	O	_	_
raccolto	raccogliere	VSP	O	_	_
180	180	N	O	_	_
voti	voto	SP	O	_	_
toccherà	toccare	VI	O	_	_
un	uno	RS	O	_	_
consigliere	consigliere	SS	O	_	_
,	comma	XPW	O	_	_
a	a	E	O	_	_
quello	quello	PS	O	_	_
che	che	CCHE	O	_	_
ne	ne	PN	O	_	_
ha	avere	VI	O	_	_
360	360	N	O	_	_
o	o	C	O	_	_
giù	giù	B	O	_	_
di	di	E	O	_	_
lì	lì	B	O	_	_
toccheranno	toccare	VI	O	_	_
2	2	N	O	_	_
consiglieri	consigliere	SP	O	_	_
e	e	C	O	_	_
al	a/det	ES	O	_	_
partito	partito	SS	O	_	_
che	che	CCHE	O	_	_
si	rifl	PN	O	_	_
è	essere	VIY	O	_	_
affermato	affermare	VSP	O	_	_
con	con	E	O	_	_
circa	circa	B	O	_	_
520	520	N	O	_	_
voti	voto	SP	O	_	_
spetteranno	spettare	VI	O	_	_
gli	il	RP	O	_	_
altri	altro	DP	O	_	_
tre	tre	N	O	_	_
consiglieri	consigliere	SP	O	_	_
.	.	XPS	O	_	_

Non	non	B	O	_	_
serve	servire	VI	O	_	_
la	il	RS	O	_	_
rappresentanza	rappresentanza	SS	O	_	_
proporzionale	proporzionale	AS	O	_	_
a	a	E	O	_	_
promuovere	promuovere	VF	O	_	_
il	il	RS	O	_	_
concorso	concorso	SS	O	_	_
alle	a/det	EP	O	_	_
urne	urna	SP	O	_	_
e	e	C	O	_	_
a	a	E	O	_	_
costituire	costituire	VF	O	_	_
veracemente	veracemente	B	O	_	_
ed	ed	C	O	_	_
equamente	equamente	B	O	_	_
quella	quello	DS	O	_	_
rappresentanza	rappresentanza	SS	O	_	_
di	di	E	O	_	_
interessi	interesse	SP	O	_	_
che	che	CCHE	O	_	_
si	rifl	PN	O	_	_
propone	proporre	VI	O	_	_
,	comma	XPW	O	_	_
ma	ma	C	O	_	_
non	non	B	O	_	_
raggiunge	raggiungere	VI	O	_	_
,	comma	XPW	O	_	_
l’	il	RS	O	_	_
attuale	attuale	AS	O	_	_
suddivisione	suddivisione	SS	O	_	_
in	in	E	O	_	_
corpi	corpo	SP	O	_	_
elettorali	elettorale	AP	O	_	_
?	?	XPS	O	_	_

Gli	il	RP	O	_	_
elettori	elettore	SP	O	_	_
dell’	di/det	ES	O	_	_
Unione	unione	SS	O	_	_
popolare	popolare	AS	O	_	_
hanno	avere	VIY	O	_	_
quindi	quindi	B	O	_	_
colpito	colpire	VSP	O	_	_
giusto	giusto	AS	O	_	_
quando	quando	CADV	O	_	_
hanno	avere	VIY	O	_	_
chiesto	chiedere	VSP	O	_	_
che	che	CCHE	O	_	_
,	comma	XPW	O	_	_
accanto	accanto	E	O	_	_
all’	a/det	ES	O	_	_
argomento	argomento	SS	O	_	_
del	di/det	ES	O	_	_
suffragio	suffragio	SS	O	_	_
,	comma	XPW	O	_	_
venga	venire	VIY	O	_	_
introdotta	introdurre	VSP	O	_	_
anche	anche	C	O	_	_
la	il	RS	O	_	_
proporzionale	proporzionale	AS	O	_	_
nei	in/det	EP	O	_	_
corpi	corpo	SP	O	_	_
già	già	B	O	_	_
esistenti	esistere	VPP	O	_	_
,	comma	XPW	O	_	_
affinché	affinché	C	O	_	_
essi	essi	PP	O	_	_
diventino	diventare	VI	O	_	_
la	il	RS	O	_	_
vera	vero	AS	O	_	_
rappresentanza	rappresentanza	SS	O	_	_
degli	di/det	EP	O	_	_
interessi	interesse	SP	O	_	_
che	che	CCHE	O	_	_
vi	vi	B	O	_	_
sono	essere	VI	O	_	_
circoscritti	circoscritti	SP	O	_	_
e	e	C	O	_	_
non	non	B	O	_	_
una	uno	RS	O	_	_
comoda	comodo	AS	O	_	_
architettura	architettura	SS	O	_	_
per	per	E	O	_	_
l’	il	RS	O	_	_
oligarchia	oligarchia	SS	O	_	_
di	di	E	O	_	_
un	uno	RS	O	_	_
partito	partito	SS	O	_	_
.	.	XPS	O	_	_
