# total number of persons:2, total number of gpes:5
Nel	in/det	ES	O	_	_
numero	numero	SS	O	_	_
dei	di/det	EP	O	_	_
25	25	N	O	_	_
giugno	giugno	SS	O	_	_
(	open_parenthesis	XPB	O	_	_
è	essere	VIY	O	_	_
passata	passare	VSP	O	_	_
dell’	di/det	ES	O	_	_
acqua	acqua	SS	O	_	_
sotto	sotto	E	O	_	_
il	il	RS	O	_	_
ponte	ponte	SS	O	_	_
"!"	esclamation_mark	XPS	O	_	_

)	close_parenthesis	XPB	O	_	_
scrivevamo	scrivere	VI	O	_	_
in	in	E	O	_	_
tono	tono	SS	O	_	_
molto	molto	B	O	_	_
sicuro	sicuro	AS	O	_	_
delle	di/det	EP	O	_	_
previsioni	previsione	SP	O	_	_
sulla	su/det	ES	O	_	_
prossima	prossimo	AS	O	_	_
futura	futura	SS	O	_	_
«	«	XPO	O	_	_
violentissima	violento	AS	O	_	_
campagna	campagna	SS	O	_	_
»	»	XPO	O	_	_
per	per	E	O	_	_
la	il	RS	O	_	_
riforma	riforma	SS	O	_	_
elettorale	elettorale	AS	O	_	_
del	di/det	ES	O	_	_
comune	comune	SS	O	_	_
.	.	XPS	O	_	_

Le	il	RP	O	_	_
«	«	XPO	O	_	_
previsioni	previsione	SP	O	_	_
»	»	XPO	O	_	_
e	e	C	O	_	_
le	il	RP	O	_	_
«	«	XPO	O	_	_
informazioni	informazione	SP	O	_	_
»	»	XPO	O	_	_
erano	essere	VI	O	_	_
evidentemente	evidentemente	B	O	_	_
una	uno	RS	O	_	_
satira	satira	SS	O	_	_
rivolta	rivolgere	VSP	O	_	_
ai	a/det	EP	O	_	_
socialisti	socialista	SP	O	_	_
proprio	proprio	B	O	_	_
nei	in/det	EP	O	_	_
giorni	giorno	SP	O	_	_
che	che	CCHE	O	_	_
filavano	filare	VI	O	_	_
l’	il	RS	O	_	_
idillio	idillio	SS	O	_	_
coi	con/det	EP	O	_	_
potentati	potentato	SP	O	_	_
del	di/det	ES	O	_	_
comune	comune	SS	O	_	_
.	.	XPS	O	_	_

L’	il	RS	O	_	_
ironia	ironia	SS	O	_	_
doveva	dovere	VI	O	_	_
essere	essere	VF	O	_	_
trasparentissima	trasparente	AS	O	_	_
perché	perché	C	O	_	_
il	il	RS	O	_	_
trafiletto	trafiletto	SS	O	_	_
terminava	terminare	VI	O	_	_
col	con/det	ES	O	_	_
noto	noto	SS	O	_	_
«	«	XPO	O	_	_
perché	perché	C	O	_	_
non	non	B	O	_	_
s’	s’	PN	O	_	_
irridono	irridere	VI	O	_	_
a	a	E	O	_	_
vicenda	vicenda	SS	O	_	_
»	»	XPO	O	_	_
di	di	E	O	_	_
Cicerone	cicerone	SPN	PER	_	_
,	comma	XPW	O	_	_
quando	quando	CADV	O	_	_
satireggiava	satireggiare	VI	O	_	_
gli	il	RP	O	_	_
aruspici	aruspicio	SP	O	_	_
.	.	XPS	O	_	_

Ebbene	ebbene	C	O	_	_
,	comma	XPW	O	_	_
il	il	RS	O	_	_
credereste	credereste	SS	O	_	_
?	?	XPS	O	_	_

Il	il	RS	O	_	_
Popolo	popolo	SPN	O	_	_
ci	ci	PP	O	_	_
è	essere	VIY	O	_	_
cascato	cascare	VSP	O	_	_
,	comma	XPW	O	_	_
ci	ci	B	O	_	_
è	essere	VIY	O	_	_
cascato	cascare	VSP	O	_	_
morto	morire	VSP	O	_	_
"!"	esclamation_mark	XPS	O	_	_

Dopo	dopo	E	O	_	_
tanto	tanto	DS	O	_	_
tempo	tempo	SS	O	_	_
che	che	CCHE	O	_	_
v’	v’	PS	O	_	_
ha	avere	VIY	O	_	_
ripensato	ripensare	VSP	O	_	_
ieri	ieri	B	O	_	_
ci	ci	PP	O	_	_
viene	venire	VI	O	_	_
a	a	E	O	_	_
dire	dire	VF	O	_	_
che	che	CCHE	O	_	_
non	non	B	O	_	_
s’	s’	PN	O	_	_
ha	avere	VI	O	_	_
da	da	E	O	_	_
credere	credere	VF	O	_	_
alle	a/det	EP	O	_	_
nostre	nostro	DP	O	_	_
rivelazioni	rivelazione	SP	O	_	_
.	.	XPS	O	_	_

Figuratevi	figuratevi	VI	O	_	_
,	comma	XPW	O	_	_
colendissimo	colendissimo	AS	O	_	_
"!"	esclamation_mark	XPS	O	_	_

ma	ma	C	O	_	_
se	se	C	O	_	_
non	non	B	O	_	_
ci	ci	PP	O	_	_
crediamo	credere	VI	O	_	_
cicca	cicca	AS	O	_	_
nemmeno	nemmeno	B	O	_	_
noi	noi	PP	O	_	_
"!"	esclamation_mark	XPS	O	_	_

Che	che	CCHE	O	_	_
voi	voi	PS	O	_	_
farete	fare	VI	O	_	_
un’	uno	RS	O	_	_
agitazione	agitazione	SS	O	_	_
sul	su/det	ES	O	_	_
serio	serio	SS	O	_	_
,	comma	XPW	O	_	_
proprio	proprio	B	O	_	_
di	di	E	O	_	_
quelle	quello	PP	O	_	_
che	che	CCHE	O	_	_
sapete	sapere	VI	O	_	_
inscenare	inscenare	VF	O	_	_
voi	voi	B	O	_	_
per	per	E	O	_	_
costringere	costringere	VF	O	_	_
il	il	RS	O	_	_
municipio	municipio	SS	O	_	_
e	e	C	O	_	_
i	il	RP	O	_	_
deputati	deputato	SP	O	_	_
di	di	E	O	_	_
Trento	trento	SPN	GPE	46.0664228	11.1257601
ad	ad	E	O	_	_
una	uno	RS	O	_	_
riforma	riforma	SS	O	_	_
elettorale	elettorale	AS	O	_	_
,	comma	XPW	O	_	_
o	o	C	O	_	_
almeno	almeno	B	O	_	_
ad	ad	E	O	_	_
esumare	esumare	VF	O	_	_
la	il	RS	O	_	_
vecchia	vecchio	AS	O	_	_
,	comma	XPW	O	_	_
non	non	B	O	_	_
abbiamo	avere	VIY	O	_	_
creduto	credere	VSP	O	_	_
nemmeno	nemmeno	B	O	_	_
un	uno	RS	O	_	_
minuto	minuto	SS	O	_	_
.	.	XPS	O	_	_

Ci	ci	PP	O	_	_
vuol	volere	VI	O	_	_
altro	altro	PS	O	_	_
"!"	esclamation_mark	XPS	O	_	_

La	il	RS	O	_	_
predoneria	predoneria	SS	O	_	_
ch’	che	CCHE	O	_	_
è	essere	VIY	O	_	_
stata	essere	VSPY	O	_	_
perpetrata	perpetrare	VSP	O	_	_
a	a	E	O	_	_
danno	danno	SS	O	_	_
delle	di/det	EP	O	_	_
vallate	vallata	SP	O	_	_
e	e	C	O	_	_
dell’	di/det	ES	O	_	_
eguaglianza	eguaglianza	SS	O	_	_
nella	in/det	ES	O	_	_
riforma	riforma	SS	O	_	_
parlamentare	parlamentare	AS	O	_	_
risale	risalire	VI	O	_	_
anche	anche	C	O	_	_
a	a	E	O	_	_
voi	voi	PS	O	_	_
che	che	CCHE	O	_	_
foste	essere	VI	O	_	_
conniventi	connivente	SP	O	_	_
né	né	C	O	_	_
levaste	levare	VI	O	_	_
la	il	RS	O	_	_
voce	voce	SS	O	_	_
come	come	CADV	O	_	_
vi	voi	PP	O	_	_
riesce	riuscire	VI	O	_	_
facile	facile	AS	O	_	_
,	comma	XPW	O	_	_
quando	quando	CADV	O	_	_
si	rifl	PN	O	_	_
tratta	trattare	VI	O	_	_
di	di	E	O	_	_
quattro	quattro	N	O	_	_
contadini	contadino	SP	O	_	_
«	«	XPO	O	_	_
clericali	clericale	AP	O	_	_
»	»	XPO	O	_	_
o	o	C	O	_	_
di	di	E	O	_	_
un	uno	RS	O	_	_
povero	povero	AS	O	_	_
curatello	curatello	SS	O	_	_
di	di	E	O	_	_
montagna	montagna	SS	O	_	_
.	.	XPS	O	_	_

Con	con	E	O	_	_
i	il	RP	O	_	_
borghesi	borghese	SP	O	_	_
di	di	E	O	_	_
Trento	trento	SPN	GPE	46.0664228	11.1257601
non	non	B	O	_	_
vi	vi	B	O	_	_
volete	volere	VI	O	_	_
guastare	guastare	VF	O	_	_
,	comma	XPW	O	_	_
e	e	C	O	_	_
i	il	RP	O	_	_
«	«	XPO	O	_	_
comizi	comizio	SP	O	_	_
»	»	XPO	O	_	_
li	li	PP	O	_	_
andate	andare	VPP	O	_	_
a	a	E	O	_	_
tenere	tenere	VF	O	_	_
nei	in/det	EP	O	_	_
penetrali	penetrale	SP	O	_	_
della	di/det	ES	O	_	_
Camera	camera	SS	O	_	_
del	di/det	ES	O	_	_
lavoro	lavoro	SS	O	_	_
.	.	XPS	O	_	_

Ah	ah	I	O	_	_
"!"	esclamation_mark	XPS	O	_	_

Se	se	C	O	_	_
ci	ci	PP	O	_	_
fossero	essere	VI	O	_	_
i	il	RP	O	_	_
«	«	XPO	O	_	_
clericali	clericale	AP	O	_	_
»	»	XPO	O	_	_
in	in	E	O	_	_
municipio	municipio	SS	O	_	_
"!"	esclamation_mark	XPS	O	_	_

Allora	allora	C	O	_	_
converebbe	converebbe	VI	O	_	_
abbattere	abbattere	VF	O	_	_
la	il	RS	O	_	_
camorra	camorra	SS	O	_	_
nera	nero	AS	O	_	_
,	comma	XPW	O	_	_
sgretolare	sgretolare	VF	O	_	_
le	il	RP	O	_	_
fumide	fumide	SP	O	_	_
mura	mura	SS	O	_	_
feudali	feudale	AP	O	_	_
e	e	C	O	_	_
lanciare	lanciare	VF	O	_	_
in	in	E	O	_	_
mezzo	mezzo	SS	O	_	_
al	a/det	ES	O	_	_
reazionario	reazionario	AS	O	_	_
conciliabolo	conciliabolo	SS	O	_	_
la	il	RS	O	_	_
spola	spola	SS	O	_	_
di	di	E	O	_	_
dinamite	dinamite	SP	O	_	_
che	che	CCHE	O	_	_
farebbe	fare	VI	O	_	_
saltare	saltare	VF	O	_	_
tutto	tutto	DS	O	_	_
quel	quel	PS	O	_	_
mondo	mondo	SS	O	_	_
di	di	E	O	_	_
ferrivecchi	ferrivecchi	SP	O	_	_
.	.	XPS	O	_	_

Ma	ma	C	O	_	_
no	no	B	O	_	_
,	comma	XPW	O	_	_
sono	essere	VI	O	_	_
invece	invece	B	O	_	_
i	il	RP	O	_	_
liberali	liberale	SP	O	_	_
,	comma	XPW	O	_	_
i	il	RP	O	_	_
giovani	giovane	SP	O	_	_
liberali	liberale	AP	O	_	_
quelli	quello	PP	O	_	_
che	che	CCHE	O	_	_
vennero	venire	VI	O	_	_
su	su	E	O	_	_
per	per	E	O	_	_
insegnare	insegnare	VF	O	_	_
ai	a/det	EP	O	_	_
vecchi	vecchio	AP	O	_	_
come	come	CADV	O	_	_
si	rifl	PN	O	_	_
doveva	dovere	VI	O	_	_
fare	fare	VF	O	_	_
.	.	XPS	O	_	_

E	e	C	O	_	_
come	come	CADV	O	_	_
hanno	avere	VIY	O	_	_
fatto	fare	VSP	O	_	_
?	?	XPS	O	_	_

I	il	RP	O	_	_
socialisti	socialista	SP	O	_	_
sanno	sapere	VI	O	_	_
,	comma	XPW	O	_	_
ma	ma	C	O	_	_
tacciono	tacere	VI	O	_	_
.	.	XPS	O	_	_

È	essere	VI	O	_	_
un	uno	RS	O	_	_
compromesso	compromesso	SS	O	_	_
silenzioso	silenzioso	AS	O	_	_
,	comma	XPW	O	_	_
quieto	quieto	AS	O	_	_
,	comma	XPW	O	_	_
quieto	quieto	AS	O	_	_
come	come	CADV	O	_	_
l’	il	RS	O	_	_
olio	olio	SS	O	_	_
.	.	XPS	O	_	_

–	–	XPO	O	_	_
«	«	XPO	O	_	_
Io	io	PS	O	_	_
me	io	PS	O	_	_
ne	ne	PN	O	_	_
taccio	tacere	VI	O	_	_
,	comma	XPW	O	_	_
accenna	accennare	VI	O	_	_
il	il	RS	O	_	_
Popolo	popolo	SPN	O	_	_
,	comma	XPW	O	_	_
non	non	B	O	_	_
fo’	fo’	VI	O	_	_
critiche	critica	SP	O	_	_
,	comma	XPW	O	_	_
mi	io	PS	O	_	_
tengo	tenere	VI	O	_	_
alla	a/det	ES	O	_	_
larga	larga	SS	O	_	_
dalle	da/det	EP	O	_	_
vostre	vostro	DP	O	_	_
imprese	impresa	SP	O	_	_
.	.	XPS	O	_	_

.	.	XPS	O	_	_

.	.	XPS	O	_	_

e	e	C	O	_	_
se	se	C	O	_	_
talvolta	talvolta	B	O	_	_
ne	ne	PN	O	_	_
tocco	toccare	VI	O	_	_
di	di	E	O	_	_
volo	volo	SS	O	_	_
è	essere	VI	O	_	_
perché	perché	C	O	_	_
il	il	RS	O	_	_
pubblico	pubblico	SS	O	_	_
creda	credere	VI	O	_	_
che	che	CCHE	O	_	_
ce	ce	B	O	_	_
ne	ne	PN	O	_	_
vogliamo	volere	VI	O	_	_
occupare	occupare	VF	O	_	_
e	e	C	O	_	_
voi	voi	PS	O	_	_
crediate	crediate	VPP	O	_	_
che	che	CCHE	O	_	_
possiamo	potere	VI	O	_	_
occuparcene	occupare/loc/part/pro/part	VF+E	O	_	_
.	.	XPS	O	_	_

.	.	XPS	O	_	_

.	.	XPS	O	_	_

Che	che	CCHE	O	_	_
ha	avere	VI	O	_	_
da	da	E	O	_	_
importare	importare	VF	O	_	_
agli	a/det	EP	O	_	_
elettori	elettore	SP	O	_	_
?	?	XPS	O	_	_

»	»	XPO	O	_	_
–	–	XPO	O	_	_
«	«	XPO	O	_	_
Io	io	PS	O	_	_
non	non	B	O	_	_
fiato	fiato	SS	O	_	_
,	comma	XPW	O	_	_
ammicca	ammiccare	VI	O	_	_
di	di	E	O	_	_
rimando	rimare	VG	O	_	_
l’	il	RS	O	_	_
Alto	alto	SPN	GPE	46.65596895	11.22964387
Adige	adige	SPN	GPE	46.65596895	11.22964387
.	.	XPS	O	_	_

Il	il	RS	O	_	_
nostro-vostro	nostro-vostro	DS	O	_	_
deputato	deputato	SS	O	_	_
può	potere	VI	O	_	_
permettersi	permettere/rifl	VF+E	O	_	_
qualunque	qualunque	DS	O	_	_
castroneria	castroneria	SS	O	_	_
.	.	XPS	O	_	_

Se	se	C	O	_	_
posso	potere	VI	O	_	_
,	comma	XPW	O	_	_
ne	ne	PN	O	_	_
dico	dire	VI	O	_	_
bene	bene	B	O	_	_
,	comma	XPW	O	_	_
se	se	C	O	_	_
no	no	B	O	_	_
,	comma	XPW	O	_	_
zitto	zitto	AS	O	_	_
"!"	esclamation_mark	XPS	O	_	_

Che	che	CCHE	O	_	_
ha	avere	VI	O	_	_
da	da	E	O	_	_
importare	importare	VF	O	_	_
ai	a/det	EP	O	_	_
cittadini	cittadino	SP	O	_	_
?	?	XPS	O	_	_

»	»	XPO	O	_	_
–	–	XPO	O	_	_
«	«	XPO	O	_	_
A	a	E	O	_	_
voi	voi	PS	O	_	_
il	il	RS	O	_	_
Comune	comune	SS	O	_	_
.	.	XPS	O	_	_

.	.	XPS	O	_	_

.	.	XPS	O	_	_

»	»	XPO	O	_	_
–	–	XPO	O	_	_
«	«	XPO	O	_	_
A	a	E	O	_	_
voi	voi	PS	O	_	_
il	il	RS	O	_	_
seggio	seggio	SS	O	_	_
parlamentare	parlamentare	AS	O	_	_
»	»	XPO	O	_	_
.	.	XPS	O	_	_

–	–	XPO	O	_	_
«	«	XPO	O	_	_
E	e	C	O	_	_
tutti	tutto	DP	O	_	_
e	e	C	O	_	_
due	due	N	O	_	_
contro	contro	E	O	_	_
i	il	RP	O	_	_
clericali	clericale	SP	O	_	_
»	»	XPO	O	_	_
.	.	XPS	O	_	_

–	–	XPO	O	_	_
«	«	XPO	O	_	_
Dàlli	dàlli	SPN	O	_	_
ai	a/det	EP	O	_	_
clericali	clericale	SP	O	_	_
"!"	esclamation_mark	XPS	O	_	_

»	»	XPO	O	_	_
Così	così	B	O	_	_
,	comma	XPW	O	_	_
e	e	C	O	_	_
nient’	nient’	VI	O	_	_
altro	altro	PS	O	_	_
.	.	XPS	O	_	_

E	e	C	O	_	_
poi	poi	B	O	_	_
ha	avere	VI	O	_	_
la	il	RS	O	_	_
mutria	mutria	SS	O	_	_
di	di	E	O	_	_
parlare	parlare	VF	O	_	_
di	di	E	O	_	_
blocco	blocco	SS	O	_	_
antisocialista	antisocialista	AS	O	_	_
che	che	CCHE	O	_	_
va	andare	VI	O	_	_
delineandosi	delineare/rifl	VG+E	O	_	_
.	.	XPS	O	_	_

Oh	oh	I	O	_	_
"!"	esclamation_mark	XPS	O	_	_

davvero	davvero	B	O	_	_
?	?	XPS	O	_	_

Dite	dire	VI	O	_	_
un	uno	RS	O	_	_
po’	poco	B	O	_	_
,	comma	XPW	O	_	_
dove	dove	CADV	O	_	_
scorgete	scorgere	VI	O	_	_
voi	voi	PP	O	_	_
codesta	codesto	DS	O	_	_
formazione	formazione	SS	O	_	_
di	di	E	O	_	_
linea	linea	SS	O	_	_
?	?	XPS	O	_	_

Forse	forse	B	O	_	_
sotto	sotto	E	O	_	_
la	il	RS	O	_	_
generosa	generoso	AS	O	_	_
pioggia	pioggia	SS	O	_	_
di	di	E	O	_	_
luce	luce	SS	O	_	_
alla	a/det	ES	O	_	_
Camera	camera	SS	O	_	_
?	?	XPS	O	_	_

O	o	C	O	_	_
v’	v’	B	O	_	_
è	essere	VIY	O	_	_
apparso	apparire	VSP	O	_	_
lo	il	RS	O	_	_
spettro	spettro	SS	O	_	_
del	di/det	ES	O	_	_
blocco	blocco	SS	O	_	_
entro	entro	E	O	_	_
i	il	RP	O	_	_
recessi	recesso	SP	O	_	_
ospitali	ospitale	AP	O	_	_
del	di/det	ES	O	_	_
bosco	bosco	SS	O	_	_
baronale	baronale	AS	O	_	_
?	?	XPS	O	_	_

Cacciate	cacciare	VPP	O	_	_
le	il	RP	O	_	_
malinconie	malinconia	SP	O	_	_
.	.	XPS	O	_	_

L’	il	RS	O	_	_
aria	aria	SS	O	_	_
di	di	E	O	_	_
Trento	trento	SPN	GPE	46.0664228	11.1257601
ha	avere	VI	O	_	_
del	di/det	ES	O	_	_
perso	perso	SS	O	_	_
e	e	C	O	_	_
del	di/det	ES	O	_	_
sanguigno	sanguigno	SS	O	_	_
.	.	XPS	O	_	_

E	e	C	O	_	_
in	in	E	O	_	_
tale	tale	DS	O	_	_
atmosfera	atmosfera	SS	O	_	_
voi	voi	PS	O	_	_
potete	potere	VI	O	_	_
respirare	respirare	VF	O	_	_
a	a	E	O	_	_
pieni	pieno	AP	O	_	_
polmoni	polmone	SP	O	_	_
,	comma	XPW	O	_	_
voi	voi	PS	O	_	_
sarete	essere	VI	O	_	_
gli	il	RP	O	_	_
alleati	alleato	SP	O	_	_
naturali	naturale	AP	O	_	_
,	comma	XPW	O	_	_
gli	il	RP	O	_	_
ingredienti	ingrediente	SP	O	_	_
indispensabili	indispensabile	AP	O	_	_
della	di/det	ES	O	_	_
combinazione	combinazione	SS	O	_	_
.	.	XPS	O	_	_

Ad	ad	E	O	_	_
un	uno	RS	O	_	_
patto	patto	SS	O	_	_
però	però	C	O	_	_
:	:	XPS	O	_	_
ora	ora	B	O	_	_
passate	passare	VPP	O	_	_
come	come	CADV	O	_	_
i	il	RP	O	_	_
più	più	B	O	_	_
fieri	fiero	AP	O	_	_
patrioti	patriota	SP	O	_	_
,	comma	XPW	O	_	_
ma	ma	C	O	_	_
altrettante	altrettante	B	O	_	_
volte	volta	SP	O	_	_
che	che	CCHE	O	_	_
si	rifl	PN	O	_	_
rinnoveranno	rinnovare	VI	O	_	_
le	il	RP	O	_	_
elezioni	elezione	SP	O	_	_
comunali	comunale	AP	O	_	_
altrettanti	altrettanto	AP	O	_	_
giorni	giorno	SP	O	_	_
voi	voi	PS	O	_	_
ridiventerete	ridiventare	VI	O	_	_
internazionalisti	internazionalista	SP	O	_	_
antinazionalisti	antinazionalisti	AP	O	_	_
,	comma	XPW	O	_	_
pessimi	pessimo	AP	O	_	_
patrioti	patriota	SP	O	_	_
.	.	XPS	O	_	_

Questo	questo	DS	O	_	_
sacrifizio	sacrifizio	SS	O	_	_
voi	voi	PS	O	_	_
fate	fare	VI	O	_	_
di	di	E	O	_	_
cuore	cuore	SS	O	_	_
,	comma	XPW	O	_	_
lo	lo	PS	O	_	_
sappiamo	sapere	VI	O	_	_
,	comma	XPW	O	_	_
perché	perché	C	O	_	_
in	in	E	O	_	_
ricambio	ricambio	SS	O	_	_
avete	avere	VI	O	_	_
il	il	RS	O	_	_
comodo	comodo	SS	O	_	_
di	di	E	O	_	_
insultare	insultare	VF	O	_	_
tutti	tutto	DP	O	_	_
gli	il	RP	O	_	_
altri	altro	PP	O	_	_
dì	dì	SN	O	_	_
,	comma	XPW	O	_	_
all’	a/det	ES	O	_	_
unisono	unisono	SS	O	_	_
coll’	con/det	ES	O	_	_
Alto	alto	SPN	GPE	46.65596895	11.22964387
Adige	adige	SPN	GPE	46.65596895	11.22964387
,	comma	XPW	O	_	_
al	a/det	ES	O	_	_
«	«	XPO	O	_	_
falso	falso	AS	O	_	_
patriotismo	patriotismo	SS	O	_	_
dei	di/det	EP	O	_	_
clericali	clericale	SP	O	_	_
»	»	XPO	O	_	_
.	.	XPS	O	_	_

Il	il	RS	O	_	_
Popolo	popolo	SPN	O	_	_
ha	avere	VIY	O	_	_
anche	anche	C	O	_	_
un	uno	RS	O	_	_
trafiletto	trafiletto	SS	O	_	_
riguardante	riguardante	AS	O	_	_
la	il	RS	O	_	_
mozione	mozione	SS	O	_	_
Conci	conci	SPN	PER	_	_
.	.	XPS	O	_	_

Risponderemo	rispondere	VI	O	_	_
esaurientemente	esaurientemente	B	O	_	_
un	uno	RS	O	_	_
altro	altro	DS	O	_	_
giorno	giorno	SS	O	_	_
.	.	XPS	O	_	_

Intanto	intanto	B	O	_	_
resta	restare	VI	O	_	_
il	il	RS	O	_	_
fatto	fatto	SS	O	_	_
,	comma	XPW	O	_	_
immutabile	immutabile	AS	O	_	_
,	comma	XPW	O	_	_
innegabile	innegabile	AS	O	_	_
,	comma	XPW	O	_	_
che	che	CCHE	O	_	_
i	il	RP	O	_	_
rossi	rosso	SP	O	_	_
hanno	avere	VIY	O	_	_
salvato	salvare	VSP	O	_	_
nell’	in/det	ES	O	_	_
ultimo	ultimo	AS	O	_	_
momento	momento	SS	O	_	_
il	il	RS	O	_	_
bilancio	bilancio	SS	O	_	_
,	comma	XPW	O	_	_
votando	votare	VG	O	_	_
per	per	E	O	_	_
l’	il	RS	O	_	_
urgenza	urgenza	SS	O	_	_
della	di/det	ES	O	_	_
proposta	proposta	SS	O	_	_
;	semicolon	XPS	O	_	_

se	se	C	O	_	_
si	rifl	PN	O	_	_
fossero	essere	VI	O	_	_
semplicemente	semplicemente	B	O	_	_
astenuti	astenuto	AP	O	_	_
,	comma	XPW	O	_	_
il	il	RS	O	_	_
bilancio	bilancio	SS	O	_	_
sarebbe	essere	VI	O	_	_
ancora	ancora	B	O	_	_
da	da	E	O	_	_
votare	votare	VF	O	_	_
.	.	XPS	O	_	_

Con	con	E	O	_	_
ciò	ciò`	PS	O	_	_
i	il	RP	O	_	_
socialisti	socialista	SP	O	_	_
,	comma	XPW	O	_	_
eccetto	eccetto	VSP	O	_	_
gli	il	RP	O	_	_
czechi	czechi	SP	O	_	_
,	comma	XPW	O	_	_
si	rifl	PN	O	_	_
sono	essere	VIY	O	_	_
assunta	assumere	VSP	O	_	_
la	il	RS	O	_	_
piena	pieno	AS	O	_	_
responsabilità	responsabilità	SN	O	_	_
del	di/det	ES	O	_	_
bilancio	bilancio	SS	O	_	_
.	.	XPS	O	_	_

Oh	oh	I	O	_	_
"!"	esclamation_mark	XPS	O	_	_

che	che	CCHE	O	_	_
commedia	commedia	SS	O	_	_
.	.	XPS	O	_	_

Un’	uno	RS	O	_	_
i.r.	i.r.	YA	O	_	_
opposizione	opposizione	SS	O	_	_
meglio	meglio	B	O	_	_
di	di	E	O	_	_
codesta	codesto	DS	O	_	_
non	non	B	O	_	_
s’	s’	PN	O	_	_
è	essere	VIY	O	_	_
mai	mai	B	O	_	_
vista	vedere	VSP	O	_	_
"!"	esclamation_mark	XPS	O	_	_
