# total number of persons:34, total number of gpes:18
Il	il	RS	O	_	_
pellegrinaggio	pellegrinaggio	SS	O	_	_
alla	a/det	ES	O	_	_
«	«	XPO	O	_	_
Käppele	käppele	SPN	O	_	_
»	»	XPO	O	_	_
–	–	XPO	O	_	_
Le	il	RP	O	_	_
missioni	missione	SP	O	_	_
in	in	E	O	_	_
Cina	cina	SPN	GPE	35.000074	104.999927
–	–	XPO	O	_	_
Il	il	RS	O	_	_
corteo	corteo	SS	O	_	_
degli	di/det	EP	O	_	_
studenti	studente	SP	O	_	_
–	–	XPO	O	_	_
Le	il	RP	O	_	_
organizzazioni	organizzazione	SP	O	_	_
femminili	femminile	AP	O	_	_
–	–	XPO	O	_	_
Università	università	SN	O	_	_
e	e	C	O	_	_
cattolicismo	cattolicismo	SS	O	_	_
–	–	XPO	O	_	_
Tolleranza	tolleranza	SPN	O	_	_
e	e	C	O	_	_
criteri	criterio	SP	O	_	_
politici	politico	AP	O	_	_
.	.	XPS	O	_	_

Würzburgo	würzburgo	SPN	O	_	_
(	open_parenthesis	XPB	O	_	_
rit	rit	VI	O	_	_
.	.	XPS	O	_	_

)	close_parenthesis	XPB	O	_	_
,	comma	XPW	O	_	_
27	27	N	O	_	_
notte	notte	SS	O	_	_
.	.	XPS	O	_	_

(	open_parenthesis	XPB	O	_	_
A.Deg	a.deg	SPN	O	_	_
.	.	XPS	O	_	_

)	close_parenthesis	XPB	O	_	_
Il	il	RS	O	_	_
sole	sole	SS	O	_	_
,	comma	XPW	O	_	_
vincendo	vincere	VG	O	_	_
la	il	RS	O	_	_
nebbia	nebbia	SS	O	_	_
mattutina	mattutino	AS	O	_	_
sorgeva	sorgere	VI	O	_	_
dalle	da/det	EP	O	_	_
colline	collina	SP	O	_	_
di	di	E	O	_	_
Würzburg	würzburg	SPN	O	_	_
,	comma	XPW	O	_	_
e	e	C	O	_	_
un’	uno	RS	O	_	_
immensa	immenso	AS	O	_	_
folla	folla	SS	O	_	_
di	di	E	O	_	_
uomini	uomo	SP	O	_	_
saliva	salivare	VI	O	_	_
pregando	pregare	VG	O	_	_
per	per	E	O	_	_
il	il	RS	O	_	_
dolce	dolce	AS	O	_	_
pendio	pendio	SS	O	_	_
su	su	E	O	_	_
cui	cui	PN	O	_	_
domina	dominare	VI	O	_	_
il	il	RS	O	_	_
santuario	santuario	SS	O	_	_
di	di	E	O	_	_
Käppele	käppele	SPN	O	_	_
.	.	XPS	O	_	_

Erano	essere	VI	O	_	_
i	il	RP	O	_	_
congressisti	congressista	SP	O	_	_
e	e	C	O	_	_
le	il	RP	O	_	_
società	società	SN	O	_	_
cattoliche	cattolico	AP	O	_	_
di	di	E	O	_	_
Würzburg	würzburg	SPN	O	_	_
,	comma	XPW	O	_	_
che	che	CCHE	O	_	_
peregrinavano	peregrinare	VI	O	_	_
alla	a/det	ES	O	_	_
chiesa	chiesa	SS	O	_	_
di	di	E	O	_	_
Maria	maria	SPN	O	_	_
.	.	XPS	O	_	_

Erano	essere	VIY	O	_	_
partiti	partire	VPP	O	_	_
dalla	da/det	ES	O	_	_
tomba	tomba	SS	O	_	_
di	di	E	O	_	_
S.	s.	YA	O	_	_
Chiliano	chiliano	SPN	O	_	_
e	e	C	O	_	_
avevano	avere	VIY	O	_	_
attraversato	attraversare	VSP	O	_	_
il	il	RS	O	_	_
Meno	meno	SPN	O	_	_
,	comma	XPW	O	_	_
formando	formare	VG	O	_	_
sull’	su/det	ES	O	_	_
enorme	enorme	AS	O	_	_
ponte	ponte	SS	O	_	_
di	di	E	O	_	_
pietra	pietra	SS	O	_	_
,	comma	XPW	O	_	_
fra	fra	E	O	_	_
le	il	RP	O	_	_
statue	statua	SP	O	_	_
di	di	E	O	_	_
Pipino	pipino	SPN	PER	_	_
,	comma	XPW	O	_	_
Carlo	carlo	SPN	PER	_	_
Magno	magno	SPN	PER	_	_
e	e	C	O	_	_
dei	di/det	EP	O	_	_
tre	tre	N	O	_	_
santi	santo	AP	O	_	_
patroni	patrono	SP	O	_	_
,	comma	XPW	O	_	_
un’	uno	RS	O	_	_
immensa	immensa	SS	O	_	_
e	e	C	O	_	_
varia	varia	AS	O	_	_
colonna	colonna	SS	O	_	_
di	di	E	O	_	_
stendardi	stendardo	SP	O	_	_
,	comma	XPW	O	_	_
emblemi	emblema	SP	O	_	_
e	e	C	O	_	_
bandiere	bandiera	SP	O	_	_
.	.	XPS	O	_	_

In	in	E	O	_	_
mezzo	mezzo	SS	O	_	_
venivano	venire	VI	O	_	_
i	il	RP	O	_	_
vescovi	vescovo	SP	O	_	_
,	comma	XPW	O	_	_
i	il	RP	O	_	_
dignitari	dignitario	SP	O	_	_
ecclesiastici	ecclesiastico	AP	O	_	_
e	e	C	O	_	_
il	il	RS	O	_	_
fior	fior	AS	O	_	_
fiore	fiore	SS	O	_	_
degli	di/det	EP	O	_	_
uomini	uomo	SP	O	_	_
cattolici	cattolico	AP	O	_	_
della	di/det	ES	O	_	_
Germania	germania	SPN	GPE	51.0834196	10.4234469
.	.	XPS	O	_	_

Nel	in/det	ES	O	_	_
santuario	santuario	SS	O	_	_
disse	dire	VI	O	_	_
splendide	splendido	AP	O	_	_
parole	parola	SP	O	_	_
l’	il	RS	O	_	_
arcivescovo	arcivescovo	SS	O	_	_
di	di	E	O	_	_
Ratisbona	ratisbona	SPN	GPE	49.0195333	12.0974869
,	comma	XPW	O	_	_
dott.	dott.	SS	O	_	_
Albert	albert	SPN	PER	_	_
;	semicolon	XPS	O	_	_

la	il	RS	O	_	_
storia	storia	SS	O	_	_
della	di/det	ES	O	_	_
Chiesa	chiesa	SS	O	_	_
è	essere	VI	O	_	_
come	come	CADV	O	_	_
il	il	RS	O	_	_
nostro	nostro	DS	O	_	_
pellegrinaggio	pellegrinaggio	SS	O	_	_
,	comma	XPW	O	_	_
si	rifl	PN	O	_	_
parte	partire	VI	O	_	_
dalle	da/det	EP	O	_	_
tombe	tomba	SP	O	_	_
dei	di/det	EP	O	_	_
martiri	martire	SP	O	_	_
e	e	C	O	_	_
sale	salire	VI	O	_	_
,	comma	XPW	O	_	_
vincendo	vincere	VG	O	_	_
aspre	aspre	AS	O	_	_
battaglie	battaglia	SP	O	_	_
,	comma	XPW	O	_	_
fino	fino	E	O	_	_
all’	a/det	ES	O	_	_
altezza	altezza	SS	O	_	_
della	di/det	ES	O	_	_
moderna	moderno	AS	O	_	_
cultura	cultura	SS	O	_	_
.	.	XPS	O	_	_

.	.	XPS	O	_	_

.	.	XPS	O	_	_

Poi	poi	B	O	_	_
si	rifl	PN	O	_	_
ridiscese	ridiscese	VI	O	_	_
,	comma	XPW	O	_	_
al	a/det	ES	O	_	_
suono	suono	SS	O	_	_
di	di	E	O	_	_
quattro	quattro	N	O	_	_
bande	banda	SP	O	_	_
musicali	musicale	AP	O	_	_
quando	quando	CADV	O	_	_
si	rifl	PN	O	_	_
arrivò	arrivare	VI	O	_	_
al	a/det	ES	O	_	_
fiume	fiume	SS	O	_	_
,	comma	XPW	O	_	_
le	il	RP	O	_	_
file	fila	SP	O	_	_
si	rifl	PN	O	_	_
ricomposero	ricomposero	VI	O	_	_
,	comma	XPW	O	_	_
le	il	RP	O	_	_
bande	banda	SP	O	_	_
tacquero	tacere	VI	O	_	_
e	e	C	O	_	_
tutta	tutto	DS	O	_	_
l’	il	RS	O	_	_
innumere	innumere	SS	O	_	_
processione	processione	SS	O	_	_
,	comma	XPW	O	_	_
ripassando	ripassare	VG	O	_	_
il	il	RS	O	_	_
ponte	ponte	SS	O	_	_
,	comma	XPW	O	_	_
sopra	sopra	E	O	_	_
le	il	RP	O	_	_
acque	acqua	SP	O	_	_
percosse	percuotere	VPP	O	_	_
dal	da/det	ES	O	_	_
sole	sole	SS	O	_	_
,	comma	XPW	O	_	_
intonò	intonare	VI	O	_	_
il	il	RS	O	_	_
canto	canto	SS	O	_	_
:	:	XPS	O	_	_
Grösser	grösser	SPN	O	_	_
Gott	gott	SPN	O	_	_
,	comma	XPW	O	_	_
wir	wir	VI	O	_	_
loben	loben	SS	O	_	_
Dich	dich	SPN	O	_	_
"!"	esclamation_mark	XPS	O	_	_

Alle	a/det	EP	O	_	_
10	10	N	O	_	_
si	rifl	PN	O	_	_
ripresero	riprendere	VI	O	_	_
i	il	RP	O	_	_
lavori	lavoro	SP	O	_	_
del	di/det	ES	O	_	_
congresso	congresso	SS	O	_	_
.	.	XPS	O	_	_

Il	il	RS	O	_	_
punto	punto	SS	O	_	_
saliente	saliente	AS	O	_	_
fu	essere	VI	O	_	_
un	uno	RS	O	_	_
discorso	discorso	SS	O	_	_
del	di/det	ES	O	_	_
vescovo	vescovo	SS	O	_	_
di	di	E	O	_	_
Chantung	chantung	SPN	O	_	_
,	comma	XPW	O	_	_
mons.	mons.	YF	O	_	_
Henninghaus	henninghaus	SPN	O	_	_
.	.	XPS	O	_	_

L’	il	RS	O	_	_
apostolo	apostolo	SS	O	_	_
della	di/det	ES	O	_	_
China	china	SPN	PER	_	_
parlò	parlare	VI	O	_	_
con	con	E	O	_	_
straordinaria	straordinario	AS	O	_	_
ispirazione	ispirazione	SS	O	_	_
,	comma	XPW	O	_	_
con	con	E	O	_	_
immenso	immenso	AS	O	_	_
affetto	affetto	SS	O	_	_
.	.	XPS	O	_	_

Chiedeva	chiedere	VI	O	_	_
ai	a/det	EP	O	_	_
tedeschi	tedesco	SP	O	_	_
aiuto	aiuto	SS	O	_	_
per	per	E	O	_	_
le	il	RP	O	_	_
sue	suo	DP	O	_	_
missioni	missione	SP	O	_	_
,	comma	XPW	O	_	_
descriveva	descrivere	VI	O	_	_
l’	il	RS	O	_	_
epoca	epoca	SS	O	_	_
presente	presente	AS	O	_	_
in	in	E	O	_	_
China	china	SPN	PER	_	_
,	comma	XPW	O	_	_
che	che	CCHE	O	_	_
è	essere	VI	O	_	_
l’	il	RS	O	_	_
entrata	entrata	SS	O	_	_
dei	di/det	EP	O	_	_
500	500	N	O	_	_
milioni	milione	SP	O	_	_
nel	in/det	ES	O	_	_
campo	campo	SS	O	_	_
della	di/det	ES	O	_	_
coltura	coltura	SS	O	_	_
europea	europeo	AS	O	_	_
.	.	XPS	O	_	_

Sorge	sorgere	VI	O	_	_
il	il	RS	O	_	_
pericolo	pericolo	SS	O	_	_
che	che	CCHE	O	_	_
questa	questo	DS	O	_	_
coltura	coltura	SS	O	_	_
venga	venire	VIY	O	_	_
trasmessa	trasmettere	VSP	O	_	_
agli	a/det	EP	O	_	_
orientali	orientale	SP	O	_	_
dai	da/det	EP	O	_	_
protestanti	protestante	SP	O	_	_
.	.	XPS	O	_	_

Devono	dovere	VI	O	_	_
i	il	RP	O	_	_
cattolici	cattolico	SP	O	_	_
che	che	CCHE	O	_	_
sparsero	spargere	VI	O	_	_
fra	fra	E	O	_	_
gli	il	RP	O	_	_
adepti	adepto	SP	O	_	_
di	di	E	O	_	_
Confucio	confucio	SPN	O	_	_
tanto	tanto	DS	O	_	_
sangue	sangue	SS	O	_	_
e	e	C	O	_	_
per	per	E	O	_	_
primi	primo	SP	O	_	_
vi	vi	B	O	_	_
propagarono	propagare	VI	O	_	_
il	il	RS	O	_	_
vangelo	vangelo	SS	O	_	_
venire	venire	VF	O	_	_
ora	ora	B	O	_	_
esclusi	escludere	VPP	O	_	_
nel	in/det	ES	O	_	_
momento	momento	SS	O	_	_
in	in	E	O	_	_
cui	cui	PN	O	_	_
la	il	RS	O	_	_
vittoria	vittoria	SS	O	_	_
della	di/det	ES	O	_	_
coltura	coltura	SS	O	_	_
cristiana	cristiano	AS	O	_	_
è	essere	VI	O	_	_
vicina	vicino	AS	O	_	_
?	?	XPS	O	_	_

I	il	RP	O	_	_
cattolici	cattolico	SP	O	_	_
della	di/det	ES	O	_	_
Germania	germania	SPN	GPE	51.0834196	10.4234469
hanno	avere	VIY	O	_	_
impegnato	impegnare	VSP	O	_	_
nelle	in/det	EP	O	_	_
missioni	missione	SP	O	_	_
cinesi	cinese	AP	O	_	_
il	il	RS	O	_	_
loro	loro	DP	O	_	_
onore	onore	SS	O	_	_
nazionale	nazionale	AS	O	_	_
.	.	XPS	O	_	_

Nessuna	nessun	DS	O	_	_
meraviglia	meraviglia	SS	O	_	_
se	se	C	O	_	_
dopo	dopo	E	O	_	_
una	uno	RS	O	_	_
tale	tale	DS	O	_	_
perorazione	perorazione	SS	O	_	_
si	rifl	PN	O	_	_
svolse	svolgere	VI	O	_	_
un’	uno	RS	O	_	_
altra	altro	DS	O	_	_
dimostrazione	dimostrazione	SS	O	_	_
di	di	E	O	_	_
cattolicismo	cattolicismo	SS	O	_	_
.	.	XPS	O	_	_

Lungo	lungo	E	O	_	_
la	il	RS	O	_	_
Theaterstrasse	theaterstrasse	SPN	O	_	_
,	comma	XPW	O	_	_
partendo	partire	VG	O	_	_
dalla	da/det	ES	O	_	_
residenza	residenza	SS	O	_	_
sfilarono	sfilare	VI	O	_	_
sessanta	sessanta	N	O	_	_
carrozze	carrozza	SP	O	_	_
,	comma	XPW	O	_	_
in	in	E	O	_	_
ognuna	ognuno	PS	O	_	_
delle	di/det	EP	O	_	_
quali	quale	PP	O	_	_
sedevano	sedere	VI	O	_	_
i	il	RP	O	_	_
rappresentanti	rappresentante	SP	O	_	_
di	di	E	O	_	_
una	uno	RS	O	_	_
società	società	SN	O	_	_
studentesca	studentesco	AS	O	_	_
in	in	E	O	_	_
alta	alto	AS	O	_	_
tenuta	tenuta	SS	O	_	_
,	comma	XPW	O	_	_
colla	con/det	ES	O	_	_
bandiera	bandiera	SS	O	_	_
sociale	sociale	AS	O	_	_
.	.	XPS	O	_	_

A	a	E	O	_	_
capo	capo	SS	O	_	_
del	di/det	ES	O	_	_
corteo	corteo	SS	O	_	_
cavalcavano	cavalcare	VI	O	_	_
quattro	quattro	N	O	_	_
superbi	superbo	SP	O	_	_
destrieri	destrieri	AP	O	_	_
i	il	RP	O	_	_
membri	membro	SP	O	_	_
della	di/det	ES	O	_	_
presidenza	presidenza	SS	O	_	_
generale	generale	AS	O	_	_
della	di/det	ES	O	_	_
federazione	federazione	SS	O	_	_
austro-ungarica	austro-ungarica	AS	O	_	_
.	.	XPS	O	_	_

Nella	in/det	ES	O	_	_
sfilata	sfilata	SS	O	_	_
riconobbi	riconoscere	VI	O	_	_
i	il	RP	O	_	_
couleurs	couleurs	SP	O	_	_
delle	di/det	EP	O	_	_
Verbindungen	verbindungen	SPN	O	_	_
di	di	E	O	_	_
Innsbruck	innsbruck	SPN	GPE	47.2654296	11.3927685
,	comma	XPW	O	_	_
Vienna	vienna	SPN	GPE	48.2083537	16.3725042
,	comma	XPW	O	_	_
Graz	graz	SPN	GPE	47.07325875	15.4444721
,	comma	XPW	O	_	_
Praga	praga	SPN	GPE	50.0874401	14.4212556
.	.	XPS	O	_	_

Anche	anche	C	O	_	_
la	il	RS	O	_	_
Teutonia	teutonia	SPN	O	_	_
di	di	E	O	_	_
Zurigo	zurigo	SPN	O	_	_
era	essere	VIY	O	_	_
rappresentata	rappresentare	VSP	O	_	_
.	.	XPS	O	_	_

Spettacolo	spettacolo	SPN	O	_	_
gaio	gaio	AS	O	_	_
ed	ed	C	O	_	_
incoraggiante	incoraggiante	AS	O	_	_
il	il	RS	O	_	_
passaggio	passaggio	SS	O	_	_
di	di	E	O	_	_
questa	questo	DS	O	_	_
superba	superba	SS	O	_	_
gioventù	gioventù	SN	O	_	_
cattolica	cattolico	AS	O	_	_
accademica	accademico	AS	O	_	_
,	comma	XPW	O	_	_
alla	a/det	ES	O	_	_
quale	quale	PS	O	_	_
appartiene	appartenere	VI	O	_	_
il	il	RS	O	_	_
prossimo	prossimo	AS	O	_	_
avvenire	avvenire	VF	O	_	_
.	.	XPS	O	_	_

Vidi	vedere	VI	O	_	_
un	uno	RS	O	_	_
vecchio	vecchio	AS	O	_	_
deputato	deputato	SS	O	_	_
del	di/det	ES	O	_	_
Centro	centro	SPN	O	_	_
abbracciare	abbracciare	VF	O	_	_
un	uno	RS	O	_	_
presidente	presidente	SS	O	_	_
colle	con/det	EP	O	_	_
lagrime	lagrime	AP	O	_	_
agli	a/det	EP	O	_	_
occhi	occhio	SP	O	_	_
.	.	XPS	O	_	_

Il	il	RS	O	_	_
dopo	dopo	B	O	_	_
pranzo	pranzo	SS	O	_	_
fu	essere	VI	O	_	_
un	uno	RS	O	_	_
lavoro	lavoro	SS	O	_	_
febbrile	febbrile	AS	O	_	_
.	.	XPS	O	_	_

Se	se	C	O	_	_
avessi	avere	VI	O	_	_
tempo	tempo	SS	O	_	_
e	e	C	O	_	_
gli	il	RP	O	_	_
occhi	occhio	SP	O	_	_
stanchi	stanco	AP	O	_	_
me	io	PS	O	_	_
lo	lo	PS	O	_	_
permettessero	permettere	VI	O	_	_
vorrei	volere	VI	O	_	_
descrivervi	descrivere/voi/loc	VF+E	O	_	_
le	il	RP	O	_	_
folle	folla	SP	O	_	_
diverse	diverso	AP	O	_	_
che	che	CCHE	O	_	_
ho	avere	VIY	O	_	_
viste	vedere	VPP	O	_	_
raccolte	raccogliere	VPP	O	_	_
ed	ed	C	O	_	_
agitarsi	agitare/rifl	VF+E	O	_	_
in	in	E	O	_	_
quattro	quattro	N	O	_	_
adunanze	adunanza	SP	O	_	_
.	.	XPS	O	_	_

Il	il	RS	O	_	_
congresso	congresso	SS	O	_	_
dei	di/det	EP	O	_	_
maestri	maestro	SP	O	_	_
fu	essere	VI	O	_	_
frequentatissimo	frequentato	AS	O	_	_
.	.	XPS	O	_	_

Notevole	notevole	AS	O	_	_
che	che	CCHE	O	_	_
il	il	RS	O	_	_
governo	governo	SS	O	_	_
e	e	C	O	_	_
la	il	RS	O	_	_
città	città	SN	O	_	_
mandarono	mandare	VI	O	_	_
un	uno	RS	O	_	_
delegato	delegato	SS	O	_	_
a	a	E	O	_	_
salutare	salutare	VF	O	_	_
i	il	RP	O	_	_
congressisti	congressista	SP	O	_	_
.	.	XPS	O	_	_

I	il	RP	O	_	_
cattolici	cattolico	SP	O	_	_
germanici	germanico	AP	O	_	_
sono	essere	VIY	O	_	_
forti	forti	VPP	O	_	_
e	e	C	O	_	_
sono	essere	VI	O	_	_
quindi	quindi	B	O	_	_
rispettati	rispettare	VPP	O	_	_
.	.	XPS	O	_	_

La	il	RS	O	_	_
tolleranza	tolleranza	SS	O	_	_
,	comma	XPW	O	_	_
il	il	RS	O	_	_
rispetto	rispetto	SS	O	_	_
delle	di/det	EP	O	_	_
convinzioni	convinzione	SP	O	_	_
di	di	E	O	_	_
tutti	tutto	DP	O	_	_
gli	il	RP	O	_	_
uomini	uomo	SP	O	_	_
sinceri	sincero	AP	O	_	_
,	comma	XPW	O	_	_
viene	venire	VI	O	_	_
del	di/det	ES	O	_	_
resto	resto	SS	O	_	_
sempre	sempre	B	O	_	_
accentuato	accentuare	VSP	O	_	_
da	da	E	O	_	_
tutti	tutto	DP	O	_	_
.	.	XPS	O	_	_

I	il	RP	O	_	_
credenti	credente	SP	O	_	_
protestanti	protestante	AP	O	_	_
potrebbero	potere	VI	O	_	_
assistere	assistere	VF	O	_	_
a	a	E	O	_	_
tutte	tutto	DP	O	_	_
le	il	RP	O	_	_
sedute	seduta	SP	O	_	_
di	di	E	O	_	_
questo	questo	DS	O	_	_
congresso	congresso	SS	O	_	_
senza	senza	E	O	_	_
udire	udire	VF	O	_	_
neppure	neppure	B	O	_	_
una	uno	RS	O	_	_
parola	parola	SS	O	_	_
che	che	CCHE	O	_	_
da	da	E	O	_	_
lontano	lontano	AS	O	_	_
li	li	B	O	_	_
avesse	avere	VI	O	_	_
ad	ad	E	O	_	_
offendere	offendere	VF	O	_	_
.	.	XPS	O	_	_

La	il	RS	O	_	_
lotta	lotta	SS	O	_	_
vale	valere	VI	O	_	_
per	per	E	O	_	_
i	il	RP	O	_	_
cattolici	cattolico	SP	O	_	_
vili	vile	AP	O	_	_
o	o	C	O	_	_
fedifraghi	fedifrago	AP	O	_	_
.	.	XPS	O	_	_

Ho	avere	VIY	O	_	_
voluto	volere	VSP	O	_	_
vedere	vedere	VF	O	_	_
anche	anche	C	O	_	_
l’	il	RS	O	_	_
adunanza	adunanza	SS	O	_	_
generale	generale	AS	O	_	_
della	di/det	ES	O	_	_
lega	lega	SS	O	_	_
femminile	femminile	AS	O	_	_
.	.	XPS	O	_	_

Ma	ma	C	O	_	_
che	che	CCHE	O	_	_
importa	importare	VI	O	_	_
vi	vi	B	O	_	_
sia	essere	VIY	O	_	_
assistito	assistere	VSP	O	_	_
io	io	PS	O	_	_
?	?	XPS	O	_	_

Non	non	B	O	_	_
è	essere	VI	O	_	_
la	il	RS	O	_	_
prima	primo	AS	O	_	_
volta	volta	SS	O	_	_
.	.	XPS	O	_	_

Ma	ma	C	O	_	_
quando	quando	CADV	O	_	_
assisterà	assistere	VI	O	_	_
a	a	E	O	_	_
tali	tale	AP	O	_	_
adunanze	adunanza	SP	O	_	_
in	in	E	O	_	_
Austria	austria	SPN	GPE	47.2000338	13.199959
e	e	C	O	_	_
in	in	E	O	_	_
Germania	germania	SPN	GPE	51.0834196	10.4234469
una	uno	PS	O	_	_
delle	di/det	EP	O	_	_
nostre	nostro	DP	O	_	_
brave	brave	AS	O	_	_
signore	signore	SS	O	_	_
,	comma	XPW	O	_	_
per	per	E	O	_	_
portare	portare	VF	O	_	_
poi	poi	B	O	_	_
l’	il	RS	O	_	_
idea	idea	SS	O	_	_
creatrice	creatrice	AS	O	_	_
in	in	E	O	_	_
casa	casa	SS	O	_	_
nostra	nostro	DS	O	_	_
?	?	XPS	O	_	_

Pensiamoci	pensiamoci	VI	O	_	_
,	comma	XPW	O	_	_
amici	amico	AP	O	_	_
.	.	XPS	O	_	_

L’	il	RS	O	_	_
organizzazione	organizzazione	SS	O	_	_
femminile	femminile	AS	O	_	_
si	rifl	PN	O	_	_
impone	imporre	VI	O	_	_
.	.	XPS	O	_	_

Chi	chi	CCHI	O	_	_
può	potere	VI	O	_	_
ci	ci	PP	O	_	_
aiuti	aiutare	VI	O	_	_
.	.	XPS	O	_	_

Non	non	B	O	_	_
ci	ci	PP	O	_	_
si	rifl	PN	O	_	_
abbandoni	abbandonare	VI	O	_	_
alla	a/det	ES	O	_	_
tradizione	tradizione	SS	O	_	_
,	comma	XPW	O	_	_
non	non	B	O	_	_
si	rifl	PN	O	_	_
abbia	avere	VIY	O	_	_
paura	paura	SS	O	_	_
delle	di/det	EP	O	_	_
vie	via	SP	O	_	_
intentate	intentato	AP	O	_	_
.	.	XPS	O	_	_

L’	il	RS	O	_	_
adunanza	adunanza	SS	O	_	_
generale	generale	AS	O	_	_
festiva	festivo	AS	O	_	_
venne	venire	VIY	O	_	_
dedicata	dedicare	VSP	O	_	_
ai	a/det	EP	O	_	_
problemi	problema	SP	O	_	_
dell’	di/det	ES	O	_	_
educazione	educazione	SS	O	_	_
e	e	C	O	_	_
della	di/det	ES	O	_	_
coltura	coltura	SS	O	_	_
.	.	XPS	O	_	_

Accenno	accennare	VI	O	_	_
solo	solo	B	O	_	_
al	a/det	ES	O	_	_
discorso	discorso	SS	O	_	_
del	di/det	ES	O	_	_
prof.	prof.	SS	O	_	_
Martino	martino	SPN	PER	_	_
Spahn	spahn	SPN	PER	_	_
.	.	XPS	O	_	_

Il	il	RS	O	_	_
suo	suo	DS	O	_	_
nome	nome	SS	O	_	_
non	non	B	O	_	_
sarà	essere	VI	O	_	_
nuovo	nuovo	AS	O	_	_
ai	a/det	EP	O	_	_
lettori	lettore	SP	O	_	_
.	.	XPS	O	_	_

Chi	chi	CCHI	O	_	_
non	non	B	O	_	_
ricorda	ricordare	VI	O	_	_
la	il	RS	O	_	_
campagna	campagna	SS	O	_	_
anticlericale	anticlericale	AS	O	_	_
per	per	E	O	_	_
la	il	RS	O	_	_
sua	suo	DS	O	_	_
nomina	nomina	SS	O	_	_
a	a	E	O	_	_
professore	professore	SS	O	_	_
di	di	E	O	_	_
storia	storia	SS	O	_	_
a	a	E	O	_	_
Strasburgo	strasburgo	SPN	GPE	48.584614	7.7507127
?	?	XPS	O	_	_

La	il	RS	O	_	_
si	rifl	PN	O	_	_
ascriveva	ascrivere	VI	O	_	_
all’	a/det	ES	O	_	_
influsso	influsso	SS	O	_	_
del	di/det	ES	O	_	_
padre	padre	SS	O	_	_
,	comma	XPW	O	_	_
il	il	RS	O	_	_
vecchio	vecchio	AS	O	_	_
parlamentare	parlamentare	SS	O	_	_
del	di/det	ES	O	_	_
Centro	centro	SS	O	_	_
,	comma	XPW	O	_	_
(	open_parenthesis	XPB	O	_	_
una	uno	RS	O	_	_
concessione	concessione	SS	O	_	_
all’	a/det	ES	O	_	_
ultramontanismo	ultramontanismo	SS	O	_	_
)	close_parenthesis	XPB	O	_	_
e	e	C	O	_	_
si	rifl	PN	O	_	_
negavano	negare	VI	O	_	_
i	il	RP	O	_	_
meriti	merito	SP	O	_	_
del	di/det	ES	O	_	_
giovane	giovane	SS	O	_	_
storico	storico	AS	O	_	_
.	.	XPS	O	_	_

Martino	martino	SPN	PER	_	_
Spahn	spahn	SPN	PER	_	_
smentì	smentire	VI	O	_	_
coi	con/det	EP	O	_	_
fatti	fatto	SP	O	_	_
le	il	RP	O	_	_
asserzioni	asserzione	SP	O	_	_
degli	di/det	EP	O	_	_
anticlericali	anticlericale	SP	O	_	_
.	.	XPS	O	_	_

Spahn	spahn	SPN	PER	_	_
si	rifl	PN	O	_	_
contò	contare	VI	O	_	_
dapprima	dapprima	B	O	_	_
fra	fra	E	O	_	_
gli	il	RP	O	_	_
amici	amico	SP	O	_	_
dell’	di/det	ES	O	_	_
indirizzo	indirizzo	SS	O	_	_
di	di	E	O	_	_
Schell	schell	SPN	PER	_	_
,	comma	XPW	O	_	_
ora	ora	B	O	_	_
lo	lo	PS	O	_	_
si	rifl	PN	O	_	_
può	potere	VI	O	_	_
dire	dire	VF	O	_	_
su	su	E	O	_	_
di	di	E	O	_	_
una	uno	RS	O	_	_
via	via	SS	O	_	_
di	di	E	O	_	_
mezzo	mezzo	SS	O	_	_
.	.	XPS	O	_	_

Quando	quando	CADV	O	_	_
si	rifl	PN	O	_	_
presentò	presentare	VI	O	_	_
alla	a/det	ES	O	_	_
tribuna	tribuna	SS	O	_	_
,	comma	XPW	O	_	_
la	il	RS	O	_	_
folla	folla	SS	O	_	_
salutò	salutare	VI	O	_	_
calorosamente	calorosamente	B	O	_	_
.	.	XPS	O	_	_

Un	uno	RS	O	_	_
giovane	giovane	SS	O	_	_
dai	da/det	EP	O	_	_
lineamenti	lineamento	SP	O	_	_
quasi	quasi	B	O	_	_
infantili	infantile	AP	O	_	_
,	comma	XPW	O	_	_
alto	alto	AS	O	_	_
,	comma	XPW	O	_	_
snello	snello	AS	O	_	_
,	comma	XPW	O	_	_
nervoso	nervoso	AS	O	_	_
.	.	XPS	O	_	_

Il	il	RS	O	_	_
suo	suo	DS	O	_	_
discorso	discorso	SS	O	_	_
fu	essere	VI	O	_	_
elevatissimo	elevato	AS	O	_	_
.	.	XPS	O	_	_

Descrisse	descrivere	VI	O	_	_
l’	il	RS	O	_	_
università	università	SN	O	_	_
tedesca	tedesco	AS	O	_	_
,	comma	XPW	O	_	_
in	in	E	O	_	_
cui	cui	PN	O	_	_
si	rifl	PN	O	_	_
mantiene	mantenere	VI	O	_	_
ancora	ancora	B	O	_	_
,	comma	XPW	O	_	_
malgrado	malgrado	E	O	_	_
la	il	RS	O	_	_
specializzazione	specializzazione	SS	O	_	_
delle	di/det	EP	O	_	_
scienze	scienza	SP	O	_	_
,	comma	XPW	O	_	_
lo	il	RS	O	_	_
spirito	spirito	SS	O	_	_
universale	universale	AS	O	_	_
,	comma	XPW	O	_	_
l’	il	RS	O	_	_
armonica	armonico	AS	O	_	_
universitas	universitas	SS	O	_	_
litterarum	litterarum	AS	O	_	_
.	.	XPS	O	_	_

I	il	RP	O	_	_
cattolici	cattolico	SP	O	_	_
devono	dovere	VI	O	_	_
favorire	favorire	VF	O	_	_
gli	il	RP	O	_	_
sforzi	sforzo	SP	O	_	_
di	di	E	O	_	_
quei	quello	DP	O	_	_
professori	professore	SP	O	_	_
che	che	CCHE	O	_	_
combattono	combattere	VI	O	_	_
la	il	RS	O	_	_
semicoltura	semicoltura	SS	O	_	_
degli	di/det	EP	O	_	_
specialisti	specialista	SP	O	_	_
,	comma	XPW	O	_	_
che	che	CCHE	O	_	_
vogliono	volere	VI	O	_	_
le	il	RP	O	_	_
università	università	SN	O	_	_
dirette	dirigere	VPP	O	_	_
da	da	E	O	_	_
un’	uno	RS	O	_	_
idea	idea	SS	O	_	_
armonica	armonico	AS	O	_	_
,	comma	XPW	O	_	_
da	da	E	O	_	_
una	uno	RS	O	_	_
filosofia	filosofia	SS	O	_	_
per	per	E	O	_	_
la	il	RS	O	_	_
vita	vita	SS	O	_	_
.	.	XPS	O	_	_

Ricorda	ricordare	VI	O	_	_
i	il	RP	O	_	_
meriti	merito	SP	O	_	_
degli	di/det	EP	O	_	_
storici	storico	SP	O	_	_
della	di/det	ES	O	_	_
Chiesa	chiesa	SS	O	_	_
avanti	avanti	E	O	_	_
il	il	RS	O	_	_
70	70	N	O	_	_
,	comma	XPW	O	_	_
senza	senza	E	O	_	_
dei	di/det	EP	O	_	_
quali	quali	B	O	_	_
il	il	RS	O	_	_
popolo	popolo	SS	O	_	_
non	non	B	O	_	_
avrebbe	avere	VIY	O	_	_
avuto	avere	VSP	O	_	_
le	il	RP	O	_	_
armi	arme	SP	O	_	_
per	per	E	O	_	_
il	il	RS	O	_	_
Kulturkampf	kulturkampf	SPN	O	_	_
.	.	XPS	O	_	_

Più	più	B	O	_	_
davvicino	davvicino	AS	O	_	_
Loofs	loofs	SPN	O	_	_
,	comma	XPW	O	_	_
Reinke	reinke	SPN	PER	_	_
,	comma	XPW	O	_	_
Schell	schell	SPN	PER	_	_
arrestarono	arrestare	VI	O	_	_
i	il	RP	O	_	_
progressi	progresso	SP	O	_	_
del	di/det	ES	O	_	_
monismo	monismo	SS	O	_	_
di	di	E	O	_	_
Haeckel	haeckel	SPN	O	_	_
.	.	XPS	O	_	_

I	il	RP	O	_	_
cattolici	cattolico	SP	O	_	_
non	non	B	O	_	_
devono	dovere	VI	O	_	_
ritirarsi	ritirare/rifl	VF+E	O	_	_
dalle	da/det	EP	O	_	_
università	università	SN	O	_	_
,	comma	XPW	O	_	_
ma	ma	C	O	_	_
occuparsene	occuparsene	VI	O	_	_
di	di	E	O	_	_
più	più	B	O	_	_
.	.	XPS	O	_	_

Chiede	chiedere	VI	O	_	_
appoggio	appoggio	SS	O	_	_
per	per	E	O	_	_
l’	il	RS	O	_	_
Albertus	albertus	SPN	O	_	_
Magnusverein	magnusverein	SPN	O	_	_
,	comma	XPW	O	_	_
la	il	RS	O	_	_
società	società	SN	O	_	_
che	che	CCHE	O	_	_
si	rifl	PN	O	_	_
propone	proporre	VI	O	_	_
di	di	E	O	_	_
aiutare	aiutare	VF	O	_	_
studenti	studente	SP	O	_	_
poveri	povero	AP	O	_	_
e	e	C	O	_	_
di	di	E	O	_	_
talento	talento	SS	O	_	_
,	comma	XPW	O	_	_
vuole	volere	VI	O	_	_
maggior	maggior	AS	O	_	_
lavoro	lavoro	SS	O	_	_
nella	in/det	ES	O	_	_
Görresgesellschaft	görresgesellschaft	SPN	O	_	_
.	.	XPS	O	_	_

Gli	il	RP	O	_	_
studenti	studente	SP	O	_	_
s’	s’	PN	O	_	_
occupano	occupare	VI	O	_	_
ora	ora	B	O	_	_
con	con	E	O	_	_
maggior	maggior	AS	O	_	_
vigore	vigore	SS	O	_	_
della	di/det	ES	O	_	_
questione	questione	SS	O	_	_
sociale	sociale	AS	O	_	_
e	e	C	O	_	_
circoli	circolo	SP	O	_	_
di	di	E	O	_	_
lettura	lettura	SS	O	_	_
sociale	sociale	AS	O	_	_
,	comma	XPW	O	_	_
fondati	fondare	VPP	O	_	_
dal	da/det	ES	O	_	_
dott.	dott.	SS	O	_	_
Sonnenschein	sonnenschein	SPN	PER	_	_
sono	essere	VI	O	_	_
in	in	E	O	_	_
un	uno	RS	O	_	_
anno	anno	SS	O	_	_
oramai	oramai	B	O	_	_
25	25	N	O	_	_
.	.	XPS	O	_	_

S’	s’	PN	O	_	_
occupino	occupare	VI	O	_	_
di	di	E	O	_	_
qui	qui	B	O	_	_
innanzi	innanzi	E	O	_	_
anche	anche	C	O	_	_
della	di/det	ES	O	_	_
coltura	coltura	SS	O	_	_
accademica	accademico	AS	O	_	_
,	comma	XPW	O	_	_
affinché	affinché	C	O	_	_
i	il	RP	O	_	_
cattolici	cattolico	SP	O	_	_
acquistino	acquistare	VI	O	_	_
anche	anche	C	O	_	_
su	su	E	O	_	_
questo	questo	DS	O	_	_
campo	campo	SS	O	_	_
l’	il	RS	O	_	_
influsso	influsso	SS	O	_	_
che	che	CCHE	O	_	_
hanno	avere	VI	O	_	_
nel	in/det	ES	O	_	_
campo	campo	SS	O	_	_
sociale	sociale	AS	O	_	_
.	.	XPS	O	_	_

Fu	essere	VI	O	_	_
un	uno	RS	O	_	_
discorso	discorso	SS	O	_	_
detto	dire	VSP	O	_	_
col	con/det	ES	O	_	_
fuoco	fuoco	SS	O	_	_
della	di/det	ES	O	_	_
convinzione	convinzione	SS	O	_	_
,	comma	XPW	O	_	_
con	con	E	O	_	_
entusiasmo	entusiasmo	SS	O	_	_
giovanile	giovanile	AS	O	_	_
,	comma	XPW	O	_	_
fu	essere	VI	O	_	_
un	uno	RS	O	_	_
trionfo	trionfo	SS	O	_	_
per	per	E	O	_	_
il	il	RS	O	_	_
giovane	giovane	AS	O	_	_
oratore	oratore	SS	O	_	_
.	.	XPS	O	_	_

In	in	E	O	_	_
altri	altro	DP	O	_	_
paesi	paese	SP	O	_	_
forse	forse	B	O	_	_
Martino	martino	SPN	PER	_	_
Spahn	spahn	SPN	PER	_	_
non	non	B	O	_	_
avrebbe	avere	VIY	O	_	_
potuto	potere	VSP	O	_	_
parlare	parlare	VF	O	_	_
in	in	E	O	_	_
un	uno	RS	O	_	_
congresso	congresso	SS	O	_	_
generale	generale	AS	O	_	_
cattolico	cattolico	AS	O	_	_
,	comma	XPW	O	_	_
in	in	E	O	_	_
Germania	germania	SPN	GPE	51.0834196	10.4234469
sì	sì	B	O	_	_
,	comma	XPW	O	_	_
ed	ed	C	O	_	_
egli	egli	PS	O	_	_
non	non	B	O	_	_
ne	ne	PN	O	_	_
abusò	abusare	VI	O	_	_
per	per	E	O	_	_
esporre	esporre	VF	O	_	_
il	il	RS	O	_	_
suo	suo	DS	O	_	_
indirizzo	indirizzo	SS	O	_	_
specifico	specifico	AS	O	_	_
.	.	XPS	O	_	_

È	essere	VI	O	_	_
meraviglioso	meraviglioso	AS	O	_	_
come	come	CADV	O	_	_
i	il	RP	O	_	_
cattolici	cattolico	SP	O	_	_
tedeschi	tedesco	AP	O	_	_
sanno	sapere	VI	O	_	_
astrarre	astrare	VF	O	_	_
dai	da/det	EP	O	_	_
loro	loro	PP	O	_	_
congressi	congresso	SP	O	_	_
da	da	E	O	_	_
quanto	quanto	B	O	_	_
li	li	PP	O	_	_
divide	dividere	VI	O	_	_
per	per	E	O	_	_
accentuare	accentuare	VF	O	_	_
invece	invece	B	O	_	_
quello	quello	PS	O	_	_
che	che	CCHE	O	_	_
li	li	PP	O	_	_
unisce	unire	VI	O	_	_
.	.	XPS	O	_	_

Per	per	E	O	_	_
questa	questo	DS	O	_	_
universalità	universalità	SN	O	_	_
,	comma	XPW	O	_	_
anche	anche	C	O	_	_
il	il	RS	O	_	_
congresso	congresso	SS	O	_	_
di	di	E	O	_	_
Würzburg	würzburg	SPN	O	_	_
non	non	B	O	_	_
venne	venire	VIY	O	_	_
turbato	turbare	VSP	O	_	_
,	comma	XPW	O	_	_
malgrado	malgrado	E	O	_	_
le	il	RP	O	_	_
profezie	profezia	SP	O	_	_
della	di/det	ES	O	_	_
stampa	stampa	SS	O	_	_
liberale	liberale	AS	O	_	_
.	.	XPS	O	_	_

La	il	RS	O	_	_
stampa	stampa	SS	O	_	_
bavarese	bavarese	AS	O	_	_
e	e	C	O	_	_
i	il	RP	O	_	_
grandi	grande	AP	O	_	_
giornali	giornale	SP	O	_	_
del	di/det	ES	O	_	_
Nord	nord	SPN	O	_	_
nella	in/det	ES	O	_	_
polemica	polemica	SS	O	_	_
intorno	intorno	E	O	_	_
a	a	E	O	_	_
Schell	schell	SPN	PER	_	_
avevano	avere	VIY	O	_	_
preso	prendere	VSP	O	_	_
posizione	posizione	SS	O	_	_
diversa	diverso	AS	O	_	_
e	e	C	O	_	_
l’	il	RS	O	_	_
Augsburger	augsburger	SPN	O	_	_
Postzeitung	postzeitung	SPN	O	_	_
e	e	C	O	_	_
la	il	RS	O	_	_
Kölnische	kölnische	SPN	O	_	_
Volkszeitung	volkszeitung	SPN	O	_	_
si	rifl	PN	O	_	_
scambiarono	scambiare	VI	O	_	_
articoli	articolo	SP	O	_	_
vivacissimi	vivace	AP	O	_	_
"!"	esclamation_mark	XPS	O	_	_

Ebbene	ebbene	C	O	_	_
,	comma	XPW	O	_	_
qui	qui	B	O	_	_
a	a	E	O	_	_
Würzburg	würzburg	SPN	O	_	_
tennero	tenere	VI	O	_	_
un	uno	RS	O	_	_
convegno	convegno	SS	O	_	_
privatissimo	privato	AS	O	_	_
e	e	C	O	_	_
dopo	dopo	E	O	_	_
una	uno	RS	O	_	_
buona	buono	AS	O	_	_
discussione	discussione	SS	O	_	_
conchiusero	conchiusero	VI	O	_	_
la	il	RS	O	_	_
pace	pace	SS	O	_	_
che	che	CCHE	O	_	_
non	non	B	O	_	_
riuscì	riuscire	VI	O	_	_
davvero	davvero	B	O	_	_
di	di	E	O	_	_
danno	danno	SS	O	_	_
all’ortodossia.	all’ortodossia.	SPN	O	_	_
Nel	in/det	ES	O	_	_
grandioso	grandioso	AS	O	_	_
commers	commers	SS	O	_	_
che	che	CCHE	O	_	_
chiuse	chiudere	VI	O	_	_
la	il	RS	O	_	_
giornata	giornata	SS	O	_	_
di	di	E	O	_	_
oggi	oggi	B	O	_	_
parlò	parlare	VI	O	_	_
il	il	RS	O	_	_
dott.	dott.	SS	O	_	_
Albert	albert	SPN	PER	_	_
,	comma	XPW	O	_	_
l’	il	RS	O	_	_
arcivesco	arcivesco	SS	O	_	_
di	di	E	O	_	_
Ratisbona	ratisbona	SPN	GPE	49.0195333	12.0974869
:	:	XPS	O	_	_
una	uno	RS	O	_	_
figura	figura	SS	O	_	_
interessante	interessante	AS	O	_	_
,	comma	XPW	O	_	_
coi	con/det	EP	O	_	_
capelli	capello	SP	O	_	_
fin	fin	E	O	_	_
sulle	su/det	EP	O	_	_
spalle	spalla	SP	O	_	_
,	comma	XPW	O	_	_
una	uno	RS	O	_	_
faccia	faccia	SS	O	_	_
ridente	ridente	AS	O	_	_
,	comma	XPW	O	_	_
un	uno	RS	O	_	_
andare	andare	VF	O	_	_
disinvolto	disinvolto	AS	O	_	_
,	comma	XPW	O	_	_
un	uno	RS	O	_	_
tratto	tratto	SS	O	_	_
popolarissimo	popolare	AS	O	_	_
.	.	XPS	O	_	_

Gli	il	RP	O	_	_
applausi	applauso	SP	O	_	_
non	non	B	O	_	_
volevano	volere	VI	O	_	_
finire	finire	VF	O	_	_
.	.	XPS	O	_	_

Chi	chi	CCHI	O	_	_
direbbe	dire	VI	O	_	_
che	che	CCHE	O	_	_
è	essere	VI	O	_	_
il	il	RS	O	_	_
medesimo	medesimo	AS	O	_	_
arcivescovo	arcivescovo	SS	O	_	_
,	comma	XPW	O	_	_
il	il	RS	O	_	_
quale	quale	PS	O	_	_
nelle	in/det	EP	O	_	_
ultime	ultimo	AP	O	_	_
elezioni	elezione	SP	O	_	_
parlamentari	parlamentare	AP	O	_	_
si	rifl	PN	O	_	_
trovò	trovare	VI	O	_	_
in	in	E	O	_	_
pubblico	pubblico	SS	O	_	_
conflitto	conflitto	AS	O	_	_
col	con/det	ES	O	_	_
Centro	centro	SS	O	_	_
bavarese	bavarese	AS	O	_	_
?	?	XPS	O	_	_

Con	con	E	O	_	_
quanti	quanto	QNP	O	_	_
politici	politico	AP	O	_	_
parlai	parlai	SP	O	_	_
,	comma	XPW	O	_	_
udii	udire	VI	O	_	_
pur	pur	B	O	_	_
oggi	oggi	B	O	_	_
il	il	RS	O	_	_
medesimo	medesimo	AS	O	_	_
pensiero	pensiero	SS	O	_	_
che	che	CCHE	O	_	_
il	il	RS	O	_	_
Centro	centro	SS	O	_	_
aveva	avere	VI	O	_	_
ragione	ragione	SS	O	_	_
e	e	C	O	_	_
l’	il	RS	O	_	_
arcivescovo	arcivescovo	SS	O	_	_
era	essere	VI	O	_	_
in	in	E	O	_	_
errore	errore	SS	O	_	_
.	.	XPS	O	_	_

Eppure	eppure	C	O	_	_
con	con	E	O	_	_
quale	quale	DS	O	_	_
entusiasmo	entusiasmo	SS	O	_	_
,	comma	XPW	O	_	_
con	con	E	O	_	_
quale	quale	DS	O	_	_
devozione	devozione	SS	O	_	_
sono	essere	VIY	O	_	_
attaccati	attaccare	VPP	O	_	_
questi	questo	DP	O	_	_
cattolici	cattolico	SP	O	_	_
ai	a/det	EP	O	_	_
loro	loro	PP	O	_	_
vescovi	vescovo	SP	O	_	_
"!"	esclamation_mark	XPS	O	_	_

Niente	niente	PS	O	_	_
bizantinismo	bizantinismo	SS	O	_	_
,	comma	XPW	O	_	_
ma	ma	C	O	_	_
un	uno	RS	O	_	_
sincero	sincero	AS	O	_	_
affetto	affetto	SS	O	_	_
filiale	filiale	AS	O	_	_
,	comma	XPW	O	_	_
una	uno	RS	O	_	_
devozione	devozione	SS	O	_	_
per	per	E	O	_	_
i	il	RP	O	_	_
discendenti	discendente	SP	O	_	_
degli	di/det	EP	O	_	_
apostoli	apostolo	SP	O	_	_
che	che	CCHE	O	_	_
pochi	poco	DP	O	_	_
popoli	popolo	SP	O	_	_
potranno	potere	VI	O	_	_
superare	superare	VF	O	_	_
.	.	XPS	O	_	_

Nell’	in/det	ES	O	_	_
adunanza	adunanza	SS	O	_	_
festiva	festivo	AS	O	_	_
si	rifl	PN	O	_	_
lesse	leggere	VI	O	_	_
anche	anche	C	O	_	_
un	uno	RS	O	_	_
telegramma	telegramma	SS	O	_	_
del	di/det	ES	O	_	_
dott.	dott.	SS	O	_	_
Lueger	lueger	SPN	PER	_	_
.	.	XPS	O	_	_

E	e	C	O	_	_
il	il	RS	O	_	_
suo	suo	DS	O	_	_
nome	nome	SS	O	_	_
suscitò	suscitare	VI	O	_	_
un’	uno	RS	O	_	_
ovazione	ovazione	SS	O	_	_
lunghissima	lungo	AS	O	_	_
.	.	XPS	O	_	_

Tanta	tanto	PS	O	_	_
è	essere	VI	O	_	_
la	il	RS	O	_	_
fama	fama	SS	O	_	_
di	di	E	O	_	_
quest’	questo	DS	O	_	_
uomo	uomo	SS	O	_	_
anche	anche	C	O	_	_
fra	fra	E	O	_	_
i	il	RP	O	_	_
cattolici	cattolico	SP	O	_	_
germanici	germanico	AP	O	_	_
"!"	esclamation_mark	XPS	O	_	_

I	il	RP	O	_	_
bavaresi	bavarese	SP	O	_	_
prima	prima	C	O	_	_
di	di	E	O	_	_
tutti	tutto	DP	O	_	_
,	comma	XPW	O	_	_
naturalmente	naturalmente	B	O	_	_
.	.	XPS	O	_	_

Poiché	poiché	C	O	_	_
anche	anche	C	O	_	_
qui	qui	B	O	_	_
,	comma	XPW	O	_	_
come	come	CADV	O	_	_
in	in	E	O	_	_
Italia	italia	SPN	GPE	42.6384261	12.674297
,	comma	XPW	O	_	_
esiste	esistere	VI	O	_	_
il	il	RS	O	_	_
sud	sud	SN	O	_	_
ed	ed	C	O	_	_
il	il	RS	O	_	_
nord	nord	SN	O	_	_
,	comma	XPW	O	_	_
benché	benché	C	O	_	_
non	non	B	O	_	_
esista	esistere	VI	O	_	_
propriamente	propriamente	B	O	_	_
una	uno	RS	O	_	_
questione	questione	SS	O	_	_
meridionale	meridionale	AS	O	_	_
.	.	XPS	O	_	_

I	il	RP	O	_	_
bavaresi	bavarese	SP	O	_	_
parlano	parlare	VI	O	_	_
più	più	B	O	_	_
volentieri	volentieri	B	O	_	_
dell’	di/det	ES	O	_	_
Austria	austria	SPN	O	_	_
che	che	CCHE	O	_	_
della	di/det	ES	O	_	_
Prussia	prussia	SPN	GPE	52.516667	13.383333
.	.	XPS	O	_	_

M’	m’	B	O	_	_
avvedo	avvedere	VI	O	_	_
d’	di	E	O	_	_
incorrere	incorrere	VF	O	_	_
di	di	E	O	_	_
nuovo	nuovo	AS	O	_	_
nella	in/det	ES	O	_	_
politica	politica	SS	O	_	_
.	.	XPS	O	_	_

Dio	dio	SS	O	_	_
mi	io	PS	O	_	_
perdoni	perdonare	VI	O	_	_
"!"	esclamation_mark	XPS	O	_	_

Avrei	avere	VIY	O	_	_
preferito	preferire	VSP	O	_	_
parlarvi	parlare/loc/voi	VF+E	O	_	_
del	di/det	ES	O	_	_
commers	commers	SS	O	_	_
di	di	E	O	_	_
questa	questo	DS	O	_	_
sera	sera	SS	O	_	_
e	e	C	O	_	_
della	di/det	ES	O	_	_
vita	vita	SS	O	_	_
studentesca	studentesco	AS	O	_	_
di	di	E	O	_	_
Würzburg	würzburg	SPN	O	_	_
.	.	XPS	O	_	_

Ma	ma	C	O	_	_
il	il	RS	O	_	_
sonno	sonno	SS	O	_	_
mi	io	PS	O	_	_
vince	vincere	VI	O	_	_
,	comma	XPW	O	_	_
le	il	RP	O	_	_
immagini	immagine	SP	O	_	_
e	e	C	O	_	_
le	il	RP	O	_	_
idee	idea	SP	O	_	_
impallidiscono	impallidire	VI	O	_	_
.	.	XPS	O	_	_

Questa	questo	DS	O	_	_
sera	sera	SS	O	_	_
mi	io	PS	O	_	_
sento	sentire	VI	O	_	_
più	più	B	O	_	_
che	che	CCHE	O	_	_
mai	mai	B	O	_	_
Philister	philister	SPN	PER	_	_
e	e	C	O	_	_
mi	io	PS	O	_	_
risuona	risuonare	VI	O	_	_
nelle	in/det	EP	O	_	_
orecchie	orecchia	SP	O	_	_
ancora	ancora	B	O	_	_
la	il	RS	O	_	_
melodia	melodia	SS	O	_	_
:	:	XPS	O	_	_
Mir	mir	SPN	O	_	_
ruht	ruht	VI	O	_	_
auf	auf	AS	O	_	_
dem	dem	SS	O	_	_
Gedanken	gedanken	SPN	O	_	_
ein	ein	VI	O	_	_
süsser	süsser	AS	O	_	_
Zauberbann	zauberbann	SPN	O	_	_
;	semicolon	XPS	O	_	_

O	o	C	O	_	_
Musenstadt	musenstadt	SPN	PER	_	_
der	der	VI	O	_	_
Franken	franken	SPN	PER	_	_
,	comma	XPW	O	_	_
du	du	B	O	_	_
lust	lust	VI	O	_	_
mir’	mir’	SS	O	_	_
s	s	B	O	_	_
angetan	angetan	AS	O	_	_
,	comma	XPW	O	_	_
Ich	ich	SPN	O	_	_
wandle	wandle	VI	O	_	_
traumumwoben	traumumwoben	SP	O	_	_
dahin	dahin	AP	O	_	_
am	am	B	O	_	_
Mainestrand	mainestrand	SPN	PER	_	_
,	comma	XPW	O	_	_
wo	wo	B	O	_	_
die	die	VI	O	_	_
Kapelle	kapelle	SPN	PER	_	_
droben	droben	VI	O	_	_
und	und	AS	O	_	_
Feste	feste	SPN	O	_	_
grüsst	grüsst	VI	O	_	_
ins	ins	AS	O	_	_
Land	land	SPN	O	_	_
"!"	esclamation_mark	XPS	O	_	_

La	il	RS	O	_	_
chiusa	chiusa	SS	O	_	_
.	.	XPS	O	_	_

(	open_parenthesis	XPB	O	_	_
Nostra	nostra	SPN	O	_	_
corrispondenza	corrispondenza	SS	O	_	_
part	part	AS	O	_	_
.	.	XPS	O	_	_

)	close_parenthesis	XPB	O	_	_
Würzburgo	würzburgo	SPN	O	_	_
,	comma	XPW	O	_	_
29	29	N	O	_	_
(	open_parenthesis	XPB	O	_	_
A.	a.	YA	O	_	_
Deg	deg	SPN	O	_	_
.	.	XPS	O	_	_

)	close_parenthesis	XPB	O	_	_
.	.	XPS	O	_	_

Vengo	venire	VI	O	_	_
or	or	B	O	_	_
ora	ora	B	O	_	_
dall’	da/det	ES	O	_	_
ultima	ultimo	AS	O	_	_
adunanza	adunanza	SS	O	_	_
festiva	festivo	AS	O	_	_
e	e	C	O	_	_
vi	vi	B	O	_	_
comunico	comunicare	VI	O	_	_
subito	subito	B	O	_	_
ed	ed	C	O	_	_
in	in	E	O	_	_
fretta	fretta	SS	O	_	_
le	il	RP	O	_	_
mie	mio	DP	O	_	_
impressioni	impressione	SP	O	_	_
.	.	XPS	O	_	_

Impossibile	impossibile	AS	O	_	_
sunteggiarvi	sunteggiare/loc/voi	VF+E	O	_	_
il	il	RS	O	_	_
discorso	discorso	SS	O	_	_
del	di/det	ES	O	_	_
prof.	prof.	SS	O	_	_
Mejer	mejer	SPN	PER	_	_
di	di	E	O	_	_
Lussemburgo	lussemburgo	SPN	GPE	49.8158683	6.1296751
,	comma	XPW	O	_	_
il	il	RS	O	_	_
quale	quale	PS	O	_	_
parla	parlare	VI	O	_	_
della	di/det	ES	O	_	_
letteratura	letteratura	SS	O	_	_
e	e	C	O	_	_
delle	di/det	EP	O	_	_
arti	arte	SP	O	_	_
alla	a/det	ES	O	_	_
luce	luce	SS	O	_	_
del	di/det	ES	O	_	_
cattolicismo	cattolicismo	SS	O	_	_
.	.	XPS	O	_	_

Una	uno	RS	O	_	_
rapida	rapido	AS	O	_	_
rassegna	rassegna	SS	O	_	_
della	di/det	ES	O	_	_
storia	storia	SS	O	_	_
della	di/det	ES	O	_	_
Chiesa	chiesa	SS	O	_	_
nell’	in/det	ES	O	_	_
arte	arte	SS	O	_	_
accenna	accennare	VI	O	_	_
ai	a/det	EP	O	_	_
trionfi	trionfo	SP	O	_	_
dei	di/det	EP	O	_	_
grandi	grande	AP	O	_	_
italiani	italiano	SP	O	_	_
e	e	C	O	_	_
alla	a/det	ES	O	_	_
gloria	gloria	SS	O	_	_
dei	di/det	EP	O	_	_
maestri	maestro	SP	O	_	_
tedeschi	tedesco	AP	O	_	_
da	da	E	O	_	_
Lucas	lucas	SPN	PER	_	_
Cranach	cranach	SPN	PER	_	_
fino	fino	E	O	_	_
ai	a/det	EP	O	_	_
Feit	feit	SPN	PER	_	_
e	e	C	O	_	_
a	a	E	O	_	_
Fürlich	fürlich	SPN	O	_	_
.	.	XPS	O	_	_

L’	il	RS	O	_	_
oratore	oratore	SS	O	_	_
svolse	svolgere	VI	O	_	_
poi	poi	B	O	_	_
il	il	RS	O	_	_
programma	programma	SS	O	_	_
dei	di/det	EP	O	_	_
cattolici	cattolico	SP	O	_	_
di	di	E	O	_	_
fronte	fronte	SS	O	_	_
all’arte.	all’arte.	SPN	O	_	_
Ecco	ecco	SPN	O	_	_
i	il	RP	O	_	_
punti	punto	SP	O	_	_
del	di/det	ES	O	_	_
programma	programma	SS	O	_	_
:	:	XPS	O	_	_
1.	1.	N	O	_	_
Amore	amore	SS	O	_	_
all’	a/det	ES	O	_	_
arte	arte	SS	O	_	_
e	e	C	O	_	_
per	per	E	O	_	_
lo	il	RS	O	_	_
sviluppo	sviluppo	SS	O	_	_
della	di/det	ES	O	_	_
sua	suo	DS	O	_	_
grandezza	grandezza	SS	O	_	_
.	.	XPS	O	_	_

Chi	chi	CCHI	O	_	_
può	potere	VI	O	_	_
deve	dovere	VI	O	_	_
quindi	quindi	B	O	_	_
farsi	fare/rifl	VF+E	O	_	_
mecenate	mecenate	VPP	O	_	_
.	.	XPS	O	_	_

–	–	XPO	O	_	_
2.	2.	N	O	_	_
Mantenere	mantenere	SPN	O	_	_
l’	il	RS	O	_	_
arte	arte	SS	O	_	_
santa	santo	AS	O	_	_
e	e	C	O	_	_
pura	puro	AS	O	_	_
,	comma	XPW	O	_	_
difenderla	difendere/pro	VF+E	O	_	_
dall’	da/det	ES	O	_	_
errore	errore	SS	O	_	_
e	e	C	O	_	_
dall’	da/det	ES	O	_	_
immoralità	immoralità	SN	O	_	_
.	.	XPS	O	_	_

–	–	XPO	O	_	_
3.	3.	N	O	_	_
Tendere	tendere	VF	O	_	_
ad	ad	E	O	_	_
un’	uno	RS	O	_	_
arte	arte	SS	O	_	_
progressista	progressista	AS	O	_	_
ed	ed	C	O	_	_
internamente	internamente	AS	O	_	_
libera	libero	AS	O	_	_
.	.	XPS	O	_	_

Il	il	RS	O	_	_
secondo	secondo	AS	O	_	_
oratore	oratore	SS	O	_	_
ufficiale	ufficiale	AS	O	_	_
fu	essere	VI	O	_	_
il	il	RS	O	_	_
giovane	giovane	SS	O	_	_
principe	principe	AS	O	_	_
Löwenstein	löwenstein	SPN	O	_	_
figlio	figlio	SS	O	_	_
del	di/det	ES	O	_	_
vecchio	vecchio	AS	O	_	_
Löwenstein	löwenstein	SPN	O	_	_
,	comma	XPW	O	_	_
che	che	CCHE	O	_	_
noi	noi	PP	O	_	_
trentini	trentino	AP	O	_	_
abbiamo	avere	VI	O	_	_
visto	vedere	VSP	O	_	_
presiedere	presiedere	VF	O	_	_
il	il	RS	O	_	_
congresso	congresso	SS	O	_	_
antimassonico	antimassonico	AS	O	_	_
.	.	XPS	O	_	_

Ricorderanno	ricordare	VI	O	_	_
i	il	RP	O	_	_
lettori	lettore	SP	O	_	_
che	che	CCHE	O	_	_
il	il	RS	O	_	_
vecchio	vecchio	AS	O	_	_
Löwenstein	löwenstein	SPN	O	_	_
faceva	fare	VI	O	_	_
stupire	stupire	VF	O	_	_
il	il	RS	O	_	_
mondo	mondo	SS	O	_	_
,	comma	XPW	O	_	_
entrando	entrare	VG	O	_	_
due	due	N	O	_	_
mesi	mese	SP	O	_	_
fa	fa	B	O	_	_
in	in	E	O	_	_
un	uno	RS	O	_	_
convento	convento	SS	O	_	_
dei	di/det	EP	O	_	_
domenicani	domenicano	SP	O	_	_
.	.	XPS	O	_	_

Parlò	parlò	SPN	O	_	_
del	di/det	ES	O	_	_
papato	papato	SS	O	_	_
,	comma	XPW	O	_	_
come	come	CADV	O	_	_
unità	unità	SN	O	_	_
del	di/det	ES	O	_	_
cattolicismo	cattolicismo	SS	O	_	_
,	comma	XPW	O	_	_
come	come	CADV	O	_	_
centro	centro	SS	O	_	_
di	di	E	O	_	_
coltura	coltura	SS	O	_	_
.	.	XPS	O	_	_

Raccomandò	raccomandare	VI	O	_	_
di	di	E	O	_	_
aiutare	aiutare	VF	O	_	_
il	il	RS	O	_	_
papa	papa	SS	O	_	_
ad	ad	E	O	_	_
essere	essere	VF	O	_	_
libero	libero	AS	O	_	_
e	e	C	O	_	_
di	di	E	O	_	_
fornirgli	fornire/pro	VF+E	O	_	_
i	il	RP	O	_	_
mezzi	mezzo	SP	O	_	_
per	per	E	O	_	_
l’	il	RS	O	_	_
indipendenza	indipendenza	SS	O	_	_
economica	economico	AS	O	_	_
.	.	XPS	O	_	_

I	il	RP	O	_	_
tedeschi	tedesco	SP	O	_	_
non	non	B	O	_	_
si	rifl	PN	O	_	_
lasceranno	lasciare	VI	O	_	_
vincere	vincere	VF	O	_	_
dai	da/det	EP	O	_	_
francesi	francese	SP	O	_	_
(	open_parenthesis	XPB	O	_	_
applauso	applauso	SS	O	_	_
)	close_parenthesis	XPB	O	_	_
.	.	XPS	O	_	_

I	il	RP	O	_	_
tedeschi	tedesco	SP	O	_	_
non	non	B	O	_	_
hanno	avere	VI	O	_	_
altra	altro	DS	O	_	_
ambizione	ambizione	SS	O	_	_
che	che	CCHE	O	_	_
quella	quello	PS	O	_	_
d’	di	E	O	_	_
essere	essere	VF	O	_	_
i	il	RP	O	_	_
figli	figlio	SP	O	_	_
più	più	B	O	_	_
devoti	devoto	AP	O	_	_
del	di/det	ES	O	_	_
sommo	sommo	SS	O	_	_
pontefice	pontefice	AS	O	_	_
.	.	XPS	O	_	_

Germania	germania	SPN	GPE	51.0834196	10.4234469
docet	docet	VI	O	_	_
(	open_parenthesis	XPB	O	_	_
applausi	applauso	SP	O	_	_
frenetici	frenetico	AP	O	_	_
)	close_parenthesis	XPB	O	_	_
.	.	XPS	O	_	_

Un	uno	RS	O	_	_
commoventissimo	commovente	AS	O	_	_
discorso	discorso	SS	O	_	_
di	di	E	O	_	_
chiusa	chiusa	SS	O	_	_
tenne	tenere	VI	O	_	_
il	il	RS	O	_	_
presidente	presidente	SS	O	_	_
Fehrenbach	fehrenbach	SPN	PER	_	_
.	.	XPS	O	_	_

Accenando	accenando	VG	O	_	_
alla	a/det	ES	O	_	_
violenta	violento	AS	O	_	_
polemica	polemica	SS	O	_	_
Schell	schell	SPN	PER	_	_
-	-	XPO	O	_	_
Commer	commer	SPN	PER	_	_
,	comma	XPW	O	_	_
disse	dire	VI	O	_	_
che	che	CCHE	O	_	_
era	essere	VIY	O	_	_
riuscito	riuscire	VSP	O	_	_
alla	a/det	ES	O	_	_
buona	buono	AS	O	_	_
volontà	volontà	SN	O	_	_
di	di	E	O	_	_
tutti	tutto	PP	O	_	_
di	di	E	O	_	_
tener	tenere	VF	O	_	_
libero	libero	AS	O	_	_
il	il	RS	O	_	_
congresso	congresso	SS	O	_	_
da	da	E	O	_	_
dannosi	dannoso	AP	O	_	_
influssi	influsso	SP	O	_	_
:	:	XPS	O	_	_
voler	volere	VF	O	_	_
egli	egli	PS	O	_	_
però	però	C	O	_	_
ristabilire	ristabilire	VF	O	_	_
in	in	E	O	_	_
poche	poco	DP	O	_	_
parole	parola	SP	O	_	_
quello	quello	PS	O	_	_
che	che	CCHE	O	_	_
ne	ne	PN	O	_	_
pensava	pensare	VI	O	_	_
.	.	XPS	O	_	_

«	«	XPO	O	_	_
Compito	compire	VSP	O	_	_
della	di/det	ES	O	_	_
scienza	scienza	SS	O	_	_
è	essere	VI	O	_	_
l’	il	RS	O	_	_
indagine	indagine	SS	O	_	_
,	comma	XPW	O	_	_
dell’	di/det	ES	O	_	_
apologia	apologia	SS	O	_	_
la	il	RS	O	_	_
difesa	difesa	SS	O	_	_
della	di/det	ES	O	_	_
religione	religione	SS	O	_	_
.	.	XPS	O	_	_

Quest’	questo	DS	O	_	_
apologia	apologia	SS	O	_	_
dev’	dev’	VI	O	_	_
essere	essere	VF	O	_	_
varia	varia	AS	O	_	_
secondo	secondo	E	O	_	_
lo	il	RS	O	_	_
spirito	spirito	SS	O	_	_
ed	ed	C	O	_	_
i	il	RP	O	_	_
metodi	metodo	SP	O	_	_
degli	di/det	EP	O	_	_
attacchi	attacco	SP	O	_	_
.	.	XPS	O	_	_

Nel	in/det	ES	O	_	_
medio	medio	SS	O	_	_
evo	evo	VI	O	_	_
i	il	RP	O	_	_
padri	padre	SP	O	_	_
della	di/det	ES	O	_	_
Chiesa	chiesa	SS	O	_	_
non	non	B	O	_	_
evitarono	evitare	VI	O	_	_
lo	il	RS	O	_	_
scontro	scontro	SS	O	_	_
coi	con/det	EP	O	_	_
nemici	nemico	SP	O	_	_
della	di/det	ES	O	_	_
scienza	scienza	SS	O	_	_
cristiana	cristiano	AS	O	_	_
.	.	XPS	O	_	_

Così	così	B	O	_	_
va	andare	VI	O	_	_
fatto	fare	VSP	O	_	_
ora	ora	B	O	_	_
.	.	XPS	O	_	_

Ciò	ciò`	PS	O	_	_
è	essere	VI	O	_	_
opera	opera	SS	O	_	_
faticosa	faticoso	AS	O	_	_
.	.	XPS	O	_	_

Errare	errare	VF	O	_	_
humanum	humanum	AS	O	_	_
est	est	SN	O	_	_
.	.	XPS	O	_	_

Es	es	SPN	O	_	_
irrt	irrt	VI	O	_	_
der	der	VF	O	_	_
Mensch	mensch	SPN	PER	_	_
solange	solange	VI	O	_	_
er	er	B	O	_	_
strebt	strebt	VI	O	_	_
(	open_parenthesis	XPB	O	_	_
applausi	applauso	SP	O	_	_
)	close_parenthesis	XPB	O	_	_
.	.	XPS	O	_	_

La	il	RS	O	_	_
decisione	decisione	SS	O	_	_
circa	circa	E	O	_	_
la	il	RS	O	_	_
verità	verità	SN	O	_	_
e	e	C	O	_	_
l’	il	RS	O	_	_
errore	errore	SS	O	_	_
compete	competere	VI	O	_	_
all’	a/det	ES	O	_	_
autorità	autorità	SN	O	_	_
ecclesiastica	ecclesiastico	AS	O	_	_
(	open_parenthesis	XPB	O	_	_
applausi	applauso	SP	O	_	_
)	close_parenthesis	XPB	O	_	_
.	.	XPS	O	_	_

Di	di	E	O	_	_
fronte	fronte	SS	O	_	_
a	a	E	O	_	_
questa	questo	DS	O	_	_
non	non	B	O	_	_
v’	v’	B	O	_	_
è	essere	VI	O	_	_
che	che	CCHE	O	_	_
la	il	RS	O	_	_
sottomissione	sottomissione	SS	O	_	_
.	.	XPS	O	_	_

La	il	RS	O	_	_
sottomissione	sottomissione	SS	O	_	_
dev’	dev’	VI	O	_	_
essere	essere	VF	O	_	_
sincera	sincero	AS	O	_	_
,	comma	XPW	O	_	_
senza	senza	C	O	_	_
equivoci	equivoci	AP	O	_	_
(	open_parenthesis	XPB	O	_	_
applausi	applauso	SP	O	_	_
prolungati	prolungare	VPP	O	_	_
)	close_parenthesis	XPB	O	_	_
.	.	XPS	O	_	_

I	il	RP	O	_	_
vescovi	vescovo	SP	O	_	_
sono	essere	VIY	O	_	_
chiamati	chiamare	VPP	O	_	_
a	a	E	O	_	_
vegliare	vegliare	VF	O	_	_
sull’	su/det	ES	O	_	_
attuazione	attuazione	SS	O	_	_
della	di/det	ES	O	_	_
sottomissione	sottomissione	SS	O	_	_
.	.	XPS	O	_	_

Altri	altro	PP	O	_	_
,	comma	XPW	O	_	_
per	per	E	O	_	_
quanto	quanto	B	O	_	_
buon	buon	AS	O	_	_
filosofo	filosofo	SS	O	_	_
,	comma	XPW	O	_	_
non	non	B	O	_	_
s’	s’	PN	O	_	_
arroghi	arrogare	VI	O	_	_
consigli	consiglio	SP	O	_	_
sopra	sopra	E	O	_	_
di	di	E	O	_	_
loro	loro	PP	O	_	_
(	open_parenthesis	XPB	O	_	_
applausi	applauso	SP	O	_	_
)	close_parenthesis	XPB	O	_	_
i	il	RP	O	_	_
quali	quale	PP	O	_	_
sanno	sapere	VI	O	_	_
il	il	RS	O	_	_
loro	loro	DP	O	_	_
dovere	dovere	SS	O	_	_
»	»	XPO	O	_	_
.	.	XPS	O	_	_

Questa	questo	DS	O	_	_
dichiarazione	dichiarazione	SS	O	_	_
,	comma	XPW	O	_	_
che	che	CCHE	O	_	_
per	per	E	O	_	_
la	il	RS	O	_	_
strettezza	strettezza	SS	O	_	_
del	di/det	ES	O	_	_
tempo	tempo	SS	O	_	_
non	non	B	O	_	_
posso	potere	VI	O	_	_
commentare	commentare	VF	O	_	_
era	essere	VIY	O	_	_
stata	essere	VSPY	O	_	_
combinata	combinare	VSP	O	_	_
fra	fra	E	O	_	_
tutti	tutto	PP	O	_	_
i	il	RP	O	_	_
fattori	fattore	SP	O	_	_
competenti	competente	AP	O	_	_
.	.	XPS	O	_	_

Così	così	B	O	_	_
per	per	E	O	_	_
questo	questo	DS	O	_	_
congresso	congresso	SS	O	_	_
le	il	RP	O	_	_
cose	cosa	SP	O	_	_
sono	essere	VI	O	_	_
a	a	E	O	_	_
posto	posto	SS	O	_	_
.	.	XPS	O	_	_

Fehrenbach	fehrenbach	SPN	O	_	_
dà	dare	VI	O	_	_
poi	poi	B	O	_	_
uno	uno	RS	O	_	_
sguardo	sguardo	SS	O	_	_
ai	a/det	EP	O	_	_
lavori	lavoro	SP	O	_	_
del	di/det	ES	O	_	_
congresso	congresso	SS	O	_	_
.	.	XPS	O	_	_

Vi	vi	B	O	_	_
hanno	avere	VIY	O	_	_
preso	prendere	VSP	O	_	_
parte	parte	SS	O	_	_
tutti	tutto	DP	O	_	_
i	il	RP	O	_	_
cattolici	cattolico	SP	O	_	_
.	.	XPS	O	_	_

Solo	solo	B	O	_	_
parecchi	parecchio	AP	O	_	_
ipercritici	ipercritici	SP	O	_	_
se	rifl	PN	O	_	_
ne	ne	PN	O	_	_
sono	essere	VIY	O	_	_
stati	essere	VPP	O	_	_
in	in	E	O	_	_
disparte	disparte	B	O	_	_
.	.	XPS	O	_	_

La	il	RS	O	_	_
caratteristica	caratteristica	SS	O	_	_
del	di/det	ES	O	_	_
congresso	congresso	SS	O	_	_
non	non	B	O	_	_
fu	essere	VI	O	_	_
accademica	accademico	AS	O	_	_
,	comma	XPW	O	_	_
ma	ma	C	O	_	_
una	uno	RS	O	_	_
generosa	generoso	AS	O	_	_
manifestazione	manifestazione	SS	O	_	_
del	di/det	ES	O	_	_
nostro	nostro	DS	O	_	_
volere	volere	SS	O	_	_
di	di	E	O	_	_
fare	fare	VF	O	_	_
.	.	XPS	O	_	_

Le	il	RP	O	_	_
dimostrazioni	dimostrazione	SP	O	_	_
delle	di/det	EP	O	_	_
masse	massa	SP	O	_	_
cattoliche	cattolico	AP	O	_	_
infondono	infondere	VI	O	_	_
coraggio	coraggio	SS	O	_	_
e	e	C	O	_	_
coscienza	coscienza	SS	O	_	_
della	di/det	ES	O	_	_
loro	loro	DP	O	_	_
forza	forza	SS	O	_	_
ai	a/det	EP	O	_	_
cattolici	cattolico	SP	O	_	_
della	di/det	ES	O	_	_
Germania	germania	SPN	GPE	51.0834196	10.4234469
.	.	XPS	O	_	_

Noi	noi	PP	O	_	_
possiamo	potere	VI	O	_	_
fidarci	fidare/loc/pro	VF+E	O	_	_
solo	solo	B	O	_	_
di	di	E	O	_	_
Dio	dio	SS	O	_	_
e	e	C	O	_	_
delle	di/det	EP	O	_	_
nostre	nostro	DP	O	_	_
forze	forza	SP	O	_	_
(	open_parenthesis	XPB	O	_	_
applausi	applauso	SP	O	_	_
)	close_parenthesis	XPB	O	_	_
.	.	XPS	O	_	_

Il	il	RS	O	_	_
congresso	congresso	SS	O	_	_
fu	essere	VI	O	_	_
anche	anche	C	O	_	_
luogo	luogo	SS	O	_	_
di	di	E	O	_	_
divozione	divozione	SS	O	_	_
.	.	XPS	O	_	_

Il	il	RS	O	_	_
pellegrinaggio	pellegrinaggio	SS	O	_	_
alla	a/det	ES	O	_	_
Kapelle	kapelle	SPN	O	_	_
era	essere	VI	O	_	_
una	uno	RS	O	_	_
processione	processione	SS	O	_	_
di	di	E	O	_	_
uomini	uomo	SP	O	_	_
del	di/det	ES	O	_	_
lavoro	lavoro	SS	O	_	_
.	.	XPS	O	_	_

Con	con	E	O	_	_
noi	noi	PP	O	_	_
erano	essere	VI	O	_	_
i	il	RP	O	_	_
giovani	giovane	SP	O	_	_
.	.	XPS	O	_	_

Viva	viva	I	O	_	_
il	il	RS	O	_	_
nostro	nostro	DS	O	_	_
avvenire	avvenire	VF	O	_	_
"!"	esclamation_mark	XPS	O	_	_

Il	il	RS	O	_	_
presidente	presidente	SS	O	_	_
finisce	finire	VI	O	_	_
con	con	E	O	_	_
un’	uno	RS	O	_	_
invocazione	invocazione	SS	O	_	_
sentitissima	sentito	AS	O	_	_
a	a	E	O	_	_
Maria	maria	SPN	O	_	_
,	comma	XPW	O	_	_
patrona	patrona	SS	O	_	_
del	di/det	ES	O	_	_
congresso	congresso	SS	O	_	_
e	e	C	O	_	_
della	di/det	ES	O	_	_
Franconia	franconia	SPN	O	_	_
.	.	XPS	O	_	_

Termina	terminare	VI	O	_	_
colle	con/det	EP	O	_	_
parole	parole	AP	O	_	_
:	:	XPS	O	_	_
Gott	gott	SPN	PER	_	_
schütze	schütze	VI	O	_	_
seine	seine	SS	O	_	_
heilige	heilige	VI	O	_	_
Kirche	kirche	SPN	O	_	_
,	comma	XPW	O	_	_
segne	segne	SP	O	_	_
uns	uns	AP	O	_	_
und	und	VI	O	_	_
unser	unser	AS	O	_	_
geliebtes	geliebtes	SS	O	_	_
Vaterland	vaterland	SPN	O	_	_
"!"	esclamation_mark	XPS	O	_	_

L’	il	RS	O	_	_
entusiasmo	entusiasmo	SS	O	_	_
è	essere	VI	O	_	_
immenso	immenso	AS	O	_	_
.	.	XPS	O	_	_

Ho	avere	VIY	O	_	_
visto	vedere	VSP	O	_	_
moltissimi	molto	AP	O	_	_
colle	con/det	EP	O	_	_
lagrime	lagrime	AP	O	_	_
agli	a/det	EP	O	_	_
occhi	occhio	SP	O	_	_
.	.	XPS	O	_	_

Le	il	RP	O	_	_
signore	signora	SP	O	_	_
sventolano	sventolare	VI	O	_	_
i	il	RP	O	_	_
fazzoletti	fazzoletto	SP	O	_	_
.	.	XPS	O	_	_

Il	il	RS	O	_	_
vescovo	vescovo	SS	O	_	_
Schlör	schlör	SPN	PER	_	_
impartisce	impartire	VI	O	_	_
la	il	RS	O	_	_
benedizione	benedizione	SS	O	_	_
.	.	XPS	O	_	_

Poi	poi	B	O	_	_
la	il	RS	O	_	_
folla	folla	SS	O	_	_
che	che	CCHE	O	_	_
riempie	riempiere	VI	O	_	_
la	il	RS	O	_	_
grande	grande	AS	O	_	_
aula	aula	SS	O	_	_
intona	intonare	VI	O	_	_
accompagnato	accompagnare	VSP	O	_	_
dalla	da/det	ES	O	_	_
banda	banda	SS	O	_	_
il	il	RS	O	_	_
canto	canto	SS	O	_	_
di	di	E	O	_	_
Beethoven	beethoven	SPN	PER	_	_
:	:	XPS	O	_	_
Grösser	grösser	SPN	O	_	_
Gott	gott	SPN	O	_	_
,	comma	XPW	O	_	_
wir	wir	VI	O	_	_
loben	loben	SS	O	_	_
dich	dich	AS	O	_	_
"!"	esclamation_mark	XPS	O	_	_

La	il	RS	O	_	_
gente	gente	SS	O	_	_
sfolla	sfollare	VI	O	_	_
.	.	XPS	O	_	_

Siamo	essere	VI	O	_	_
sotto	sotto	E	O	_	_
l’	il	RS	O	_	_
impressione	impressione	SS	O	_	_
di	di	E	O	_	_
aver	avere	VFY	O	_	_
assistito	assistere	VSP	O	_	_
ad	ad	E	O	_	_
una	uno	RS	O	_	_
delle	di/det	EP	O	_	_
più	più	B	O	_	_
grandi	grande	AP	O	_	_
assemblee	assemblea	SP	O	_	_
del	di/det	ES	O	_	_
cattolicismo	cattolicismo	SS	O	_	_
.	.	XPS	O	_	_
