# total number of persons:13, total number of gpes:22
[	open_square_bracket	XPB	O	_	_
.	.	XPS	O	_	_

.	.	XPS	O	_	_

.	.	XPS	O	_	_

]	close_square_bracket	XPB	O	_	_
Il	il	RS	O	_	_
discorso	discorso	SS	O	_	_
Degasperi	degasperi	SPN	O	_	_
Non	non	B	O	_	_
vi	vi	B	O	_	_
posso	potere	VI	O	_	_
dare	dare	VF	O	_	_
che	che	CCHE	O	_	_
un	uno	RS	O	_	_
pallido	pallido	AS	O	_	_
sunto	sunto	SS	O	_	_
della	di/det	ES	O	_	_
brillante	brillante	AS	O	_	_
conferenza	conferenza	SS	O	_	_
che	che	CCHE	O	_	_
durò	durare	VI	O	_	_
,	comma	XPW	O	_	_
sottolineata	sottolineare	VSP	O	_	_
spesso	spesso	B	O	_	_
d’	di	E	O	_	_
applausi	applauso	SP	O	_	_
,	comma	XPW	O	_	_
fino	fino	E	O	_	_
alle	a/det	EP	O	_	_
4.30	4.30	N	O	_	_
.	.	XPS	O	_	_

Si	rifl	PN	O	_	_
presenta	presentare	VI	O	_	_
come	come	CADV	O	_	_
figlio	figlio	SS	O	_	_
di	di	E	O	_	_
popolani	popolano	SP	O	_	_
,	comma	XPW	O	_	_
e	e	C	O	_	_
come	come	CADV	O	_	_
un	uno	RS	O	_	_
giovane	giovane	SS	O	_	_
che	che	CCHE	O	_	_
fino	fino	E	O	_	_
dagli	da/det	EP	O	_	_
anni	anno	SP	O	_	_
degli	di/det	EP	O	_	_
studi	studio	SP	O	_	_
si	rifl	PN	O	_	_
è	essere	VIY	O	_	_
occupato	occupare	VSP	O	_	_
di	di	E	O	_	_
questioni	questione	SP	O	_	_
operaie	operaio	AP	O	_	_
ed	ed	C	O	_	_
è	essere	VIY	O	_	_
venuto	venire	VSP	O	_	_
a	a	E	O	_	_
contatto	contatto	SS	O	_	_
coi	con/det	EP	O	_	_
lavoratori	lavoratore	SP	O	_	_
.	.	XPS	O	_	_

Prevede	prevedere	VI	O	_	_
il	il	RS	O	_	_
contraddittorio	contraddittorio	SS	O	_	_
,	comma	XPW	O	_	_
ma	ma	C	O	_	_
rende	rendere	VI	O	_	_
attenta	attento	AS	O	_	_
l’	il	RS	O	_	_
adunanza	adunanza	SS	O	_	_
ch’	che	CCHE	O	_	_
egli	egli	PS	O	_	_
sfida	sfidare	VI	O	_	_
gli	il	RP	O	_	_
avversari	avversario	SP	O	_	_
a	a	E	O	_	_
battaglia	battaglia	SS	O	_	_
sul	su/det	ES	O	_	_
campo	campo	SS	O	_	_
del	di/det	ES	O	_	_
nostro	nostro	DS	O	_	_
Trentino	trentino	SPN	GPE	46.102869	11.12961993
.	.	XPS	O	_	_

È	essere	VI	O	_	_
qui	qui	B	O	_	_
dove	dove	CADV	O	_	_
ci	ci	PP	O	_	_
troviamo	trovare	VI	O	_	_
di	di	E	O	_	_
fronte	fronte	SS	O	_	_
,	comma	XPW	O	_	_
qui	qui	B	O	_	_
il	il	RS	O	_	_
paese	paese	SS	O	_	_
che	che	CCHE	O	_	_
contrastiamo	contrastare	VI	O	_	_
.	.	XPS	O	_	_

Entrando	entrare	VG	O	_	_
poi	poi	B	O	_	_
in	in	E	O	_	_
argomento	argomento	SS	O	_	_
,	comma	XPW	O	_	_
l’	il	RS	O	_	_
oratore	oratore	SS	O	_	_
dimostra	dimostrare	VI	O	_	_
la	il	RS	O	_	_
necessità	necessità	SN	O	_	_
dell’	di/det	ES	O	_	_
organizzazione	organizzazione	SS	O	_	_
professionale	professionale	AS	O	_	_
in	in	E	O	_	_
seguito	seguito	SS	O	_	_
all’	a/det	ES	O	_	_
esistenza	esistenza	SS	O	_	_
in	in	E	O	_	_
tutti	tutto	DP	O	_	_
gli	il	RP	O	_	_
stati	stato	SP	O	_	_
del	di/det	ES	O	_	_
«	«	XPO	O	_	_
contratto	contratto	SS	O	_	_
libero	libero	AS	O	_	_
»	»	XPO	O	_	_
,	comma	XPW	O	_	_
che	che	CCHE	O	_	_
in	in	E	O	_	_
realtà	realtà	SN	O	_	_
è	essere	VI	O	_	_
libero	libero	AS	O	_	_
solo	solo	B	O	_	_
per	per	E	O	_	_
i	il	RP	O	_	_
padroni	padrone	SP	O	_	_
,	comma	XPW	O	_	_
porta	portare	VI	O	_	_
l’	il	RS	O	_	_
esempio	esempio	SS	O	_	_
dei	di/det	EP	O	_	_
cartelli	cartello	SP	O	_	_
e	e	C	O	_	_
dei	di/det	EP	O	_	_
sindacati	sindacato	SP	O	_	_
dei	di/det	EP	O	_	_
padroni	padrone	SP	O	_	_
e	e	C	O	_	_
accenna	accennare	VI	O	_	_
infine	infine	B	O	_	_
alle	a/det	EP	O	_	_
Trade	trade	SPN	O	_	_
Unions	unions	SPN	O	_	_
in	in	E	O	_	_
Inghilterra	inghilterra	SPN	GPE	52.7954791	-0.5402401866
che	che	CCHE	O	_	_
hanno	avere	VIY	O	_	_
dimostrato	dimostrare	VSP	O	_	_
quanto	quanto	QNS	O	_	_
valga	valere	VI	O	_	_
l’	il	RS	O	_	_
organizzazione	organizzazione	SS	O	_	_
professionale	professionale	AS	O	_	_
,	comma	XPW	O	_	_
se	se	C	O	_	_
non	non	B	O	_	_
influenzata	influenzare	VSP	O	_	_
da	da	E	O	_	_
tendenze	tendenza	SP	O	_	_
politiche	politico	AP	O	_	_
.	.	XPS	O	_	_

Perché	perché	C	O	_	_
allora	allora	C	O	_	_
l’	il	RS	O	_	_
oratore	oratore	SS	O	_	_
vuole	volere	VI	O	_	_
parlare	parlare	VF	O	_	_
di	di	E	O	_	_
unioni	unione	SP	O	_	_
cristiane	cristiano	AP	O	_	_
?	?	XPS	O	_	_

Per	per	E	O	_	_
spiegare	spiegare	VF	O	_	_
questo	questo	DS	O	_	_
deve	dovere	VI	O	_	_
ricorrere	ricorrere	VF	O	_	_
alla	a/det	ES	O	_	_
storia	storia	SS	O	_	_
delle	di/det	EP	O	_	_
organizzazioni	organizzazione	SP	O	_	_
professionali	professionale	AP	O	_	_
in	in	E	O	_	_
Austria	austria	SPN	GPE	47.2000338	13.199959
e	e	C	O	_	_
in	in	E	O	_	_
Germania	germania	SPN	GPE	51.0834196	10.4234469
.	.	XPS	O	_	_

Le	il	RP	O	_	_
organizzazioni	organizzazione	SP	O	_	_
professionali	professionale	AP	O	_	_
Socialismo	socialismo	SPN	O	_	_
–	–	XPO	O	_	_
Ebraismo	ebraismo	SPN	O	_	_
–	–	XPO	O	_	_
Massoneria	massoneria	SPN	O	_	_
Ricorda	ricorda	SPN	O	_	_
lo	il	RS	O	_	_
sviluppo	sviluppo	SS	O	_	_
delle	di/det	EP	O	_	_
Gewerkschaften	gewerkschaften	SPN	O	_	_
libere	libero	AP	O	_	_
in	in	E	O	_	_
Germania	germania	SPN	GPE	51.0834196	10.4234469
.	.	XPS	O	_	_

Esse	esse	PP	O	_	_
vennero	venire	VI	O	_	_
sul	su/det	ES	O	_	_
principio	principio	SS	O	_	_
spacciate	spacciare	VPP	O	_	_
come	come	CADV	O	_	_
neutre	neutre	SS	O	_	_
,	comma	XPW	O	_	_
ma	ma	C	O	_	_
ben	ben	B	O	_	_
presto	presto	B	O	_	_
vennero	venire	VIY	O	_	_
fatte	fare	VPP	O	_	_
organizzazioni	organizzazione	SP	O	_	_
del	di/det	ES	O	_	_
partito	partito	SS	O	_	_
socialista	socialista	AS	O	_	_
con	con	E	O	_	_
tutte	tutto	DP	O	_	_
le	il	RP	O	_	_
sue	suo	DP	O	_	_
tendenze	tendenza	SP	O	_	_
.	.	XPS	O	_	_

I	il	RP	O	_	_
socialisti	socialista	SP	O	_	_
stessi	stesso	AP	O	_	_
non	non	B	O	_	_
lo	lo	PS	O	_	_
negano	negare	VI	O	_	_
e	e	C	O	_	_
qui	qui	B	O	_	_
l’	il	RS	O	_	_
oratore	oratore	SS	O	_	_
porta	portare	VI	O	_	_
ad	ad	E	O	_	_
esempio	esempio	SS	O	_	_
detti	detto	SP	O	_	_
di	di	E	O	_	_
deputati	deputato	SP	O	_	_
socialisti	socialista	AP	O	_	_
e	e	C	O	_	_
di	di	E	O	_	_
periodici	periodico	SP	O	_	_
,	comma	XPW	O	_	_
organi	organo	SP	O	_	_
delle	di/det	EP	O	_	_
Unioni	unione	SP	O	_	_
professionali	professionale	AP	O	_	_
.	.	XPS	O	_	_

Perciò	perciò	C	O	_	_
nacque	nascere	VI	O	_	_
in	in	E	O	_	_
Germania	germania	SPN	GPE	51.0834196	10.4234469
il	il	RS	O	_	_
movimento	movimento	SS	O	_	_
delle	di/det	EP	O	_	_
Unioni	unione	SP	O	_	_
professionali	professionale	AP	O	_	_
cristiane	cristiano	AP	O	_	_
.	.	XPS	O	_	_

Cristiane	cristiane	SPN	O	_	_
si	rifl	PN	O	_	_
dicono	dire	VI	O	_	_
e	e	C	O	_	_
con	con	E	O	_	_
ciò	ciò`	PS	O	_	_
non	non	B	O	_	_
si	rifl	PN	O	_	_
vuol	volere	VI	O	_	_
dire	dire	VF	O	_	_
altro	altro	DS	O	_	_
ch’	che	CCHE	O	_	_
esse	esse	PP	O	_	_
sieno	sieno	B	O	_	_
neutre	neutre	AS	O	_	_
,	comma	XPW	O	_	_
cioè	cioe`	B	O	_	_
non	non	B	O	_	_
socialiste	socialiste	VI	O	_	_
.	.	XPS	O	_	_

Il	il	RS	O	_	_
movimento	movimento	SS	O	_	_
delle	di/det	EP	O	_	_
organizzazioni	organizzazione	SP	O	_	_
professionali	professionale	AP	O	_	_
cristiane	cristiano	AP	O	_	_
è	essere	VIY	O	_	_
salito	salire	VSP	O	_	_
dal	da/det	ES	O	_	_
1894	1894	N	O	_	_
al	a/det	ES	O	_	_
1904	1904	N	O	_	_
a	a	E	O	_	_
274.800	274.800	N	O	_	_
soci	socio	SP	O	_	_
.	.	XPS	O	_	_

Nel	in/det	ES	O	_	_
1904	1904	N	O	_	_
le	il	RP	O	_	_
entrate	entrata	SP	O	_	_
furono	essere	VI	O	_	_
di	di	E	O	_	_
1.337.341	1.337.341	N	O	_	_
marchi	marchio	SP	O	_	_
;	semicolon	XPS	O	_	_

nello	in/det	ES	O	_	_
stesso	stesso	DS	O	_	_
anno	anno	SS	O	_	_
si	rifl	PN	O	_	_
ebbero	avere	VI	O	_	_
291	291	N	O	_	_
agitazioni	agitazione	SP	O	_	_
per	per	E	O	_	_
le	il	RP	O	_	_
condizioni	condizione	SP	O	_	_
di	di	E	O	_	_
lavoro	lavoro	SS	O	_	_
,	comma	XPW	O	_	_
fra	fra	E	O	_	_
cui	cui	PN	O	_	_
molti	molto	DP	O	_	_
scioperi	sciopero	SP	O	_	_
;	semicolon	XPS	O	_	_

tutti	tutto	PP	O	_	_
si	rifl	PN	O	_	_
ricorderanno	ricordare	VI	O	_	_
di	di	E	O	_	_
quel	quello	DS	O	_	_
grande	grande	AS	O	_	_
sciopero	sciopero	SS	O	_	_
del	di/det	ES	O	_	_
carbone	carbone	SS	O	_	_
ove	ove	B	O	_	_
unioni	unione	SP	O	_	_
cristiane	cristiano	AP	O	_	_
e	e	C	O	_	_
socialiste	socialista	AP	O	_	_
combatterono	combattere	VI	O	_	_
al	a/det	ES	O	_	_
fianco	fianco	SS	O	_	_
,	comma	XPW	O	_	_
e	e	C	O	_	_
dove	dove	CADV	O	_	_
i	il	RP	O	_	_
vescovi	vescovo	SP	O	_	_
non	non	B	O	_	_
furono	essere	VI	O	_	_
meno	meno	B	O	_	_
generosi	generoso	AP	O	_	_
dei	di/det	EP	O	_	_
capi	capo	SP	O	_	_
socialisti	socialista	AP	O	_	_
.	.	XPS	O	_	_

Il	il	RS	O	_	_
medesimo	medesimo	AS	O	_	_
svolgimento	svolgimento	SS	O	_	_
ebbe	avere	VI	O	_	_
l’	il	RS	O	_	_
organizzazione	organizzazione	SS	O	_	_
di	di	E	O	_	_
mestiere	mestiere	SS	O	_	_
anche	anche	C	O	_	_
in	in	E	O	_	_
Austria	austria	SPN	GPE	47.2000338	13.199959
.	.	XPS	O	_	_

La	il	RS	O	_	_
prima	primo	AS	O	_	_
società	società	SN	O	_	_
«	«	XPO	O	_	_
neutra	neutro	AS	O	_	_
»	»	XPO	O	_	_
sorta	sorta	SS	O	_	_
fu	essere	VI	O	_	_
quella	quello	PS	O	_	_
dei	di/det	EP	O	_	_
tipografi	tipografo	SP	O	_	_
nel	in/det	ES	O	_	_
1864	1864	N	O	_	_
.	.	XPS	O	_	_

Nel	in/det	ES	O	_	_
’68	’68	N	O	_	_
a	a	E	O	_	_
Vienna	vienna	SPN	GPE	48.2083537	16.3725042
si	rifl	PN	O	_	_
formò	formare	VI	O	_	_
l’	il	RS	O	_	_
«	«	XPO	O	_	_
Arbeiterbildungsverein	arbeiterbildungsverein	SPN	O	_	_
»	»	XPO	O	_	_
con	con	E	O	_	_
5800	5800	N	O	_	_
soci	socio	SP	O	_	_
.	.	XPS	O	_	_

Il	il	RS	O	_	_
movimento	movimento	SS	O	_	_
d’	di	E	O	_	_
allora	allora	C	O	_	_
era	essere	VI	O	_	_
così	così	B	O	_	_
poco	poco	B	O	_	_
socialista	socialista	AS	O	_	_
che	che	CCHE	O	_	_
ad	ad	E	O	_	_
una	uno	RS	O	_	_
festa	festa	SS	O	_	_
fatta	fare	VSP	O	_	_
in	in	E	O	_	_
favore	favore	SS	O	_	_
delle	di/det	EP	O	_	_
organizzazioni	organizzazione	SP	O	_	_
operaie	operaio	AP	O	_	_
contribuirono	contribuire	VI	O	_	_
con	con	E	O	_	_
sovvenzioni	sovvenzione	SP	O	_	_
anche	anche	C	O	_	_
l’	il	RS	O	_	_
Imperatore	imperatore	SS	O	_	_
e	e	C	O	_	_
i	il	RP	O	_	_
dignitari	dignitario	SP	O	_	_
di	di	E	O	_	_
Corte	corte	SPN	O	_	_
.	.	XPS	O	_	_

Nel	in/det	ES	O	_	_
’70	’70	N	O	_	_
le	il	RP	O	_	_
32	32	N	O	_	_
organizzazioni	organizzazione	SP	O	_	_
operaie	operaio	AP	O	_	_
vennero	venire	VIY	O	_	_
sciolte	sciogliere	VPP	O	_	_
dal	da/det	ES	O	_	_
ministro	ministro	SS	O	_	_
liberale	liberale	AS	O	_	_
Giskra	giskra	SPN	O	_	_
e	e	C	O	_	_
va	andare	VI	O	_	_
notato	notare	VSP	O	_	_
che	che	CCHE	O	_	_
fu	essere	VI	O	_	_
un	uno	RS	O	_	_
ministro	ministro	SS	O	_	_
cattolico	cattolico	AS	O	_	_
,	comma	XPW	O	_	_
l’	il	RS	O	_	_
Hohenwart	hohenwart	SPN	O	_	_
,	comma	XPW	O	_	_
che	che	CCHE	O	_	_
ne	ne	PN	O	_	_
permise	permettere	VI	O	_	_
la	il	RS	O	_	_
riattivazione	riattivazione	SS	O	_	_
(	open_parenthesis	XPB	O	_	_
applausi	applauso	SP	O	_	_
)	close_parenthesis	XPB	O	_	_
.	.	XPS	O	_	_

Ma	ma	C	O	_	_
le	il	RP	O	_	_
organizzazioni	organizzazione	SP	O	_	_
professionali	professionale	AP	O	_	_
perdettero	perdettero	VI	O	_	_
presto	presto	B	O	_	_
anche	anche	C	O	_	_
in	in	E	O	_	_
Austria	austria	SPN	GPE	47.2000338	13.199959
il	il	RS	O	_	_
loro	loro	DP	O	_	_
carattere	carattere	SS	O	_	_
neutro	neutro	AS	O	_	_
,	comma	XPW	O	_	_
tanto	tanto	PS	O	_	_
che	che	CCHE	O	_	_
nessuno	nessuno	PS	O	_	_
dubita	dubitare	VI	O	_	_
ch’	che	CCHE	O	_	_
esse	esse	PP	O	_	_
siano	essere	VI	O	_	_
ora	ora	B	O	_	_
uno	uno	RS	O	_	_
strumento	strumento	SS	O	_	_
socialista	socialista	AS	O	_	_
,	comma	XPW	O	_	_
che	che	CCHE	O	_	_
viene	venire	VIY	O	_	_
adoperato	adoperare	VSP	O	_	_
per	per	E	O	_	_
scopi	scopo	SP	O	_	_
,	comma	XPW	O	_	_
dimostrazioni	dimostrazione	SP	O	_	_
,	comma	XPW	O	_	_
scioperi	sciopero	SP	O	_	_
politici	politico	AP	O	_	_
.	.	XPS	O	_	_

Il	il	RS	O	_	_
socialismo	socialismo	SS	O	_	_
austriaco	austriaco	AS	O	_	_
che	che	CCHE	O	_	_
in	in	E	O	_	_
Austria	austria	SPN	GPE	47.2000338	13.199959
s’	s’	PN	O	_	_
è	essere	VIY	O	_	_
trovato	trovare	VSP	O	_	_
di	di	E	O	_	_
fronte	fronte	SS	O	_	_
al	a/det	ES	O	_	_
movimento	movimento	SS	O	_	_
economico	economico	AS	O	_	_
dell’	di/det	ES	O	_	_
antisemitismo	antisemitismo	SS	O	_	_
,	comma	XPW	O	_	_
divenendo	divenire	VG	O	_	_
nella	in/det	ES	O	_	_
sua	suo	DS	O	_	_
direzione	direzione	SS	O	_	_
lo	il	RS	O	_	_
stato	stato	SS	O	_	_
maggiore	maggiore	AS	O	_	_
dell’	di/det	ES	O	_	_
ebraismo	ebraismo	SS	O	_	_
,	comma	XPW	O	_	_
ha	avere	VIY	O	_	_
pregiudicato	pregiudicare	VSP	O	_	_
anche	anche	C	O	_	_
le	il	RP	O	_	_
organizzazioni	organizzazione	SP	O	_	_
professionali	professionale	AP	O	_	_
.	.	XPS	O	_	_

L’	il	RS	O	_	_
oratore	oratore	SS	O	_	_
legge	leggere	VI	O	_	_
una	uno	RS	O	_	_
lunga	lungo	AS	O	_	_
serie	serie	SN	O	_	_
di	di	E	O	_	_
nomi	noma	SP	O	_	_
di	di	E	O	_	_
capi	capo	SP	O	_	_
ebrei	ebreo	AP	O	_	_
,	comma	XPW	O	_	_
occupati	occupare	VPP	O	_	_
nella	in/det	ES	O	_	_
Gewerkschaften	gewerkschaften	SPN	O	_	_
(	open_parenthesis	XPB	O	_	_
ilarità	ilarità	SN	O	_	_
)	close_parenthesis	XPB	O	_	_
.	.	XPS	O	_	_

Noi	noi	PP	O	_	_
non	non	B	O	_	_
siamo	essere	VI	O	_	_
–	–	XPO	O	_	_
dichiara	dichiarare	VI	O	_	_
il	il	RS	O	_	_
d.r	d.r	YA	O	_	_
Degasperi	degasperi	SPN	O	_	_
–	–	XPO	O	_	_
contro	contro	E	O	_	_
gli	il	RP	O	_	_
ebrei	ebrei	SP	O	_	_
,	comma	XPW	O	_	_
perché	perché	C	O	_	_
d’	di	E	O	_	_
altra	altro	DS	O	_	_
religione	religione	SS	O	_	_
e	e	C	O	_	_
d’	di	E	O	_	_
altra	altro	DS	O	_	_
razza	razza	SS	O	_	_
,	comma	XPW	O	_	_
ma	ma	C	O	_	_
dobbiamo	dovere	VI	O	_	_
opporci	opporci	VF+E	O	_	_
ch’	che	CCHE	O	_	_
essi	essi	PP	O	_	_
coi	con/det	EP	O	_	_
loro	loro	DP	O	_	_
denari	denaro	SP	O	_	_
mettano	mettere	VI	O	_	_
il	il	RS	O	_	_
giogo	giogo	SS	O	_	_
degli	di/det	EP	O	_	_
schiavi	schiavo	SP	O	_	_
sui	su/det	EP	O	_	_
cristiani	cristiano	SP	O	_	_
.	.	XPS	O	_	_

Quando	quando	CADV	O	_	_
in	in	E	O	_	_
Austria	austria	SPN	GPE	47.2000338	13.199959
incominciò	incominciare	VI	O	_	_
la	il	RS	O	_	_
riscossa	riscossa	SS	O	_	_
contro	contro	E	O	_	_
il	il	RS	O	_	_
capitalismo	capitalismo	SS	O	_	_
monopolizzato	monopolizzare	VSP	O	_	_
dagli	da/det	EP	O	_	_
ebrei	ebrei	SP	O	_	_
,	comma	XPW	O	_	_
fu	essere	VI	O	_	_
dannoso	dannoso	AS	O	_	_
alla	a/det	ES	O	_	_
causa	causa	SS	O	_	_
degli	di/det	EP	O	_	_
operai	operaio	SP	O	_	_
vedere	vedere	VF	O	_	_
gli	il	RP	O	_	_
ebrei	ebrei	SP	O	_	_
impadronirsi	impadronire/rifl	VF+E	O	_	_
della	di/det	ES	O	_	_
rappresentanza	rappresentanza	SS	O	_	_
dei	di/det	EP	O	_	_
loro	loro	DP	O	_	_
interessi	interesse	SP	O	_	_
.	.	XPS	O	_	_

(	open_parenthesis	XPB	O	_	_
Applausi	applausi	SPN	O	_	_
)	close_parenthesis	XPB	O	_	_
.	.	XPS	O	_	_

Ma	ma	C	O	_	_
v’	v’	PS	O	_	_
ha	avere	VI	O	_	_
di	di	E	O	_	_
più	più	B	O	_	_
.	.	XPS	O	_	_

I	il	RP	O	_	_
capi	capo	SP	O	_	_
socialisti	socialista	AP	O	_	_
in	in	E	O	_	_
Austria	austria	SPN	O	_	_
asserviscono	asservire	VI	O	_	_
le	il	RP	O	_	_
organizzazioni	organizzazione	SP	O	_	_
alla	a/det	ES	O	_	_
Massoneria	massoneria	SPN	O	_	_
e	e	C	O	_	_
a	a	E	O	_	_
moti	moto	SP	O	_	_
antireligiosi	antireligioso	AP	O	_	_
.	.	XPS	O	_	_

(	open_parenthesis	XPB	O	_	_
Interruzioni	interruzioni	SPN	O	_	_
)	close_parenthesis	XPB	O	_	_
.	.	XPS	O	_	_

–	–	XPO	O	_	_
Sicuro	sicuro	SPN	O	_	_
"!"	esclamation_mark	XPS	O	_	_

e	e	C	O	_	_
ve	ve	PS	O	_	_
lo	lo	PS	O	_	_
dimostro	dimostrare	VI	O	_	_
,	comma	XPW	O	_	_
grida	gridare	VI	O	_	_
l’	il	RS	O	_	_
oratore	oratore	SS	O	_	_
.	.	XPS	O	_	_

La	il	RS	O	_	_
Massoneria	massoneria	SPN	O	_	_
stessa	stesso	DS	O	_	_
austriaca	austriaco	AS	O	_	_
che	che	CCHE	O	_	_
coll’	con/det	ES	O	_	_
ebraismo	ebraismo	SS	O	_	_
è	essere	VI	O	_	_
tutt’	tutt’	AS	O	_	_
uno	uno	RS	O	_	_
dichiara	dichiara	SS	O	_	_
di	di	E	O	_	_
essersene	essersene	YF	O	_	_
impadronita	impadronire	VSP	O	_	_
e	e	C	O	_	_
d’	di	E	O	_	_
essersi	essersi	YF	O	_	_
anche	anche	C	O	_	_
impadronita	impadronire	VSP	O	_	_
del	di/det	ES	O	_	_
partito	partito	SS	O	_	_
socialista	socialista	AS	O	_	_
.	.	XPS	O	_	_

Nel	in/det	ES	O	_	_
numero	numero	SS	O	_	_
29	29	N	O	_	_
di	di	E	O	_	_
quest’	questo	DS	O	_	_
anno	anno	SS	O	_	_
del	di/det	ES	O	_	_
Zirkel	zirkel	SPN	O	_	_
,	comma	XPW	O	_	_
giornale	giornale	SS	O	_	_
massonico	massonico	AS	O	_	_
di	di	E	O	_	_
Vienna	vienna	SPN	GPE	48.2083537	16.3725042
,	comma	XPW	O	_	_
stra	stra	SS	O	_	_
scritto	scrivere	VSP	O	_	_
che	che	CCHE	O	_	_
il	il	RS	O	_	_
fr	fr	B	O	_	_
.	.	XPS	O	_	_

.	.	XPS	O	_	_

.	.	XPS	O	_	_

Virgilio	virgilio	SPN	PER	_	_
Koltai	koltai	SPN	PER	_	_
ha	avere	VIY	O	_	_
detto	dire	VSP	O	_	_
in	in	E	O	_	_
un	uno	RS	O	_	_
discorso	discorso	SS	O	_	_
programmatico	programmatico	AS	O	_	_
:	:	XPS	O	_	_
«	«	XPO	O	_	_
lo	il	RS	O	_	_
spirito	spirito	SS	O	_	_
del	di/det	ES	O	_	_
tempo	tempo	SS	O	_	_
richiede	richiedere	VI	O	_	_
che	che	CCHE	O	_	_
noi	noi	PP	O	_	_
prendiamo	prendere	VI	O	_	_
in	in	E	O	_	_
mano	mano	SS	O	_	_
la	il	RS	O	_	_
direzione	direzione	SS	O	_	_
del	di/det	ES	O	_	_
socialismo	socialismo	SS	O	_	_
.	.	XPS	O	_	_

In	in	E	O	_	_
proposito	proposito	SS	O	_	_
sappiamo	sapere	VI	O	_	_
che	che	CCHE	O	_	_
alcune	alcuni	DP	O	_	_
loggie	loggie	SP	O	_	_
trovarono	trovare	VI	O	_	_
i	il	RP	O	_	_
mezzi	mezzo	SP	O	_	_
opportuni	opportuno	AP	O	_	_
e	e	C	O	_	_
la	il	RS	O	_	_
via	via	SS	O	_	_
giusta	giusto	AS	O	_	_
per	per	E	O	_	_
arrivare	arrivare	VF	O	_	_
a	a	E	O	_	_
questa	questo	DS	O	_	_
meta	meta	SS	O	_	_
»	»	XPO	O	_	_
.	.	XPS	O	_	_

Il	il	RS	O	_	_
fatto	fatto	SS	O	_	_
che	che	CCHE	O	_	_
negli	in/det	EP	O	_	_
ultimi	ultimo	AP	O	_	_
anni	anno	SP	O	_	_
i	il	RP	O	_	_
socialisti	socialista	SP	O	_	_
hanno	avere	VIY	O	_	_
appoggiato	appoggiare	VSP	O	_	_
calorosamente	calorosamente	B	O	_	_
qualunque	qualunque	DS	O	_	_
moto	moto	SS	O	_	_
antireligioso	antireligioso	AS	O	_	_
venuto	venire	VSP	O	_	_
dalla	da/det	ES	O	_	_
massoneria	massoneria	SS	O	_	_
,	comma	XPW	O	_	_
come	come	CADV	O	_	_
quello	quello	PS	O	_	_
pro	pro	E	O	_	_
divorzio	divorzio	SS	O	_	_
e	e	C	O	_	_
quello	quello	PS	O	_	_
per	per	E	O	_	_
la	il	RS	O	_	_
scuola	scuola	SS	O	_	_
atea	atea	AS	O	_	_
sono	essere	VI	O	_	_
più	più	B	O	_	_
che	che	CCHE	O	_	_
mai	mai	B	O	_	_
una	uno	RS	O	_	_
conferma	conferma	SS	O	_	_
(	open_parenthesis	XPB	O	_	_
applausi	applauso	SP	O	_	_
)	close_parenthesis	XPB	O	_	_
.	.	XPS	O	_	_

Ma	ma	C	O	_	_
c’	ci	B	O	_	_
è	essere	VI	O	_	_
di	di	E	O	_	_
più	più	B	O	_	_
.	.	XPS	O	_	_

Anche	anche	C	O	_	_
il	il	RS	O	_	_
movimento	movimento	SS	O	_	_
Los	los	SPN	O	_	_
von	von	VI	O	_	_
Rom	rom	SPN	O	_	_
,	comma	XPW	O	_	_
cioè	cioe`	B	O	_	_
un	uno	RS	O	_	_
movimento	movimento	SS	O	_	_
perfettamente	perfettamente	B	O	_	_
settario	settario	AS	O	_	_
diretto	diretto	AS	O	_	_
contro	contro	E	O	_	_
la	il	RS	O	_	_
Chiesa	chiesa	SS	O	_	_
cattolica	cattolico	AS	O	_	_
,	comma	XPW	O	_	_
venne	venire	VIY	O	_	_
favorito	favorire	VSP	O	_	_
dai	da/det	EP	O	_	_
socialisti	socialista	SP	O	_	_
.	.	XPS	O	_	_

(	open_parenthesis	XPB	O	_	_
Qualcuno	qualcuno	PS	O	_	_
interrompe	interrompere	VI	O	_	_
)	close_parenthesis	XPB	O	_	_
.	.	XPS	O	_	_

D.r	d.r	YA	O	_	_
Degasperi	degasperi	SPN	O	_	_
:	:	XPS	O	_	_
Sfido	sfidare	VI	O	_	_
chiunque	chiunque	B	O	_	_
a	a	E	O	_	_
negare	negare	VF	O	_	_
che	che	CCHE	O	_	_
i	il	RP	O	_	_
socialisti	socialista	SP	O	_	_
viennesi	viennese	AP	O	_	_
due	due	N	O	_	_
anni	anno	SP	O	_	_
fa	fa	B	O	_	_
e	e	C	O	_	_
l’	l’	PS	O	_	_
anno	anno	VIY	O	_	_
scorso	scorrere	VSP	O	_	_
non	non	B	O	_	_
hanno	avere	VIY	O	_	_
preso	prendere	VSP	O	_	_
direttamente	direttamente	B	O	_	_
parte	parte	SS	O	_	_
al	a/det	ES	O	_	_
movimento	movimento	SS	O	_	_
del	di/det	ES	O	_	_
Los	los	SPN	O	_	_
von	von	VI	O	_	_
Rom	rom	SPN	O	_	_
sotto	sotto	E	O	_	_
la	il	RS	O	_	_
direzione	direzione	SS	O	_	_
dello	di/det	ES	O	_	_
Schumeier	schumeier	SPN	O	_	_
(	open_parenthesis	XPB	O	_	_
applausi	applauso	SP	O	_	_
)	close_parenthesis	XPB	O	_	_
.	.	XPS	O	_	_

Unioni	unione	SP	O	_	_
professionali	professionale	AP	O	_	_
cristiane	cristiano	AP	O	_	_
Da	da	E	O	_	_
questi	questo	PP	O	_	_
ed	ed	C	O	_	_
altri	altro	DP	O	_	_
fatti	fatto	SP	O	_	_
che	che	CCHE	O	_	_
non	non	B	O	_	_
vi	vi	B	O	_	_
posso	potere	VI	O	_	_
riassumere	riassumere	VF	O	_	_
,	comma	XPW	O	_	_
l’	il	RS	O	_	_
oratore	oratore	SS	O	_	_
spiega	spiegare	VI	O	_	_
il	il	RS	O	_	_
formarsi	formare/rifl	VF+E	O	_	_
di	di	E	O	_	_
una	uno	RS	O	_	_
nuova	nuovo	AS	O	_	_
corrente	corrente	SS	O	_	_
,	comma	XPW	O	_	_
fra	fra	E	O	_	_
gli	il	RP	O	_	_
operai	operaio	SP	O	_	_
,	comma	XPW	O	_	_
quella	quello	PS	O	_	_
delle	di/det	EP	O	_	_
Unioni	unione	SP	O	_	_
professionali	professionale	AP	O	_	_
cristiane	cristiano	AP	O	_	_
,	comma	XPW	O	_	_
che	che	CCHE	O	_	_
ora	ora	B	O	_	_
si	rifl	PN	O	_	_
prendono	prendere	VI	O	_	_
a	a	E	O	_	_
fondare	fondare	VF	O	_	_
in	in	E	O	_	_
tutta	tutto	DS	O	_	_
l’	il	RS	O	_	_
Austria	austria	SPN	GPE	47.2000338	13.199959
.	.	XPS	O	_	_

Lavoratori	lavoratore	SP	O	_	_
,	comma	XPW	O	_	_
emigrati	emigrare	VPP	O	_	_
del	di/det	ES	O	_	_
Trentino	trentino	SPN	GPE	46.102869	11.12961993
,	comma	XPW	O	_	_
potete	potere	VI	O	_	_
voi	voi	PS	O	_	_
fidarvi	fidare/voi/loc	VF+E	O	_	_
di	di	E	O	_	_
noi	noi	PP	O	_	_
,	comma	XPW	O	_	_
se	se	C	O	_	_
vi	vi	B	O	_	_
eccitiamo	eccitare	VI	O	_	_
ad	ad	E	O	_	_
entrare	entrare	VF	O	_	_
nelle	in/det	EP	O	_	_
nostre	nostro	DP	O	_	_
organizzazioni	organizzazione	SP	O	_	_
.	.	XPS	O	_	_

Badate	badare	VPP	O	_	_
ai	a/det	EP	O	_	_
fatti	fatto	SP	O	_	_
.	.	XPS	O	_	_

I	il	RP	O	_	_
cattolici	cattolico	SP	O	_	_
trentini	trentino	AP	O	_	_
hannno	hannno	VIY	O	_	_
fondato	fondare	VSP	O	_	_
dal	da/det	ES	O	_	_
1891	1891	N	O	_	_
in	in	E	O	_	_
poi	poi	B	O	_	_
230	230	N	O	_	_
cooperative	cooperativa	SP	O	_	_
che	che	CCHE	O	_	_
raggiungono	raggiungere	VI	O	_	_
un	uno	RS	O	_	_
giro	giro	SS	O	_	_
d’	di	E	O	_	_
affari	affare	SP	O	_	_
di	di	E	O	_	_
43	43	N	O	_	_
milioni	milione	SP	O	_	_
,	comma	XPW	O	_	_
hanno	avere	VIY	O	_	_
eretto	erigere	VSP	O	_	_
delle	di/det	EP	O	_	_
Casse	casse	SPN	O	_	_
rurali	rurale	AP	O	_	_
che	che	CCHE	O	_	_
sono	essere	VI	O	_	_
148	148	N	O	_	_
con	con	E	O	_	_
30	30	N	O	_	_
milioni	milione	SP	O	_	_
di	di	E	O	_	_
depositi	deposito	SP	O	_	_
,	comma	XPW	O	_	_
hanno	avere	VIY	O	_	_
promosso	promuovere	VSP	O	_	_
il	il	RS	O	_	_
Sindacato	sindacato	SPN	O	_	_
che	che	CCHE	O	_	_
vende	vendere	VI	O	_	_
4	4	N	O	_	_
milioni	milione	SP	O	_	_
di	di	E	O	_	_
merce	merce	SS	O	_	_
,	comma	XPW	O	_	_
hanno	avere	VIY	O	_	_
organizzato	organizzare	VSP	O	_	_
in	in	E	O	_	_
società	società	SN	O	_	_
economiche	economico	AP	O	_	_
44	44	N	O	_	_
mila	mila	N	O	_	_
contadini	contadino	SP	O	_	_
e	e	C	O	_	_
lavoratori	lavoratore	SP	O	_	_
.	.	XPS	O	_	_

Ed	ed	C	O	_	_
ora	ora	B	O	_	_
coi	con/det	EP	O	_	_
denari	denaro	SP	O	_	_
dei	di/det	EP	O	_	_
cooperatori	cooperatore	SP	O	_	_
fondano	fondare	VI	O	_	_
la	il	RS	O	_	_
Banca	banca	SS	O	_	_
industriale	industriale	AS	O	_	_
che	che	CCHE	O	_	_
deve	dovere	VI	O	_	_
portare	portare	VF	O	_	_
una	uno	RS	O	_	_
nuova	nuovo	AS	O	_	_
vita	vita	SS	O	_	_
al	a/det	ES	O	_	_
paese	paese	SS	O	_	_
(	open_parenthesis	XPB	O	_	_
qualche	qualche	DS	O	_	_
socialista	socialista	SS	O	_	_
interrrompe	interrrompe	VI	O	_	_
)	close_parenthesis	XPB	O	_	_
.	.	XPS	O	_	_

D.r	d.r	YA	O	_	_
Degasperi	degasperi	SPN	O	_	_
:	:	XPS	O	_	_
Signori	signori	SPN	O	_	_
socialisti	socialista	SP	O	_	_
,	comma	XPW	O	_	_
dimandatelo	dimandatelo	VI	O	_	_
ai	a/det	EP	O	_	_
vostri	vostro	DP	O	_	_
compagni	compagno	SP	O	_	_
dell’	di/det	ES	O	_	_
Umanitaria	umanitaria	SPN	O	_	_
di	di	E	O	_	_
Milano	milano	SPN	GPE	45.466797	9.1905368
,	comma	XPW	O	_	_
che	che	CCHE	O	_	_
restarono	restare	VI	O	_	_
addirittura	addirittura	B	O	_	_
meravigliati	meravigliare	VPP	O	_	_
della	di/det	ES	O	_	_
nostra	nostro	DS	O	_	_
cooperazione	cooperazione	SS	O	_	_
e	e	C	O	_	_
vennero	venire	VIY	O	_	_
apposta	apporre	VSP	O	_	_
a	a	E	O	_	_
visitare	visitare	VF	O	_	_
i	il	RP	O	_	_
nostri	nostro	DP	O	_	_
istituti	istituto	SP	O	_	_
(	open_parenthesis	XPB	O	_	_
applausi	applauso	SP	O	_	_
)	close_parenthesis	XPB	O	_	_
.	.	XPS	O	_	_

Del	di/det	ES	O	_	_
pari	pari	AN	O	_	_
si	rifl	PN	O	_	_
dica	dire	VI	O	_	_
delle	di/det	EP	O	_	_
organizzazioni	organizzazione	SP	O	_	_
per	per	E	O	_	_
il	il	RS	O	_	_
bestiame	bestiame	SS	O	_	_
,	comma	XPW	O	_	_
per	per	E	O	_	_
i	il	RP	O	_	_
forni	forno	SP	O	_	_
essicatoi	essicatoi	AP	O	_	_
.	.	XPS	O	_	_

Voi	voi	PS	O	_	_
direte	dire	VI	O	_	_
,	comma	XPW	O	_	_
tutto	tutto	DS	O	_	_
questo	questo	PS	O	_	_
è	essere	VI	O	_	_
in	in	E	O	_	_
massima	massima	SS	O	_	_
per	per	E	O	_	_
i	il	RP	O	_	_
contadini	contadino	SP	O	_	_
.	.	XPS	O	_	_

È	essere	VI	O	_	_
vero	vero	AS	O	_	_
,	comma	XPW	O	_	_
ma	ma	C	O	_	_
anche	anche	C	O	_	_
per	per	E	O	_	_
gli	il	RP	O	_	_
operai	operaio	SP	O	_	_
industriali	industriale	AP	O	_	_
abbiamo	avere	VIY	O	_	_
tentato	tentare	VSP	O	_	_
il	il	RS	O	_	_
possibile	possibile	AS	O	_	_
.	.	XPS	O	_	_

A	a	E	O	_	_
Trento	trento	SPN	GPE	46.0664228	11.1257601
si	rifl	PN	O	_	_
fabbricarono	fabbricare	VI	O	_	_
le	il	RP	O	_	_
case	casa	SP	O	_	_
operaie	operaio	AP	O	_	_
,	comma	XPW	O	_	_
si	rifl	PN	O	_	_
fondò	fondare	VI	O	_	_
una	uno	RS	O	_	_
cassa	cassa	SS	O	_	_
d’	di	E	O	_	_
assicurazione	assicurazione	SS	O	_	_
e	e	C	O	_	_
abbiamo	avere	VIY	O	_	_
tentato	tentare	VSP	O	_	_
anche	anche	C	O	_	_
le	il	RP	O	_	_
Unioni	unione	SP	O	_	_
professionali	professionale	AP	O	_	_
.	.	XPS	O	_	_

Di	di	E	O	_	_
chi	chi	CCHI	O	_	_
la	il	RS	O	_	_
colpa	colpa	SS	O	_	_
,	comma	XPW	O	_	_
se	se	C	O	_	_
troviamo	trovare	VI	O	_	_
tanta	tanto	DS	O	_	_
diffidenza	diffidenza	SS	O	_	_
negli	in/det	EP	O	_	_
operai	operaio	SP	O	_	_
?	?	XPS	O	_	_

Dei	di/det	EP	O	_	_
capi	capo	SP	O	_	_
socialisti	socialista	AP	O	_	_
,	comma	XPW	O	_	_
che	che	CCHE	O	_	_
hanno	avere	VIY	O	_	_
dipinto	dipingere	VSP	O	_	_
i	il	RP	O	_	_
cattolici	cattolico	SP	O	_	_
e	e	C	O	_	_
il	il	RS	O	_	_
prete	prete	SS	O	_	_
come	come	CADV	O	_	_
gli	il	RP	O	_	_
strozzini	strozzino	SP	O	_	_
,	comma	XPW	O	_	_
come	come	CADV	O	_	_
i	il	RP	O	_	_
primi	primo	AP	O	_	_
nemici	nemico	SP	O	_	_
degli	di/det	EP	O	_	_
operai	operaio	SP	O	_	_
.	.	XPS	O	_	_

E	e	C	O	_	_
ci	ci	PP	O	_	_
hanno	avere	VIY	O	_	_
creduto	credere	VSP	O	_	_
a	a	E	O	_	_
questi	questo	DP	O	_	_
capi	capo	SP	O	_	_
,	comma	XPW	O	_	_
e	e	C	O	_	_
quando	quando	CADV	O	_	_
noi	noi	PP	O	_	_
dicevamo	dire	VI	O	_	_
,	comma	XPW	O	_	_
non	non	B	O	_	_
fidatevene	fidatevene	VI	O	_	_
,	comma	XPW	O	_	_
siamo	essere	VIY	O	_	_
stati	essere	VPPY	O	_	_
scherniti	schernire	VPP	O	_	_
.	.	XPS	O	_	_

Il	il	RS	O	_	_
tempo	tempo	SS	O	_	_
ha	avere	VIY	O	_	_
fatto	fare	VSP	O	_	_
giustizia	giustizia	SS	O	_	_
Ma	ma	C	O	_	_
il	il	RS	O	_	_
tempo	tempo	SS	O	_	_
ha	avere	VIY	O	_	_
fatto	fare	VSP	O	_	_
giustizia	giustizia	SS	O	_	_
.	.	XPS	O	_	_

Che	che	CCHE	O	_	_
ne	ne	PN	O	_	_
è	essere	VI	O	_	_
del	di/det	ES	O	_	_
d.r	d.r	YA	O	_	_
Battisti	battisti	SPN	O	_	_
,	comma	XPW	O	_	_
su	su	E	O	_	_
cui	cui	PN	O	_	_
giuravate	giuravate	VI	O	_	_
un	uno	RS	O	_	_
giorno	giorno	SS	O	_	_
e	e	C	O	_	_
che	che	CCHE	O	_	_
anche	anche	C	O	_	_
qui	qui	B	O	_	_
a	a	E	O	_	_
Merano	merano	SPN	GPE	46.6695547	11.1594185
avete	avere	VIY	O	_	_
applaudito	applaudire	VSP	O	_	_
.	.	XPS	O	_	_

È	essere	VIY	O	_	_
stato	essere	VSPY	O	_	_
espulso	espellere	VSP	O	_	_
dal	da/det	ES	O	_	_
partito	partito	SS	O	_	_
,	comma	XPW	O	_	_
e	e	C	O	_	_
voi	voi	PS	O	_	_
ora	ora	B	O	_	_
lo	lo	PS	O	_	_
accusate	accusare	VI	O	_	_
d’	di	E	O	_	_
essere	essere	VFY	O	_	_
divenuto	divenire	VSP	O	_	_
uno	uno	PS	O	_	_
di	di	E	O	_	_
quella	quello	DS	O	_	_
borghesia	borghesia	SS	O	_	_
,	comma	XPW	O	_	_
contro	contro	E	O	_	_
cui	cui	PN	O	_	_
ha	avere	VIY	O	_	_
predicato	predicare	VSP	O	_	_
.	.	XPS	O	_	_

Il	il	RS	O	_	_
d.r	d.r	YA	O	_	_
Colmano	colmano	SPN	O	_	_
s’	s’	PN	O	_	_
è	essere	VIY	O	_	_
ritirato	ritirare	VSP	O	_	_
dal	da/det	ES	O	_	_
partito	partito	SS	O	_	_
,	comma	XPW	O	_	_
e	e	C	O	_	_
si	rifl	PN	O	_	_
dice	dire	VI	O	_	_
la	il	RS	O	_	_
pensi	pensi	SS	O	_	_
tutt’	tutt’	AS	O	_	_
altro	altro	PS	O	_	_
che	che	CCHE	O	_	_
da	da	E	O	_	_
socialista	socialista	SS	O	_	_
.	.	XPS	O	_	_

A	a	E	O	_	_
Trento	trento	SPN	GPE	46.0664228	11.1257601
avete	avere	VI	O	_	_
una	uno	RS	O	_	_
serie	serie	SN	O	_	_
di	di	E	O	_	_
sette	sette	N	O	_	_
socialiste	socialista	SP	O	_	_
,	comma	XPW	O	_	_
la	il	RS	O	_	_
Camera	camera	SS	O	_	_
di	di	E	O	_	_
lavoro	lavoro	SS	O	_	_
in	in	E	O	_	_
lotta	lotta	SS	O	_	_
coi	con/det	EP	O	_	_
battistiani	battistiani	SP	O	_	_
,	comma	XPW	O	_	_
entrambi	entrambi	PS	O	_	_
colla	con/det	ES	O	_	_
dimissionaria	dimissionario	AS	O	_	_
direzione	direzione	SS	O	_	_
della	di/det	ES	O	_	_
Cassa	cassa	SS	O	_	_
ammalati	ammalare	VPP	O	_	_
.	.	XPS	O	_	_

(	open_parenthesis	XPB	O	_	_
Un	uno	RS	O	_	_
socialista	socialista	SS	O	_	_
interrompe	interrompere	VI	O	_	_
)	close_parenthesis	XPB	O	_	_
.	.	XPS	O	_	_

Ehi	ehi	SPN	O	_	_
"!"	esclamation_mark	XPS	O	_	_

Signor	signor	SPN	O	_	_
interruttore	interruttore	SS	O	_	_
,	comma	XPW	O	_	_
sa	sapere	VI	O	_	_
niente	niente	PS	O	_	_
lei	lei	PS	O	_	_
dell’	di/det	ES	O	_	_
affare	affare	SS	O	_	_
della	di/det	ES	O	_	_
lega	lega	SS	O	_	_
metallurgici	metallurgico	AP	O	_	_
?	?	XPS	O	_	_

(	open_parenthesis	XPB	O	_	_
Applausi	applausi	SPN	O	_	_
)	close_parenthesis	XPB	O	_	_
.	.	XPS	O	_	_

Oppure	oppure	C	O	_	_
sa	sapere	VI	O	_	_
qualche	qualche	DS	O	_	_
cosa	cosa	SS	O	_	_
di	di	E	O	_	_
certe	certo	DP	O	_	_
persone	persona	SP	O	_	_
calate	calare	VPP	O	_	_
dal	da/det	ES	O	_	_
Vorarlberg	vorarlberg	SPN	GPE	47.25	9.9166667
?	?	XPS	O	_	_

(	open_parenthesis	XPB	O	_	_
Applausi	applauso	SP	O	_	_
prolungati	prolungare	VPP	O	_	_
)	close_parenthesis	XPB	O	_	_
.	.	XPS	O	_	_

Mi	io	PS	O	_	_
rincresce	rincrescere	VI	O	_	_
di	di	E	O	_	_
dover	dovere	VF	O	_	_
fare	fare	VF	O	_	_
delle	di/det	EP	O	_	_
personalità	personalità	SN	O	_	_
,	comma	XPW	O	_	_
ma	ma	C	O	_	_
conviene	convenire	VI	O	_	_
,	comma	XPW	O	_	_
se	se	C	O	_	_
mi	io	PS	O	_	_
sfidate	sfidare	VI	O	_	_
,	comma	XPW	O	_	_
che	che	CCHE	O	_	_
dite	dire	VI	O	_	_
pane	pane	SS	O	_	_
al	a/det	ES	O	_	_
pane	pane	SS	O	_	_
o	o	C	O	_	_
vino	vino	SS	O	_	_
al	a/det	ES	O	_	_
vino	vino	SS	O	_	_
.	.	XPS	O	_	_

Questi	questo	PP	O	_	_
furono	essere	VI	O	_	_
,	comma	XPW	O	_	_
o	o	C	O	_	_
socialisti	socialista	SP	O	_	_
,	comma	XPW	O	_	_
i	il	RP	O	_	_
vostri	vostro	DP	O	_	_
capi	capo	SP	O	_	_
,	comma	XPW	O	_	_
eppure	eppure	C	O	_	_
voi	voi	PP	O	_	_
siete	essere	VI	O	_	_
sempre	sempre	B	O	_	_
pronti	pronto	AP	O	_	_
a	a	E	O	_	_
credere	credere	VF	O	_	_
a	a	E	O	_	_
qualunque	qualunque	DS	O	_	_
avventuriere	avventuriere	SS	O	_	_
,	comma	XPW	O	_	_
a	a	E	O	_	_
qualunque	qualunque	DS	O	_	_
profugo	profugo	SS	O	_	_
che	che	CCHE	O	_	_
vi	vi	B	O	_	_
capita	capitare	VI	O	_	_
addosso	addossare	VI	O	_	_
.	.	XPS	O	_	_

Io	io	PS	O	_	_
non	non	B	O	_	_
attacco	attaccare	VI	O	_	_
nessuno	nessuno	PS	O	_	_
ma	ma	C	O	_	_
vi	vi	B	O	_	_
dico	dire	VI	O	_	_
:	:	XPS	O	_	_
Occhio	occhio	SS	O	_	_
aperto	aperto	AS	O	_	_
,	comma	XPW	O	_	_
attenti	attento	AP	O	_	_
ai	a/det	EP	O	_	_
fatti	fatto	SP	O	_	_
e	e	C	O	_	_
non	non	B	O	_	_
credete	credere	VI	O	_	_
alle	a/det	EP	O	_	_
chiacchiere	chiacchiera	SP	O	_	_
.	.	XPS	O	_	_

(	open_parenthesis	XPB	O	_	_
Applausi	applausi	SPN	O	_	_
lunghissimi	lungo	AP	O	_	_
)	close_parenthesis	XPB	O	_	_
.	.	XPS	O	_	_

Un	uno	RS	O	_	_
socialista	socialista	SS	O	_	_
grida	grida	AS	O	_	_
:	:	XPS	O	_	_
Voi	voi	PS	O	_	_
siete	essere	VI	O	_	_
contro	contro	E	O	_	_
gli	il	RP	O	_	_
scioperi	sciopero	SP	O	_	_
"!"	esclamation_mark	XPS	O	_	_

D.r	d.r	YA	O	_	_
Degasperi	degasperi	SPN	O	_	_
:	:	XPS	O	_	_
Sono	essere	VI	O	_	_
lieto	lieto	AS	O	_	_
che	che	CCHE	O	_	_
mi	io	PS	O	_	_
diate	dare	VI	O	_	_
l’	il	RS	O	_	_
argomento	argomento	SS	O	_	_
in	in	E	O	_	_
mano	mano	SS	O	_	_
.	.	XPS	O	_	_

Noi	noi	PP	O	_	_
siamo	essere	VI	O	_	_
solo	solo	B	O	_	_
contro	contro	E	O	_	_
gli	il	RP	O	_	_
scioperi	sciopero	SP	O	_	_
ingiusti	ingiusto	AP	O	_	_
.	.	XPS	O	_	_

N’	n’	B	O	_	_
è	essere	VI	O	_	_
prova	prova	SS	O	_	_
lo	il	RS	O	_	_
sciopero	sciopero	SS	O	_	_
dei	di/det	EP	O	_	_
segantini	segantino	SP	O	_	_
di	di	E	O	_	_
Fiemme	fiemme	SPN	O	_	_
che	che	CCHE	O	_	_
ho	avere	VIY	O	_	_
sostenuto	sostenere	VSP	O	_	_
io	io	PS	O	_	_
.	.	XPS	O	_	_

Sono	essere	VI	O	_	_
qui	qui	B	O	_	_
molti	molto	PP	O	_	_
di	di	E	O	_	_
Fiemme	fiemme	SPN	O	_	_
,	comma	XPW	O	_	_
e	e	C	O	_	_
lo	lo	PS	O	_	_
sapranno	sapere	VI	O	_	_
.	.	XPS	O	_	_

Io	io	PS	O	_	_
non	non	B	O	_	_
ho	avere	VIY	O	_	_
domandato	domandare	VSP	O	_	_
ai	a/det	EP	O	_	_
segantini	segantino	SP	O	_	_
se	se	C	O	_	_
sono	essere	VI	O	_	_
cattolici	cattolico	AP	O	_	_
,	comma	XPW	O	_	_
o	o	C	O	_	_
no	no	B	O	_	_
,	comma	XPW	O	_	_
io	io	PS	O	_	_
ho	avere	VIY	O	_	_
chiesto	chiedere	VSP	O	_	_
solo	solo	B	O	_	_
che	che	CCHE	O	_	_
la	il	RS	O	_	_
loro	loro	DP	O	_	_
organizzazione	organizzazione	SS	O	_	_
sia	sia	C	O	_	_
di	di	E	O	_	_
uomini	uomo	SP	O	_	_
onesti	onesto	AP	O	_	_
ed	ed	C	O	_	_
escluda	escludere	VI	O	_	_
qualunque	qualunque	B	O	_	_
politica	politico	AS	O	_	_
socialista	socialista	SS	O	_	_
.	.	XPS	O	_	_

A	a	E	O	_	_
proposito	proposito	SS	O	_	_
,	comma	XPW	O	_	_
mi	io	PS	O	_	_
sapete	sapere	VI	O	_	_
dire	dire	VF	O	_	_
perché	perché	C	O	_	_
l’	il	RS	O	_	_
Avvenire	avvenire	SS	O	_	_
del	di/det	ES	O	_	_
Lavoratore	lavoratore	SS	O	_	_
non	non	B	O	_	_
ha	avere	VIY	O	_	_
portato	portare	VSP	O	_	_
nemmeno	nemmeno	B	O	_	_
una	uno	RS	O	_	_
riga	riga	SS	O	_	_
di	di	E	O	_	_
questo	questo	DS	O	_	_
sciopero	sciopero	SS	O	_	_
?	?	XPS	O	_	_

–	–	XPO	O	_	_
Perché	perché	C	O	_	_
hanno	avere	VI	O	_	_
paura	paura	SS	O	_	_
che	che	CCHE	O	_	_
gli	il	RP	O	_	_
operai	operaio	SP	O	_	_
aprano	aprire	VI	O	_	_
gli	il	RP	O	_	_
occhi	occhio	SP	O	_	_
(	open_parenthesis	XPB	O	_	_
applausi	applauso	SP	O	_	_
fragorosi	fragoroso	AP	O	_	_
)	close_parenthesis	XPB	O	_	_
.	.	XPS	O	_	_

Concludo	concludere	VI	O	_	_
:	:	XPS	O	_	_
attenti	attento	AP	O	_	_
ai	a/det	EP	O	_	_
fatti	fatto	SP	O	_	_
e	e	C	O	_	_
non	non	B	O	_	_
credete	credere	VI	O	_	_
alla	a/det	ES	O	_	_
chiacchiere	chiacchiera	SP	O	_	_
.	.	XPS	O	_	_

Formate	formate	SPN	O	_	_
organizzazioni	organizzazione	SP	O	_	_
cristiane	cristiano	AP	O	_	_
,	comma	XPW	O	_	_
indipendenti	indipendente	AP	O	_	_
dal	da/det	ES	O	_	_
socialismo	socialismo	SS	O	_	_
"!"	esclamation_mark	XPS	O	_	_

(	open_parenthesis	XPB	O	_	_
Applausi	applausi	SPN	O	_	_
quasi	quasi	B	O	_	_
generali	generale	AP	O	_	_
)	close_parenthesis	XPB	O	_	_
.	.	XPS	O	_	_

Replica	replica	SPN	O	_	_
Degasperi	degasperi	SPN	O	_	_
Ho	avere	VIY	O	_	_
già	già	B	O	_	_
ribattuto	ribattere	VSP	O	_	_
in	in	E	O	_	_
parte	parte	SS	O	_	_
le	il	RP	O	_	_
asserzioni	asserzione	SP	O	_	_
degli	di/det	EP	O	_	_
avversari	avversario	SP	O	_	_
.	.	XPS	O	_	_

Flor	flor	SPN	PER	_	_
e	e	C	O	_	_
Todeschini	todeschini	SPN	PER	_	_
sono	essere	VI	O	_	_
in	in	E	O	_	_
contraddizione	contraddizione	SS	O	_	_
.	.	XPS	O	_	_

Ambedue	ambedue	SPN	O	_	_
hanno	avere	VIY	O	_	_
evitato	evitare	VSP	O	_	_
di	di	E	O	_	_
rispondere	rispondere	VF	O	_	_
ai	a/det	EP	O	_	_
fatti	fatto	SP	O	_	_
e	e	C	O	_	_
si	rifl	PN	O	_	_
sono	essere	VIY	O	_	_
rifugiati	rifugiare	VPP	O	_	_
nelle	in/det	EP	O	_	_
chiacchiere	chiacchiera	SP	O	_	_
(	open_parenthesis	XPB	O	_	_
applausi	applauso	SP	O	_	_
della	di/det	ES	O	_	_
maggioranza	maggioranza	SS	O	_	_
)	close_parenthesis	XPB	O	_	_
.	.	XPS	O	_	_

È	essere	VI	O	_	_
quindi	quindi	B	O	_	_
inutile	inutile	AS	O	_	_
che	che	CCHE	O	_	_
mi	io	PS	O	_	_
ripeta	ripetere	VI	O	_	_
.	.	XPS	O	_	_

I	il	RP	O	_	_
signori	signore	SP	O	_	_
sono	essere	VIY	O	_	_
fuggiti	fuggire	VPP	O	_	_
dal	da/det	ES	O	_	_
vero	vero	AS	O	_	_
campo	campo	SS	O	_	_
di	di	E	O	_	_
discussione	discussione	SS	O	_	_
,	comma	XPW	O	_	_
ch’	che	CCHE	O	_	_
è	essere	VI	O	_	_
il	il	RS	O	_	_
Trentino	trentino	SPN	GPE	46.102869	11.12961993
.	.	XPS	O	_	_

Una	uno	RS	O	_	_
cosa	cosa	SS	O	_	_
sola	solo	AS	O	_	_
mi	io	PS	O	_	_
preme	premere	VI	O	_	_
di	di	E	O	_	_
rettificare	rettificare	VF	O	_	_
ancora	ancora	B	O	_	_
.	.	XPS	O	_	_

Il	il	RS	O	_	_
Todeschini	todeschini	SPN	PER	_	_
ha	avere	VIY	O	_	_
detto	dire	VSP	O	_	_
che	che	CCHE	O	_	_
fu	essere	VI	O	_	_
la	il	RS	O	_	_
Chiesa	chiesa	SS	O	_	_
cattolica	cattolico	AS	O	_	_
a	a	E	O	_	_
rendere	rendere	VF	O	_	_
gli	il	RP	O	_	_
ebrei	ebrei	SP	O	_	_
tali	tale	AP	O	_	_
quali	quale	PP	O	_	_
sono	essere	VI	O	_	_
,	comma	XPW	O	_	_
perseguitandoli	perseguitandoli	SP	O	_	_
.	.	XPS	O	_	_

Ebbene	ebbene	C	O	_	_
,	comma	XPW	O	_	_
ecco	ecco	B	O	_	_
delle	di/det	EP	O	_	_
prove	prova	SP	O	_	_
in	in	E	O	_	_
contrario	contrario	SS	O	_	_
(	open_parenthesis	XPB	O	_	_
prendendo	prendere	VG	O	_	_
una	uno	RS	O	_	_
nota	nota	SS	O	_	_
in	in	E	O	_	_
mano	mano	SS	O	_	_
)	close_parenthesis	XPB	O	_	_
.	.	XPS	O	_	_

Todeschini	todeschini	SPN	PER	_	_
:	:	XPS	O	_	_
Ma	ma	C	O	_	_
Lei	lei	PS	O	_	_
adopera	adoperare	VI	O	_	_
sempre	sempre	B	O	_	_
della	di/det	ES	O	_	_
carta	carta	SS	O	_	_
,	comma	XPW	O	_	_
se	se	C	O	_	_
casca	cascare	VI	O	_	_
la	il	RS	O	_	_
carta	carta	SS	O	_	_
,	comma	XPW	O	_	_
casca	cascare	VI	O	_	_
la	il	RS	O	_	_
scienza	scienza	SS	O	_	_
.	.	XPS	O	_	_

Degasperi	degasperi	SPN	O	_	_
:	:	XPS	O	_	_
Ma	ma	C	O	_	_
quando	quando	CADV	O	_	_
parla	parlare	VI	O	_	_
Lei	lei	PS	O	_	_
casca	cascare	VI	O	_	_
l’	il	RS	O	_	_
asino	asino	SS	O	_	_
.	.	XPS	O	_	_

Io	io	PS	O	_	_
porto	portare	VI	O	_	_
dati	dato	SP	O	_	_
precisi	preciso	AP	O	_	_
e	e	C	O	_	_
quindi	quindi	C	O	_	_
adopero	adoperare	VI	O	_	_
documenti	documento	SP	O	_	_
,	comma	XPW	O	_	_
Lei	lei	PS	O	_	_
per	per	E	O	_	_
le	il	RP	O	_	_
sue	suo	DP	O	_	_
chiacchiere	chiacchiera	SP	O	_	_
non	non	B	O	_	_
adopera	adoperare	VI	O	_	_
che	che	CCHE	O	_	_
la	il	RS	O	_	_
lingua	lingua	SS	O	_	_
.	.	XPS	O	_	_

(	open_parenthesis	XPB	O	_	_
Applausi	applausi	SPN	O	_	_
)	close_parenthesis	XPB	O	_	_
.	.	XPS	O	_	_

Intanto	intanto	B	O	_	_
i	il	RP	O	_	_
socialisti	socialista	SP	O	_	_
sono	essere	VIY	O	_	_
divenuti	divenire	VPP	O	_	_
oramai	oramai	B	O	_	_
nervosi	nervoso	AP	O	_	_
e	e	C	O	_	_
vogliono	volere	VI	O	_	_
soffocare	soffocare	VF	O	_	_
la	il	RS	O	_	_
voce	voce	SS	O	_	_
dell’	di/det	ES	O	_	_
oratore	oratore	SS	O	_	_
,	comma	XPW	O	_	_
visto	vedere	VSP	O	_	_
che	che	CCHE	O	_	_
i	il	RP	O	_	_
loro	loro	DP	O	_	_
capi	capo	SP	O	_	_
erano	essere	VIY	O	_	_
insaccati	insaccare	VPP	O	_	_
.	.	XPS	O	_	_

Il	il	RS	O	_	_
Presidente	presidente	SS	O	_	_
ottiene	ottenere	VI	O	_	_
a	a	E	O	_	_
stento	stento	SS	O	_	_
la	il	RS	O	_	_
calma	calma	SS	O	_	_
.	.	XPS	O	_	_

L’	il	RS	O	_	_
oratore	oratore	SS	O	_	_
continua	continuare	VI	O	_	_
:	:	XPS	O	_	_
Il	il	RS	O	_	_
papa	papa	SS	O	_	_
Gregorio	gregorio	SPN	PER	_	_
VII	vii	SPN	PER	_	_
difese	difendere	VI	O	_	_
gli	il	RP	O	_	_
ebrei	ebrei	SP	O	_	_
dagli	da/det	EP	O	_	_
attacchi	attacco	SP	O	_	_
della	di/det	ES	O	_	_
plebe	plebe	SS	O	_	_
.	.	XPS	O	_	_

Todeschini	todeschini	SPN	PER	_	_
:	:	XPS	O	_	_
Ma	ma	C	O	_	_
questo	questo	PS	O	_	_
è	essere	VI	O	_	_
un	uno	RS	O	_	_
Papa	papa	SS	O	_	_
,	comma	XPW	O	_	_
parlo	parlare	VI	O	_	_
della	di/det	ES	O	_	_
Chiesa	chiesa	SS	O	_	_
.	.	XPS	O	_	_

Degasperi	degasperi	SPN	O	_	_
:	:	XPS	O	_	_
Porti	porti	SPN	PER	_	_
fatti	fare	VPP	O	_	_
e	e	C	O	_	_
non	non	B	O	_	_
asserzioni	asserzione	SP	O	_	_
generali	generale	AP	O	_	_
.	.	XPS	O	_	_

I	il	RP	O	_	_
vescovi	vescovo	SP	O	_	_
spagnuoli	spagnuoli	AP	O	_	_
si	rifl	PN	O	_	_
opposero	opporre	VI	O	_	_
con	con	E	O	_	_
grande	grande	AS	O	_	_
energia	energia	SS	O	_	_
ai	a/det	EP	O	_	_
popolani	popolano	SP	O	_	_
che	che	CCHE	O	_	_
volevano	volere	VI	O	_	_
massacrare	massacrare	VF	O	_	_
gli	il	RP	O	_	_
ebrei	ebrei	SP	O	_	_
.	.	XPS	O	_	_

S.	s.	YA	PER	_	_
Bernardino	bernardino	SPN	PER	_	_
nel	in/det	ES	O	_	_
secolo	secolo	SS	O	_	_
XII	xii	N	O	_	_
li	li	PP	O	_	_
difese	difendere	VI	O	_	_
dall’	da/det	ES	O	_	_
ira	ira	SS	O	_	_
dei	di/det	EP	O	_	_
crociati	crociato	SP	O	_	_
.	.	XPS	O	_	_

Così	così	B	O	_	_
si	rifl	PN	O	_	_
deve	dovere	VI	O	_	_
dire	dire	VF	O	_	_
di	di	E	O	_	_
Innocenzo	innocenzo	SPN	PER	_	_
II	ii	N	O	_	_
,	comma	XPW	O	_	_
di	di	E	O	_	_
Alessandro	alessandro	SPN	PER	_	_
III	iii	N	PER	_	_
,	comma	XPW	O	_	_
di	di	E	O	_	_
Gregorio	gregorio	SPN	PER	_	_
IX	ix	SPN	PER	_	_
per	per	E	O	_	_
gli	il	RP	O	_	_
ebrei	ebrei	SP	O	_	_
dell’	di/det	ES	O	_	_
Inghilterra	inghilterra	SPN	GPE	52.7954791	-0.5402401866
.	.	XPS	O	_	_

E	e	C	O	_	_
poi	poi	B	O	_	_
,	comma	XPW	O	_	_
signor	signore	SS	O	_	_
Todeschini	todeschini	SPN	PER	_	_
,	comma	XPW	O	_	_
non	non	B	O	_	_
sa	sapere	VI	O	_	_
quello	quello	PS	O	_	_
che	che	CCHE	O	_	_
ne	ne	PN	O	_	_
pensa	pensare	VI	O	_	_
il	il	RS	O	_	_
Papa	papa	SS	O	_	_
presente	presente	AS	O	_	_
dei	di/det	EP	O	_	_
massacri	massacro	SP	O	_	_
in	in	E	O	_	_
Russia	russia	SPN	GPE	64.6863136	97.7453061
?	?	XPS	O	_	_

Ma	ma	C	O	_	_
vedo	vedere	VI	O	_	_
che	che	CCHE	O	_	_
ne	ne	PN	O	_	_
sapete	sapere	VI	O	_	_
abbastanza	abbastanza	B	O	_	_
(	open_parenthesis	XPB	O	_	_
i	il	RP	O	_	_
socialisti	socialista	SP	O	_	_
rumoreggiano	rumoreggiare	VI	O	_	_
)	close_parenthesis	XPB	O	_	_
.	.	XPS	O	_	_

Concludo	concludere	VI	O	_	_
:	:	XPS	O	_	_
attenti	attento	AP	O	_	_
ai	a/det	EP	O	_	_
fatti	fatto	SP	O	_	_
e	e	C	O	_	_
bando	bando	SS	O	_	_
ai	a/det	EP	O	_	_
ciarlatani	ciarlatano	SP	O	_	_
"!"	esclamation_mark	XPS	O	_	_

(	open_parenthesis	XPB	O	_	_
Applausi	applauso	SP	O	_	_
della	di/det	ES	O	_	_
maggioranza	maggioranza	SS	O	_	_
)	close_parenthesis	XPB	O	_	_
.	.	XPS	O	_	_

I	il	RP	O	_	_
socialisti	socialista	SP	O	_	_
intonano	intonare	VI	O	_	_
l’	il	RS	O	_	_
inno	inno	SS	O	_	_
dei	di/det	EP	O	_	_
lavoratori	lavoratore	SP	O	_	_
,	comma	XPW	O	_	_
i	il	RP	O	_	_
nostri	nostro	DP	O	_	_
gridano	gridare	VI	O	_	_
a	a	E	O	_	_
squarciagola	squarciagola	SS	O	_	_
:	:	XPS	O	_	_
Viva	viva	I	O	_	_
la	il	RS	O	_	_
democrazia	democrazia	SS	O	_	_
cristiana	cristiano	AS	O	_	_
"!"	esclamation_mark	XPS	O	_	_

Così	così	B	O	_	_
il	il	RS	O	_	_
Presidente	presidente	SS	O	_	_
chiuse	chiudere	VPP	O	_	_
il	il	RS	O	_	_
comizio	comizio	SS	O	_	_
,	comma	XPW	O	_	_
che	che	CCHE	O	_	_
fece	fare	VI	O	_	_
ottima	ottimo	AS	O	_	_
impressione	impressione	SS	O	_	_
.	.	XPS	O	_	_

I	il	RP	O	_	_
nostri	nostro	DP	O	_	_
sono	essere	VIY	O	_	_
incoraggiati	incoraggiare	VPP	O	_	_
,	comma	XPW	O	_	_
moltissimi	molto	AP	O	_	_
neutri	neutro	SP	O	_	_
sanno	sapere	VI	O	_	_
ora	ora	B	O	_	_
cosa	cosa	PS	O	_	_
pensare	pensare	VF	O	_	_
delle	di/det	EP	O	_	_
chiacchiere	chiacchiera	SP	O	_	_
socialiste	socialista	AP	O	_	_
.	.	XPS	O	_	_

Si	rifl	PN	O	_	_
abbia	avere	VI	O	_	_
il	il	RS	O	_	_
valoroso	valoroso	AS	O	_	_
d.r	d.r	YA	O	_	_
Degasperi	degasperi	SPN	O	_	_
le	il	RP	O	_	_
nostre	nostro	DP	O	_	_
più	più	B	O	_	_
sentite	sentito	AP	O	_	_
grazie	grazie	I	O	_	_
.	.	XPS	O	_	_
