# total number of persons:11, total number of gpes:0
Per	per	E	O	_	_
un	uno	RS	O	_	_
momento	momento	SS	O	_	_
lasciamo	lasciare	VI	O	_	_
la	il	RS	O	_	_
politica	politica	SS	O	_	_
d’	di	E	O	_	_
oggi	oggi	B	O	_	_
.	.	XPS	O	_	_

Non	non	B	O	_	_
temete	temere	VI	O	_	_
,	comma	XPW	O	_	_
non	non	B	O	_	_
discorreremo	discorrere	VI	O	_	_
nemmeno	nemmeno	B	O	_	_
di	di	E	O	_	_
quella	quello	PS	O	_	_
di	di	E	O	_	_
ieri	ieri	B	O	_	_
né	né	C	O	_	_
della	di/det	ES	O	_	_
sua	suo	DS	O	_	_
storia	storia	SS	O	_	_
.	.	XPS	O	_	_

A	a	E	O	_	_
noi	noi	PP	O	_	_
ripugna	ripugnare	VI	O	_	_
in	in	E	O	_	_
tali	tale	AP	O	_	_
occasioni	occasione	SP	O	_	_
di	di	E	O	_	_
dare	dare	VF	O	_	_
in	in	E	O	_	_
pasto	pasto	SS	O	_	_
ai	a/det	EP	O	_	_
benevoli	benevoli	SP	O	_	_
lettori	lettore	AP	O	_	_
un	uno	RS	O	_	_
cosidetto	cosidetto	SS	O	_	_
«	«	XPO	O	_	_
sguardo	sguardo	SS	O	_	_
di	di	E	O	_	_
storia	storia	SS	O	_	_
patria	patrio	AS	O	_	_
»	»	XPO	O	_	_
come	come	CADV	O	_	_
s’	s’	PN	O	_	_
offre	offrire	VI	O	_	_
a	a	E	O	_	_
chi	chi	CCHI	O	_	_
ne	ne	PN	O	_	_
vuole	volere	VI	O	_	_
o	o	C	O	_	_
a	a	E	O	_	_
chi	chi	CCHI	O	_	_
ne	ne	PN	O	_	_
farebbe	fare	VI	O	_	_
a	a	E	O	_	_
meno	meno	B	O	_	_
nelle	in/det	EP	O	_	_
accademie	accademia	SP	O	_	_
e	e	C	O	_	_
in	in	E	O	_	_
parecchi	parecchio	AP	O	_	_
giornali	giornale	SP	O	_	_
di	di	E	O	_	_
questi	questo	DP	O	_	_
giorni	giorno	SP	O	_	_
.	.	XPS	O	_	_

La	il	RS	O	_	_
storia	storia	SS	O	_	_
vera	vero	AS	O	_	_
ci	ci	PP	O	_	_
ha	avere	VIY	O	_	_
da	da	E	O	_	_
fare	fare	VF	O	_	_
con	con	E	O	_	_
tali	tale	AP	O	_	_
specchietti	specchietto	SP	O	_	_
,	comma	XPW	O	_	_
come	come	CADV	O	_	_
la	il	RS	O	_	_
biografia	biografia	SS	O	_	_
di	di	E	O	_	_
un	uno	RS	O	_	_
uomo	uomo	SS	O	_	_
celebre	celebre	AS	O	_	_
col	con/det	ES	O	_	_
suo	suo	DS	O	_	_
necrologio	necrologio	SS	O	_	_
.	.	XPS	O	_	_

D’	di	E	O	_	_
altro	altro	DS	O	_	_
canto	canto	SS	O	_	_
non	non	B	O	_	_
presumiamo	presumere	VI	O	_	_
d’	di	E	O	_	_
assiderci	assidere/loc/pro	VF+E	O	_	_
arbitri	arbitro	SP	O	_	_
fra	fra	E	O	_	_
due	due	N	O	_	_
secoli	secolo	SP	O	_	_
né	né	B	O	_	_
d’	di	E	O	_	_
applicare	applicare	VF	O	_	_
ad	ad	E	O	_	_
un’	uno	RS	O	_	_
epoca	epoca	SS	O	_	_
complessa	complesso	AS	O	_	_
e	e	C	O	_	_
difficilissima	difficile	AS	O	_	_
il	il	RS	O	_	_
semplice	semplice	AS	O	_	_
metro	metro	SS	O	_	_
della	di/det	ES	O	_	_
nostra	nostro	DS	O	_	_
critica	critica	SS	O	_	_
e	e	C	O	_	_
ci	ci	PP	O	_	_
manca	mancare	VI	O	_	_
l’	il	RS	O	_	_
animo	animo	SS	O	_	_
di	di	E	O	_	_
abbracciare	abbracciare	VF	O	_	_
con	con	E	O	_	_
l’	il	RS	O	_	_
occhio	occhio	SS	O	_	_
ancora	ancora	B	O	_	_
infiammato	infiammare	VSP	O	_	_
delle	di/det	EP	O	_	_
battaglie	battaglia	SP	O	_	_
d’	di	E	O	_	_
oggi	oggi	B	O	_	_
tutta	tutto	DS	O	_	_
l’	il	RS	O	_	_
ampiezza	ampiezza	SS	O	_	_
di	di	E	O	_	_
un	uno	RS	O	_	_
periodo	periodo	SS	O	_	_
storico	storico	AS	O	_	_
che	che	CCHE	O	_	_
va	andare	VI	O	_	_
da	da	E	O	_	_
Metternich	metternich	SPN	PER	_	_
e	e	C	O	_	_
il	il	RS	O	_	_
conte	conte	SS	O	_	_
Latour	latour	SPN	PER	_	_
fino	fino	E	O	_	_
al	a/det	ES	O	_	_
«	«	XPO	O	_	_
principe	principe	SS	O	_	_
rosso	rosso	AS	O	_	_
»	»	XPO	O	_	_
e	e	C	O	_	_
al	a/det	ES	O	_	_
baron	baron	SS	O	_	_
Beck	beck	SPN	PER	_	_
.	.	XPS	O	_	_

Anche	anche	C	O	_	_
codesta	codesto	DS	O	_	_
precipitata	precipitare	VSP	O	_	_
filosofia	filosofia	SS	O	_	_
della	di/det	ES	O	_	_
storia	storia	SS	O	_	_
non	non	B	O	_	_
sarebbe	essere	VI	O	_	_
che	che	CCHE	O	_	_
rettorica	rettorica	AS	O	_	_
.	.	XPS	O	_	_

E	e	C	O	_	_
noi	noi	PP	O	_	_
rifiutiamo	rifiutare	VI	O	_	_
il	il	RS	O	_	_
nostro	nostro	DS	O	_	_
contributo	contributo	SS	O	_	_
e	e	C	O	_	_
alla	a/det	ES	O	_	_
rettorica	rettorica	SS	O	_	_
degli	di/det	EP	O	_	_
elogiatori	elogiatore	SP	O	_	_
e	e	C	O	_	_
a	a	E	O	_	_
quella	quello	PS	O	_	_
dei	di/det	EP	O	_	_
detrattori	detrattore	SP	O	_	_
.	.	XPS	O	_	_

No	no	B	O	_	_
,	comma	XPW	O	_	_
un	uno	RS	O	_	_
momento	momento	SS	O	_	_
di	di	E	O	_	_
tregua	tregua	SS	O	_	_
.	.	XPS	O	_	_

Non	non	B	O	_	_
pensiamo	pensare	VI	O	_	_
a	a	E	O	_	_
Francesco	francesco	SPN	PER	_	_
Giuseppe	giuseppe	SPN	PER	_	_
come	come	CADV	O	_	_
apparirà	apparire	VI	O	_	_
allo	a/det	ES	O	_	_
storico	storico	SS	O	_	_
dalla	da/det	ES	O	_	_
immensa	immenso	AS	O	_	_
collezione	collezione	SS	O	_	_
di	di	E	O	_	_
atti	atto	SP	O	_	_
che	che	CCHE	O	_	_
portano	portare	VI	O	_	_
la	il	RS	O	_	_
sua	suo	DS	O	_	_
firma	firma	SS	O	_	_
,	comma	XPW	O	_	_
volgiamo	volgere	VI	O	_	_
invece	invece	B	O	_	_
il	il	RS	O	_	_
pensiero	pensiero	SS	O	_	_
al	a/det	ES	O	_	_
lato	lato	SS	O	_	_
umano	umano	AS	O	_	_
.	.	XPS	O	_	_

Il	il	RS	O	_	_
giardiniere	giardiniere	SS	O	_	_
canuto	canuto	VSP	O	_	_
,	comma	XPW	O	_	_
il	il	RS	O	_	_
quale	quale	PS	O	_	_
passeggia	passeggiare	VI	O	_	_
,	comma	XPW	O	_	_
reggendosi	reggere/rifl	VG+E	O	_	_
a	a	E	O	_	_
fatica	fatica	SS	O	_	_
,	comma	XPW	O	_	_
sotto	sotto	E	O	_	_
gli	il	RP	O	_	_
alberi	albero	SP	O	_	_
ampi	ampio	AP	O	_	_
e	e	C	O	_	_
robusti	robusto	AP	O	_	_
ch’	che	CCHE	O	_	_
egli	egli	PP	O	_	_
da	da	E	O	_	_
giovanetto	giovanetto	SS	O	_	_
ha	avere	VIY	O	_	_
piantato	piantare	VSP	O	_	_
e	e	C	O	_	_
poi	poi	B	O	_	_
su	su	E	O	_	_
e	e	C	O	_	_
su	su	E	O	_	_
coltivato	coltivato	SS	O	_	_
con	con	E	O	_	_
amorosa	amoroso	AS	O	_	_
cura	cura	SS	O	_	_
,	comma	XPW	O	_	_
ha	avere	VIY	O	_	_
diritto	diritto	VSP	O	_	_
di	di	E	O	_	_
rallegrarsi	rallegrare/rifl	VF+E	O	_	_
dell’	di/det	ES	O	_	_
opera	opera	SS	O	_	_
sua	suo	DS	O	_	_
;	semicolon	XPS	O	_	_

e	e	C	O	_	_
noi	noi	PP	O	_	_
,	comma	XPW	O	_	_
passando	passare	VG	O	_	_
,	comma	XPW	O	_	_
gli	gli	PS	O	_	_
facciamo	fare	VI	O	_	_
di	di	E	O	_	_
cappello	cappello	SS	O	_	_
,	comma	XPW	O	_	_
compresi	comprendere	VPP	O	_	_
del	di/det	ES	O	_	_
profondo	profondo	AS	O	_	_
senso	senso	SS	O	_	_
di	di	E	O	_	_
rispetto	rispetto	SS	O	_	_
che	che	CCHE	O	_	_
infonde	infondere	VI	O	_	_
una	uno	RS	O	_	_
lunga	lungo	AS	O	_	_
età	età	SN	O	_	_
faticosa	faticoso	AS	O	_	_
,	comma	XPW	O	_	_
un	uno	RS	O	_	_
lavoro	lavoro	SS	O	_	_
assiduo	assiduo	AS	O	_	_
e	e	C	O	_	_
tenace	tenace	AS	O	_	_
,	comma	XPW	O	_	_
l’	il	RS	O	_	_
emanazione	emanazione	SS	O	_	_
pratica	pratico	AS	O	_	_
di	di	E	O	_	_
quello	quello	PS	O	_	_
che	che	CCHE	O	_	_
si	rifl	PN	O	_	_
dice	dire	VI	O	_	_
il	il	RS	O	_	_
sentimento	sentimento	SS	O	_	_
del	di/det	ES	O	_	_
dovere	dovere	SS	O	_	_
.	.	XPS	O	_	_

Sostituite	sostituite	SP	O	_	_
al	a/det	ES	O	_	_
giardiniere	giardiniere	SS	O	_	_
un	uno	RS	O	_	_
uomo	uomo	SS	O	_	_
di	di	E	O	_	_
Stato	stato	SS	O	_	_
,	comma	XPW	O	_	_
un	uno	RS	O	_	_
re	re	SN	O	_	_
che	che	CCHE	O	_	_
regna	regnare	VI	O	_	_
e	e	C	O	_	_
governa	governare	VI	O	_	_
:	:	XPS	O	_	_
il	il	RS	O	_	_
suo	suo	DS	O	_	_
giardino	giardino	SS	O	_	_
è	essere	VI	O	_	_
un	uno	RS	O	_	_
variopinto	variopinto	SS	O	_	_
campo	campo	SS	O	_	_
d’	di	E	O	_	_
uomini	uomo	SP	O	_	_
,	comma	XPW	O	_	_
la	il	RS	O	_	_
sua	suo	DS	O	_	_
opera	opera	SS	O	_	_
un	uno	RS	O	_	_
cumulo	cumulo	SS	O	_	_
di	di	E	O	_	_
lavoro	lavoro	SS	O	_	_
sociale	sociale	AS	O	_	_
che	che	CCHE	O	_	_
promuove	promuovere	VI	O	_	_
e	e	C	O	_	_
produce	produrre	VI	O	_	_
in	in	E	O	_	_
moltissimi	molto	AP	O	_	_
altri	altro	DP	O	_	_
immenso	immenso	SP	O	_	_
e	e	C	O	_	_
molteplice	molteplice	SS	O	_	_
lavoro	lavoro	SS	O	_	_
.	.	XPS	O	_	_

La	il	RS	O	_	_
storia	storia	SS	O	_	_
non	non	B	O	_	_
potrà	potere	VI	O	_	_
negare	negare	VF	O	_	_
a	a	E	O	_	_
Francesco	francesco	SPN	PER	_	_
Giuseppe	giuseppe	SPN	PER	_	_
la	il	RS	O	_	_
sottomissione	sottomissione	SS	O	_	_
costante	costante	AS	O	_	_
della	di/det	ES	O	_	_
sua	suo	DS	O	_	_
persona	persona	SS	O	_	_
a	a	E	O	_	_
quello	quello	PS	O	_	_
che	che	CCHE	O	_	_
gli	gli	PS	O	_	_
apparve	apparire	VI	O	_	_
il	il	RS	O	_	_
proprio	proprio	DS	O	_	_
dovere	dovere	SS	O	_	_
,	comma	XPW	O	_	_
l’	il	RS	O	_	_
abnegazione	abnegazione	SS	O	_	_
della	di/det	ES	O	_	_
propria	propria	DS	O	_	_
personalità	personalità	SN	O	_	_
di	di	E	O	_	_
fronte	fronte	SS	O	_	_
alla	a/det	ES	O	_	_
causa	causa	SS	O	_	_
che	che	CCHE	O	_	_
ritenne	ritenere	VI	O	_	_
grande	grande	AS	O	_	_
e	e	C	O	_	_
da	da	E	O	_	_
seguirsi	seguire/rifl	VF+E	O	_	_
.	.	XPS	O	_	_

E	e	C	O	_	_
su	su	E	O	_	_
quest’	questo	DS	O	_	_
uomo	uomo	SS	O	_	_
passarono	passare	VI	O	_	_
gioie	gioia	SP	O	_	_
e	e	C	O	_	_
sconfitte	sconfitta	SP	O	_	_
e	e	C	O	_	_
disastri	disastro	SP	O	_	_
;	semicolon	XPS	O	_	_

e	e	C	O	_	_
le	il	RP	O	_	_
onde	onda	SP	O	_	_
della	di/det	ES	O	_	_
sfortuna	sfortuna	SS	O	_	_
s’	s’	PN	O	_	_
accavallarono	accavallare	VI	O	_	_
,	comma	XPW	O	_	_
ingigantirono	ingigantire	VI	O	_	_
,	comma	XPW	O	_	_
sì	sì	B	O	_	_
che	che	CCHE	O	_	_
il	il	RS	O	_	_
naufragio	naufragio	SS	O	_	_
parve	parere	VI	O	_	_
imminente	imminente	AS	O	_	_
,	comma	XPW	O	_	_
inevitabile	inevitabile	AS	O	_	_
.	.	XPS	O	_	_

Ed	ed	C	O	_	_
egli	egli	PS	O	_	_
non	non	B	O	_	_
venne	venire	VIY	O	_	_
meno	meno	B	O	_	_
;	semicolon	XPS	O	_	_

quasi	quasi	B	O	_	_
solo	solo	B	O	_	_
in	in	E	O	_	_
certi	certo	DP	O	_	_
momenti	momento	SP	O	_	_
mantenne	mantenere	VI	O	_	_
quel	quello	DS	O	_	_
sereno	sereno	AS	O	_	_
ottimismo	ottimismo	SS	O	_	_
che	che	CCHE	O	_	_
seppe	sapere	VI	O	_	_
infondere	infondere	VF	O	_	_
anche	anche	C	O	_	_
nei	in/det	EP	O	_	_
suoi	suo	DP	O	_	_
collaboratori	collaboratore	SP	O	_	_
e	e	C	O	_	_
addurli	addurli	VF+E	O	_	_
sempre	sempre	B	O	_	_
a	a	E	O	_	_
nuove	nuovo	AP	O	_	_
prove	prova	SP	O	_	_
per	per	E	O	_	_
sciogliere	sciogliere	VF	O	_	_
il	il	RS	O	_	_
grave	grave	AS	O	_	_
problema	problema	SS	O	_	_
che	che	CCHE	O	_	_
travaglia	travagliare	VI	O	_	_
lo	il	RS	O	_	_
stato	stato	SS	O	_	_
plurinazionale	plurinazionale	AS	O	_	_
,	comma	XPW	O	_	_
il	il	RS	O	_	_
problema	problema	SS	O	_	_
delle	di/det	EP	O	_	_
ragioni	ragione	SP	O	_	_
e	e	C	O	_	_
della	di/det	ES	O	_	_
forma	forma	SS	O	_	_
della	di/det	ES	O	_	_
sua	suo	DS	O	_	_
esistenza	esistenza	SS	O	_	_
.	.	XPS	O	_	_

Uno	uno	PS	O	_	_
dopo	dopo	E	O	_	_
l’	il	RS	O	_	_
altro	altro	PS	O	_	_
da	da	E	O	_	_
Bach	bach	SPN	PER	_	_
a	a	E	O	_	_
Beck	beck	SPN	PER	_	_
gli	gli	PS	O	_	_
passarono	passare	VI	O	_	_
dinnanzi	dinnanzi	B	O	_	_
questi	questo	DP	O	_	_
uomini	uomo	SP	O	_	_
;	semicolon	XPS	O	_	_

vennero	venire	VI	O	_	_
su	su	E	O	_	_
con	con	E	O	_	_
fede	fede	SS	O	_	_
,	comma	XPW	O	_	_
e	e	C	O	_	_
disparvero	disparire	VI	O	_	_
,	comma	XPW	O	_	_
spezzati	spezzare	VPP	O	_	_
dalla	da/det	ES	O	_	_
bufera	bufera	SS	O	_	_
che	che	CCHE	O	_	_
non	non	B	O	_	_
seppero	sapere	VI	O	_	_
calmare	calmare	VF	O	_	_
.	.	XPS	O	_	_

Egli	egli	PS	O	_	_
solo	solo	B	O	_	_
rimase	rimanere	VI	O	_	_
a	a	E	O	_	_
ritentare	ritentare	VF	O	_	_
per	per	E	O	_	_
la	il	RS	O	_	_
millesima	millesimo	AS	O	_	_
volta	volta	SS	O	_	_
la	il	RS	O	_	_
prova	prova	SS	O	_	_
,	comma	XPW	O	_	_
prolungando	prolungare	VG	O	_	_
quasi	quasi	B	O	_	_
la	il	RS	O	_	_
vita	vita	SS	O	_	_
oltre	oltre	B	O	_	_
i	il	RP	O	_	_
confini	confino	SP	O	_	_
,	comma	XPW	O	_	_
oltre	oltre	E	O	_	_
le	il	RP	O	_	_
colonne	colonna	SP	O	_	_
erculee	erculeo	AP	O	_	_
della	di/det	ES	O	_	_
natura	natura	SS	O	_	_
.	.	XPS	O	_	_

Ma	ma	C	O	_	_
forse	forse	B	O	_	_
lo	lo	PS	O	_	_
confortarono	confortare	VI	O	_	_
all’	a/det	ES	O	_	_
opera	opera	SS	O	_	_
pubblica	pubblico	AS	O	_	_
le	il	RP	O	_	_
gioie	gioia	SP	O	_	_
domestiche	domestico	AP	O	_	_
?	?	XPS	O	_	_

Sì	sì	B	O	_	_
grande	grande	AS	O	_	_
,	comma	XPW	O	_	_
sì	sì	B	O	_	_
orribile	orribile	AS	O	_	_
fu	essere	VI	O	_	_
la	il	RS	O	_	_
tragedia	tragedia	SS	O	_	_
che	che	CCHE	O	_	_
ne	ne	PN	O	_	_
piansero	piangere	VI	O	_	_
non	non	B	O	_	_
i	il	RP	O	_	_
cortigiani	cortigiano	SP	O	_	_
e	e	C	O	_	_
i	il	RP	O	_	_
suoi	suo	DP	O	_	_
fedeli	fedele	SP	O	_	_
,	comma	XPW	O	_	_
ma	ma	C	O	_	_
la	il	RS	O	_	_
musa	musa	SS	O	_	_
della	di/det	ES	O	_	_
rivoluzione	rivoluzione	SS	O	_	_
italiana	italiano	AS	O	_	_
.	.	XPS	O	_	_

In	in	E	O	_	_
quei	quello	DP	O	_	_
giorni	giorno	SP	O	_	_
Francesco	francesco	SPN	PER	_	_
Giuseppe	giuseppe	SPN	PER	_	_
scriveva	scrivere	VI	O	_	_
un	uno	RS	O	_	_
proclama	proclama	SS	O	_	_
ai	a/det	EP	O	_	_
cittadini	cittadino	SP	O	_	_
del	di/det	ES	O	_	_
suo	suo	DS	O	_	_
Stato	stato	SS	O	_	_
,	comma	XPW	O	_	_
ove	ove	B	O	_	_
affermava	affermare	VI	O	_	_
di	di	E	O	_	_
non	non	B	O	_	_
venir	venire	VF	O	_	_
meno	meno	B	O	_	_
e	e	C	O	_	_
di	di	E	O	_	_
sentirsi	sentire/rifl	VF+E	O	_	_
sorretto	sorreggere	VSP	O	_	_
dalla	da/det	ES	O	_	_
fiducia	fiducia	SS	O	_	_
in	in	E	O	_	_
Dio	dio	SS	O	_	_
e	e	C	O	_	_
dall’	da/det	ES	O	_	_
amore	amore	SS	O	_	_
de’	de’	VI	O	_	_
suoi	suo	DP	O	_	_
popoli	popolo	SP	O	_	_
.	.	XPS	O	_	_

La	il	RS	O	_	_
sua	suo	DS	O	_	_
educazione	educazione	SS	O	_	_
,	comma	XPW	O	_	_
le	il	RP	O	_	_
tradizioni	tradizione	SP	O	_	_
,	comma	XPW	O	_	_
in	in	E	O	_	_
buona	buono	AS	O	_	_
parte	parte	SS	O	_	_
i	il	RP	O	_	_
suoi	suo	DP	O	_	_
consiglieri	consigliere	SP	O	_	_
parvero	parere	VI	O	_	_
tenerlo	tenere/pro	VF+E	O	_	_
rivolto	rivolgere	VSP	O	_	_
al	a/det	ES	O	_	_
passato	passato	SS	O	_	_
,	comma	XPW	O	_	_
senza	senza	E	O	_	_
transazioni	transazione	SP	O	_	_
coll’avvenire.	coll’avvenire.	SPN	O	_	_
I	il	RP	O	_	_
disastri	disastro	SP	O	_	_
,	comma	XPW	O	_	_
le	il	RP	O	_	_
sventure	sventura	SP	O	_	_
,	comma	XPW	O	_	_
il	il	RS	O	_	_
vuoto	vuoto	SS	O	_	_
creatogli	creatogli	VG+E	O	_	_
d’	di	E	O	_	_
attorno	attorno	B	O	_	_
avrebbero	avere	VIY	O	_	_
forse	forse	B	O	_	_
psicologicamente	psicologicamente	B	O	_	_
spiegato	spiegare	VSP	O	_	_
com’	com’	B	O	_	_
egli	egli	PS	O	_	_
invecchiando	invecchiare	VG	O	_	_
s’	s’	PN	O	_	_
avvinghiasse	avvinghiare	VI	O	_	_
disperatamente	disperatamente	B	O	_	_
al	a/det	ES	O	_	_
passato	passato	SS	O	_	_
quale	quale	PS	O	_	_
un	uno	RS	O	_	_
naufrago	naufrago	SS	O	_	_
che	che	CCHE	O	_	_
non	non	B	O	_	_
ritenta	ritentare	VI	O	_	_
le	il	RP	O	_	_
onde	onda	SP	O	_	_
nemiche	nemico	AP	O	_	_
.	.	XPS	O	_	_

Ma	ma	C	O	_	_
questo	questo	PS	O	_	_
non	non	B	O	_	_
avvenne	avvenire	VI	O	_	_
:	:	XPS	O	_	_
egli	egli	PS	O	_	_
ritornò	ritornare	VI	O	_	_
a	a	E	O	_	_
battersi	battere/rifl	VF+E	O	_	_
coi	con/det	EP	O	_	_
marosi	maroso	SP	O	_	_
e	e	C	O	_	_
non	non	B	O	_	_
nuotò	nuotare	VI	O	_	_
contro	contro	E	O	_	_
la	il	RS	O	_	_
corrente	corrente	SS	O	_	_
delle	di/det	EP	O	_	_
moderne	moderno	AP	O	_	_
conquiste	conquista	SP	O	_	_
,	comma	XPW	O	_	_
non	non	B	O	_	_
chiuse	chiudere	VPP	O	_	_
gli	il	RP	O	_	_
occhi	occhio	SP	O	_	_
alla	a/det	ES	O	_	_
realtà	realtà	SN	O	_	_
dell’	di/det	ES	O	_	_
oggi	oggi	SS	O	_	_
,	comma	XPW	O	_	_
alle	a/det	EP	O	_	_
possibilità	possibilità	SN	O	_	_
dell’	di/det	ES	O	_	_
avvenire	avvenire	SS	O	_	_
,	comma	XPW	O	_	_
e	e	C	O	_	_
vecchio	vecchio	AS	O	_	_
,	comma	XPW	O	_	_
quasi	quasi	B	O	_	_
ottuagenario	ottuagenario	AS	O	_	_
,	comma	XPW	O	_	_
quest’	questo	DS	O	_	_
uomo	uomo	SS	O	_	_
,	comma	XPW	O	_	_
educato	educare	VSP	O	_	_
nell’	in/det	ES	O	_	_
êra	êra	SS	O	_	_
di	di	E	O	_	_
Metternich	metternich	SPN	O	_	_
,	comma	XPW	O	_	_
si	rifl	PN	O	_	_
fa	fare	VI	O	_	_
paladino	paladino	SS	O	_	_
del	di/det	ES	O	_	_
suffragio	suffragio	SS	O	_	_
universale	universale	AS	O	_	_
costringendo	costringere	VG	O	_	_
i	il	RP	O	_	_
partiti	partito	SP	O	_	_
restii	restii	VI	O	_	_
ad	ad	E	O	_	_
adattarsi	adattare/rifl	VF+E	O	_	_
ai	a/det	EP	O	_	_
tempi	tempo	SP	O	_	_
.	.	XPS	O	_	_

L’	il	RS	O	_	_
influsso	influsso	SS	O	_	_
suo	suo	DS	O	_	_
personale	personale	SS	O	_	_
fu	essere	VI	O	_	_
così	così	B	O	_	_
efficace	efficace	AS	O	_	_
,	comma	XPW	O	_	_
che	che	CCHE	O	_	_
i	il	RP	O	_	_
socialisti	socialista	SP	O	_	_
,	comma	XPW	O	_	_
credettero	credere	VI	O	_	_
di	di	E	O	_	_
dover	dovere	VF	O	_	_
sospendere	sospendere	VF	O	_	_
i	il	RP	O	_	_
loro	loro	DP	O	_	_
dogmi	dogma	SP	O	_	_
e	e	C	O	_	_
comparvero	comparire	VI	O	_	_
alla	a/det	ES	O	_	_
corte	corte	SS	O	_	_
ove	ove	B	O	_	_
Francesco	francesco	SPN	PER	_	_
Giuseppe	giuseppe	SPN	PER	_	_
inaugurava	inaugurare	VI	O	_	_
la	il	RS	O	_	_
nuova	nuovo	AS	O	_	_
era	essere	VI	O	_	_
parlando	parlare	VG	O	_	_
di	di	E	O	_	_
eguaglianza	eguaglianza	SS	O	_	_
politica	politico	AS	O	_	_
e	e	C	O	_	_
di	di	E	O	_	_
equiparazione	equiparazione	SS	O	_	_
delle	di/det	EP	O	_	_
nazioni	nazione	SP	O	_	_
.	.	XPS	O	_	_

E	e	C	O	_	_
testè	testè	VI	O	_	_
l’	il	RS	O	_	_
Arbeiterzeitung	arbeiterzeitung	SPN	O	_	_
rilevava	rilevare	VI	O	_	_
l’	il	RS	O	_	_
appello	appello	SS	O	_	_
rivolto	rivolgere	VSP	O	_	_
dall’	da/det	ES	O	_	_
Imperatore	imperatore	SS	O	_	_
alla	a/det	ES	O	_	_
nobiltà	nobiltà	SN	O	_	_
di	di	E	O	_	_
ringiovanirsi	ringiovanire/rifl	VF+E	O	_	_
e	e	C	O	_	_
di	di	E	O	_	_
collaborare	collaborare	VF	O	_	_
all’	a/det	ES	O	_	_
auto-educazione	auto-educazione	SS	O	_	_
politica	politico	AS	O	_	_
del	di/det	ES	O	_	_
popolo	popolo	SS	O	_	_
.	.	XPS	O	_	_

Otterrà	ottenere	VI	O	_	_
ragione	ragione	SS	O	_	_
quest’	questo	DS	O	_	_
ottimismo	ottimismo	SS	O	_	_
?	?	XPS	O	_	_

Ai	a/det	EP	O	_	_
posteri	postero	SP	O	_	_
l’	il	RS	O	_	_
ardua	arduo	AS	O	_	_
sentenza	sentenza	SS	O	_	_
.	.	XPS	O	_	_

Noi	noi	PP	O	_	_
oggi	oggi	B	O	_	_
ci	ci	PP	O	_	_
limitiamo	limitare	VI	O	_	_
a	a	E	O	_	_
rilevare	rilevare	VF	O	_	_
come	come	CADV	O	_	_
dopo	dopo	E	O	_	_
tutto	tutto	DS	O	_	_
questo	questo	PS	O	_	_
,	comma	XPW	O	_	_
non	non	B	O	_	_
è	essere	VI	O	_	_
meraviglia	meraviglia	SS	O	_	_
che	che	CCHE	O	_	_
Francesco	francesco	SPN	PER	_	_
Giuseppe	giuseppe	SPN	PER	_	_
abbia	avere	VIY	O	_	_
superato	superare	VSP	O	_	_
almeno	almeno	B	O	_	_
per	per	E	O	_	_
quanto	quanto	QNS	O	_	_
riguarda	riguardare	VI	O	_	_
la	il	RS	O	_	_
sua	suo	DS	O	_	_
persona	persona	SS	O	_	_
,	comma	XPW	O	_	_
la	il	RS	O	_	_
crisi	crisi	SN	O	_	_
del	di/det	ES	O	_	_
patriottismo	patriottismo	SS	O	_	_
,	comma	XPW	O	_	_
la	il	RS	O	_	_
trasformazione	trasformazione	SS	O	_	_
cioè	cioe`	B	O	_	_
del	di/det	ES	O	_	_
patriottismo	patriottismo	SS	O	_	_
dinastico-militare	dinastico-militare	VF	O	_	_
nel	in/det	ES	O	_	_
patriottismo	patriottismo	SS	O	_	_
nazionale	nazionale	AS	O	_	_
e	e	C	O	_	_
civile	civile	AS	O	_	_
.	.	XPS	O	_	_

Anche	anche	C	O	_	_
là	là	B	O	_	_
ove	ove	B	O	_	_
della	di/det	ES	O	_	_
patria	patria	SS	O	_	_
si	rifl	PN	O	_	_
ha	avere	VI	O	_	_
un	uno	RS	O	_	_
concetto	concetto	SS	O	_	_
più	più	B	O	_	_
moderno	moderno	AS	O	_	_
e	e	C	O	_	_
razionale	razionale	AS	O	_	_
,	comma	XPW	O	_	_
gli	il	RP	O	_	_
uomini	uomo	SP	O	_	_
chinano	chinare	VI	O	_	_
la	il	RS	O	_	_
fronte	fronte	SS	O	_	_
con	con	E	O	_	_
rispetto	rispetto	SS	O	_	_
,	comma	XPW	O	_	_
pensando	pensare	VG	O	_	_
a	a	E	O	_	_
tanta	tanto	DS	O	_	_
età	età	SN	O	_	_
grave	grave	AS	O	_	_
di	di	E	O	_	_
lavoro	lavoro	SS	O	_	_
e	e	C	O	_	_
di	di	E	O	_	_
tali	tale	AP	O	_	_
eventi	evento	SP	O	_	_
,	comma	XPW	O	_	_
e	e	C	O	_	_
a	a	E	O	_	_
tanta	tanto	DS	O	_	_
mirabile	mirabile	AS	O	_	_
fiduciosa	fiducioso	AS	O	_	_
costanza	costanza	SS	O	_	_
.	.	XPS	O	_	_

E	e	C	O	_	_
noi	noi	PP	O	_	_
,	comma	XPW	O	_	_
cristiani	cristiano	AP	O	_	_
,	comma	XPW	O	_	_
vergini	vergine	AP	O	_	_
di	di	E	O	_	_
servo	servo	SS	O	_	_
encomio	encomio	AS	O	_	_
e	e	C	O	_	_
di	di	E	O	_	_
cordardo	cordardo	SS	O	_	_
oltraggio	oltraggio	SS	O	_	_
,	comma	XPW	O	_	_
eleviamo	elevare	VI	O	_	_
oggi	oggi	B	O	_	_
colla	con/det	ES	O	_	_
Chiesa	chiesa	SS	O	_	_
all’	a/det	ES	O	_	_
Onnipotente	onnipotente	SPN	O	_	_
una	uno	RS	O	_	_
libera	libero	AS	O	_	_
preghiera	preghiera	SS	O	_	_
,	comma	XPW	O	_	_
dando	dare	VG	O	_	_
al	a/det	ES	O	_	_
patriotismo	patriotismo	SS	O	_	_
non	non	B	O	_	_
i	il	RP	O	_	_
tributi	tributo	SP	O	_	_
dell’	di/det	ES	O	_	_
orpello	orpello	SS	O	_	_
di	di	E	O	_	_
dimostrazioni	dimostrazione	SP	O	_	_
,	comma	XPW	O	_	_
ma	ma	C	O	_	_
l’	il	RS	O	_	_
eterno	eterno	AS	O	_	_
contenuto	contenuto	SS	O	_	_
del	di/det	ES	O	_	_
richiamo	richiamo	SS	O	_	_
alla	a/det	ES	O	_	_
Provvidenza	provvidenza	SS	O	_	_
e	e	C	O	_	_
alla	a/det	ES	O	_	_
Misericordia	misericordia	SPN	O	_	_
di	di	E	O	_	_
Dio	dio	SPN	PER	_	_
.	.	XPS	O	_	_
