# total number of persons:1, total number of gpes:5
Il	il	RS	O	_	_
nostro	nostro	DS	O	_	_
supplemento	supplemento	SS	O	_	_
di	di	E	O	_	_
sabato	sabato	SS	O	_	_
notte	notte	SS	O	_	_
deve	dovere	VI	O	_	_
aver	avere	VFY	O	_	_
colpito	colpire	VSP	O	_	_
nel	in/det	ES	O	_	_
segno	segno	SS	O	_	_
,	comma	XPW	O	_	_
almeno	almeno	B	O	_	_
a	a	E	O	_	_
giudicare	giudicare	VF	O	_	_
dallo	da/det	ES	O	_	_
strepito	strepito	SS	O	_	_
che	che	CCHE	O	_	_
fanno	fare	VI	O	_	_
gli	il	RP	O	_	_
avversari	avversario	SP	O	_	_
.	.	XPS	O	_	_

L’	il	RS	O	_	_
Alto	alto	SPN	GPE	46.65596895	11.22964387
Adige	adige	SPN	GPE	46.65596895	11.22964387
è	essere	VIY	O	_	_
uscito	uscire	VSP	O	_	_
stamane	stamane	B	O	_	_
con	con	E	O	_	_
un	uno	RS	O	_	_
contro-numero	contro-numero	SS	O	_	_
,	comma	XPW	O	_	_
nel	in/det	ES	O	_	_
quale	quale	PS	O	_	_
smentisce	smentire	VI	O	_	_
che	che	CCHE	O	_	_
vi	vi	B	O	_	_
sia	essere	VI	O	_	_
un	uno	RS	O	_	_
patto	patto	SS	O	_	_
formale	formale	AS	O	_	_
fra	fra	E	O	_	_
liberali	liberale	SP	O	_	_
e	e	C	O	_	_
socialisti	socialista	SP	O	_	_
.	.	XPS	O	_	_

Esso	esso	PS	O	_	_
scrive	scrivere	VI	O	_	_
,	comma	XPW	O	_	_
ingenuamente	ingenuamente	B	O	_	_
:	:	XPS	O	_	_
«	«	XPO	O	_	_
Se	se	C	O	_	_
i	il	RP	O	_	_
socialisti	socialista	SP	O	_	_
non	non	B	O	_	_
fanno	fare	VI	O	_	_
un	uno	RS	O	_	_
mistero	mistero	SS	O	_	_
di	di	E	O	_	_
preferire	preferire	VF	O	_	_
,	comma	XPW	O	_	_
scegliendo	scegliere	VG	O	_	_
fra	fra	E	O	_	_
due	due	N	O	_	_
partiti	partito	SP	O	_	_
avversari	avversario	AP	O	_	_
,	comma	XPW	O	_	_
i	il	RP	O	_	_
liberali	liberale	SP	O	_	_
ai	a/det	EP	O	_	_
clericali	clericale	SP	O	_	_
,	comma	XPW	O	_	_
è	essere	VI	O	_	_
chiaro	chiaro	AS	O	_	_
che	che	CCHE	O	_	_
in	in	E	O	_	_
ciò	ciò`	PS	O	_	_
non	non	B	O	_	_
vi	vi	B	O	_	_
è	essere	VI	O	_	_
niente	niente	PS	O	_	_
di	di	E	O	_	_
scorretto	scorretto	SS	O	_	_
né	né	C	O	_	_
da	da	E	O	_	_
parte	parte	SS	O	_	_
loro	loro	PP	O	_	_
,	comma	XPW	O	_	_
né	né	C	O	_	_
da	da	E	O	_	_
parte	parte	SS	O	_	_
nostra	nostro	DS	O	_	_
.	.	XPS	O	_	_

Tutt’	tutt’	SPN	O	_	_
al	a/det	ES	O	_	_
più	più	B	O	_	_
da	da	E	O	_	_
ciò	ciò`	PS	O	_	_
si	rifl	PN	O	_	_
può	potere	VI	O	_	_
arguire	arguire	VF	O	_	_
,	comma	XPW	O	_	_
che	che	CCHE	O	_	_
il	il	RS	O	_	_
nostro	nostro	DS	O	_	_
partito	partito	SS	O	_	_
riesce	riuscire	VI	O	_	_
loro	loro	PP	O	_	_
più	più	B	O	_	_
simpatico	simpatico	AS	O	_	_
,	comma	XPW	O	_	_
o	o	C	O	_	_
–	–	XPO	O	_	_
o	o	C	O	_	_
se	se	C	O	_	_
meglio	meglio	B	O	_	_
vi	vi	B	O	_	_
piace	piacere	VI	O	_	_
–	–	XPO	O	_	_
meno	meno	B	O	_	_
antipatico	antipatico	AS	O	_	_
del	di/det	ES	O	_	_
vostro	vostro	PS	O	_	_
.	.	XPS	O	_	_

E	e	C	O	_	_
dovremmo	dovere	VI	O	_	_
piangerne	piangere/part	VF+E	O	_	_
?	?	XPS	O	_	_

»	»	XPO	O	_	_
.	.	XPS	O	_	_

Che	che	CCHE	O	_	_
cosa	cosa	SS	O	_	_
vogliano	volere	VI	O	_	_
dire	dire	VF	O	_	_
tali	tale	AP	O	_	_
parole	parola	SP	O	_	_
,	comma	XPW	O	_	_
si	rifl	PN	O	_	_
può	potere	VI	O	_	_
indovinare	indovinare	VF	O	_	_
,	comma	XPW	O	_	_
quando	quando	CADV	O	_	_
si	rifl	PN	O	_	_
veda	vedere	VI	O	_	_
l’	il	RS	O	_	_
analogo	analogo	AS	O	_	_
contegno	contegno	SS	O	_	_
usato	usare	VSP	O	_	_
dal	da/det	ES	O	_	_
«	«	XPO	O	_	_
L’	il	RS	O	_	_
Alto	alto	SPN	GPE	46.65596895	11.22964387
Adige	adige	SPN	GPE	46.65596895	11.22964387
»	»	XPO	O	_	_
nel	in/det	ES	O	_	_
ballottaggio	ballottaggio	SS	O	_	_
del	di/det	ES	O	_	_
1907	1907	N	O	_	_
,	comma	XPW	O	_	_
quando	quando	CADV	O	_	_
i	il	RP	O	_	_
liberali	liberale	SP	O	_	_
,	comma	XPW	O	_	_
anche	anche	C	O	_	_
senza	senza	E	O	_	_
parte	parte	SS	O	_	_
ufficiale	ufficiale	AS	O	_	_
,	comma	XPW	O	_	_
votarono	votare	VI	O	_	_
per	per	E	O	_	_
l’	il	RS	O	_	_
Avancini	avancini	SPN	PER	_	_
.	.	XPS	O	_	_

E	e	C	O	_	_
come	come	CADV	O	_	_
si	rifl	PN	O	_	_
spiega	spiegare	VI	O	_	_
altrimenti	altrimenti	B	O	_	_
l’	il	RS	O	_	_
accanimento	accanimento	SS	O	_	_
col	con/det	ES	O	_	_
quale	quale	PS	O	_	_
i	il	RP	O	_	_
socialisti	socialista	SP	O	_	_
votano	votare	VI	O	_	_
e	e	C	O	_	_
raccomandano	raccomandare	VI	O	_	_
la	il	RS	O	_	_
lista	lista	SS	O	_	_
liberale	liberale	AS	O	_	_
?	?	XPS	O	_	_

Il	il	RS	O	_	_
Popolo	popolo	SS	O	_	_
di	di	E	O	_	_
stamane	stamane	B	O	_	_
fa	fare	VI	O	_	_
fuoco	fuoco	SS	O	_	_
da	da	E	O	_	_
tutte	tutto	DP	O	_	_
le	il	RP	O	_	_
bocche	bocca	SP	O	_	_
per	per	E	O	_	_
spingere	spingere	VF	O	_	_
gli	il	RP	O	_	_
elettori	elettore	SP	O	_	_
a	a	E	O	_	_
votare	votare	VF	O	_	_
contro	contro	E	O	_	_
gli	il	RP	O	_	_
odiati	odiati	SP	O	_	_
clericali	clericale	AP	O	_	_
.	.	XPS	O	_	_

Il	il	RS	O	_	_
giornale	giornale	SS	O	_	_
rosso-borghese	rosso-borghese	AS	O	_	_
dice	dire	VI	O	_	_
che	che	CCHE	O	_	_
bisogna	bisognare	VI	O	_	_
tener	tenere	VF	O	_	_
lontano	lontano	AS	O	_	_
dal	da/det	ES	O	_	_
Comune	comune	SS	O	_	_
di	di	E	O	_	_
Trento	trento	SPN	GPE	46.0664228	11.1257601
tanto	tanto	B	O	_	_
laidume	laidume	VI	O	_	_
,	comma	XPW	O	_	_
ciò	ciò`	PS	O	_	_
che	che	CCHE	O	_	_
siamo	essere	VI	O	_	_
naturalmente	naturalmente	B	O	_	_
noi	noi	PP	O	_	_
.	.	XPS	O	_	_

E	e	C	O	_	_
conclude	concludere	VI	O	_	_
che	che	CCHE	O	_	_
«	«	XPO	O	_	_
alle	a/det	EP	O	_	_
sfuriate	sfuriata	SP	O	_	_
»	»	XPO	O	_	_
nostre	nostre	AS	O	_	_
esso	esso	PS	O	_	_
è	essere	VI	O	_	_
anzi	anzi	C	O	_	_
riconoscente	riconoscente	AS	O	_	_
:	:	XPS	O	_	_
«	«	XPO	O	_	_
Perché	perché	C	O	_	_
esse	esse	PP	O	_	_
certamente	certamente	B	O	_	_
gioveranno	giovare	VI	O	_	_
a	a	E	O	_	_
spinger	spinger	SN	O	_	_
tutti	tutto	DP	O	_	_
i	il	RP	O	_	_
cittadini	cittadino	SP	O	_	_
di	di	E	O	_	_
parte	parte	SS	O	_	_
non	non	B	O	_	_
clericale	clericale	AS	O	_	_
a	a	E	O	_	_
compiere	compiere	VF	O	_	_
il	il	RS	O	_	_
loro	loro	DP	O	_	_
dovere	dovere	SS	O	_	_
impedendo	impedire	VG	O	_	_
che	che	CCHE	O	_	_
Trento	trento	SPN	GPE	46.0664228	11.1257601
,	comma	XPW	O	_	_
che	che	CCHE	O	_	_
non	non	B	O	_	_
è	essere	VI	O	_	_
clericale	clericale	AS	O	_	_
né	né	C	O	_	_
nella	in/det	ES	O	_	_
massa	massa	SS	O	_	_
operaia	operaio	AS	O	_	_
,	comma	XPW	O	_	_
né	né	C	O	_	_
nel	in/det	ES	O	_	_
suo	suo	DS	O	_	_
terzo	terzo	AS	O	_	_
corpo	corpo	SS	O	_	_
comunale	comunale	AS	O	_	_
abbia	avere	VI	O	_	_
una	uno	RS	O	_	_
rappresentanza	rappresentanza	SS	O	_	_
nera	nero	AS	O	_	_
carpita	carpire	VSP	O	_	_
con	con	E	O	_	_
metodi	metodo	SP	O	_	_
di	di	E	O	_	_
corruzione	corruzione	SS	O	_	_
e	e	C	O	_	_
di	di	E	O	_	_
intimidazione	intimidazione	SS	O	_	_
»	»	XPO	O	_	_
.	.	XPS	O	_	_

«	«	XPO	O	_	_
Ai	a/det	EP	O	_	_
cittadini	cittadino	SP	O	_	_
che	che	CCHE	O	_	_
hanno	avere	VI	O	_	_
fierezza	fierezza	SS	O	_	_
e	e	C	O	_	_
sentimenti	sentimento	SP	O	_	_
democratici	democratico	AP	O	_	_
nell’	in/det	ES	O	_	_
interesse	interesse	SS	O	_	_
non	non	B	O	_	_
solo	solo	B	O	_	_
della	di/det	ES	O	_	_
città	città	SN	O	_	_
nostra	nostro	DS	O	_	_
ma	ma	C	O	_	_
di	di	E	O	_	_
quanti	quanto	QNP	O	_	_
nel	in/det	ES	O	_	_
Trentino	trentino	SPN	GPE	46.102869	11.12961993
tutto	tutto	DS	O	_	_
anelano	anelare	VI	O	_	_
a	a	E	O	_	_
scuotere	scuotere	VF	O	_	_
il	il	RS	O	_	_
giogo	giogo	SS	O	_	_
clericale	clericale	AS	O	_	_
»	»	XPO	O	_	_
.	.	XPS	O	_	_

Il	il	RS	O	_	_
linguaggio	linguaggio	SS	O	_	_
non	non	B	O	_	_
potrebbe	potere	VI	O	_	_
essere	essere	VF	O	_	_
più	più	B	O	_	_
chiaro	chiaro	AS	O	_	_
.	.	XPS	O	_	_

E	e	C	O	_	_
che	che	CCHE	O	_	_
queste	questo	DP	O	_	_
anime	anima	SP	O	_	_
candide	candido	AP	O	_	_
prendano	prendere	VI	O	_	_
la	il	RS	O	_	_
scalmana	scalmana	SS	O	_	_
in	in	E	O	_	_
favore	favore	SS	O	_	_
dei	di/det	EP	O	_	_
liberali	liberale	SP	O	_	_
,	comma	XPW	O	_	_
solo	solo	B	O	_	_
perché	perché	C	O	_	_
essi	essi	PP	O	_	_
sono	essere	VI	O	_	_
più	più	B	O	_	_
simpatici	simpatico	AP	O	_	_
di	di	E	O	_	_
noi	noi	PP	O	_	_
?	?	XPS	O	_	_

La	il	RS	O	_	_
verità	verità	SN	O	_	_
è	essere	VI	O	_	_
che	che	CCHE	O	_	_
,	comma	XPW	O	_	_
mentre	mentre	C	O	_	_
scriviamo	scrivere	VI	O	_	_
,	comma	XPW	O	_	_
si	rifl	PN	O	_	_
appalesa	appalesa	VI	O	_	_
già	già	B	O	_	_
il	il	RS	O	_	_
vero	vero	AS	O	_	_
carattere	carattere	SS	O	_	_
della	di/det	ES	O	_	_
votazione	votazione	SS	O	_	_
del	di/det	ES	O	_	_
III	iii	N	O	_	_
corpo	corpo	SS	O	_	_
.	.	XPS	O	_	_

È	essere	VI	O	_	_
l’	il	RS	O	_	_
odio	odio	SS	O	_	_
anticlericale	anticlericale	AS	O	_	_
che	che	CCHE	O	_	_
mette	mettere	VI	O	_	_
in	in	E	O	_	_
moto	moto	SS	O	_	_
gli	il	RP	O	_	_
agitatori	agitatore	SP	O	_	_
di	di	E	O	_	_
tutti	tutto	DP	O	_	_
i	il	RP	O	_	_
partiti	partito	SP	O	_	_
avversari	avversario	AP	O	_	_
.	.	XPS	O	_	_

Le	il	RP	O	_	_
ragioni	ragione	SP	O	_	_
,	comma	XPW	O	_	_
gli	il	RP	O	_	_
argomenti	argomento	SP	O	_	_
non	non	B	O	_	_
valgono	valere	VI	O	_	_
più	più	B	O	_	_
,	comma	XPW	O	_	_
l’	il	RS	O	_	_
anticlericalite	anticlericalite	SS	O	_	_
diventa	diventare	VI	O	_	_
epidemica	epidemico	AS	O	_	_
.	.	XPS	O	_	_

Il	il	RS	O	_	_
Popolo	popolo	SPN	O	_	_
,	comma	XPW	O	_	_
trionfante	trionfante	B	O	_	_
,	comma	XPW	O	_	_
annunzia	annunzia	SS	O	_	_
che	che	CCHE	O	_	_
«	«	XPO	O	_	_
siamo	essere	VI	O	_	_
invasi	invaso	SP	O	_	_
dalla	da/det	ES	O	_	_
tremarella	tremarella	SS	O	_	_
d’	di	E	O	_	_
esser	esser	YF	O	_	_
sconfitti	sconfitto	AP	O	_	_
»	»	XPO	O	_	_
.	.	XPS	O	_	_

È	essere	VI	O	_	_
un	uno	RS	O	_	_
po’	poco	B	O	_	_
presto	presto	B	O	_	_
;	semicolon	XPS	O	_	_

a	a	E	O	_	_
dir	dir	VF	O	_	_
lo	il	RS	O	_	_
vero	vero	SS	O	_	_
.	.	XPS	O	_	_

Ma	ma	C	O	_	_
un	uno	RS	O	_	_
altro	altro	DS	O	_	_
sentimento	sentimento	SS	O	_	_
nutriamo	nutrire	VI	O	_	_
già	già	B	O	_	_
ora	ora	B	O	_	_
:	:	XPS	O	_	_
quello	quello	PS	O	_	_
di	di	E	O	_	_
un	uno	RS	O	_	_
giustificato	giustificato	AS	O	_	_
orgoglio	orgoglio	SS	O	_	_
.	.	XPS	O	_	_

L’	il	RS	O	_	_
orgoglio	orgoglio	SS	O	_	_
che	che	CCHE	O	_	_
i	il	RP	O	_	_
nostri	nostro	DP	O	_	_
avversari	avversario	SP	O	_	_
per	per	E	O	_	_
sbarrarci	sbarrare/loc/pro	VF+E	O	_	_
il	il	RS	O	_	_
cammino	cammino	SS	O	_	_
abbiano	avere	VIY	O	_	_
dovuto	dovere	VSP	O	_	_
stringersi	stringere/rifl	VF+E	O	_	_
in	in	E	O	_	_
combinazioni	combinazione	SP	O	_	_
ripugnanti	ripugnare	VPP	O	_	_
alla	a/det	ES	O	_	_
logica	logica	SS	O	_	_
,	comma	XPW	O	_	_
al	a/det	ES	O	_	_
buonsenso	buonsenso	SS	O	_	_
,	comma	XPW	O	_	_
al	a/det	ES	O	_	_
loro	loro	DP	O	_	_
stesso	stesso	DS	O	_	_
pensare	pensare	VF	O	_	_
.	.	XPS	O	_	_

L’	il	RS	O	_	_
orgoglio	orgoglio	SS	O	_	_
che	che	CCHE	O	_	_
per	per	E	O	_	_
accanire	accanire	VF	O	_	_
i	il	RP	O	_	_
propri	proprio	DP	O	_	_
contro	contro	E	O	_	_
di	di	E	O	_	_
noi	noi	PP	O	_	_
abbiano	avere	VIY	O	_	_
dovuto	dovere	VSP	O	_	_
ricorrere	ricorrere	VF	O	_	_
al	a/det	ES	O	_	_
fantasma	fantasma	SS	O	_	_
del	di/det	ES	O	_	_
clericalismo	clericalismo	SS	O	_	_
e	e	C	O	_	_
ai	a/det	EP	O	_	_
trucchi	trucco	SP	O	_	_
politici	politico	AP	O	_	_
,	comma	XPW	O	_	_
mentre	mentre	C	O	_	_
noi	noi	PP	O	_	_
vinti	vinto	SP	O	_	_
o	o	C	O	_	_
vincitori	vincitore	SP	O	_	_
,	comma	XPW	O	_	_
sappiamo	sapere	VI	O	_	_
di	di	E	O	_	_
chiedere	chiedere	VF	O	_	_
ed	ed	C	O	_	_
ottenere	ottenere	VF	O	_	_
i	il	RP	O	_	_
voti	voto	SP	O	_	_
solo	solo	B	O	_	_
per	per	E	O	_	_
il	il	RS	O	_	_
nostro	nostro	DS	O	_	_
programma	programma	SS	O	_	_
di	di	E	O	_	_
riforme	riforma	SP	O	_	_
comunali	comunale	AP	O	_	_
.	.	XPS	O	_	_

Forse	forse	B	O	_	_
il	il	RS	O	_	_
suffragio	suffragio	SS	O	_	_
ristretto	ristretto	AS	O	_	_
e	e	C	O	_	_
la	il	RS	O	_	_
viltà	viltà	SN	O	_	_
dei	di/det	EP	O	_	_
capi	capo	SP	O	_	_
socialisti	socialista	AP	O	_	_
impedirà	impedire	VI	O	_	_
che	che	CCHE	O	_	_
il	il	RS	O	_	_
voto	voto	SS	O	_	_
sia	sia	C	O	_	_
l’	il	RS	O	_	_
espressione	espressione	SS	O	_	_
sincera	sincero	AS	O	_	_
della	di/det	ES	O	_	_
cittadinanza	cittadinanza	SS	O	_	_
.	.	XPS	O	_	_

Non	non	B	O	_	_
importa	importare	VI	O	_	_
"!"	esclamation_mark	XPS	O	_	_

Tutti	tutto	DP	O	_	_
gli	il	RP	O	_	_
amici	amico	SP	O	_	_
nostri	nostro	AP	O	_	_
facciano	fare	VI	O	_	_
il	il	RS	O	_	_
loro	loro	DP	O	_	_
dovere	dovere	SS	O	_	_
.	.	XPS	O	_	_

Nessuno	nessuno	PS	O	_	_
manchi	mancare	VI	O	_	_
.	.	XPS	O	_	_

Si	rifl	PN	O	_	_
tratta	trattare	VI	O	_	_
di	di	E	O	_	_
affermare	affermare	VF	O	_	_
sul	su/det	ES	O	_	_
nostro	nostro	DS	O	_	_
programma	programma	SS	O	_	_
e	e	C	O	_	_
sulla	su/det	ES	O	_	_
rappresentanza	rappresentanza	SS	O	_	_
proporzionale	proporzionale	AS	O	_	_
il	il	RS	O	_	_
massimo	massimo	AS	O	_	_
numero	numero	SS	O	_	_
dei	di/det	EP	O	_	_
voti	voto	SP	O	_	_
.	.	XPS	O	_	_
