# total number of persons:1, total number of gpes:2
Quando	quando	CADV	O	_	_
nell’	in/det	ES	O	_	_
autunno	autunno	SS	O	_	_
del	di/det	ES	O	_	_
1895	1895	N	O	_	_
i	il	RP	O	_	_
rappresentanti	rappresentante	SP	O	_	_
del	di/det	ES	O	_	_
partito	partito	SS	O	_	_
«	«	XPO	O	_	_
Vereinigte	vereinigte	SPN	O	_	_
Christen	christen	SPN	O	_	_
»	»	XPO	O	_	_
conquistarono	conquistare	VI	O	_	_
per	per	E	O	_	_
la	il	RS	O	_	_
prima	primo	AS	O	_	_
volta	volta	SS	O	_	_
il	il	RS	O	_	_
Municipio	municipio	SS	O	_	_
di	di	E	O	_	_
Vienna	vienna	SPN	GPE	48.2083537	16.3725042
con	con	E	O	_	_
una	uno	RS	O	_	_
maggioranza	maggioranza	SS	O	_	_
debolissima	debole	AS	O	_	_
,	comma	XPW	O	_	_
la	il	RS	O	_	_
«	«	XPO	O	_	_
grande	grande	AS	O	_	_
stampa	stampa	SS	O	_	_
»	»	XPO	O	_	_
assicurava	assicurare	VI	O	_	_
che	che	CCHE	O	_	_
sarebbe	essere	VIY	O	_	_
stato	essere	VSP	O	_	_
un	uno	RS	O	_	_
male	male	SS	O	_	_
passeggero	passeggero	AS	O	_	_
,	comma	XPW	O	_	_
una	uno	PS	O	_	_
di	di	E	O	_	_
quelle	quello	PP	O	_	_
improvvisate	improvvisare	VPP	O	_	_
che	che	CCHE	O	_	_
fanno	fare	VI	O	_	_
spesso	spesso	B	O	_	_
le	il	RP	O	_	_
grandi	grande	AP	O	_	_
città	città	SN	O	_	_
,	comma	XPW	O	_	_
dopo	dopo	E	O	_	_
gli	il	RP	O	_	_
esempi	esempio	SP	O	_	_
parigini	parigino	AP	O	_	_
.	.	XPS	O	_	_

Seguì	seguire	VI	O	_	_
quell’	quell	DS	O	_	_
anno	anno	SS	O	_	_
di	di	E	O	_	_
inceretezze	inceretezze	SP	O	_	_
che	che	CCHE	O	_	_
fu	essere	VI	O	_	_
il	il	RS	O	_	_
’96	’96	N	O	_	_
,	comma	XPW	O	_	_
ove	ove	B	O	_	_
il	il	RS	O	_	_
liberalismo	liberalismo	SS	O	_	_
decrepito	decrepito	VSP	O	_	_
fece	fare	VI	O	_	_
l’	il	RS	O	_	_
ultimo	ultimo	AS	O	_	_
sforzo	sforzo	SS	O	_	_
,	comma	XPW	O	_	_
mise	mettere	VI	O	_	_
in	in	E	O	_	_
moto	moto	SS	O	_	_
tutte	tutto	DP	O	_	_
le	il	RP	O	_	_
leve	leva	SP	O	_	_
,	comma	XPW	O	_	_
tanto	tanto	B	O	_	_
da	da	E	O	_	_
innalzare	innalzare	VF	O	_	_
fra	fra	E	O	_	_
principe	principe	SS	O	_	_
e	e	C	O	_	_
popolo	popolo	SS	O	_	_
una	uno	RS	O	_	_
barriera	barriera	SS	O	_	_
che	che	CCHE	O	_	_
né	né	B	O	_	_
quegli	quello	DP	O	_	_
né	né	B	O	_	_
questo	questo	PS	O	_	_
volevano	volere	VI	O	_	_
.	.	XPS	O	_	_

Fu	essere	VI	O	_	_
in	in	E	O	_	_
principio	principio	SS	O	_	_
di	di	E	O	_	_
quell’	quell	DS	O	_	_
anno	anno	SS	O	_	_
che	che	CCHE	O	_	_
il	il	RS	O	_	_
nuovo	nuovo	AS	O	_	_
partito	partito	SS	O	_	_
cristianosociale	cristianosociale	AS	O	_	_
tenne	tenere	VI	O	_	_
il	il	RS	O	_	_
primo	primo	AS	O	_	_
congresso	congresso	SS	O	_	_
nel	in/det	ES	O	_	_
Musikvereinsaal	musikvereinsaal	SPN	O	_	_
,	comma	XPW	O	_	_
ove	ove	B	O	_	_
il	il	RS	O	_	_
Lueger	lueger	SPN	PER	_	_
incoraggiava	incoraggiare	VI	O	_	_
i	il	RP	O	_	_
suoi	suo	DP	O	_	_
con	con	E	O	_	_
queste	questo	DP	O	_	_
parole	parola	SP	O	_	_
:	:	XPS	O	_	_
«	«	XPO	O	_	_
i	il	RP	O	_	_
nostri	nostro	DP	O	_	_
vecchi	vecchio	AP	O	_	_
non	non	B	O	_	_
avevano	avere	VI	O	_	_
il	il	RS	O	_	_
telegrafo	telegrafo	SS	O	_	_
,	comma	XPW	O	_	_
e	e	C	O	_	_
quando	quando	CADV	O	_	_
si	rifl	PN	O	_	_
avvicinava	avvicinare	VI	O	_	_
l’	il	RS	O	_	_
inimico	inimico	SS	O	_	_
,	comma	XPW	O	_	_
accendevano	accendere	VI	O	_	_
una	uno	RS	O	_	_
grande	grande	AS	O	_	_
corona	corona	SS	O	_	_
di	di	E	O	_	_
fuochi	fuoco	SP	O	_	_
sulla	su/det	ES	O	_	_
linea	linea	SS	O	_	_
dei	di/det	EP	O	_	_
monti	monte	SP	O	_	_
.	.	XPS	O	_	_

Quei	quello	DP	O	_	_
fuochi	fuoco	SP	O	_	_
volevano	volere	VI	O	_	_
dire	dire	VF	O	_	_
che	che	CCHE	O	_	_
il	il	RS	O	_	_
popolo	popolo	SS	O	_	_
si	rifl	PN	O	_	_
armasse	armare	VI	O	_	_
ed	ed	C	O	_	_
accorresse	accorrere	VI	O	_	_
,	comma	XPW	O	_	_
perché	perché	C	O	_	_
il	il	RS	O	_	_
nemico	nemico	SS	O	_	_
avanzava	avanzare	VI	O	_	_
.	.	XPS	O	_	_

Le	il	RP	O	_	_
ultimi	ultimo	AP	O	_	_
elezioni	elezione	SP	O	_	_
comunali	comunale	AP	O	_	_
sono	essere	VI	O	_	_
per	per	E	O	_	_
voi	voi	PS	O	_	_
,	comma	XPW	O	_	_
o	o	C	O	_	_
Viennesi	viennesi	SPN	O	_	_
,	comma	XPW	O	_	_
una	uno	RS	O	_	_
luminosa	luminoso	AS	O	_	_
corona	corona	SS	O	_	_
,	comma	XPW	O	_	_
e	e	C	O	_	_
vi	vi	B	O	_	_
segnano	segnare	VI	O	_	_
che	che	CCHE	O	_	_
dovete	dovere	VI	O	_	_
sollevarvi	sollevare/loc/voi	VF+E	O	_	_
tutti	tutto	PP	O	_	_
come	come	CADV	O	_	_
un	uno	RS	O	_	_
uomo	uomo	SS	O	_	_
solo	solo	B	O	_	_
.	.	XPS	O	_	_

E	e	C	O	_	_
voi	voi	PS	O	_	_
ubbidirete	ubbidire	VI	O	_	_
ai	a/det	EP	O	_	_
nostri	nostro	DP	O	_	_
segnali	segnale	SP	O	_	_
,	comma	XPW	O	_	_
e	e	C	O	_	_
spazzerete	spazzare	VI	O	_	_
via	via	B	O	_	_
coloro	colui	PP	O	_	_
che	che	CCHE	O	_	_
della	di/det	ES	O	_	_
libertà	libertà	SN	O	_	_
non	non	B	O	_	_
ebbero	avere	VI	O	_	_
che	che	CCHE	O	_	_
il	il	RS	O	_	_
nome	nome	SS	O	_	_
e	e	C	O	_	_
che	che	CCHE	O	_	_
non	non	B	O	_	_
rappresentarono	rappresentare	VI	O	_	_
mai	mai	B	O	_	_
i	il	RP	O	_	_
sensi	senso	SP	O	_	_
del	di/det	ES	O	_	_
popolo	popolo	SS	O	_	_
.	.	XPS	O	_	_

.	.	XPS	O	_	_

.	.	XPS	O	_	_

Il	il	RS	O	_	_
giorno	giorno	SS	O	_	_
della	di/det	ES	O	_	_
liberazione	liberazione	SS	O	_	_
si	rifl	PN	O	_	_
avvicina	avvicinare	VI	O	_	_
,	comma	XPW	O	_	_
o	o	C	O	_	_
popoli	popolo	SP	O	_	_
cristiani	cristiano	AP	O	_	_
,	comma	XPW	O	_	_
e	e	C	O	_	_
con	con	E	O	_	_
esso	esso	PS	O	_	_
finisce	finire	VI	O	_	_
la	il	RS	O	_	_
lunga	lungo	AS	O	_	_
notte	notte	SS	O	_	_
della	di/det	ES	O	_	_
dominazione	dominazione	SS	O	_	_
liberale	liberale	AS	O	_	_
"!"	esclamation_mark	XPS	O	_	_

»	»	XPO	O	_	_
Queste	queste	SPN	O	_	_
ultime	ultimo	AP	O	_	_
parole	parola	SP	O	_	_
furono	essere	VI	O	_	_
una	uno	RS	O	_	_
profezia	profezia	SS	O	_	_
che	che	CCHE	O	_	_
i	il	RP	O	_	_
dotti	dotto	SP	O	_	_
del	di/det	ES	O	_	_
senno	senno	SS	O	_	_
di	di	E	O	_	_
poi	poi	B	O	_	_
appellarono	appellare	VI	O	_	_
facile	facile	AS	O	_	_
.	.	XPS	O	_	_

Agli	a/det	EP	O	_	_
8	8	N	O	_	_
aprile	aprile	SS	O	_	_
del	di/det	ES	O	_	_
medesimo	medesimo	AS	O	_	_
anno	anno	SS	O	_	_
il	il	RS	O	_	_
D.r	d.r	YA	O	_	_
Lueger	lueger	SPN	O	_	_
venne	venire	VIY	O	_	_
rieletto	rieletto	VSP	O	_	_
borgomastro	borgomastro	SS	O	_	_
per	per	E	O	_	_
la	il	RS	O	_	_
quarta	quarta	SS	O	_	_
volta	volta	SS	O	_	_
,	comma	XPW	O	_	_
e	e	C	O	_	_
finalmente	finalmente	B	O	_	_
anche	anche	C	O	_	_
sanzionato	sanzionare	VSP	O	_	_
.	.	XPS	O	_	_

Da	da	E	O	_	_
quel	quello	DS	O	_	_
giorno	giorno	SS	O	_	_
si	rifl	PN	O	_	_
fanno	fare	VI	O	_	_
sentire	sentire	VF	O	_	_
nella	in/det	ES	O	_	_
capitale	capitale	SS	O	_	_
i	il	RP	O	_	_
benefici	beneficio	SP	O	_	_
influssi	influssi	AP	O	_	_
dell’	di/det	ES	O	_	_
economia	economia	SS	O	_	_
cristiana	cristiano	AS	O	_	_
.	.	XPS	O	_	_

Dire	dire	VF	O	_	_
in	in	E	O	_	_
particolare	particolare	SS	O	_	_
di	di	E	O	_	_
questi	questo	PP	O	_	_
sarebbe	essere	VIY	O	_	_
ripetersi	ripetersi	VPP	O	_	_
,	comma	XPW	O	_	_
ma	ma	C	O	_	_
ier	ier	VI	O	_	_
l’	il	RS	O	_	_
altro	altro	DS	O	_	_
il	il	RS	O	_	_
D.r	d.r	YA	O	_	_
Lueger	lueger	SPN	O	_	_
gettando	gettare	VG	O	_	_
un	uno	RS	O	_	_
breve	breve	AS	O	_	_
sguardo	sguardo	SS	O	_	_
sul	su/det	ES	O	_	_
passato	passato	SS	O	_	_
,	comma	XPW	O	_	_
prima	prima	C	O	_	_
di	di	E	O	_	_
entrare	entrare	VF	O	_	_
in	in	E	O	_	_
un	uno	RS	O	_	_
nuovo	nuovo	AS	O	_	_
periodo	periodo	SS	O	_	_
di	di	E	O	_	_
lavoro	lavoro	SS	O	_	_
poteva	potere	VI	O	_	_
dire	dire	VF	O	_	_
:	:	XPS	O	_	_
«	«	XPO	O	_	_
Quando	quando	CADV	O	_	_
l’	il	RS	O	_	_
attuale	attuale	AS	O	_	_
maggioranza	maggioranza	SS	O	_	_
assunse	assumere	VI	O	_	_
il	il	RS	O	_	_
governo	governo	SS	O	_	_
della	di/det	ES	O	_	_
città	città	SN	O	_	_
,	comma	XPW	O	_	_
ci	ci	PP	O	_	_
si	rifl	PN	O	_	_
disse	dire	VI	O	_	_
che	che	CCHE	O	_	_
non	non	B	O	_	_
saremmo	essere	VIY	O	_	_
stati	essere	VPP	O	_	_
capaci	capace	AP	O	_	_
a	a	E	O	_	_
nulla	nulla	PS	O	_	_
;	semicolon	XPS	O	_	_

eppure	eppure	C	O	_	_
siamo	essere	VIY	O	_	_
stati	essere	VPP	O	_	_
noi	noi	PP	O	_	_
che	che	CCHE	O	_	_
abbiamo	avere	VIY	O	_	_
introdotto	introdurre	VSP	O	_	_
in	in	E	O	_	_
questa	questo	DS	O	_	_
nostra	nostro	DS	O	_	_
Vienna	vienna	SPN	GPE	48.2083537	16.3725042
tutti	tutto	DP	O	_	_
i	il	RP	O	_	_
prodotti	prodotto	SP	O	_	_
del	di/det	ES	O	_	_
moderno	moderno	AS	O	_	_
progresso	progresso	SS	O	_	_
.	.	XPS	O	_	_

Lo	il	RS	O	_	_
spirito	spirito	SS	O	_	_
del	di/det	ES	O	_	_
Cristianesimo	cristianesimo	SPN	O	_	_
e	e	C	O	_	_
l’	il	RS	O	_	_
energia	energia	SS	O	_	_
del	di/det	ES	O	_	_
popolo	popolo	SS	O	_	_
tedesco	tedesco	AS	O	_	_
crearono	creare	VI	O	_	_
nei	in/det	EP	O	_	_
tempi	tempo	SP	O	_	_
antichi	antico	AP	O	_	_
opere	opera	SP	O	_	_
meravigliose	meraviglioso	AP	O	_	_
come	come	CADV	O	_	_
il	il	RS	O	_	_
campanile	campanile	SS	O	_	_
di	di	E	O	_	_
Santo	santo	SPN	O	_	_
Stefano	stefano	SPN	O	_	_
;	semicolon	XPS	O	_	_

lo	il	RS	O	_	_
spirito	spirito	SS	O	_	_
cristiano	cristiano	AS	O	_	_
e	e	C	O	_	_
la	il	RS	O	_	_
forza	forza	SS	O	_	_
d’	di	E	O	_	_
iniziativa	iniziativa	SS	O	_	_
del	di/det	ES	O	_	_
popolo	popolo	SS	O	_	_
faranno	fare	VI	O	_	_
grande	grande	AS	O	_	_
Vienna	vienna	SPN	O	_	_
e	e	C	O	_	_
la	il	RS	O	_	_
patria	patria	SS	O	_	_
austriaca	austriaco	AS	O	_	_
»	»	XPO	O	_	_
.	.	XPS	O	_	_

Fu	essere	VI	O	_	_
un	uno	RS	O	_	_
momento	momento	SS	O	_	_
solenne	solenne	AS	O	_	_
quando	quando	CADV	O	_	_
il	il	RS	O	_	_
D.r	d.r	YA	O	_	_
Lueger	lueger	SPN	O	_	_
nell’	in/det	ES	O	_	_
ultima	ultimo	AS	O	_	_
seduta	seduta	SS	O	_	_
comunale	comunale	AS	O	_	_
ritornò	ritornare	VI	O	_	_
nel	in/det	ES	O	_	_
suo	suo	DS	O	_	_
antico	antico	AS	O	_	_
posto	posto	SS	O	_	_
di	di	E	O	_	_
sinistra	sinistra	SS	O	_	_
,	comma	XPW	O	_	_
che	che	CCHE	O	_	_
aveva	avere	VIY	O	_	_
lasciato	lasciare	VSP	O	_	_
disoccupato	disoccupare	VSP	O	_	_
per	per	E	O	_	_
sei	sei	N	O	_	_
anni	anno	SP	O	_	_
mentre	mentre	C	O	_	_
si	rifl	PN	O	_	_
stava	stare	VI	O	_	_
compiendo	compiere	VG	O	_	_
l’	il	RS	O	_	_
atto	atto	SS	O	_	_
dell’	di/det	ES	O	_	_
elezione	elezione	SS	O	_	_
.	.	XPS	O	_	_

Ritornava	ritornare	VI	O	_	_
a	a	E	O	_	_
quel	quello	DS	O	_	_
posto	posto	SS	O	_	_
,	comma	XPW	O	_	_
donde	donde	B	O	_	_
per	per	E	O	_	_
anni	anno	SP	O	_	_
e	e	C	O	_	_
anni	anno	SP	O	_	_
aveva	avere	VIY	O	_	_
fulminato	fulminare	VSP	O	_	_
la	il	RS	O	_	_
maggioranza	maggioranza	SS	O	_	_
liberale	liberale	AS	O	_	_
,	comma	XPW	O	_	_
e	e	C	O	_	_
aveva	avere	VIY	O	_	_
mandato	mandare	VSP	O	_	_
tante	tanto	DP	O	_	_
volte	volta	SP	O	_	_
il	il	RS	O	_	_
grido	grido	SS	O	_	_
d’	di	E	O	_	_
allarme	allarme	SS	O	_	_
,	comma	XPW	O	_	_
finché	finché	C	O	_	_
il	il	RS	O	_	_
popolo	popolo	SS	O	_	_
cristiano	cristiano	AS	O	_	_
venne	venire	VI	O	_	_
e	e	C	O	_	_
sedette	sedette	SP	O	_	_
a	a	E	O	_	_
giudizio	giudizio	SS	O	_	_
sopra	sopra	E	O	_	_
gli	il	RP	O	_	_
sfruttatori	sfruttatore	SP	O	_	_
.	.	XPS	O	_	_

Ma	ma	C	O	_	_
vi	vi	B	O	_	_
ritornava	ritornare	VI	O	_	_
per	per	E	O	_	_
poco	poco	B	O	_	_
,	comma	XPW	O	_	_
perché	perché	C	O	_	_
124	124	N	O	_	_
su	su	E	O	_	_
145	145	N	O	_	_
rappresentanti	rappresentante	SP	O	_	_
lo	lo	PS	O	_	_
richiamavano	richiamare	VI	O	_	_
subito	subito	B	O	_	_
fra	fra	E	O	_	_
grandi	grande	AP	O	_	_
applausi	applauso	SP	O	_	_
al	a/det	ES	O	_	_
seggio	seggio	SS	O	_	_
presidenziale	presidenziale	AS	O	_	_
.	.	XPS	O	_	_

Così	così	B	O	_	_
questo	questo	PS	O	_	_
«	«	XPO	O	_	_
famigerato	famigerato	VSP	O	_	_
antisemita	antisemita	AS	O	_	_
»	»	XPO	O	_	_
,	comma	XPW	O	_	_
come	come	CADV	O	_	_
diceva	dire	VI	O	_	_
il	il	RS	O	_	_
giornale	giornale	SS	O	_	_
liberale	liberale	AS	O	_	_
di	di	E	O	_	_
qui	qui	B	O	_	_
,	comma	XPW	O	_	_
continuerà	continuare	VI	O	_	_
imperterrito	imperterrito	VSP	O	_	_
per	per	E	O	_	_
la	il	RS	O	_	_
sua	suo	DS	O	_	_
via	via	SS	O	_	_
ancora	ancora	B	O	_	_
per	per	E	O	_	_
lungo	lungo	AS	O	_	_
tempo	tempo	SS	O	_	_
.	.	XPS	O	_	_

Ma	ma	C	O	_	_
,	comma	XPW	O	_	_
signori	signore	SP	O	_	_
miei	mio	AP	O	_	_
,	comma	XPW	O	_	_
quest’	questo	DS	O	_	_
uomo	uomo	SS	O	_	_
ha	avere	VIY	O	_	_
letto	leggere	VSP	O	_	_
nell’	in/det	ES	O	_	_
anima	anima	SS	O	_	_
del	di/det	ES	O	_	_
suo	suo	DS	O	_	_
popolo	popolo	SS	O	_	_
e	e	C	O	_	_
l’	l’	PS	O	_	_
ha	avere	VIY	O	_	_
capita	capire	VSP	O	_	_
quest’	questo	DS	O	_	_
anima	anima	SS	O	_	_
,	comma	XPW	O	_	_
se	rifl	PN	O	_	_
ne	ne	PN	O	_	_
è	essere	VIY	O	_	_
fatto	fare	VSP	O	_	_
giorno	giorno	SS	O	_	_
per	per	E	O	_	_
giorno	giorno	SS	O	_	_
il	il	RS	O	_	_
portavoce	portavoce	SN	O	_	_
,	comma	XPW	O	_	_
e	e	C	O	_	_
quando	quando	CADV	O	_	_
agì	agire	VI	O	_	_
seppe	seppe	SP	O	_	_
di	di	E	O	_	_
avere	avere	VF	O	_	_
il	il	RS	O	_	_
più	più	B	O	_	_
largo	largo	AS	O	_	_
consenso	consenso	SS	O	_	_
con	con	E	O	_	_
sé	sé	PN	O	_	_
in	in	E	O	_	_
ogni	ogni	DS	O	_	_
asso	asso	SS	O	_	_
popolare	popolare	AS	O	_	_
.	.	XPS	O	_	_

A	a	E	O	_	_
ragione	ragione	SS	O	_	_
quindi	quindi	C	O	_	_
nel	in/det	ES	O	_	_
suo	suo	DS	O	_	_
discorso	discorso	SS	O	_	_
inaugurale	inaugurale	AS	O	_	_
il	il	RS	O	_	_
campione	campione	SS	O	_	_
della	di/det	ES	O	_	_
democrazia	democrazia	SS	O	_	_
cristiana	cristiano	AS	O	_	_
austriaca	austriaco	AS	O	_	_
desiderava	desiderare	VI	O	_	_
quelle	quello	DP	O	_	_
due	due	N	O	_	_
cose	cosa	SP	O	_	_
,	comma	XPW	O	_	_
rimaste	rimanere	VPP	O	_	_
compagne	compagne	SP	O	_	_
del	di/det	ES	O	_	_
suo	suo	DS	O	_	_
passato	passato	SS	O	_	_
:	:	XPS	O	_	_
l’	il	RS	O	_	_
aiuto	aiuto	SS	O	_	_
di	di	E	O	_	_
Dio	dio	SS	O	_	_
e	e	C	O	_	_
la	il	RS	O	_	_
fedeltà	fedeltà	SN	O	_	_
del	di/det	ES	O	_	_
popolo	popolo	SS	O	_	_
cristiano	cristiano	AS	O	_	_
.	.	XPS	O	_	_

f.-s.	f.-s.	SS	O	_	_
