# total number of persons:0, total number of gpes:13
Tutti	tutto	PP	O	_	_
sanno	sapere	VI	O	_	_
ormai	ormai	B	O	_	_
di	di	E	O	_	_
quali	quale	DP	O	_	_
elementi	elemento	SP	O	_	_
peregrini	peregrino	AP	O	_	_
sia	essere	VIY	O	_	_
impastata	impastare	VSP	O	_	_
la	il	RS	O	_	_
«	«	XPO	O	_	_
democrazia	democrazia	SS	O	_	_
»	»	XPO	O	_	_
del	di/det	ES	O	_	_
partito	partito	SS	O	_	_
giovane-liberale	giovane-liberale	AS	O	_	_
e	e	C	O	_	_
,	comma	XPW	O	_	_
conviene	convenire	VI	O	_	_
dirlo	dire/pro	VF+E	O	_	_
ad	ad	E	O	_	_
onore	onore	SS	O	_	_
del	di/det	ES	O	_	_
paese	paese	SS	O	_	_
,	comma	XPW	O	_	_
codesta	codesto	DS	O	_	_
«	«	XPO	O	_	_
democrazia	democrazia	SS	O	_	_
»	»	XPO	O	_	_
non	non	B	O	_	_
ha	avere	VIY	O	_	_
abbagliato	abbagliare	VSP	O	_	_
nessuno	nessuno	PS	O	_	_
.	.	XPS	O	_	_

Forse	forse	B	O	_	_
per	per	E	O	_	_
questo	questo	DS	O	_	_
l’	il	RS	O	_	_
Alto	alto	SPN	GPE	46.65596895	11.22964387
Adige	adige	SPN	GPE	46.65596895	11.22964387
s’	s’	PN	O	_	_
era	essere	VIY	O	_	_
messo	mettere	VSP	O	_	_
da	da	E	O	_	_
poco	poco	B	O	_	_
in	in	E	O	_	_
qua	qua	B	O	_	_
a	a	E	O	_	_
fare	fare	VF	O	_	_
il	il	RS	O	_	_
moderato	moderato	SS	O	_	_
,	comma	XPW	O	_	_
a	a	E	O	_	_
suonare	suonare	VF	O	_	_
la	il	RS	O	_	_
tromba	tromba	SS	O	_	_
della	di/det	ES	O	_	_
raccolta	raccolta	SS	O	_	_
,	comma	XPW	O	_	_
a	a	E	O	_	_
preparare	preparare	VF	O	_	_
la	il	RS	O	_	_
ristaurazione	ristaurazione	SS	O	_	_
.	.	XPS	O	_	_

Ma	ma	C	O	_	_
la	il	RS	O	_	_
ristaurazione	ristaurazione	SS	O	_	_
fallì	fallire	VI	O	_	_
,	comma	XPW	O	_	_
perché	perché	C	O	_	_
la	il	RS	O	_	_
nuova	nuovo	AS	O	_	_
dinastia	dinastia	SS	O	_	_
,	comma	XPW	O	_	_
dai	da/det	EP	O	_	_
vecchi	vecchio	AP	O	_	_
pretendeva	pretendere	VI	O	_	_
né	né	C	O	_	_
più	più	B	O	_	_
né	né	B	O	_	_
meno	meno	B	O	_	_
che	che	CCHE	O	_	_
leale	leale	AS	O	_	_
sudditanza	sudditanza	SS	O	_	_
.	.	XPS	O	_	_

A	a	E	O	_	_
dir	dir	VF	O	_	_
vero	vero	AS	O	_	_
i	il	RP	O	_	_
liberali	liberale	SP	O	_	_
di	di	E	O	_	_
oggi	oggi	B	O	_	_
avevano	avere	VIY	O	_	_
trovato	trovare	VSP	O	_	_
una	uno	RS	O	_	_
parola	parola	SS	O	_	_
per	per	E	O	_	_
questa	questo	DS	O	_	_
politica	politica	SS	O	_	_
d’	di	E	O	_	_
invasione	invasione	SS	O	_	_
,	comma	XPW	O	_	_
la	la	PS	O	_	_
chiamavano	chiamare	VI	O	_	_
«	«	XPO	O	_	_
penetrazione	penetrazione	SS	O	_	_
»	»	XPO	O	_	_
.	.	XPS	O	_	_

Ma	ma	C	O	_	_
quei	quello	DP	O	_	_
birboni	birbone	SP	O	_	_
di	di	E	O	_	_
vecchi	vecchio	AP	O	_	_
non	non	B	O	_	_
seppero	sapere	VI	O	_	_
risolversi	risolvere/rifl	VF+E	O	_	_
a	a	E	O	_	_
lasciarsi	lasciare/rifl	VF+E	O	_	_
«	«	XPO	O	_	_
penetrare	penetrare	VF	O	_	_
»	»	XPO	O	_	_
dai	da/det	EP	O	_	_
giovani	giovane	SP	O	_	_
.	.	XPS	O	_	_

A	a	E	O	_	_
nulla	nulla	PS	O	_	_
giovò	giovare	VI	O	_	_
la	il	RS	O	_	_
magnanima	magnanimo	AS	O	_	_
moderazione	moderazione	SS	O	_	_
degli	di/det	EP	O	_	_
uomini	uomo	SP	O	_	_
della	di/det	ES	O	_	_
Lega	lega	SPN	O	_	_
Democratica	democratica	SPN	O	_	_
,	comma	XPW	O	_	_
né	né	C	O	_	_
le	il	RP	O	_	_
pose	pose	AP	O	_	_
solenni	solenni	SP	O	_	_
e	e	C	O	_	_
da	da	E	O	_	_
quaresimalista	quaresimalista	SS	O	_	_
dell’	di/det	ES	O	_	_
Alto	alto	SPN	GPE	46.65596895	11.22964387
Adige	adige	SPN	GPE	46.65596895	11.22964387
,	comma	XPW	O	_	_
il	il	RS	O	_	_
quale	quale	PS	O	_	_
smesso	smesso	SS	O	_	_
di	di	E	O	_	_
fare	fare	VF	O	_	_
il	il	RS	O	_	_
monello	monello	SS	O	_	_
,	comma	XPW	O	_	_
con	con	E	O	_	_
smorfie	smorfia	SP	O	_	_
dignitose	dignitoso	AP	O	_	_
e	e	C	O	_	_
tenerezze	tenerezza	SP	O	_	_
insolite	insolito	AP	O	_	_
,	comma	XPW	O	_	_
ora	ora	B	O	_	_
esordì	esordire	VI	O	_	_
con	con	E	O	_	_
la	il	RS	O	_	_
predica	predica	SS	O	_	_
della	di/det	ES	O	_	_
concordia	concordia	SS	O	_	_
e	e	C	O	_	_
della	di/det	ES	O	_	_
dilezione	dilezione	SS	O	_	_
,	comma	XPW	O	_	_
ora	ora	B	O	_	_
,	comma	XPW	O	_	_
dal	da/det	ES	O	_	_
podio	podio	SS	O	_	_
esteriore	esteriore	AS	O	_	_
della	di/det	ES	O	_	_
baracca	baracca	SS	O	_	_
si	rifl	PN	O	_	_
sfiatò	sfiatare	VI	O	_	_
a	a	E	O	_	_
ripetere	ripetere	VF	O	_	_
:	:	XPS	O	_	_
Avanti	avanti	B	O	_	_
,	comma	XPW	O	_	_
signori	signore	SP	O	_	_
,	comma	XPW	O	_	_
avanti	avanti	E	O	_	_
"!"	esclamation_mark	XPS	O	_	_

C’	ci	B	O	_	_
è	essere	VIY	O	_	_
posto	porre	VSP	O	_	_
per	per	E	O	_	_
tutti	tutto	PP	O	_	_
"!"	esclamation_mark	XPS	O	_	_

Fiato	fiato	SPN	O	_	_
sprecato	sprecare	VSP	O	_	_
"!"	esclamation_mark	XPS	O	_	_

La	il	RS	O	_	_
gente	gente	SS	O	_	_
passava	passare	VI	O	_	_
via	via	B	O	_	_
,	comma	XPW	O	_	_
ch’	che	CCHE	O	_	_
era	essere	VI	O	_	_
una	uno	RS	O	_	_
disperazione	disperazione	SS	O	_	_
a	a	E	O	_	_
vederla	vedere/pro	VF+E	O	_	_
"!"	esclamation_mark	XPS	O	_	_

Chi	chi	CCHI	O	_	_
non	non	B	O	_	_
si	rifl	PN	O	_	_
fidava	fidare	VI	O	_	_
della	di/det	ES	O	_	_
baracca	baracca	SS	O	_	_
,	comma	XPW	O	_	_
malferma	malferma	VI	O	_	_
in	in	E	O	_	_
gambe	gambe	SS	O	_	_
,	comma	XPW	O	_	_
ai	a/det	EP	O	_	_
più	più	B	O	_	_
non	non	B	O	_	_
andavano	andare	VI	O	_	_
a	a	E	O	_	_
genio	genio	SS	O	_	_
i	il	RP	O	_	_
burattini	burattino	SP	O	_	_
.	.	XPS	O	_	_

E	e	C	O	_	_
così	così	B	O	_	_
l’	il	RS	O	_	_
Alto	alto	SPN	GPE	46.65596895	11.22964387
Adige	adige	SPN	GPE	46.65596895	11.22964387
,	comma	XPW	O	_	_
alla	a/det	ES	O	_	_
vigilia	vigilia	SS	O	_	_
della	di/det	ES	O	_	_
nascita	nascita	SS	O	_	_
di	di	E	O	_	_
un	uno	RS	O	_	_
giornale	giornale	SS	O	_	_
moderato	moderato	AS	O	_	_
,	comma	XPW	O	_	_
ha	avere	VIY	O	_	_
creduto	credere	VSP	O	_	_
di	di	E	O	_	_
poter	potere	VF	O	_	_
gettare	gettare	VF	O	_	_
la	il	RS	O	_	_
maschera	maschera	SS	O	_	_
di	di	E	O	_	_
Grande	grande	SPN	O	_	_
di	di	E	O	_	_
Spagna	spagna	SPN	GPE	40.0028028	-4.003104
e	e	C	O	_	_
di	di	E	O	_	_
riassumere	riassumere	VF	O	_	_
quella	quello	DS	O	_	_
sua	suo	DS	O	_	_
di	di	E	O	_	_
Truffaldino	truffaldino	SPN	O	_	_
.	.	XPS	O	_	_

Chi	chi	CCHI	O	_	_
non	non	B	O	_	_
ci	ci	PP	O	_	_
volesse	volere	VI	O	_	_
credere	credere	VF	O	_	_
,	comma	XPW	O	_	_
legga	leggere	VI	O	_	_
il	il	RS	O	_	_
numero	numero	SS	O	_	_
dell’	di/det	ES	O	_	_
Alto	alto	SPN	GPE	46.65596895	11.22964387
Adige	adige	SPN	GPE	46.65596895	11.22964387
di	di	E	O	_	_
ieri	ieri	B	O	_	_
,	comma	XPW	O	_	_
e	e	C	O	_	_
provi	provare	VI	O	_	_
a	a	E	O	_	_
darci	darci	VF	O	_	_
torto	torto	SS	O	_	_
.	.	XPS	O	_	_

Vi	vi	B	O	_	_
riconoscerà	riconoscere	VI	O	_	_
tutto	tutto	DS	O	_	_
il	il	RS	O	_	_
fare	fare	VF	O	_	_
monellesco	monellesco	AS	O	_	_
antico	antico	AS	O	_	_
,	comma	XPW	O	_	_
vi	vi	B	O	_	_
ravviserà	ravvisare	VI	O	_	_
tutte	tutto	DP	O	_	_
quelle	quello	PP	O	_	_
nobili	nobile	AP	O	_	_
inclinazioni	inclinazione	SP	O	_	_
e	e	C	O	_	_
tendenze	tendenza	SP	O	_	_
,	comma	XPW	O	_	_
per	per	E	O	_	_
le	il	RP	O	_	_
quali	quale	PP	O	_	_
si	rifl	PN	O	_	_
prese	prendere	VI	O	_	_
a	a	E	O	_	_
prestito	prestito	SS	O	_	_
,	comma	XPW	O	_	_
profanandolo	profanare/pro	VG+E	O	_	_
,	comma	XPW	O	_	_
il	il	RS	O	_	_
nome	nome	SS	O	_	_
di	di	E	O	_	_
democrazia	democrazia	SS	O	_	_
.	.	XPS	O	_	_

Indiscutibilmente	indiscutibilmente	B	O	_	_
,	comma	XPW	O	_	_
mentre	mentre	C	O	_	_
i	il	RP	O	_	_
vecchi	vecchio	AP	O	_	_
risollevano	risollevare	VI	O	_	_
la	il	RS	O	_	_
testa	testa	SS	O	_	_
,	comma	XPW	O	_	_
i	il	RP	O	_	_
giovani	giovane	SP	O	_	_
sentono	sentire	VI	O	_	_
la	il	RS	O	_	_
necessità	necessità	SN	O	_	_
di	di	E	O	_	_
scindere	scindere	VF	O	_	_
le	il	RP	O	_	_
responsabilità	responsabilità	SN	O	_	_
col	con/det	ES	O	_	_
ritorno	ritorno	SS	O	_	_
risoluto	risoluto	AS	O	_	_
e	e	C	O	_	_
potente	potente	AS	O	_	_
alla	a/det	ES	O	_	_
democrazia	democrazia	SS	O	_	_
.	.	XPS	O	_	_

Verso	verso	E	O	_	_
la	il	RS	O	_	_
vita	vita	SS	O	_	_
"!"	esclamation_mark	XPS	O	_	_

Ed	ed	C	O	_	_
ecco	ecco	B	O	_	_
un	uno	RS	O	_	_
problema	problema	SS	O	_	_
di	di	E	O	_	_
differenziazione	differenziazione	SS	O	_	_
:	:	XPS	O	_	_
la	il	RS	O	_	_
questione	questione	SS	O	_	_
del	di/det	ES	O	_	_
divorzio	divorzio	SS	O	_	_
.	.	XPS	O	_	_

Negli	in/det	EP	O	_	_
ultimi	ultimo	AP	O	_	_
mesi	mese	SP	O	_	_
l’	il	RS	O	_	_
Alto	alto	SPN	GPE	46.65596895	11.22964387
Adige	adige	SPN	GPE	46.65596895	11.22964387
che	che	CCHE	O	_	_
badava	badare	VI	O	_	_
a	a	E	O	_	_
far	fare	VF	O	_	_
politica	politico	AS	O	_	_
di	di	E	O	_	_
raccoglimento	raccoglimento	SS	O	_	_
,	comma	XPW	O	_	_
trovò	trovare	VI	O	_	_
opportuno	opportuno	AS	O	_	_
di	di	E	O	_	_
non	non	B	O	_	_
occuparsene	occupare/rifl/part	VF+E	O	_	_
.	.	XPS	O	_	_

Il	il	RS	O	_	_
movimento	movimento	SS	O	_	_
divorzista	divorzista	AS	O	_	_
,	comma	XPW	O	_	_
sorto	sorgere	VSP	O	_	_
nel	in/det	ES	O	_	_
centro	centro	SS	O	_	_
dell’	di/det	ES	O	_	_
Austria	austria	SPN	O	_	_
e	e	C	O	_	_
allargatosi	allargatosi	VG+E	O	_	_
poi	poi	B	O	_	_
alle	a/det	EP	O	_	_
provincie	provincie	SP	O	_	_
,	comma	XPW	O	_	_
l’	il	RS	O	_	_
agitazione	agitazione	SS	O	_	_
di	di	E	O	_	_
protesta	protesta	SS	O	_	_
inaugurata	inaugurare	VSP	O	_	_
con	con	E	O	_	_
una	uno	RS	O	_	_
lettera	lettera	SS	O	_	_
del	di/det	ES	O	_	_
Papa	papa	SPN	O	_	_
e	e	C	O	_	_
con	con	E	O	_	_
un	uno	RS	O	_	_
appello	appello	SS	O	_	_
dei	di/det	EP	O	_	_
Vescovi	vescovi	SPN	O	_	_
,	comma	XPW	O	_	_
le	il	RP	O	_	_
discussioni	discussione	SP	O	_	_
dei	di/det	EP	O	_	_
giornali	giornale	SP	O	_	_
fino	fino	E	O	_	_
in	in	E	O	_	_
casa	casa	SS	O	_	_
nostra	nostro	DS	O	_	_
,	comma	XPW	O	_	_
la	il	RS	O	_	_
relazione	relazione	SS	O	_	_
dell’	di/det	ES	O	_	_
on	on	SN	O	_	_
.	.	XPS	O	_	_

Tschan	tschan	SPN	O	_	_
nella	in/det	ES	O	_	_
commissione	commissione	SS	O	_	_
giudiziaria	giudiziario	AS	O	_	_
alla	a/det	ES	O	_	_
Camera	camera	SS	O	_	_
,	comma	XPW	O	_	_
tutto	tutto	DS	O	_	_
questo	questo	PS	O	_	_
per	per	E	O	_	_
l’	il	RS	O	_	_
Alto	alto	SPN	GPE	46.65596895	11.22964387
Adige	adige	SPN	GPE	46.65596895	11.22964387
non	non	B	O	_	_
era	essere	VIY	O	_	_
esistito	esistere	VSP	O	_	_
,	comma	XPW	O	_	_
come	come	CADV	O	_	_
se	se	C	O	_	_
l’	il	RS	O	_	_
Alto	alto	SPN	GPE	46.65596895	11.22964387
Adige	adige	SPN	GPE	46.65596895	11.22964387
non	non	B	O	_	_
fosse	essere	VI	O	_	_
l’	il	RS	O	_	_
organo	organo	SS	O	_	_
di	di	E	O	_	_
un	uno	RS	O	_	_
partito	partito	SS	O	_	_
liberale	liberale	AS	O	_	_
e	e	C	O	_	_
il	il	RS	O	_	_
portavoce	portavoce	SN	O	_	_
di	di	E	O	_	_
un	uno	RS	O	_	_
deputato	deputato	SS	O	_	_
.	.	XPS	O	_	_

Ma	ma	C	O	_	_
si	rifl	PN	O	_	_
trattava	trattare	VI	O	_	_
della	di/det	ES	O	_	_
«	«	XPO	O	_	_
penetrazione	penetrazione	SS	O	_	_
»	»	XPO	O	_	_
e	e	C	O	_	_
con	con	E	O	_	_
simili	simile	AP	O	_	_
argomenti	argomento	SP	O	_	_
in	in	E	O	_	_
discussione	discussione	SS	O	_	_
non	non	B	O	_	_
si	rifl	PN	O	_	_
penetrava	penetrare	VI	O	_	_
punto	punto	SS	O	_	_
.	.	XPS	O	_	_

Ma	ma	C	O	_	_
poi	poi	B	O	_	_
,	comma	XPW	O	_	_
quando	quando	CADV	O	_	_
fu	essere	VI	O	_	_
palese	palese	AS	O	_	_
che	che	CCHE	O	_	_
i	il	RP	O	_	_
vecchi	vecchio	AP	O	_	_
s’	s’	PN	O	_	_
incaponiscono	incaponire	VI	O	_	_
a	a	E	O	_	_
non	non	B	O	_	_
ringiovanire	ringiovanire	VF	O	_	_
,	comma	XPW	O	_	_
l’	il	RS	O	_	_
Alto	alto	SPN	GPE	46.65596895	11.22964387
Adige	adige	SPN	GPE	46.65596895	11.22964387
lasciò	lasciare	VI	O	_	_
cadere	cadere	VF	O	_	_
certi	certo	DP	O	_	_
riguardi	riguardo	SP	O	_	_
e	e	C	O	_	_
mandò	mandare	VI	O	_	_
all’	a/det	ES	O	_	_
assalto	assalto	SS	O	_	_
un	uno	RS	O	_	_
suo	suo	DS	O	_	_
teologo	teologo	SS	O	_	_
in	in	E	O	_	_
favore	favore	SS	O	_	_
del	di/det	ES	O	_	_
divorzio	divorzio	SS	O	_	_
,	comma	XPW	O	_	_
facendo	fare	VG	O	_	_
quella	quello	PS	O	_	_
figura	figura	SS	O	_	_
che	che	CCHE	O	_	_
sapete	sapere	VI	O	_	_
.	.	XPS	O	_	_

Noi	noi	PP	O	_	_
l’	il	RS	O	_	_
abbiamo	avere	VIY	O	_	_
rilevato	rilevare	VSP	O	_	_
ed	ed	C	O	_	_
ora	ora	B	O	_	_
l’	il	RS	O	_	_
organo	organo	SS	O	_	_
di	di	E	O	_	_
via	via	SS	O	_	_
Dordi	dordi	SPN	O	_	_
vorrebbe	volere	VI	O	_	_
schivare	schivare	VF	O	_	_
la	il	RS	O	_	_
questione	questione	SS	O	_	_
,	comma	XPW	O	_	_
bagatellizzarla	bagatellizzarla	VF+E	O	_	_
,	comma	XPW	O	_	_
come	come	CADV	O	_	_
uno	uno	RS	O	_	_
scolaretto	scolaretto	SS	O	_	_
colto	cogliere	VSP	O	_	_
in	in	E	O	_	_
fallo	fallo	SS	O	_	_
.	.	XPS	O	_	_

Codesti	codesto	DP	O	_	_
eroi	eroi	AP	O	_	_
del	di/det	ES	O	_	_
partito	partito	SS	O	_	_
giovane	giovane	AS	O	_	_
,	comma	XPW	O	_	_
codesti	codesto	DP	O	_	_
liberali	liberale	AP	O	_	_
puri	puro	AP	O	_	_
e	e	C	O	_	_
d’	di	E	O	_	_
azione	azione	SS	O	_	_
,	comma	XPW	O	_	_
in	in	E	O	_	_
confronto	confronto	SS	O	_	_
dei	di/det	EP	O	_	_
vecchi	vecchio	SP	O	_	_
,	comma	XPW	O	_	_
dottrinari	dottrinario	SP	O	_	_
,	comma	XPW	O	_	_
costoro	costui	PP	O	_	_
sorti	sorte	SP	O	_	_
per	per	E	O	_	_
tagliare	tagliare	VF	O	_	_
il	il	RS	O	_	_
nodo	nodo	SS	O	_	_
gordiano	gordiano	VI	O	_	_
della	di/det	ES	O	_	_
politica	politica	SS	O	_	_
trentina	trentino	AS	O	_	_
,	comma	XPW	O	_	_
per	per	E	O	_	_
stabilire	stabilire	VF	O	_	_
la	il	RS	O	_	_
chiara	chiaro	AS	O	_	_
divisione	divisione	SS	O	_	_
dei	di/det	EP	O	_	_
partiti	partito	SP	O	_	_
,	comma	XPW	O	_	_
per	per	E	O	_	_
combattere	combattere	VF	O	_	_
anzitutto	anzitutto	B	O	_	_
i	il	RP	O	_	_
clericali	clericale	SP	O	_	_
,	comma	XPW	O	_	_
fanno	fare	VI	O	_	_
il	il	RS	O	_	_
nesci	nesci	SS	O	_	_
sulle	su/det	EP	O	_	_
fondamentali	fondamentale	AP	O	_	_
questioni	questione	SP	O	_	_
di	di	E	O	_	_
vita	vita	SS	O	_	_
religiosa	religioso	AS	O	_	_
e	e	C	O	_	_
civile	civile	AS	O	_	_
,	comma	XPW	O	_	_
o	o	C	O	_	_
,	comma	XPW	O	_	_
se	rifl	PN	O	_	_
ne	ne	PN	O	_	_
parlano	parlare	VI	O	_	_
si	rifl	PN	O	_	_
ricredono	ricredere	VIY	O	_	_
subito	subito	B	O	_	_
,	comma	XPW	O	_	_
per	per	E	O	_	_
ricorrere	ricorrere	VF	O	_	_
alla	a/det	ES	O	_	_
confusione	confusione	SS	O	_	_
dei	di/det	EP	O	_	_
«	«	XPO	O	_	_
distinguo	distinguo	SS	O	_	_
»	»	XPO	O	_	_
e	e	C	O	_	_
delle	di/det	EP	O	_	_
«	«	XPO	O	_	_
eccezioni	eccezione	SP	O	_	_
»	»	XPO	O	_	_
,	comma	XPW	O	_	_
là	là	B	O	_	_
ove	ove	B	O	_	_
sarebbe	essere	VI	O	_	_
facile	facile	AS	O	_	_
e	e	C	O	_	_
doveroso	doveroso	AS	O	_	_
il	il	RS	O	_	_
dire	dire	VF	O	_	_
una	uno	RS	O	_	_
parola	parola	SS	O	_	_
franca	franco	AS	O	_	_
sulla	su/det	ES	O	_	_
questione	questione	SS	O	_	_
di	di	E	O	_	_
principio	principio	SS	O	_	_
.	.	XPS	O	_	_

Anche	anche	C	O	_	_
in	in	E	O	_	_
voi	voi	PP	O	_	_
,	comma	XPW	O	_	_
giovani	giovane	SP	O	_	_
,	comma	XPW	O	_	_
dunque	dunque	C	O	_	_
la	il	RS	O	_	_
solita	solito	AS	O	_	_
ipocrisia	ipocrisia	SS	O	_	_
,	comma	XPW	O	_	_
la	il	RS	O	_	_
solita	solito	AS	O	_	_
equivocità	equivocità	SN	O	_	_
di	di	E	O	_	_
programma	programma	SS	O	_	_
e	e	C	O	_	_
d’	di	E	O	_	_
intenzione	intenzione	SS	O	_	_
.	.	XPS	O	_	_

Anche	anche	C	O	_	_
qui	qui	B	O	_	_
la	il	RS	O	_	_
politica	politica	SS	O	_	_
dei	di/det	EP	O	_	_
sottintesi	sottinteso	SP	O	_	_
,	comma	XPW	O	_	_
che	che	CCHE	O	_	_
vi	vi	B	O	_	_
ha	avere	VIY	O	_	_
palesato	palesare	VSP	O	_	_
in	in	E	O	_	_
un’	uno	RS	O	_	_
altra	altro	DS	O	_	_
questione	questione	SS	O	_	_
importante	importante	AS	O	_	_
,	comma	XPW	O	_	_
quella	quello	PS	O	_	_
del	di/det	ES	O	_	_
suffragio	suffragio	SS	O	_	_
universale	universale	AS	O	_	_
,	comma	XPW	O	_	_
per	per	E	O	_	_
quei	quello	DP	O	_	_
commedianti	commediante	SP	O	_	_
della	di/det	ES	O	_	_
politica	politica	SS	O	_	_
che	che	CCHE	O	_	_
siete	essere	VI	O	_	_
.	.	XPS	O	_	_

E	e	C	O	_	_
dopo	dopo	E	O	_	_
tutte	tutto	DP	O	_	_
queste	questo	DP	O	_	_
farse	farsa	SP	O	_	_
voi	voi	PS	O	_	_
pretendereste	pretendere	VI	O	_	_
che	che	CCHE	O	_	_
vi	vi	B	O	_	_
prende	prendere	VI	O	_	_
situo	situo	AS	O	_	_
sul	su/det	ES	O	_	_
serio	serio	SS	O	_	_
?	?	XPS	O	_	_

Voi	voi	PS	O	_	_
vi	vi	B	O	_	_
lagnate	lagnare	VI	O	_	_
che	che	CCHE	O	_	_
non	non	B	O	_	_
rispondiamo	rispondere	VI	O	_	_
alle	a/det	EP	O	_	_
vostre	vostro	DP	O	_	_
proposte	proposta	SP	O	_	_
,	comma	XPW	O	_	_
accompagnate	accompagnare	VPP	O	_	_
sempre	sempre	B	O	_	_
da	da	E	O	_	_
quella	quello	DS	O	_	_
tracotanza	tracotanza	SS	O	_	_
che	che	CCHE	O	_	_
usano	usare	VI	O	_	_
mantenere	mantenere	VF	O	_	_
i	il	RP	O	_	_
signori	signore	SP	O	_	_
,	comma	XPW	O	_	_
anche	anche	C	O	_	_
se	se	C	O	_	_
decaduti	decadere	VPP	O	_	_
?	?	XPS	O	_	_

E	e	C	O	_	_
come	come	CADV	O	_	_
dovremmo	dovere	VI	O	_	_
noi	noi	PP	O	_	_
rispondere	rispondere	VF	O	_	_
alla	a/det	ES	O	_	_
vostra	vostro	DS	O	_	_
domanda	domanda	SS	O	_	_
,	comma	XPW	O	_	_
quando	quando	CADV	O	_	_
è	essere	VI	O	_	_
evidente	evidente	AS	O	_	_
che	che	CCHE	O	_	_
voi	voi	PS	O	_	_
la	la	PS	O	_	_
ponete	porre	VI	O	_	_
solo	solo	B	O	_	_
per	per	E	O	_	_
evitare	evitare	VF	O	_	_
una	uno	RS	O	_	_
risposta	risposta	SS	O	_	_
?	?	XPS	O	_	_

Oh	oh	I	O	_	_
,	comma	XPW	O	_	_
volete	volere	VI	O	_	_
proprio	proprio	B	O	_	_
la	il	RS	O	_	_
nostra	nostro	DS	O	_	_
?	?	XPS	O	_	_

Eccovela	eccovela	SPN	O	_	_
.	.	XPS	O	_	_

Ci	ci	PP	O	_	_
domandate	domandare	VI	O	_	_
che	che	CCHE	O	_	_
posizione	posizione	SS	O	_	_
prende	prendere	VI	O	_	_
il	il	RS	O	_	_
partito	partito	SS	O	_	_
clericale	clericale	AS	O	_	_
di	di	E	O	_	_
fronte	fronte	SS	O	_	_
all’	a/det	ES	O	_	_
invasione	invasione	SS	O	_	_
tedesca	tedesco	AS	O	_	_
.	.	XPS	O	_	_

Il	il	RS	O	_	_
pubblico	pubblico	SS	O	_	_
che	che	CCHE	O	_	_
legge	leggere	VI	O	_	_
il	il	RS	O	_	_
nostro	nostro	DS	O	_	_
giornale	giornale	SS	O	_	_
lo	lo	PS	O	_	_
sa	sapere	VI	O	_	_
,	comma	XPW	O	_	_
e	e	C	O	_	_
lo	lo	PS	O	_	_
devono	dovere	VI	O	_	_
sapere	sapere	VF	O	_	_
anche	anche	C	O	_	_
quei	quello	DP	O	_	_
pochi	poco	PP	O	_	_
che	che	CCHE	O	_	_
giurano	giurano	VI	O	_	_
in	in	E	O	_	_
verba	verba	SS	O	_	_
Alto	alto	SPN	GPE	46.65596895	11.22964387
Adige	adige	SPN	GPE	46.65596895	11.22964387
,	comma	XPW	O	_	_
se	se	C	O	_	_
non	non	B	O	_	_
altro	altro	DS	O	_	_
per	per	E	O	_	_
gli	il	RP	O	_	_
articoli	articolo	SP	O	_	_
dei	di/det	EP	O	_	_
giornali	giornale	SP	O	_	_
tedeschi	tedesco	AP	O	_	_
diretti	dirigere	VPP	O	_	_
contro	contro	E	O	_	_
di	di	E	O	_	_
noi	noi	PP	O	_	_
,	comma	XPW	O	_	_
che	che	CCHE	O	_	_
voi	voi	PS	O	_	_
con	con	E	O	_	_
fraterno	fraterno	AS	O	_	_
spirito	spirito	SS	O	_	_
nazionale	nazionale	AS	O	_	_
,	comma	XPW	O	_	_
vi	vi	B	O	_	_
siete	essere	VI	O	_	_
affrettati	affrettare	VPP	O	_	_
di	di	E	O	_	_
ricopiare	ricopiare	VF	O	_	_
.	.	XPS	O	_	_

Ma	ma	C	O	_	_
gioverà	giovare	VI	O	_	_
ripeterlo	ripetere/pro	VF+E	O	_	_
.	.	XPS	O	_	_

Noi	noi	PP	O	_	_
intendiamo	intendere	VI	O	_	_
di	di	E	O	_	_
combattere	combattere	VF	O	_	_
l’	il	RS	O	_	_
invasione	invasione	SS	O	_	_
tedesca	tedesco	AS	O	_	_
con	con	E	O	_	_
due	due	N	O	_	_
mezzi	mezzo	SP	O	_	_
:	:	XPS	O	_	_
1	1	N	O	_	_
)	close_parenthesis	XPB	O	_	_
Con	con	E	O	_	_
l’	il	RS	O	_	_
opporci	opporci	VF+E	O	_	_
con	con	E	O	_	_
le	il	RP	O	_	_
forze	forza	SP	O	_	_
morali	morale	AP	O	_	_
e	e	C	O	_	_
con	con	E	O	_	_
quelle	quello	PP	O	_	_
delle	di/det	EP	O	_	_
nostre	nostro	DP	O	_	_
organizzazioni	organizzazione	SP	O	_	_
a	a	E	O	_	_
tutti	tutto	DP	O	_	_
i	il	RP	O	_	_
tentativi	tentativo	SP	O	_	_
di	di	E	O	_	_
snazionalizzazione	snazionalizzazione	SS	O	_	_
,	comma	XPW	O	_	_
come	come	CADV	O	_	_
abbiamo	avere	VIY	O	_	_
fatto	fare	VSP	O	_	_
in	in	E	O	_	_
Fassa	fassa	SPN	O	_	_
,	comma	XPW	O	_	_
in	in	E	O	_	_
S.	s.	YA	O	_	_
Sebastiano	sebastiano	SPN	O	_	_
,	comma	XPW	O	_	_
in	in	E	O	_	_
Folgaria	folgaria	SPN	GPE	45.9149727	11.173015
,	comma	XPW	O	_	_
a	a	E	O	_	_
Caldonazzo	caldonazzo	SPN	GPE	45.9915227	11.2621326
,	comma	XPW	O	_	_
in	in	E	O	_	_
Banale	banale	SPN	O	_	_
,	comma	XPW	O	_	_
ecc.	ecc.	YA	O	_	_
2	2	N	O	_	_
)	close_parenthesis	XPB	O	_	_
Col	con/det	ES	O	_	_
combattere	combattere	VF	O	_	_
a	a	E	O	_	_
spada	spada	SS	O	_	_
tratta	trattare	VI	O	_	_
e	e	C	O	_	_
con	con	E	O	_	_
la	il	RS	O	_	_
massima	massimo	AS	O	_	_
energia	energia	SS	O	_	_
la	il	RS	O	_	_
vostra	vostra	SS	O	_	_
politica	politico	AS	O	_	_
negativa	negativo	AS	O	_	_
frasaiuola	frasaiuola	SS	O	_	_
e	e	C	O	_	_
nullista	nullista	SS	O	_	_
,	comma	XPW	O	_	_
la	il	RS	O	_	_
quale	quale	PS	O	_	_
ci	ci	PP	O	_	_
ha	avere	VIY	O	_	_
ridotto	ridurre	VSP	O	_	_
nazionalmente	nazionalmente	B	O	_	_
così	così	B	O	_	_
deboli	debole	AP	O	_	_
.	.	XPS	O	_	_

In	in	E	O	_	_
poche	poco	DP	O	_	_
parole	parola	SP	O	_	_
noi	noi	PP	O	_	_
vogliamo	volere	VI	O	_	_
anzitutto	anzitutto	B	O	_	_
far	fare	VF	O	_	_
opera	opera	SS	O	_	_
di	di	E	O	_	_
democrazia	democrazia	SS	O	_	_
,	comma	XPW	O	_	_
perché	perché	C	O	_	_
solo	solo	B	O	_	_
attraverso	attraverso	E	O	_	_
questa	questo	PS	O	_	_
e	e	C	O	_	_
con	con	E	O	_	_
l’	il	RS	O	_	_
elevazione	elevazione	SS	O	_	_
economica	economico	AS	O	_	_
potremo	potere	VI	O	_	_
inaugurare	inaugurare	VF	O	_	_
una	uno	RS	O	_	_
politica	politica	SS	O	_	_
positivamente	positivamente	B	O	_	_
nazionale	nazionale	AS	O	_	_
.	.	XPS	O	_	_

E	e	C	O	_	_
la	il	RS	O	_	_
nostra	nostro	DS	O	_	_
democrazia	democrazia	SS	O	_	_
non	non	B	O	_	_
è	essere	VI	O	_	_
una	uno	RS	O	_	_
parola	parola	SS	O	_	_
,	comma	XPW	O	_	_
avete	avere	VIY	O	_	_
dovuto	dovere	VSP	O	_	_
ammetterlo	ammettere/pro	VF+E	O	_	_
anche	anche	C	O	_	_
voi	voi	PS	O	_	_
.	.	XPS	O	_	_

E	e	C	O	_	_
non	non	B	O	_	_
assomiglia	assomigliare	VI	O	_	_
punto	punto	SS	O	_	_
alla	a/det	ES	O	_	_
vostra	vostro	AS	O	_	_
,	comma	XPW	O	_	_
voi	voi	PS	O	_	_
,	comma	XPW	O	_	_
che	che	CCHE	O	_	_
nel	in/det	ES	O	_	_
giornale	giornale	SS	O	_	_
di	di	E	O	_	_
ieri	ieri	B	O	_	_
avete	avere	VI	O	_	_
il	il	RS	O	_	_
coraggio	coraggio	SS	O	_	_
di	di	E	O	_	_
attaccare	attaccare	VF	O	_	_
una	uno	RS	O	_	_
società	società	SN	O	_	_
di	di	E	O	_	_
poveri	povero	AP	O	_	_
segantini	segantino	SP	O	_	_
in	in	E	O	_	_
Fiemme	fiemme	SPN	O	_	_
,	comma	XPW	O	_	_
i	il	RP	O	_	_
quali	quale	PP	O	_	_
cercano	cercare	VI	O	_	_
onestamente	onestamente	B	O	_	_
e	e	C	O	_	_
legalmente	legalmente	B	O	_	_
di	di	E	O	_	_
migliorare	migliorare	VF	O	_	_
le	il	RP	O	_	_
proprie	proprio	DP	O	_	_
condizioni	condizione	SP	O	_	_
.	.	XPS	O	_	_

Ci	ci	PP	O	_	_
vedete	vedere	VI	O	_	_
anche	anche	C	O	_	_
in	in	E	O	_	_
questa	questo	DS	O	_	_
società	società	SN	O	_	_
che	che	CCHE	O	_	_
non	non	B	O	_	_
è	essere	VI	O	_	_
niente	niente	PS	O	_	_
affatto	affatto	B	O	_	_
confessionale	confessionale	AS	O	_	_
,	comma	XPW	O	_	_
un	uno	RS	O	_	_
prodotto	prodotto	SS	O	_	_
della	di/det	ES	O	_	_
nostra	nostro	DS	O	_	_
politica	politica	SS	O	_	_
?	?	XPS	O	_	_

Ebbene	ebbene	C	O	_	_
sia	sia	C	O	_	_
,	comma	XPW	O	_	_
segno	segno	SS	O	_	_
che	che	CCHE	O	_	_
la	il	RS	O	_	_
nostra	nostro	DS	O	_	_
politica	politica	SS	O	_	_
è	essere	VI	O	_	_
buona	buono	AS	O	_	_
,	comma	XPW	O	_	_
che	che	CCHE	O	_	_
la	il	RS	O	_	_
nostra	nostro	DS	O	_	_
democrazia	democrazia	SS	O	_	_
è	essere	VI	O	_	_
genuina	genuino	AS	O	_	_
e	e	C	O	_	_
che	che	CCHE	O	_	_
noi	noi	PP	O	_	_
ci	ci	PP	O	_	_
interessiamo	interessare	VI	O	_	_
davvero	davvero	B	O	_	_
delle	di/det	EP	O	_	_
classi	classe	SP	O	_	_
popolari	popolare	AP	O	_	_
.	.	XPS	O	_	_

A	a	E	O	_	_
voi	voi	PS	O	_	_
la	il	RS	O	_	_
democrazia	democrazia	SS	O	_	_
delle	di/det	EP	O	_	_
ciarle	ciarla	SP	O	_	_
.	.	XPS	O	_	_

Coraggio	coraggio	SS	O	_	_
,	comma	XPW	O	_	_
segantini	segantino	SP	O	_	_
,	comma	XPW	O	_	_
l’	il	RS	O	_	_
Alto	alto	SPN	GPE	46.65596895	11.22964387
Adige	adige	SPN	GPE	46.65596895	11.22964387
vi	vi	B	O	_	_
consiglia	consigliare	VI	O	_	_
la	il	RS	O	_	_
quiete	quiete	SS	O	_	_
,	comma	XPW	O	_	_
la	il	RS	O	_	_
dignità	dignità	SN	O	_	_
e	e	C	O	_	_
la	il	RS	O	_	_
.	.	XPS	O	_	_

.	.	XPS	O	_	_

.	.	XPS	O	_	_

difesa	difesa	SS	O	_	_
nazionale	nazionale	AS	O	_	_
.	.	XPS	O	_	_
