# total number of persons:8, total number of gpes:6
L’	il	RS	O	_	_
uomo	uomo	SS	O	_	_
di	di	E	O	_	_
stato	stato	SS	O	_	_
,	comma	XPW	O	_	_
scomparso	scomparire	VSP	O	_	_
prematuramente	prematuramente	B	O	_	_
se	se	C	O	_	_
non	non	B	O	_	_
improvvisamente	improvvisamente	B	O	_	_
dalla	da/det	ES	O	_	_
scena	scena	SS	O	_	_
politica	politico	AS	O	_	_
,	comma	XPW	O	_	_
fu	essere	VI	O	_	_
tale	tale	AS	O	_	_
nella	in/det	ES	O	_	_
sua	suo	DS	O	_	_
attività	attività	SN	O	_	_
,	comma	XPW	O	_	_
da	da	E	O	_	_
meritare	meritare	VF	O	_	_
da	da	E	O	_	_
parte	parte	SS	O	_	_
degli	di/det	EP	O	_	_
italiani	italiano	SP	O	_	_
un	uno	RS	O	_	_
ricordo	ricordo	SS	O	_	_
di	di	E	O	_	_
gratitudine	gratitudine	SS	O	_	_
.	.	XPS	O	_	_

Salito	salire	VSP	O	_	_
al	a/det	ES	O	_	_
potere	potere	SS	O	_	_
dopo	dopo	E	O	_	_
il	il	RS	O	_	_
Goluchowski	goluchowski	SPN	O	_	_
,	comma	XPW	O	_	_
seppe	sapere	VI	O	_	_
orientare	orientare	VF	O	_	_
la	il	RS	O	_	_
politica	politica	SS	O	_	_
austriaca	austriaco	AS	O	_	_
in	in	E	O	_	_
modo	modo	SS	O	_	_
da	da	E	O	_	_
arrivare	arrivare	VF	O	_	_
all’	a/det	ES	O	_	_
annessione	annessione	SS	O	_	_
della	di/det	ES	O	_	_
Bosnia	bosnia	SPN	GPE	44.3092405	17.5859673
-	-	XPO	GPE	44.3092405	17.5859673
Erzegovina	erzegovina	SPN	GPE	44.3092405	17.5859673
giocando	giocare	VG	O	_	_
abilmente	abilmente	B	O	_	_
il	il	RS	O	_	_
ministro	ministro	SS	O	_	_
russo	russo	AS	O	_	_
Iswolski	iswolski	SPN	O	_	_
,	comma	XPW	O	_	_
con	con	E	O	_	_
il	il	RS	O	_	_
quale	quale	PS	O	_	_
pochi	poco	DP	O	_	_
giorni	giorno	SP	O	_	_
prima	prima	B	O	_	_
s’	s’	PN	O	_	_
era	essere	VIY	O	_	_
incontrato	incontrare	VSP	O	_	_
a	a	E	O	_	_
Buchlau	buchlau	SPN	O	_	_
,	comma	XPW	O	_	_
nel	in/det	ES	O	_	_
castello	castello	SS	O	_	_
del	di/det	ES	O	_	_
conte	conte	SS	O	_	_
Berchtold	berchtold	SPN	PER	_	_
,	comma	XPW	O	_	_
ora	ora	B	O	_	_
suo	suo	DS	O	_	_
successore	successore	SS	O	_	_
.	.	XPS	O	_	_

Iswolski	iswolski	SPN	O	_	_
allora	allora	C	O	_	_
dovette	dovere	VI	O	_	_
confessare	confessare	VF	O	_	_
d’	di	E	O	_	_
essere	essere	VFY	O	_	_
stato	essere	VSPY	O	_	_
sorpreso	sorprendere	VSP	O	_	_
molto	molto	B	O	_	_
accortamente	accortamente	B	O	_	_
,	comma	XPW	O	_	_
e	e	C	O	_	_
l’	il	RS	O	_	_
opposizione	opposizione	SS	O	_	_
della	di/det	ES	O	_	_
Russia	russia	SPN	GPE	64.6863136	97.7453061
al	a/det	ES	O	_	_
nuovo	nuovo	AS	O	_	_
stato	stato	SS	O	_	_
di	di	E	O	_	_
cose	cosa	SP	O	_	_
non	non	B	O	_	_
ebbe	avere	VI	O	_	_
fine	fine	SS	O	_	_
se	se	C	O	_	_
non	non	B	O	_	_
quando	quando	CADV	O	_	_
la	il	RS	O	_	_
Turchia	turchia	SPN	GPE	38.9597594	34.9249653
prima	primo	AS	O	_	_
e	e	C	O	_	_
la	il	RS	O	_	_
Serbia	serbia	SPN	GPE	44.1534121	20.55144
poi	poi	B	O	_	_
–	–	XPO	O	_	_
febbraio	febbraio	SS	O	_	_
e	e	C	O	_	_
marzo	marzo	SS	O	_	_
1909	1909	N	O	_	_
–	–	XPO	O	_	_
dichiararono	dichiarare	VI	O	_	_
di	di	E	O	_	_
chinare	chinare	VF	O	_	_
il	il	RS	O	_	_
capo	capo	SS	O	_	_
.	.	XPS	O	_	_

L’	il	RS	O	_	_
appoggio	appoggio	SS	O	_	_
incondizionato	incondizionato	AS	O	_	_
della	di/det	ES	O	_	_
Germania	germania	SPN	GPE	51.0834196	10.4234469
,	comma	XPW	O	_	_
che	che	CCHE	O	_	_
l’	il	RS	O	_	_
Aehrenthal	aehrenthal	SPN	O	_	_
s’	s’	PN	O	_	_
era	essere	VIY	O	_	_
saputo	sapere	VSP	O	_	_
procacciare	procacciare	VF	O	_	_
,	comma	XPW	O	_	_
aveva	avere	VIY	O	_	_
ottenuta	ottenere	VSP	O	_	_
questa	questo	DS	O	_	_
condiscendenza	condiscendenza	SS	O	_	_
.	.	XPS	O	_	_

Si	rifl	PN	O	_	_
disse	dire	VI	O	_	_
in	in	E	O	_	_
quel	quello	DS	O	_	_
tempo	tempo	SS	O	_	_
,	comma	XPW	O	_	_
che	che	CCHE	O	_	_
l’	il	RS	O	_	_
Iswolski	iswolski	SPN	O	_	_
non	non	B	O	_	_
fosse	essere	VI	O	_	_
l’	il	RS	O	_	_
unico	unico	AS	O	_	_
ministro	ministro	SS	O	_	_
degli	di/det	EP	O	_	_
esteri	estere	SP	O	_	_
giocato	giocare	VSP	O	_	_
nell’	in/det	ES	O	_	_
affare	affare	SS	O	_	_
dell’	di/det	ES	O	_	_
annessione	annessione	SS	O	_	_
.	.	XPS	O	_	_

All’	a/det	ES	O	_	_
imprevidente	imprevidente	AS	O	_	_
convegno	convegno	SS	O	_	_
di	di	E	O	_	_
Buchlau	buchlau	SPN	O	_	_
avrebbe	avere	VIY	O	_	_
fatto	fare	VSP	O	_	_
riscontro	riscontro	SS	O	_	_
un	uno	RS	O	_	_
altro	altro	PS	O	_	_
,	comma	XPW	O	_	_
non	non	B	O	_	_
meno	meno	B	O	_	_
cordiale	cordiale	AS	O	_	_
e	e	C	O	_	_
non	non	B	O	_	_
meno	meno	B	O	_	_
traditore	traditore	SS	O	_	_
;	semicolon	XPS	O	_	_

quello	quello	PS	O	_	_
di	di	E	O	_	_
Desio	desio	SPN	PER	_	_
,	comma	XPW	O	_	_
tra	tra	E	O	_	_
l’	il	RS	O	_	_
Aehrenthal	aehrenthal	SPN	O	_	_
e	e	C	O	_	_
l’	il	RS	O	_	_
on	on	B	O	_	_
.	.	XPS	O	_	_

Tittoni	tittoni	SP	PER	_	_
.	.	XPS	O	_	_

Quando	quando	CADV	O	_	_
la	il	RS	O	_	_
bomba	bomba	SS	O	_	_
dell’	di/det	ES	O	_	_
annessione	annessione	SS	O	_	_
scoppiò	scoppiare	VI	O	_	_
,	comma	XPW	O	_	_
e	e	C	O	_	_
l’	l’	PS	O	_	_
on	on	B	O	_	_
.	.	XPS	O	_	_

Tittoni	tittoni	SP	PER	_	_
,	comma	XPW	O	_	_
cui	cui	PN	O	_	_
si	rifl	PN	O	_	_
muoveva	muovere	VI	O	_	_
rimprovero	rimprovero	SS	O	_	_
di	di	E	O	_	_
non	non	B	O	_	_
averne	avere/part	VF+E	O	_	_
saputo	sapere	VSP	O	_	_
trarre	trarre	VF	O	_	_
vantaggio	vantaggio	SS	O	_	_
,	comma	XPW	O	_	_
nel	in/det	ES	O	_	_
suo	suo	DS	O	_	_
noto	noto	AS	O	_	_
discorso	discorso	SS	O	_	_
parlò	parlare	VI	O	_	_
di	di	E	O	_	_
compensi	compenso	SP	O	_	_
,	comma	XPW	O	_	_
non	non	B	O	_	_
fu	essere	VI	O	_	_
creduto	creduto	AS	O	_	_
perché	perché	C	O	_	_
i	il	RP	O	_	_
compensi	compenso	SP	O	_	_
non	non	B	O	_	_
si	rifl	PN	O	_	_
videro	vedere	VIY	O	_	_
subito	subire	VSP	O	_	_
.	.	XPS	O	_	_

Ci	ci	PP	O	_	_
vollero	volere	VI	O	_	_
tre	tre	N	O	_	_
anni	anno	SP	O	_	_
perché	perché	C	O	_	_
apparisse	apparire	VI	O	_	_
,	comma	XPW	O	_	_
che	che	CCHE	O	_	_
mentre	mentre	C	O	_	_
a	a	E	O	_	_
Desio	desio	SPN	PER	_	_
il	il	RS	O	_	_
ministro	ministro	SS	O	_	_
italiano	italiano	AS	O	_	_
non	non	B	O	_	_
era	essere	VIY	O	_	_
uscito	uscire	VSP	O	_	_
a	a	E	O	_	_
mani	mano	SP	O	_	_
vuote	vuoto	AP	O	_	_
,	comma	XPW	O	_	_
l’	il	RS	O	_	_
Aehrenthal	aehrenthal	SPN	O	_	_
aveva	avere	VIY	O	_	_
saputo	sapere	VSP	O	_	_
mantenere	mantenere	VF	O	_	_
.	.	XPS	O	_	_

Ci	ci	PP	O	_	_
vollero	volere	VI	O	_	_
gli	il	RP	O	_	_
avvenimenti	avvenimento	SP	O	_	_
che	che	CCHE	O	_	_
dal	da/det	ES	O	_	_
settembre	settembre	SS	O	_	_
in	in	E	O	_	_
qua	qua	B	O	_	_
hanno	avere	VIY	O	_	_
commosso	commosso	VSP	O	_	_
tutti	tutto	DP	O	_	_
gli	il	RP	O	_	_
animi	animo	SP	O	_	_
italiani	italiano	AP	O	_	_
per	per	E	O	_	_
provare	provare	VF	O	_	_
l’	il	RS	O	_	_
amicizia	amicizia	SS	O	_	_
sincera	sincero	AS	O	_	_
che	che	CCHE	O	_	_
il	il	RS	O	_	_
defunto	defunto	SS	O	_	_
ministro	ministro	AS	O	_	_
degli	di/det	EP	O	_	_
esteri	estere	SP	O	_	_
austriaco	austriaco	AS	O	_	_
nutriva	nutriva	SS	O	_	_
per	per	E	O	_	_
l’	il	RS	O	_	_
Italia	italia	SPN	O	_	_
mentre	mentre	C	O	_	_
intorno	intorno	AS	O	_	_
a	a	E	O	_	_
lui	lui	PS	O	_	_
s’	s’	PN	O	_	_
agitava	agitare	VI	O	_	_
una	uno	RS	O	_	_
lotta	lotta	SS	O	_	_
sorda	sordo	AS	O	_	_
ed	ed	C	O	_	_
invidiosa	invidioso	AS	O	_	_
contro	contro	E	O	_	_
la	il	RS	O	_	_
nazione	nazione	SS	O	_	_
alleata	alleare	VSP	O	_	_
elevatasi	elevatasi	AS	O	_	_
con	con	E	O	_	_
gesto	gesto	SS	O	_	_
magnifico	magnifico	AS	O	_	_
.	.	XPS	O	_	_

Forse	forse	B	O	_	_
più	più	B	O	_	_
ardua	arduo	AS	O	_	_
per	per	E	O	_	_
lui	lui	PS	O	_	_
che	che	CCHE	O	_	_
per	per	E	O	_	_
i	il	RP	O	_	_
governanti	governante	SP	O	_	_
italiani	italiano	AP	O	_	_
fu	essere	VI	O	_	_
la	il	RS	O	_	_
lotta	lotta	SS	O	_	_
continua	continuare	VI	O	_	_
contro	contro	E	O	_	_
l’	il	RS	O	_	_
opinione	opinione	SS	O	_	_
pubblica	pubblico	AS	O	_	_
,	comma	XPW	O	_	_
per	per	E	O	_	_
indurla	indurla	VF+E	O	_	_
a	a	E	O	_	_
persuadersi	persuadere/rifl	VF+E	O	_	_
che	che	CCHE	O	_	_
Italia	italia	SPN	O	_	_
ed	ed	C	O	_	_
Austria	austria	SPN	GPE	47.2000338	13.199959
devono	dovere	VI	O	_	_
essere	essere	VF	O	_	_
amiche	amico	AP	O	_	_
perché	perché	C	O	_	_
è	essere	VI	O	_	_
nell’	in/det	ES	O	_	_
interesse	interesse	SS	O	_	_
di	di	E	O	_	_
entrambe	entrambe	SS	O	_	_
che	che	CCHE	O	_	_
i	il	RP	O	_	_
loro	loro	DP	O	_	_
rapporti	rapporto	SP	O	_	_
siano	essere	VI	O	_	_
cordiali	cordiale	AP	O	_	_
.	.	XPS	O	_	_

I	il	RP	O	_	_
fatti	fatto	SP	O	_	_
sono	essere	VIY	O	_	_
così	così	B	O	_	_
recenti	recente	AP	O	_	_
che	che	CCHE	O	_	_
non	non	B	O	_	_
occorre	occorrere	VI	O	_	_
ricordarli	ricordare/pro	VF+E	O	_	_
nei	in/det	EP	O	_	_
loro	loro	DP	O	_	_
particolari	particolare	SP	O	_	_
;	semicolon	XPS	O	_	_

basterà	bastare	VI	O	_	_
dir	dir	SP	O	_	_
che	che	CCHE	O	_	_
egli	egli	PS	O	_	_
mercè	mercè	VI	O	_	_
la	il	RS	O	_	_
fiducia	fiducia	SS	O	_	_
accordatagli	accordatagli	VG+E	O	_	_
dall’	da/det	ES	O	_	_
Imperatore	imperatore	SS	O	_	_
,	comma	XPW	O	_	_
ha	avere	VIY	O	_	_
saputo	sapere	VSP	O	_	_
resistere	resistere	VF	O	_	_
alle	a/det	EP	O	_	_
pressioni	pressione	SP	O	_	_
di	di	E	O	_	_
quelli	quello	PP	O	_	_
che	che	CCHE	O	_	_
per	per	E	O	_	_
il	il	RS	O	_	_
timore	timore	SS	O	_	_
di	di	E	O	_	_
un’	uno	RS	O	_	_
aggressione	aggressione	SS	O	_	_
dell’	di/det	ES	O	_	_
Italia	italia	SPN	O	_	_
,	comma	XPW	O	_	_
vorrebbero	volere	VI	O	_	_
essere	essere	VF	O	_	_
i	il	RP	O	_	_
primi	primo	SP	O	_	_
ad	ad	E	O	_	_
aggredirla	aggredire/pro	VF+E	O	_	_
.	.	XPS	O	_	_

Una	uno	RS	O	_	_
parola	parola	SS	O	_	_
a	a	E	O	_	_
difesa	difesa	SS	O	_	_
della	di/det	ES	O	_	_
politica	politica	SS	O	_	_
italiana	italiano	AS	O	_	_
nella	in/det	ES	O	_	_
guerra	guerra	SS	O	_	_
italo-turca	italo-turca	AS	O	_	_
è	essere	VIY	O	_	_
stata	essere	VSPY	O	_	_
detta	dire	VSP	O	_	_
in	in	E	O	_	_
un	uno	RS	O	_	_
solo	solo	AS	O	_	_
Parlamento	parlamento	SS	O	_	_
:	:	XPS	O	_	_
in	in	E	O	_	_
quello	quello	DS	O	_	_
austriaco	austriaco	AS	O	_	_
.	.	XPS	O	_	_

Il	il	RS	O	_	_
ministro	ministro	SS	O	_	_
morente	morente	AS	O	_	_
è	essere	VIY	O	_	_
stato	essere	VSPY	O	_	_
confortato	confortare	VSP	O	_	_
dai	da/det	EP	O	_	_
Sacramenti	sacramenti	SPN	O	_	_
e	e	C	O	_	_
dalla	da/det	ES	O	_	_
benedizione	benedizione	SS	O	_	_
apostolica	apostolico	AS	O	_	_
,	comma	XPW	O	_	_
com’	com’	B	O	_	_
era	essere	VI	O	_	_
naturale	naturale	AS	O	_	_
in	in	E	O	_	_
un	uno	RS	O	_	_
uomo	uomo	SS	O	_	_
che	che	CCHE	O	_	_
praticò	praticare	VI	O	_	_
sempre	sempre	B	O	_	_
la	il	RS	O	_	_
religione	religione	SS	O	_	_
dei	di/det	EP	O	_	_
suoi	suo	DP	O	_	_
padri	padre	SP	O	_	_
.	.	XPS	O	_	_

Non	non	B	O	_	_
sempre	sempre	B	O	_	_
la	il	RS	O	_	_
politica	politica	SS	O	_	_
gli	gli	PS	O	_	_
permise	permettere	VI	O	_	_
,	comma	XPW	O	_	_
in	in	E	O	_	_
questo	questo	DS	O	_	_
riguardo	riguardo	SS	O	_	_
,	comma	XPW	O	_	_
d’	di	E	O	_	_
agire	agire	VF	O	_	_
come	come	CADV	O	_	_
il	il	RS	O	_	_
suo	suo	DS	O	_	_
intimo	intimo	AS	O	_	_
pensiero	pensiero	SS	O	_	_
avrebbe	avere	VIY	O	_	_
voluto	volere	VSP	O	_	_
.	.	XPS	O	_	_

Così	così	B	O	_	_
s’	s’	PN	O	_	_
ebbe	avere	VI	O	_	_
l’	il	RS	O	_	_
infelice	infelice	AS	O	_	_
vertenza	vertenza	SS	O	_	_
diplomatica	diplomatico	AS	O	_	_
sorta	sorta	SS	O	_	_
tra	tra	E	O	_	_
lui	lui	PS	O	_	_
e	e	C	O	_	_
il	il	RS	O	_	_
Nunzio	nunzio	SPN	PER	_	_
mons.	mons.	VI	O	_	_
Granito	granito	SPN	PER	_	_
di	di	E	O	_	_
Belmonte	belmonte	SPN	PER	_	_
per	per	E	O	_	_
la	il	RS	O	_	_
mezza	mezzo	AS	O	_	_
soluzione	soluzione	SS	O	_	_
data	dare	VSP	O	_	_
all’	a/det	ES	O	_	_
affare	affare	SS	O	_	_
Wahrmund	wahrmund	SPN	O	_	_
,	comma	XPW	O	_	_
il	il	RS	O	_	_
professore	professore	SS	O	_	_
di	di	E	O	_	_
diritto	diritto	SS	O	_	_
canonico	canonico	AS	O	_	_
che	che	CCHE	O	_	_
all’	a/det	ES	O	_	_
Università	università	SN	O	_	_
di	di	E	O	_	_
Innsbruck	innsbruck	SPN	O	_	_
insegnava	insegnare	VI	O	_	_
errori	errore	SP	O	_	_
grossolani	grossolano	AP	O	_	_
che	che	CCHE	O	_	_
urtavano	urtare	VI	O	_	_
con	con	E	O	_	_
la	il	RS	O	_	_
più	più	B	O	_	_
elementare	elementare	AS	O	_	_
dottrina	dottrina	SS	O	_	_
cattolica	cattolico	AS	O	_	_
.	.	XPS	O	_	_

La	il	RS	O	_	_
cosa	cosa	SS	O	_	_
però	però	C	O	_	_
fu	essere	VI	O	_	_
presto	presto	B	O	_	_
regolata	regolato	AS	O	_	_
e	e	C	O	_	_
senza	senza	C	O	_	_
che	che	CCHE	O	_	_
rimanesse	rimanere	VI	O	_	_
la	il	RS	O	_	_
minima	minimo	AS	O	_	_
traccia	traccia	SS	O	_	_
.	.	XPS	O	_	_

Oggi	oggi	B	O	_	_
,	comma	XPW	O	_	_
davanti	davanti	B	O	_	_
alla	a/det	ES	O	_	_
bara	bara	SS	O	_	_
ancora	ancora	B	O	_	_
aperta	aperto	AS	O	_	_
,	comma	XPW	O	_	_
ricordiamo	ricordare	VI	O	_	_
la	il	RS	O	_	_
sua	suo	DS	O	_	_
guerra	guerra	SS	O	_	_
come	come	CADV	O	_	_
quella	quello	PS	O	_	_
di	di	E	O	_	_
un	uno	RS	O	_	_
cavaliere	cavaliere	SS	O	_	_
leale	leale	AS	O	_	_
,	comma	XPW	O	_	_
che	che	CCHE	O	_	_
la	il	RS	O	_	_
sua	suo	DS	O	_	_
opera	opera	SS	O	_	_
di	di	E	O	_	_
diplomatico	diplomatico	SS	O	_	_
seppe	sapere	VI	O	_	_
improntare	improntare	VF	O	_	_
ad	ad	E	O	_	_
un	uno	RS	O	_	_
indirizzo	indirizzo	SS	O	_	_
di	di	E	O	_	_
giustizia	giustizia	SS	O	_	_
.	.	XPS	O	_	_
