# total number of persons:16, total number of gpes:16
Distinguiamo	distinguere	VI	O	_	_
:	:	XPS	O	_	_
L’	il	RS	O	_	_
intolleranza	intolleranza	SS	O	_	_
delle	di/det	EP	O	_	_
facoltà	facoltà	SN	O	_	_
–	–	XPB	O	_	_
Le	il	RP	O	_	_
lotte	lotta	SP	O	_	_
studentesche	studentesco	AP	O	_	_
–	–	XPO	O	_	_
Valore	valore	SS	O	_	_
dei	di/det	EP	O	_	_
simboli	simbolo	SP	O	_	_
e	e	C	O	_	_
delle	di/det	EP	O	_	_
insegne	insegna	SP	O	_	_
–	–	XPO	O	_	_
Scene	scena	SP	O	_	_
di	di	E	O	_	_
ferocia	ferocia	SS	O	_	_
e	e	C	O	_	_
di	di	E	O	_	_
prepotenza	prepotenza	SS	O	_	_
–	–	XPO	O	_	_
L’	il	RS	O	_	_
episodio	episodio	SS	O	_	_
Wahrmund	wahrmund	SPN	O	_	_
–	–	XPO	O	_	_
Sua	suo	DS	O	_	_
attività	attività	SN	O	_	_
extraprofessionale	extraprofessionale	AS	O	_	_
–	–	XPO	O	_	_
L’	il	RS	O	_	_
equiparazione	equiparazione	SS	O	_	_
di	di	E	O	_	_
Wahrmund	wahrmund	SPN	O	_	_
–	–	XPO	O	_	_
Seminatore	seminatore	SPN	O	_	_
e	e	C	O	_	_
talpe	talpa	SP	O	_	_
–	–	XPO	O	_	_
Il	il	RS	O	_	_
carattere	carattere	SS	O	_	_
dell’	di/det	ES	O	_	_
opuscolo	opuscolo	SS	O	_	_
–	–	XPO	O	_	_
La	il	RS	O	_	_
deviazione	deviazione	SS	O	_	_
liberale	liberale	AS	O	_	_
–	–	XPO	O	_	_
La	il	RS	O	_	_
lezione	lezione	SS	O	_	_
agli	a/det	EP	O	_	_
anticlericali	anticlericale	SP	O	_	_
e	e	C	O	_	_
ai	a/det	EP	O	_	_
cattolici	cattolico	SP	O	_	_
Anzitutto	anzitutto	SPN	O	_	_
non	non	B	O	_	_
s’	s’	PN	O	_	_
è	essere	VIY	O	_	_
distinto	distinguere	VSP	O	_	_
bene	bene	B	O	_	_
.	.	XPS	O	_	_

Anche	anche	C	O	_	_
i	il	RP	O	_	_
giornali	giornale	SP	O	_	_
cattolici	cattolico	AP	O	_	_
hanno	avere	VIY	O	_	_
talvolta	talvolta	B	O	_	_
commentato	commentare	VSP	O	_	_
semplicemente	semplicemente	B	O	_	_
un	uno	RS	O	_	_
«	«	XPO	O	_	_
caso	caso	SS	O	_	_
Wahrmund	wahrmund	SPN	O	_	_
»	»	XPO	O	_	_
seguendo	seguire	VG	O	_	_
così	così	B	O	_	_
la	il	RS	O	_	_
deviazione	deviazione	SS	O	_	_
liberale	liberale	AS	O	_	_
.	.	XPS	O	_	_

Ma	ma	C	O	_	_
la	il	RS	O	_	_
questione	questione	SS	O	_	_
vera	vero	AS	O	_	_
fu	essere	VI	O	_	_
ed	ed	C	O	_	_
è	essere	VI	O	_	_
quella	quello	PS	O	_	_
della	di/det	ES	O	_	_
parificazione	parificazione	SS	O	_	_
di	di	E	O	_	_
fatto	fatto	SS	O	_	_
dei	di/det	EP	O	_	_
cattolici	cattolico	SP	O	_	_
,	comma	XPW	O	_	_
di	di	E	O	_	_
chi	chi	CCHI	O	_	_
professa	professare	VI	O	_	_
apertamente	apertamente	B	O	_	_
e	e	C	O	_	_
socialmente	socialmente	B	O	_	_
la	il	RS	O	_	_
fede	fede	SS	O	_	_
cattolica	cattolico	AS	O	_	_
nelle	in/det	EP	O	_	_
aule	aula	SP	O	_	_
universitarie	universitario	AP	O	_	_
.	.	XPS	O	_	_

È	essere	VI	O	_	_
noto	noto	AS	O	_	_
per	per	E	O	_	_
bocca	bocca	SS	O	_	_
di	di	E	O	_	_
scrittori	scrittorio	SP	O	_	_
acattolici	acattolico	AP	O	_	_
come	come	CADV	O	_	_
Huston	huston	SPN	PER	_	_
Chamberlain	chamberlain	SPN	PER	_	_
,	comma	XPW	O	_	_
che	che	CCHE	O	_	_
le	il	RP	O	_	_
facoltà	facoltà	SN	O	_	_
austriache	austriaco	AP	O	_	_
con	con	E	O	_	_
tutti	tutto	DP	O	_	_
i	il	RP	O	_	_
privilegi	privilegio	SP	O	_	_
di	di	E	O	_	_
cui	cui	PN	O	_	_
sono	essere	VIY	O	_	_
arricchite	arricchire	VPP	O	_	_
,	comma	XPW	O	_	_
sono	essere	VIY	O	_	_
divenute	divenire	VPP	O	_	_
uno	uno	RS	O	_	_
stato	stato	SS	O	_	_
entro	entro	E	O	_	_
lo	il	RS	O	_	_
Stato	stato	SS	O	_	_
.	.	XPS	O	_	_

Sotto	sotto	E	O	_	_
la	il	RS	O	_	_
bandiera	bandiera	SS	O	_	_
della	di/det	ES	O	_	_
libertà	libertà	SN	O	_	_
della	di/det	ES	O	_	_
scienza	scienza	SS	O	_	_
e	e	C	O	_	_
dell’	di/det	ES	O	_	_
indipendenza	indipendenza	SS	O	_	_
dell’	di/det	ES	O	_	_
indagine	indagine	SS	O	_	_
scientifica	scientifico	AS	O	_	_
,	comma	XPW	O	_	_
s’	s’	PN	O	_	_
agita	agitare	VI	O	_	_
e	e	C	O	_	_
vive	vivere	VI	O	_	_
il	il	RS	O	_	_
liberalismo	liberalismo	SS	O	_	_
più	più	B	O	_	_
smaccato	smaccato	AS	O	_	_
,	comma	XPW	O	_	_
l’	il	RS	O	_	_
anticlericalismo	anticlericalismo	SS	O	_	_
più	più	B	O	_	_
aperto	aperto	AS	O	_	_
.	.	XPS	O	_	_

I	il	RP	O	_	_
professori	professore	SP	O	_	_
universitari	universitario	AP	O	_	_
sono	essere	VI	O	_	_
i	il	RP	O	_	_
sostenitori	sostenitore	SP	O	_	_
più	più	B	O	_	_
fervidi	fervido	AP	O	_	_
della	di/det	ES	O	_	_
stampa	stampa	SS	O	_	_
liberale	liberale	AS	O	_	_
,	comma	XPW	O	_	_
parecchi	parecchio	AP	O	_	_
sono	essere	VI	O	_	_
a	a	E	O	_	_
capo	capo	SS	O	_	_
di	di	E	O	_	_
moti	moto	SP	O	_	_
politici	politico	AP	O	_	_
,	comma	XPW	O	_	_
moltissimi	molto	AP	O	_	_
apostoli	apostolo	SP	O	_	_
della	di/det	ES	O	_	_
società	società	SN	O	_	_
venuta	venire	VSP	O	_	_
dalla	da/det	ES	O	_	_
massoneria	massoneria	SS	O	_	_
,	comma	XPW	O	_	_
la	il	RS	O	_	_
famigerata	famigerato	AS	O	_	_
«	«	XPO	O	_	_
scuola	scuola	SS	O	_	_
liberale	liberale	AS	O	_	_
»	»	XPO	O	_	_
.	.	XPS	O	_	_

Anche	anche	C	O	_	_
al	a/det	ES	O	_	_
movimento	movimento	SS	O	_	_
divorzista	divorzista	AS	O	_	_
parecchi	parecchio	AP	O	_	_
professori	professore	SP	O	_	_
universitarí	universitarí	AP	O	_	_
presero	prendere	VI	O	_	_
parte	parte	SS	O	_	_
efficacissima	efficace	AS	O	_	_
,	comma	XPW	O	_	_
fornendo	fornire	VG	O	_	_
le	il	RP	O	_	_
armi	arme	SP	O	_	_
pseudoscientifiche	pseudoscientifiche	AP	O	_	_
agli	a/det	EP	O	_	_
agitatorí	agitatorí	SP	O	_	_
contro	contro	E	O	_	_
l’	il	RS	O	_	_
indissolubilità	indissolubilità	SN	O	_	_
del	di/det	ES	O	_	_
matrimonio	matrimonio	SS	O	_	_
,	comma	XPW	O	_	_
o	o	C	O	_	_
usandone	usandone	SS	O	_	_
essi	essi	PP	O	_	_
stessi	stare	VI	O	_	_
nei	in/det	EP	O	_	_
comizi	comizio	SP	O	_	_
o	o	C	O	_	_
sulla	su/det	ES	O	_	_
stampa	stampa	SS	O	_	_
di	di	E	O	_	_
partito	partito	SS	O	_	_
.	.	XPS	O	_	_

Tale	tale	DS	O	_	_
attività	attività	SN	O	_	_
pubblica	pubblico	AS	O	_	_
,	comma	XPW	O	_	_
che	che	CCHE	O	_	_
non	non	B	O	_	_
si	rifl	PN	O	_	_
svolge	svolgere	VI	O	_	_
sulla	su/det	ES	O	_	_
cattedra	cattedra	SS	O	_	_
dell’	di/det	ES	O	_	_
insegnamento	insegnamento	SS	O	_	_
né	né	C	O	_	_
dentro	dentro	E	O	_	_
la	il	RS	O	_	_
calma	calma	SS	O	_	_
del	di/det	ES	O	_	_
gabinetto	gabinetto	SS	O	_	_
sperimentale	sperimentale	AS	O	_	_
,	comma	XPW	O	_	_
dovrebbe	dovere	VI	O	_	_
essere	essere	VF	O	_	_
sindacabile	sindacabile	AS	O	_	_
non	non	B	O	_	_
solo	solo	B	O	_	_
dall’	da/det	ES	O	_	_
opinione	opinione	SS	O	_	_
altrui	altrui	AS	O	_	_
,	comma	XPW	O	_	_
ma	ma	C	O	_	_
anche	anche	C	O	_	_
dallo	da/det	ES	O	_	_
Stato	stato	SS	O	_	_
,	comma	XPW	O	_	_
il	il	RS	O	_	_
quale	quale	PS	O	_	_
è	essere	VI	O	_	_
senz’	senz'	E	O	_	_
altro	altro	DS	O	_	_
obbligato	obbligare	VSP	O	_	_
ad	ad	E	O	_	_
impedire	impedire	VF	O	_	_
che	che	CCHE	O	_	_
un	uno	RS	O	_	_
suo	suo	DS	O	_	_
professore	professore	SS	O	_	_
,	comma	XPW	O	_	_
abusi	abuso	SP	O	_	_
della	di/det	ES	O	_	_
libertà	libertà	SN	O	_	_
sua	suo	DS	O	_	_
per	per	E	O	_	_
offendere	offendere	VF	O	_	_
o	o	C	O	_	_
ledere	ledere	VF	O	_	_
quella	quello	PS	O	_	_
degli	di/det	EP	O	_	_
altri	altro	PP	O	_	_
.	.	XPS	O	_	_

La	il	RS	O	_	_
formula	formula	SS	O	_	_
della	di/det	ES	O	_	_
«	«	XPO	O	_	_
libertà	libertà	SN	O	_	_
d’	di	E	O	_	_
insegnamento	insegnamento	SS	O	_	_
e	e	C	O	_	_
della	di/det	ES	O	_	_
scienza	scienza	SS	O	_	_
»	»	XPO	O	_	_
garantisce	garantire	VI	O	_	_
ad	ad	E	O	_	_
un	uno	RS	O	_	_
insegnante	insegnante	SS	O	_	_
che	che	CCHE	O	_	_
ne	ne	PN	O	_	_
è	essere	VIY	O	_	_
insignito	insignire	VSP	O	_	_
il	il	RS	O	_	_
libero	libero	AS	O	_	_
sviluppo	sviluppo	SS	O	_	_
del	di/det	ES	O	_	_
suo	suo	DS	O	_	_
lavoro	lavoro	SS	O	_	_
scientifico	scientifico	AS	O	_	_
;	semicolon	XPS	O	_	_

ma	ma	C	O	_	_
fuori	fuori	E	O	_	_
di	di	E	O	_	_
quello	quello	PS	O	_	_
che	che	CCHE	O	_	_
,	comma	XPW	O	_	_
sia	sia	C	O	_	_
nella	in/det	ES	O	_	_
sostanza	sostanza	SS	O	_	_
,	comma	XPW	O	_	_
sia	sia	C	O	_	_
nella	in/det	ES	O	_	_
forma	forma	SS	O	_	_
è	essere	VI	O	_	_
scienza	scienza	SS	O	_	_
,	comma	XPW	O	_	_
e	e	C	O	_	_
non	non	B	O	_	_
sta	stare	VI	O	_	_
in	in	E	O	_	_
nesso	nesso	SS	O	_	_
necessario	necessario	AS	O	_	_
o	o	C	O	_	_
naturale	naturale	AS	O	_	_
col	con/det	ES	O	_	_
carattere	carattere	SS	O	_	_
dell’	di/det	ES	O	_	_
insegnante	insegnante	SS	O	_	_
o	o	C	O	_	_
dello	di/det	ES	O	_	_
studioso	studioso	SS	O	_	_
,	comma	XPW	O	_	_
la	il	RS	O	_	_
responsabilità	responsabilità	SN	O	_	_
dei	di/det	EP	O	_	_
professori	professore	SP	O	_	_
,	comma	XPW	O	_	_
innanzi	innanzi	E	O	_	_
all’	a/det	ES	O	_	_
opinione	opinione	SS	O	_	_
pubblica	pubblico	AS	O	_	_
e	e	C	O	_	_
lo	il	RS	O	_	_
stato	stato	SS	O	_	_
,	comma	XPW	O	_	_
è	essere	VI	O	_	_
la	il	RS	O	_	_
stessa	stesso	DS	O	_	_
che	che	CCHE	O	_	_
hanno	avere	VIY	O	_	_
tutti	tutto	DP	O	_	_
i	il	RP	O	_	_
cittadini	cittadino	SP	O	_	_
.	.	XPS	O	_	_

Non	non	B	O	_	_
così	così	B	O	_	_
pensano	pensare	VI	O	_	_
i	il	RP	O	_	_
liberali	liberale	SP	O	_	_
,	comma	XPW	O	_	_
i	il	RP	O	_	_
quali	quale	DP	O	_	_
cacciati	cacciati	SP	O	_	_
per	per	E	O	_	_
il	il	RS	O	_	_
suffragio	suffragio	SS	O	_	_
popolare	popolare	AS	O	_	_
dalle	da/det	EP	O	_	_
trincee	trincea	SP	O	_	_
legislative	legislativo	AP	O	_	_
,	comma	XPW	O	_	_
si	rifl	PN	O	_	_
sono	essere	VIY	O	_	_
bloccati	bloccare	VPP	O	_	_
entro	entro	E	O	_	_
le	il	RP	O	_	_
università	università	SN	O	_	_
che	che	CCHE	O	_	_
sotto	sotto	E	O	_	_
lo	il	RS	O	_	_
stendardo	stendardo	SS	O	_	_
della	di/det	ES	O	_	_
«	«	XPO	O	_	_
libertà	libertà	SN	O	_	_
scientifica	scientifico	AS	O	_	_
»	»	XPO	O	_	_
sono	essere	VIY	O	_	_
divenute	divenire	VPP	O	_	_
le	il	RP	O	_	_
rocche	rocca	SP	O	_	_
del	di/det	ES	O	_	_
liberalismo	liberalismo	SS	O	_	_
più	più	B	O	_	_
intollerante	intollerante	AS	O	_	_
e	e	C	O	_	_
ostinato	ostinato	AS	O	_	_
.	.	XPS	O	_	_

Un	uno	RS	O	_	_
professore	professore	SS	O	_	_
cattolico	cattolico	AS	O	_	_
non	non	B	O	_	_
penetra	penetrare	VI	O	_	_
nelle	in/det	EP	O	_	_
facoltà	facoltà	SN	O	_	_
laiche	laico	AP	O	_	_
,	comma	XPW	O	_	_
qualunque	qualunque	DS	O	_	_
siano	essere	VI	O	_	_
i	il	RP	O	_	_
suoi	suo	DP	O	_	_
meriti	merito	SP	O	_	_
scientifici	scientifico	AP	O	_	_
.	.	XPS	O	_	_

I	il	RP	O	_	_
pochissimi	poco	DP	O	_	_
che	che	CCHE	O	_	_
vi	voi	PP	O	_	_
si	rifl	PN	O	_	_
trovano	trovare	VI	O	_	_
,	comma	XPW	O	_	_
sono	essere	VIY	O	_	_
penetrati	penetrare	VPP	O	_	_
contro	contro	E	O	_	_
l’	il	RS	O	_	_
opposizione	opposizione	SS	O	_	_
delle	di/det	EP	O	_	_
facoltà	facoltà	SN	O	_	_
,	comma	XPW	O	_	_
e	e	C	O	_	_
per	per	E	O	_	_
l’	il	RS	O	_	_
energico	energico	AS	O	_	_
intervento	intervento	SS	O	_	_
del	di/det	ES	O	_	_
ministro	ministro	SS	O	_	_
dell’	di/det	ES	O	_	_
istruzione	istruzione	SS	O	_	_
,	comma	XPW	O	_	_
liberale	liberale	AS	O	_	_
anche	anche	C	O	_	_
quello	quello	PS	O	_	_
s’	s’	PN	O	_	_
intende	intendere	VI	O	_	_
,	comma	XPW	O	_	_
ma	ma	C	O	_	_
tanto	tanto	B	O	_	_
da	da	E	O	_	_
non	non	B	O	_	_
poter	potere	VF	O	_	_
rendersi	rendere/rifl	VF+E	O	_	_
responsabile	responsabile	AS	O	_	_
di	di	E	O	_	_
un’	uno	RS	O	_	_
ingiustizia	ingiustizia	SS	O	_	_
patente	patente	AS	O	_	_
.	.	XPS	O	_	_

I	il	RP	O	_	_
professori	professore	SP	O	_	_
,	comma	XPW	O	_	_
quando	quando	CADV	O	_	_
hanno	avere	VIY	O	_	_
esaurito	esaurire	VSP	O	_	_
i	il	RP	O	_	_
mezzi	mezzo	SP	O	_	_
legali	legale	AP	O	_	_
,	comma	XPW	O	_	_
ricorrono	ricorrere	VI	O	_	_
alla	a/det	ES	O	_	_
studentesca	studentesca	SS	O	_	_
,	comma	XPW	O	_	_
la	il	RS	O	_	_
quale	quale	PS	O	_	_
nella	in/det	ES	O	_	_
sua	suo	DS	O	_	_
maggioranza	maggioranza	SS	O	_	_
è	essere	VIY	O	_	_
pronta	pronta	VSP	O	_	_
ad	ad	E	O	_	_
ostruzionare	ostruzionare	VF	O	_	_
in	in	E	O	_	_
nome	nome	SS	O	_	_
della	di/det	ES	O	_	_
libertà	libertà	SN	O	_	_
d’	di	E	O	_	_
insegnamento	insegnamento	SS	O	_	_
le	il	RP	O	_	_
lezioni	lezione	SP	O	_	_
del	di/det	ES	O	_	_
malcapitato	malcapitato	SS	O	_	_
ultramontano	ultramontano	AS	O	_	_
.	.	XPS	O	_	_

Tale	tale	DS	O	_	_
accetto	accetto	SS	O	_	_
ebbe	avere	VI	O	_	_
,	comma	XPW	O	_	_
a	a	E	O	_	_
mo’	mo’	PN	O	_	_
d’	di	E	O	_	_
esempío	esempío	SS	O	_	_
,	comma	XPW	O	_	_
come	come	CADV	O	_	_
tutti	tutto	PP	O	_	_
ricordano	ricordare	VI	O	_	_
,	comma	XPW	O	_	_
il	il	RS	O	_	_
professor	professor	SS	O	_	_
Hirn	hirn	SPN	PER	_	_
a	a	E	O	_	_
Vienna	vienna	SPN	GPE	48.2083537	16.3725042
.	.	XPS	O	_	_

Ma	ma	C	O	_	_
quanti	quanto	DP	O	_	_
sono	essere	VI	O	_	_
quelli	quello	PP	O	_	_
che	che	CCHE	O	_	_
non	non	B	O	_	_
vi	vi	B	O	_	_
possono	potere	VI	O	_	_
entrare	entrare	VF	O	_	_
affatto	affatto	B	O	_	_
?	?	XPS	O	_	_

Luigi	luigi	SPN	PER	_	_
Pastor	pastor	SPN	PER	_	_
informi	informi	VF+E	O	_	_
.	.	XPS	O	_	_

A	a	E	O	_	_
tale	tale	DS	O	_	_
intolleranza	intolleranza	SS	O	_	_
delle	di/det	EP	O	_	_
facoltà	facoltà	SN	O	_	_
s’	s’	PN	O	_	_
aggiunge	aggiungere	VI	O	_	_
l’	il	RS	O	_	_
intolleranza	intolleranza	SS	O	_	_
degli	di/det	EP	O	_	_
studenti	studente	SP	O	_	_
.	.	XPS	O	_	_

La	il	RS	O	_	_
vita	vita	SS	O	_	_
delle	di/det	EP	O	_	_
associazioni	associazione	SP	O	_	_
tedesche	tedesco	AP	O	_	_
è	essere	VI	O	_	_
,	comma	XPW	O	_	_
com’	com’	B	O	_	_
è	essere	VI	O	_	_
noto	noto	AS	O	_	_
,	comma	XPW	O	_	_
sviluppatissima	sviluppato	AS	O	_	_
.	.	XPS	O	_	_

La	il	RS	O	_	_
Bursenschaft	bursenschaft	SPN	O	_	_
,	comma	XPW	O	_	_
la	il	RS	O	_	_
Verbindung	verbindung	SPN	O	_	_
sono	essere	VI	O	_	_
istituzioni	istituzione	SP	O	_	_
che	che	CCHE	O	_	_
vanno	andare	VI	O	_	_
attraverso	attraverso	E	O	_	_
tutta	tutto	DS	O	_	_
la	il	RS	O	_	_
vita	vita	SS	O	_	_
.	.	XPS	O	_	_

Il	il	RS	O	_	_
berretto	berretto	SS	O	_	_
accademico	accademico	AS	O	_	_
,	comma	XPW	O	_	_
la	il	RS	O	_	_
tracolla	tracolla	SS	O	_	_
con	con	E	O	_	_
le	il	RP	O	_	_
insegne	insegna	SP	O	_	_
sociali	sociale	AP	O	_	_
,	comma	XPW	O	_	_
il	il	RS	O	_	_
fioretto	fioretto	SS	O	_	_
sono	essere	VIY	O	_	_
divenuti	divenire	VPP	O	_	_
da	da	E	O	_	_
lungo	lungo	AS	O	_	_
tempo	tempo	SS	O	_	_
simboli	simbolo	SP	O	_	_
,	comma	XPW	O	_	_
il	il	RS	O	_	_
cui	cui	PN	O	_	_
significato	significato	SS	O	_	_
non	non	B	O	_	_
può	potere	VI	O	_	_
essere	essere	VF	O	_	_
bene	bene	B	O	_	_
inteso	inteso	AS	O	_	_
che	che	CCHE	O	_	_
da	da	E	O	_	_
chi	chi	CCHI	O	_	_
vive	vivere	VI	O	_	_
entro	entro	E	O	_	_
quell’	quell	DS	O	_	_
ambiente	ambiente	SS	O	_	_
.	.	XPS	O	_	_

È	essere	VI	O	_	_
inutile	inutile	AS	O	_	_
porre	porre	VF	O	_	_
in	in	E	O	_	_
ridicolo	ridicolo	SS	O	_	_
tali	tale	AP	O	_	_
costumi	costume	SP	O	_	_
e	e	C	O	_	_
parlare	parlare	VF	O	_	_
di	di	E	O	_	_
.	.	XPS	O	_	_

.	.	XPS	O	_	_

.	.	XPS	O	_	_

«	«	XPO	O	_	_
spiedo	spiedo	VI	O	_	_
accademico	accademico	AS	O	_	_
»	»	XPO	O	_	_
come	come	CADV	O	_	_
fa	fare	VI	O	_	_
l’	il	RS	O	_	_
Alto	alto	SPN	GPE	46.65596895	11.22964387
Adige	adige	SPN	GPE	46.65596895	11.22964387
.	.	XPS	O	_	_

Il	il	RS	O	_	_
valore	valore	SS	O	_	_
dei	di/det	EP	O	_	_
singoli	singolo	SP	O	_	_
è	essere	VI	O	_	_
relativo	relativo	AS	O	_	_
,	comma	XPW	O	_	_
e	e	C	O	_	_
va	andare	VI	O	_	_
giudicato	giudicare	VSP	O	_	_
dal	da/det	ES	O	_	_
punto	punto	SS	O	_	_
di	di	E	O	_	_
vista	vista	SS	O	_	_
di	di	E	O	_	_
chi	chi	CCHI	O	_	_
li	li	PP	O	_	_
usa	usare	VI	O	_	_
.	.	XPS	O	_	_

Ebbene	ebbene	C	O	_	_
,	comma	XPW	O	_	_
fra	fra	E	O	_	_
le	il	RP	O	_	_
associazioni	associazione	SP	O	_	_
liberali	liberale	AP	O	_	_
o	o	C	O	_	_
tedesche	tedesco	AP	O	_	_
radicali	radicale	AP	O	_	_
e	e	C	O	_	_
le	il	RP	O	_	_
cattoliche	cattoliche	SP	O	_	_
,	comma	XPW	O	_	_
la	il	RS	O	_	_
questione	questione	SS	O	_	_
del	di/det	ES	O	_	_
fioretto	fioretto	SS	O	_	_
,	comma	XPW	O	_	_
del	di/det	ES	O	_	_
berretto	berretto	SS	O	_	_
,	comma	XPW	O	_	_
delle	di/det	EP	O	_	_
insegne	insegna	SP	O	_	_
è	essere	VIY	O	_	_
divenuto	divenire	VSP	O	_	_
questione	questione	SS	O	_	_
di	di	E	O	_	_
vita	vita	SS	O	_	_
o	o	C	O	_	_
di	di	E	O	_	_
morte	morte	SS	O	_	_
.	.	XPS	O	_	_

I	il	RP	O	_	_
liberali	liberale	SP	O	_	_
sostengono	sostenere	VI	O	_	_
che	che	CCHE	O	_	_
il	il	RS	O	_	_
fioretto	fioretto	SS	O	_	_
non	non	B	O	_	_
ha	avere	VIY	O	_	_
diritto	diritto	VSP	O	_	_
di	di	E	O	_	_
portarlo	portare/pro	VF+E	O	_	_
altro	altro	PS	O	_	_
che	che	CCHE	O	_	_
chi	chi	CCHI	O	_	_
lo	lo	PS	O	_	_
adopera	adoperare	VI	O	_	_
ossia	ossia	C	O	_	_
solo	solo	B	O	_	_
chi	chi	CCHI	O	_	_
si	rifl	PN	O	_	_
batte	battere	VI	O	_	_
nelle	in/det	EP	O	_	_
cosidette	cosidette	AP	O	_	_
mensure	mensure	SP	O	_	_
o	o	C	O	_	_
duelli	duello	SP	O	_	_
studenteschi	studentesco	AP	O	_	_
.	.	XPS	O	_	_

Il	il	RS	O	_	_
ministro	ministro	SS	O	_	_
Hartel	hartel	SPN	PER	_	_
,	comma	XPW	O	_	_
a	a	E	O	_	_
suo	suo	DS	O	_	_
tempo	tempo	SS	O	_	_
,	comma	XPW	O	_	_
dopo	dopo	E	O	_	_
minuti	minuto	SP	O	_	_
rilievi	rilievi	AP	O	_	_
,	comma	XPW	O	_	_
ha	avere	VIY	O	_	_
però	però	C	O	_	_
fatto	fare	VSP	O	_	_
rilevare	rilevare	VF	O	_	_
ufficialmente	ufficialmente	B	O	_	_
che	che	CCHE	O	_	_
il	il	RS	O	_	_
fioretto	fioretto	SS	O	_	_
in	in	E	O	_	_
Germania	germania	SPN	GPE	51.0834196	10.4234469
oggi	oggi	B	O	_	_
e	e	C	O	_	_
per	per	E	O	_	_
il	il	RS	O	_	_
passato	passato	SS	O	_	_
era	essere	VI	O	_	_
semplicemente	semplicemente	B	O	_	_
il	il	RS	O	_	_
simbolo	simbolo	SS	O	_	_
della	di/det	ES	O	_	_
libertà	libertà	SN	O	_	_
accademica	accademico	AS	O	_	_
,	comma	XPW	O	_	_
e	e	C	O	_	_
niente	niente	PS	O	_	_
più	più	B	O	_	_
.	.	XPS	O	_	_

Come	come	CADV	O	_	_
tale	tale	DS	O	_	_
viene	venire	VIY	O	_	_
considerato	considerare	VSP	O	_	_
anche	anche	C	O	_	_
dagli	da/det	EP	O	_	_
studenti	studente	SP	O	_	_
della	di/det	ES	O	_	_
Germania	germania	SPN	GPE	51.0834196	10.4234469
che	che	CCHE	O	_	_
,	comma	XPW	O	_	_
in	in	E	O	_	_
generale	generale	SS	O	_	_
,	comma	XPW	O	_	_
non	non	B	O	_	_
fanno	fare	VI	O	_	_
del	di/det	ES	O	_	_
fioretto	fioretto	SS	O	_	_
un	uno	RS	O	_	_
monopolio	monopolio	SS	O	_	_
dei	di/det	EP	O	_	_
duellanti	duellante	SP	O	_	_
.	.	XPS	O	_	_

Ma	ma	C	O	_	_
,	comma	XPW	O	_	_
si	rifl	PN	O	_	_
noti	notare	VI	O	_	_
ancora	ancora	B	O	_	_
,	comma	XPW	O	_	_
la	il	RS	O	_	_
questione	questione	SS	O	_	_
del	di/det	ES	O	_	_
fioretto	fioretto	SS	O	_	_
non	non	B	O	_	_
è	essere	VI	O	_	_
che	che	CCHE	O	_	_
la	il	RS	O	_	_
più	più	B	O	_	_
saliente	saliente	AS	O	_	_
di	di	E	O	_	_
tutte	tutto	DP	O	_	_
le	il	RP	O	_	_
altre	altro	DP	O	_	_
analoghe	analoghe	SP	O	_	_
che	che	CCHE	O	_	_
riguardano	riguardare	VI	O	_	_
le	il	RP	O	_	_
insegne	insegna	SP	O	_	_
studentesche	studentesco	AP	O	_	_
.	.	XPS	O	_	_

I	il	RP	O	_	_
liberali	liberale	SP	O	_	_
non	non	B	O	_	_
vogliono	volere	VI	O	_	_
concedere	concedere	VF	O	_	_
nessun	nessun	DS	O	_	_
diritto	diritto	SS	O	_	_
corporativo	corporativo	AS	O	_	_
accademico	accademico	AS	O	_	_
agli	a/det	EP	O	_	_
studenti	studente	SP	O	_	_
cattolici	cattolico	AP	O	_	_
.	.	XPS	O	_	_

A	a	E	O	_	_
questi	questo	DP	O	_	_
è	essere	VIY	O	_	_
negato	negare	VSP	O	_	_
ogni	ogni	DS	O	_	_
simbolo	simbolo	SS	O	_	_
di	di	E	O	_	_
libertà	libertà	SN	O	_	_
accademica	accademico	AS	O	_	_
,	comma	XPW	O	_	_
perché	perché	C	O	_	_
sono	essere	VI	O	_	_
«	«	XPO	O	_	_
Pfaffenknechte	pfaffenknechte	SPN	O	_	_
»	»	XPO	O	_	_
(	open_parenthesis	XPB	O	_	_
schiavi	schiavo	SP	O	_	_
dei	di/det	EP	O	_	_
preti	prete	SP	O	_	_
)	close_parenthesis	XPB	O	_	_
ossia	ossia	C	O	_	_
perché	perché	C	O	_	_
non	non	B	O	_	_
sono	essere	VI	O	_	_
liberali	liberale	AP	O	_	_
.	.	XPS	O	_	_

L’	il	RS	O	_	_
opposizione	opposizione	SS	O	_	_
liberalesca	liberalesco	AS	O	_	_
non	non	B	O	_	_
è	essere	VI	O	_	_
teoretica	teoretico	AS	O	_	_
.	.	XPS	O	_	_

In	in	E	O	_	_
ogni	ogni	DS	O	_	_
università	università	SN	O	_	_
austriaca	austriaco	AS	O	_	_
si	rifl	PN	O	_	_
costituisce	costituire	VI	O	_	_
un	uno	RS	O	_	_
comitato	comitato	SS	O	_	_
direttivo	direttivo	AS	O	_	_
delle	di/det	EP	O	_	_
associazioni	associazione	SP	O	_	_
liberali	liberale	AP	O	_	_
,	comma	XPW	O	_	_
il	il	RS	O	_	_
quale	quale	PS	O	_	_
domina	dominare	VI	O	_	_
tutta	tutto	DS	O	_	_
la	il	RS	O	_	_
vita	vita	SS	O	_	_
accademica	accademico	AS	O	_	_
entro	entro	E	O	_	_
l’	il	RS	O	_	_
università	università	SN	O	_	_
.	.	XPS	O	_	_

Alle	a/det	EP	O	_	_
corporazioni	corporazione	SP	O	_	_
cattoliche	cattolico	AP	O	_	_
non	non	B	O	_	_
viene	venire	VIY	O	_	_
concesso	concedere	VSP	O	_	_
che	che	CCHE	O	_	_
quello	quello	PS	O	_	_
che	che	CCHE	O	_	_
piace	piacere	VI	O	_	_
ai	a/det	EP	O	_	_
liberali	liberale	SP	O	_	_
;	semicolon	XPS	O	_	_

il	il	RS	O	_	_
rettore	rettore	SS	O	_	_
è	essere	VI	O	_	_
completamente	completamente	B	O	_	_
in	in	E	O	_	_
balia	balia	SS	O	_	_
di	di	E	O	_	_
tale	tale	DS	O	_	_
intolleranza	intolleranza	SS	O	_	_
;	semicolon	XPS	O	_	_

e	e	C	O	_	_
se	se	C	O	_	_
i	il	RP	O	_	_
cattolici	cattolico	SP	O	_	_
non	non	B	O	_	_
si	rifl	PN	O	_	_
piegano	piegare	VI	O	_	_
,	comma	XPW	O	_	_
vengono	venire	VIY	O	_	_
cacciati	cacciare	VPP	O	_	_
a	a	E	O	_	_
colpi	colpo	SP	O	_	_
di	di	E	O	_	_
bastone	bastone	SS	O	_	_
dall’	da/det	ES	O	_	_
aula	aula	SS	O	_	_
e	e	C	O	_	_
maltrattati	maltrattare	VPP	O	_	_
a	a	E	O	_	_
sangue	sangue	SS	O	_	_
.	.	XPS	O	_	_

Chi	chi	CCHI	O	_	_
non	non	B	O	_	_
ricorda	ricordare	VI	O	_	_
di	di	E	O	_	_
tali	tale	AP	O	_	_
scenate	scenata	SP	O	_	_
svoltesi	svoltesi	VPP	O	_	_
nell’	in/det	ES	O	_	_
università	università	SN	O	_	_
viennese	viennese	AS	O	_	_
?	?	XPS	O	_	_

Dentro	dentro	E	O	_	_
l’	il	RS	O	_	_
università	università	SN	O	_	_
i	il	RP	O	_	_
pochi	poco	DP	O	_	_
cattolici	cattolico	SP	O	_	_
fischiati	fischiati	AP	O	_	_
,	comma	XPW	O	_	_
battuti	battere	VPP	O	_	_
che	che	CCHE	O	_	_
finiscono	finire	VI	O	_	_
con	con	E	O	_	_
l’	il	RS	O	_	_
essere	essere	VFY	O	_	_
buttati	buttare	VPP	O	_	_
fuori	fuori	B	O	_	_
come	come	CADV	O	_	_
cenci	cencio	SP	O	_	_
a	a	E	O	_	_
brandelli	brandello	SP	O	_	_
,	comma	XPW	O	_	_
senza	senza	C	O	_	_
che	che	CCHE	O	_	_
nessuno	nessuno	PS	O	_	_
venga	venire	VI	O	_	_
a	a	E	O	_	_
proteggerli	proteggere/pro	VF+E	O	_	_
.	.	XPS	O	_	_

Chi	chi	CCHI	O	_	_
ha	avere	VIY	O	_	_
assistito	assistere	VSP	O	_	_
a	a	E	O	_	_
simili	simile	AP	O	_	_
scoppi	scoppio	SP	O	_	_
d’	di	E	O	_	_
intolleranza	intolleranza	SS	O	_	_
comprende	comprendere	VI	O	_	_
che	che	CCHE	O	_	_
qui	qui	B	O	_	_
si	rifl	PN	O	_	_
tratta	trattare	VI	O	_	_
non	non	B	O	_	_
del	di/det	ES	O	_	_
simbolo	simbolo	SS	O	_	_
,	comma	XPW	O	_	_
ma	ma	C	O	_	_
della	di/det	ES	O	_	_
cosa	cosa	SS	O	_	_
simboleggiata	simboleggiare	VSP	O	_	_
,	comma	XPW	O	_	_
qui	qui	B	O	_	_
non	non	B	O	_	_
si	rifl	PN	O	_	_
combatte	combattere	VI	O	_	_
per	per	E	O	_	_
il	il	RS	O	_	_
berretto	berretto	SS	O	_	_
o	o	C	O	_	_
lo	lo	PS	O	_	_
«	«	XPO	O	_	_
spiedo	spiedo	VI	O	_	_
»	»	XPO	O	_	_
,	comma	XPW	O	_	_
ma	ma	C	O	_	_
per	per	E	O	_	_
l’	il	RS	O	_	_
idea	idea	SS	O	_	_
della	di/det	ES	O	_	_
cultura	cultura	SS	O	_	_
cristiana	cristiano	AS	O	_	_
,	comma	XPW	O	_	_
per	per	E	O	_	_
l’	il	RS	O	_	_
idea	idea	SS	O	_	_
dell’	di/det	ES	O	_	_
unione	unione	SS	O	_	_
della	di/det	ES	O	_	_
scienza	scienza	SS	O	_	_
con	con	E	O	_	_
la	il	RS	O	_	_
fede	fede	SS	O	_	_
.	.	XPS	O	_	_

E	e	C	O	_	_
la	il	RS	O	_	_
prepotenza	prepotenza	SS	O	_	_
di	di	E	O	_	_
un	uno	RS	O	_	_
partito	partito	SS	O	_	_
che	che	CCHE	O	_	_
vuole	volere	VI	O	_	_
soffocarne	soffocare/part	VF+E	O	_	_
un	uno	RS	O	_	_
altro	altro	PS	O	_	_
,	comma	XPW	O	_	_
è	essere	VI	O	_	_
l’	il	RS	O	_	_
odio	odio	SS	O	_	_
contro	contro	E	O	_	_
il	il	RS	O	_	_
cattolicismo	cattolicismo	SS	O	_	_
che	che	CCHE	O	_	_
fa	fare	VI	O	_	_
uscire	uscire	VF	O	_	_
i	il	RP	O	_	_
tristi	tristo	SP	O	_	_
eroi	eroi	AP	O	_	_
di	di	E	O	_	_
tali	tale	AP	O	_	_
trionfi	trionfo	SP	O	_	_
nell’	in/det	ES	O	_	_
inno	inno	SS	O	_	_
di	di	E	O	_	_
sprezzo	sprezzo	SS	O	_	_
«	«	XPO	O	_	_
Der	der	SPN	O	_	_
Papst	papst	SPN	O	_	_
lebt	lebt	VI	O	_	_
herrlich	herrlich	SS	O	_	_
in	in	E	O	_	_
der	der	SS	O	_	_
Welt	welt	SPN	O	_	_
»	»	XPO	O	_	_
,	comma	XPW	O	_	_
inno	inno	VI	O	_	_
di	di	E	O	_	_
gloria	gloria	SS	O	_	_
sopra	sopra	E	O	_	_
un	uno	RS	O	_	_
campo	campo	SS	O	_	_
sparso	sparso	AS	O	_	_
di	di	E	O	_	_
tracolle	tracolla	SP	O	_	_
strappate	strappato	AP	O	_	_
,	comma	XPW	O	_	_
di	di	E	O	_	_
berretti	berretto	SP	O	_	_
insudiciati	insudiciare	VPP	O	_	_
e	e	C	O	_	_
di	di	E	O	_	_
vetri	vetro	SP	O	_	_
infranti	infranto	AP	O	_	_
.	.	XPS	O	_	_

Gli	il	RP	O	_	_
ultimi	ultimo	AP	O	_	_
casi	caso	SP	O	_	_
sono	essere	VI	O	_	_
ancora	ancora	B	O	_	_
nella	in/det	ES	O	_	_
memoria	memoria	SS	O	_	_
di	di	E	O	_	_
tutti	tutto	DP	O	_	_
.	.	XPS	O	_	_

A	a	E	O	_	_
Graz	graz	SPN	GPE	47.07325875	15.4444721
,	comma	XPW	O	_	_
sull’	su/det	ES	O	_	_
inizio	inizio	SS	O	_	_
di	di	E	O	_	_
questo	questo	DS	O	_	_
semestre	semestre	SS	O	_	_
invernale	invernale	AS	O	_	_
,	comma	XPW	O	_	_
il	il	RS	O	_	_
dott.	dott.	SS	O	_	_
Uhde	uhde	SPN	O	_	_
celebrava	celebrare	VI	O	_	_
la	il	RS	O	_	_
promozione	promozione	SS	O	_	_
al	a/det	ES	O	_	_
suo	suo	DS	O	_	_
terzo	terzo	AS	O	_	_
dottorato	dottorato	SS	O	_	_
,	comma	XPW	O	_	_
quello	quello	PS	O	_	_
delle	di/det	EP	O	_	_
scienze	scienza	SP	O	_	_
naturali	naturale	AP	O	_	_
.	.	XPS	O	_	_

Si	rifl	PN	O	_	_
presentò	presentare	VI	O	_	_
alla	a/det	ES	O	_	_
promozione	promozione	SS	O	_	_
con	con	E	O	_	_
le	il	RP	O	_	_
insegne	insegna	SP	O	_	_
accademiche	accademico	AP	O	_	_
di	di	E	O	_	_
una	uno	RS	O	_	_
corporazione	corporazione	SS	O	_	_
cattolica	cattolico	AS	O	_	_
,	comma	XPW	O	_	_
accompagnato	accompagnare	VSP	O	_	_
dai	da/det	EP	O	_	_
suoi	suo	DP	O	_	_
compagni	compagno	SP	O	_	_
di	di	E	O	_	_
fede	fede	SS	O	_	_
e	e	C	O	_	_
dagli	da/det	EP	O	_	_
ospiti	ospite	SP	O	_	_
.	.	XPS	O	_	_

Ma	ma	C	O	_	_
la	il	RS	O	_	_
studentesca	studentesca	SS	O	_	_
liberale	liberale	AS	O	_	_
gli	gli	PS	O	_	_
chiude	chiudere	VI	O	_	_
la	il	RS	O	_	_
via	via	SS	O	_	_
alla	a/det	ES	O	_	_
sala	sala	SS	O	_	_
,	comma	XPW	O	_	_
egli	egli	PS	O	_	_
,	comma	XPW	O	_	_
i	il	RP	O	_	_
suoi	suo	DP	O	_	_
compagni	compagno	SP	O	_	_
,	comma	XPW	O	_	_
perfino	perfino	B	O	_	_
il	il	RS	O	_	_
vecchio	vecchio	AS	O	_	_
suo	suo	DS	O	_	_
padre	padre	SS	O	_	_
furono	essere	VIY	O	_	_
fischiati	fischiare	VPP	O	_	_
,	comma	XPW	O	_	_
insultati	insultare	VPP	O	_	_
.	.	XPS	O	_	_

E	e	C	O	_	_
il	il	RS	O	_	_
rettore	rettore	SS	O	_	_
?	?	XPS	O	_	_

Il	il	RS	O	_	_
rettore	rettore	SS	O	_	_
rispose	rispondere	VI	O	_	_
di	di	E	O	_	_
non	non	B	O	_	_
poter	potere	VF	O	_	_
far	fare	VF	O	_	_
nulla	nulla	PS	O	_	_
.	.	XPS	O	_	_

Un	uno	RS	O	_	_
mese	mese	SS	O	_	_
dopo	dopo	B	O	_	_
a	a	E	O	_	_
Praga	praga	SPN	GPE	50.0874401	14.4212556
i	il	RP	O	_	_
cattolici	cattolico	SP	O	_	_
venivano	venire	VIY	O	_	_
brutalmente	brutalmente	B	O	_	_
attaccati	attaccare	VPP	O	_	_
,	comma	XPW	O	_	_
insultati	insultare	VPP	O	_	_
,	comma	XPW	O	_	_
battuti	battere	VPP	O	_	_
ed	ed	C	O	_	_
infine	infine	B	O	_	_
rinchiusi	rinchiudere	VI	O	_	_
in	in	E	O	_	_
un	uno	RS	O	_	_
uditorio	uditorio	SS	O	_	_
,	comma	XPW	O	_	_
dove	dove	CADV	O	_	_
rimasero	rimanere	VI	O	_	_
bloccati	bloccare	VPP	O	_	_
per	per	E	O	_	_
quattro	quattro	N	O	_	_
ore	ora	SP	O	_	_
;	semicolon	XPS	O	_	_

il	il	RS	O	_	_
rettore	rettore	SS	O	_	_
per	per	E	O	_	_
liberarli	liberare/pro	VF+E	O	_	_
dovette	dovere	VI	O	_	_
venir	venir	SS	O	_	_
a	a	E	O	_	_
trattare	trattare	VF	O	_	_
cogli	cogli	SP	O	_	_
studenti	studente	SP	O	_	_
radicali	radicale	AP	O	_	_
"!"	esclamation_mark	XPS	O	_	_

"!"	esclamation_mark	XPS	O	_	_

Contro	contro	E	O	_	_
queste	questo	DP	O	_	_
due	due	N	O	_	_
intolleranze	intolleranza	SP	O	_	_
,	comma	XPW	O	_	_
la	il	RS	O	_	_
cricca	cricca	SS	O	_	_
delle	di/det	EP	O	_	_
facoltà	facoltà	SN	O	_	_
e	e	C	O	_	_
la	il	RS	O	_	_
prepotenza	prepotenza	SS	O	_	_
degli	di/det	EP	O	_	_
studenti	studente	SP	O	_	_
,	comma	XPW	O	_	_
insorse	insorse	VPP	O	_	_
nell’	in/det	ES	O	_	_
ultimo	ultimo	AS	O	_	_
congresso	congresso	SS	O	_	_
il	il	RS	O	_	_
dott.	dott.	SS	O	_	_
Lueger	lueger	SPN	PER	_	_
,	comma	XPW	O	_	_
affermando	affermare	VG	O	_	_
essere	essere	VF	O	_	_
dovere	dovere	SS	O	_	_
e	e	C	O	_	_
volontà	volontà	SN	O	_	_
dei	di/det	EP	O	_	_
cattolici	cattolico	SP	O	_	_
di	di	E	O	_	_
conquistare	conquistare	VF	O	_	_
il	il	RS	O	_	_
debito	debito	SS	O	_	_
influsso	influsso	AS	O	_	_
anche	anche	C	O	_	_
nelle	in/det	EP	O	_	_
università	università	SN	O	_	_
.	.	XPS	O	_	_

Si	rifl	PN	O	_	_
tratta	trattare	VI	O	_	_
dunque	dunque	C	O	_	_
di	di	E	O	_	_
una	uno	RS	O	_	_
lotta	lotta	SS	O	_	_
per	per	E	O	_	_
l’	il	RS	O	_	_
equiparazione	equiparazione	SS	O	_	_
,	comma	XPW	O	_	_
per	per	E	O	_	_
l’	il	RS	O	_	_
eguaglianza	eguaglianza	SS	O	_	_
,	comma	XPW	O	_	_
per	per	E	O	_	_
la	il	RS	O	_	_
libertà	libertà	SN	O	_	_
.	.	XPS	O	_	_

Tanto	tanto	PS	O	_	_
è	essere	VI	O	_	_
vero	vero	AS	O	_	_
che	che	CCHE	O	_	_
nella	in/det	ES	O	_	_
votazione	votazione	SS	O	_	_
susseguente	susseguente	AS	O	_	_
alle	a/det	EP	O	_	_
lunghe	lungo	AP	O	_	_
discussioni	discussione	SP	O	_	_
alla	a/det	ES	O	_	_
Camera	camera	SS	O	_	_
,	comma	XPW	O	_	_
i	il	RP	O	_	_
cattolici	cattolico	SP	O	_	_
votarono	votare	VI	O	_	_
tutti	tutto	PP	O	_	_
per	per	E	O	_	_
la	il	RS	O	_	_
proposta	proposta	SS	O	_	_
da	da	E	O	_	_
loro	loro	PP	O	_	_
emendata	emendare	VSP	O	_	_
del	di/det	ES	O	_	_
prof.	prof.	SS	O	_	_
Masaryk	masaryk	SPN	PER	_	_
che	che	CCHE	O	_	_
riguardava	riguardare	VI	O	_	_
la	il	RS	O	_	_
libertà	libertà	SN	O	_	_
dell’	di/det	ES	O	_	_
insegnamento	insegnamento	SS	O	_	_
e	e	C	O	_	_
dell’	di/det	ES	O	_	_
indagine	indagine	SS	O	_	_
scientifica	scientifico	AS	O	_	_
nelle	in/det	EP	O	_	_
università	università	SN	O	_	_
.	.	XPS	O	_	_

Senonché	senonché	C	O	_	_
la	il	RS	O	_	_
cosa	cosa	SS	O	_	_
,	comma	XPW	O	_	_
ricacciata	ricacciare	VSP	O	_	_
di	di	E	O	_	_
un	uno	RS	O	_	_
canto	canto	SS	O	_	_
momentaneamente	momentaneamente	B	O	_	_
dalle	da/det	EP	O	_	_
necessità	necessità	SN	O	_	_
politiche	politico	AP	O	_	_
,	comma	XPW	O	_	_
doveva	dovere	VI	O	_	_
risorgere	risorgere	VF	O	_	_
più	più	B	O	_	_
tardi	tardi	B	O	_	_
con	con	E	O	_	_
nuova	nuovo	AS	O	_	_
veemenza	veemenza	SS	O	_	_
.	.	XPS	O	_	_

Già	già	B	O	_	_
nelle	in/det	EP	O	_	_
discussioni	discussione	SP	O	_	_
d’	di	E	O	_	_
allora	allora	C	O	_	_
era	essere	VIY	O	_	_
caduto	cadere	VSP	O	_	_
il	il	RS	O	_	_
nome	nome	SS	O	_	_
del	di/det	ES	O	_	_
prof.	prof.	SS	O	_	_
Wahrmund	wahrmund	SPN	PER	_	_
,	comma	XPW	O	_	_
professore	professore	SS	O	_	_
ordinario	ordinario	AS	O	_	_
della	di/det	ES	O	_	_
facoltà	facoltà	SN	O	_	_
giuridica	giuridico	AS	O	_	_
di	di	E	O	_	_
Innsbruck	innsbruck	SPN	O	_	_
ed	ed	C	O	_	_
insegnante	insegnante	B	O	_	_
diritto	diritto	SS	O	_	_
canonico	canonico	AS	O	_	_
.	.	XPS	O	_	_

Wahrmund	wahrmund	SPN	O	_	_
fu	essere	VI	O	_	_
un	uno	RS	O	_	_
tempo	tempo	SS	O	_	_
non	non	B	O	_	_
lontano	lontano	AS	O	_	_
membro	membro	SS	O	_	_
della	di/det	ES	O	_	_
«	«	XPO	O	_	_
Leogesellschaft	leogesellschaft	SPN	O	_	_
»	»	XPO	O	_	_
,	comma	XPW	O	_	_
società	società	SN	O	_	_
cattolica	cattolico	AS	O	_	_
scientifica	scientifico	AS	O	_	_
.	.	XPS	O	_	_

Nell’88	nell’88	N	O	_	_
pubblicò	pubblicare	VI	O	_	_
un’	uno	RS	O	_	_
operetta	operetta	SS	O	_	_
sul	su/det	ES	O	_	_
conclave	conclave	SS	O	_	_
e	e	C	O	_	_
l’	il	RS	O	_	_
ius	ius	SS	O	_	_
exclusiva	exclusiva	AS	O	_	_
dove	dove	CADV	O	_	_
chiama	chiamare	VI	O	_	_
la	il	RS	O	_	_
Chiesa	chiesa	SS	O	_	_
cattolica	cattolico	AS	O	_	_
«	«	XPO	O	_	_
die	die	SP	O	_	_
grösste	grösste	AP	O	_	_
und	und	AP	O	_	_
ehrwürdigste	ehrwürdigste	SP	O	_	_
Institution	institution	SPN	O	_	_
,	comma	XPW	O	_	_
die	die	SP	O	_	_
je	je	B	O	_	_
auf	auf	VI	O	_	_
Erden	erden	SPN	PER	_	_
bestanden	bestanden	AS	O	_	_
»	»	XPO	O	_	_
(	open_parenthesis	XPB	O	_	_
l’	il	RS	O	_	_
istituzione	istituzione	SS	O	_	_
più	più	B	O	_	_
grande	grande	AS	O	_	_
e	e	C	O	_	_
più	più	B	O	_	_
degna	degno	AS	O	_	_
di	di	E	O	_	_
venerazione	venerazione	SS	O	_	_
)	close_parenthesis	XPB	O	_	_
.	.	XPS	O	_	_

Nel	in/det	ES	O	_	_
1901	1901	N	O	_	_
tenne	tenere	VI	O	_	_
dalla	da/det	ES	O	_	_
cattedra	cattedra	SS	O	_	_
un	uno	RS	O	_	_
discorsetto	discorsetto	SS	O	_	_
anticlericale	anticlericale	AS	O	_	_
che	che	CCHE	O	_	_
è	essere	VI	O	_	_
il	il	RS	O	_	_
primo	primo	AS	O	_	_
accenno	accenno	SS	O	_	_
al	a/det	ES	O	_	_
suo	suo	DS	O	_	_
secondo	secondo	AS	O	_	_
periodo	periodo	SS	O	_	_
.	.	XPS	O	_	_

L’	il	RS	O	_	_
uomo	uomo	SS	O	_	_
non	non	B	O	_	_
era	essere	VI	O	_	_
più	più	B	O	_	_
cattolico	cattolico	AS	O	_	_
;	semicolon	XPS	O	_	_

gli	il	RP	O	_	_
studenti	studente	SP	O	_	_
lo	lo	PS	O	_	_
sentivano	sentire	VI	O	_	_
e	e	C	O	_	_
lo	lo	PS	O	_	_
rilevavano	rilevare	VI	O	_	_
da	da	E	O	_	_
qualche	qualche	DS	O	_	_
frizzo	frizzo	SS	O	_	_
,	comma	XPW	O	_	_
più	più	B	O	_	_
tardi	tardi	B	O	_	_
da	da	E	O	_	_
qualche	qualche	DS	O	_	_
insulto	insulto	SS	O	_	_
contro	contro	E	O	_	_
la	il	RS	O	_	_
Chiesa	chiesa	SS	O	_	_
cattolica	cattolico	AS	O	_	_
.	.	XPS	O	_	_

Ma	ma	C	O	_	_
ben	ben	B	O	_	_
presto	presto	B	O	_	_
uscì	uscire	VI	O	_	_
fuori	fuori	B	O	_	_
nel	in/det	ES	O	_	_
campo	campo	SS	O	_	_
della	di/det	ES	O	_	_
vita	vita	SS	O	_	_
pubblica	pubblico	AS	O	_	_
,	comma	XPW	O	_	_
divenne	divenire	VI	O	_	_
per	per	E	O	_	_
condizioni	condizione	SP	O	_	_
familiari	familiare	AP	O	_	_
,	comma	XPW	O	_	_
seguace	seguace	VI	O	_	_
devoto	devoto	AS	O	_	_
del	di/det	ES	O	_	_
moto	moto	SS	O	_	_
divorzista	divorzista	AS	O	_	_
,	comma	XPW	O	_	_
s’	s’	PN	O	_	_
intruppò	intruppare	VI	O	_	_
poi	poi	B	O	_	_
con	con	E	O	_	_
la	il	RS	O	_	_
società	società	SN	O	_	_
«	«	XPO	O	_	_
Scuola	scuola	SPN	O	_	_
libera	libero	AS	O	_	_
»	»	XPO	O	_	_
.	.	XPS	O	_	_

La	il	RS	O	_	_
società	società	SN	O	_	_
per	per	E	O	_	_
la	il	RS	O	_	_
riforma	riforma	SS	O	_	_
matrimoniale	matrimoniale	AS	O	_	_
e	e	C	O	_	_
la	il	RS	O	_	_
«	«	XPO	O	_	_
Scuola	scuola	SPN	O	_	_
libera	libero	AS	O	_	_
»	»	XPO	O	_	_
rappresentano	rappresentare	VI	O	_	_
ormai	ormai	B	O	_	_
in	in	E	O	_	_
Austria	austria	SPN	GPE	47.2000338	13.199959
le	il	RP	O	_	_
due	due	N	O	_	_
organizzazioni	organizzazione	SP	O	_	_
battagliere	battagliere	VF	O	_	_
degli	di/det	EP	O	_	_
anticristiani	anticristiani	SP	O	_	_
;	semicolon	XPS	O	_	_

in	in	E	O	_	_
esse	esse	PP	O	_	_
si	rifl	PN	O	_	_
fondono	fondere	VI	O	_	_
le	il	RP	O	_	_
correnti	corrente	SP	O	_	_
socialistiche	socialistico	AP	O	_	_
e	e	C	O	_	_
«	«	XPO	O	_	_
Los	los	SPN	O	_	_
von	von	VI	O	_	_
Rom	rom	SPN	O	_	_
»	»	XPO	O	_	_
.	.	XPS	O	_	_

Ma	ma	C	O	_	_
Wahrmund	wahrmund	SPN	PER	_	_
non	non	B	O	_	_
fu	essere	VI	O	_	_
solo	solo	B	O	_	_
socio	socio	SS	O	_	_
,	comma	XPW	O	_	_
fu	essere	VIY	O	_	_
protagonista	protagonista	SS	O	_	_
organizzatore	organizzatore	SS	O	_	_
di	di	E	O	_	_
questa	questo	DS	O	_	_
lotta	lotta	SS	O	_	_
contro	contro	E	O	_	_
la	il	RS	O	_	_
Chiesa	chiesa	SS	O	_	_
.	.	XPS	O	_	_

Parlò	parlò	SPN	O	_	_
in	in	E	O	_	_
adunanze	adunanza	SP	O	_	_
popolari	popolare	AP	O	_	_
contro	contro	E	O	_	_
il	il	RS	O	_	_
cattolicismo	cattolicismo	SS	O	_	_
e	e	C	O	_	_
le	il	RP	O	_	_
sue	suo	DP	O	_	_
dottrine	dottrina	SP	O	_	_
;	semicolon	XPS	O	_	_

e	e	C	O	_	_
i	il	RP	O	_	_
cattolici	cattolico	SP	O	_	_
si	rifl	PN	O	_	_
limitarono	limitare	VI	O	_	_
a	a	E	O	_	_
rispondere	rispondere	VF	O	_	_
,	comma	XPW	O	_	_
a	a	E	O	_	_
reagire	reagire	VF	O	_	_
,	comma	XPW	O	_	_
a	a	E	O	_	_
polemizzare	polemizzare	VF	O	_	_
;	semicolon	XPS	O	_	_

ma	ma	C	O	_	_
quando	quando	CADV	O	_	_
in	in	E	O	_	_
una	uno	RS	O	_	_
conferenza	conferenza	SS	O	_	_
,	comma	XPW	O	_	_
che	che	CCHE	O	_	_
il	il	RS	O	_	_
celebre	celebre	AS	O	_	_
padre	padre	SS	O	_	_
Fonck	fonck	SPN	PER	_	_
dimostrò	dimostrare	VI	O	_	_
un	uno	RS	O	_	_
plagio	plagio	SS	O	_	_
dell’	di/det	ES	O	_	_
Hoensbroech	hoensbroech	SPN	O	_	_
,	comma	XPW	O	_	_
Haeckel	haeckel	SPN	O	_	_
e	e	C	O	_	_
compagnia	compagnia	SS	O	_	_
,	comma	XPW	O	_	_
il	il	RS	O	_	_
Wahrmund	wahrmund	SPN	O	_	_
passò	passare	VI	O	_	_
ogni	ogni	DS	O	_	_
misura	misura	SS	O	_	_
,	comma	XPW	O	_	_
offendendo	offendere	VG	O	_	_
e	e	C	O	_	_
schernendo	schernire	VG	O	_	_
a	a	E	O	_	_
sangue	sangue	SS	O	_	_
i	il	RP	O	_	_
cattolici	cattolico	SP	O	_	_
,	comma	XPW	O	_	_
quando	quando	CADV	O	_	_
in	in	E	O	_	_
un	uno	RS	O	_	_
comizio	comizio	SS	O	_	_
il	il	RS	O	_	_
professore	professore	SS	O	_	_
espose	esporre	VI	O	_	_
alla	a/det	ES	O	_	_
derisione	derisione	SS	O	_	_
della	di/det	ES	O	_	_
feccia	feccia	SS	O	_	_
della	di/det	ES	O	_	_
capitale	capitale	SS	O	_	_
tirolese	tirolese	AS	O	_	_
,	comma	XPW	O	_	_
le	il	RP	O	_	_
loro	loro	DP	O	_	_
credenze	credenza	SP	O	_	_
,	comma	XPW	O	_	_
le	il	RP	O	_	_
loro	loro	DP	O	_	_
istituzioni	istituzione	SP	O	_	_
più	più	B	O	_	_
sacre	sacre	AS	O	_	_
,	comma	XPW	O	_	_
allora	allora	C	O	_	_
protestarono	protestare	VI	O	_	_
ed	ed	C	O	_	_
insorsero	insorgere	VI	O	_	_
fieramente	fieramente	B	O	_	_
.	.	XPS	O	_	_

E	e	C	O	_	_
poiché	poiché	C	O	_	_
il	il	RS	O	_	_
rappresentante	rappresentante	SS	O	_	_
del	di/det	ES	O	_	_
governo	governo	SS	O	_	_
,	comma	XPW	O	_	_
presente	presente	AS	O	_	_
al	a/det	ES	O	_	_
comizio	comizio	SS	O	_	_
,	comma	XPW	O	_	_
non	non	B	O	_	_
aveva	avere	VIY	O	_	_
sollevata	sollevare	VSP	O	_	_
obbiezione	obbiezione	SS	O	_	_
alcuna	alcuno	PS	O	_	_
in	in	E	O	_	_
nome	nome	SS	O	_	_
della	di/det	ES	O	_	_
legge	legge	SS	O	_	_
che	che	CCHE	O	_	_
condanna	condannare	VI	O	_	_
chi	chi	CCHI	O	_	_
dileggia	dileggiare	VI	O	_	_
una	uno	RS	O	_	_
religione	religione	SS	O	_	_
riconosciuta	riconoscere	VSP	O	_	_
dallo	da/det	ES	O	_	_
Stato	stato	SS	O	_	_
,	comma	XPW	O	_	_
e	e	C	O	_	_
gli	il	RP	O	_	_
organi	organo	SP	O	_	_
universitari	universitario	AP	O	_	_
e	e	C	O	_	_
accademici	accademico	AP	O	_	_
s’	s’	PN	O	_	_
erano	essere	VIY	O	_	_
dimostrati	dimostrare	VPP	O	_	_
deboli	debole	AP	O	_	_
di	di	E	O	_	_
fronte	fronte	SS	O	_	_
agli	a/det	EP	O	_	_
anticlericali	anticlericale	SP	O	_	_
e	e	C	O	_	_
ostili	ostile	AP	O	_	_
ai	a/det	EP	O	_	_
cattolici	cattolico	SP	O	_	_
,	comma	XPW	O	_	_
la	il	RS	O	_	_
protesta	protesta	SS	O	_	_
fu	essere	VI	O	_	_
diretta	diretto	AS	O	_	_
oltre	oltre	B	O	_	_
che	che	CCHE	O	_	_
contro	contro	E	O	_	_
l’	il	RS	O	_	_
insultatore	insultatore	SS	O	_	_
anche	anche	C	O	_	_
contro	contro	E	O	_	_
chi	chi	CCHI	O	_	_
il	il	RS	O	_	_
dileggio	dileggio	SS	O	_	_
aveva	avere	VIY	O	_	_
tollerato	tollerare	VSP	O	_	_
o	o	C	O	_	_
favorito	favorire	VSP	O	_	_
.	.	XPS	O	_	_

E	e	C	O	_	_
perché	perché	C	O	_	_
ancora	ancora	B	O	_	_
gli	il	RP	O	_	_
studenti	studente	SP	O	_	_
cattolici	cattolico	AP	O	_	_
,	comma	XPW	O	_	_
che	che	CCHE	O	_	_
pur	pur	C	O	_	_
sono	essere	VI	O	_	_
la	il	RS	O	_	_
maggioranza	maggioranza	SS	O	_	_
in	in	E	O	_	_
Innsbruck	innsbruck	SPN	GPE	47.2654296	11.3927685
avevano	avere	VIY	O	_	_
avuto	avere	VSP	O	_	_
durante	durante	E	O	_	_
le	il	RP	O	_	_
ultime	ultimo	AP	O	_	_
lotte	lotta	SP	O	_	_
nuove	nuovo	AP	O	_	_
prove	prova	SP	O	_	_
che	che	CCHE	O	_	_
a	a	E	O	_	_
loro	loro	PP	O	_	_
si	rifl	PN	O	_	_
negava	negare	VI	O	_	_
l’	il	RS	O	_	_
equiparazione	equiparazione	SS	O	_	_
sul	su/det	ES	O	_	_
suolo	suolo	SS	O	_	_
accademico	accademico	AS	O	_	_
,	comma	XPW	O	_	_
la	il	RS	O	_	_
protesta	protesta	SS	O	_	_
venne	venire	VIY	O	_	_
diretta	dirigere	VSP	O	_	_
anche	anche	C	O	_	_
contro	contro	E	O	_	_
la	il	RS	O	_	_
posizione	posizione	SS	O	_	_
d’	di	E	O	_	_
inferiorità	inferiorità	SN	O	_	_
a	a	E	O	_	_
cui	cui	PN	O	_	_
si	rifl	PN	O	_	_
costringevano	costringere	VI	O	_	_
gli	il	RP	O	_	_
accademici	accademico	SP	O	_	_
cattolici	cattolico	AP	O	_	_
.	.	XPS	O	_	_

Ed	ed	C	O	_	_
ecco	ecco	B	O	_	_
che	che	CCHE	O	_	_
quello	quello	PS	O	_	_
che	che	CCHE	O	_	_
poi	poi	B	O	_	_
falsamente	falsamente	B	O	_	_
fu	essere	VI	O	_	_
detto	dire	VSP	O	_	_
l’	il	RS	O	_	_
incidente	incidente	SS	O	_	_
Wahrmund	wahrmund	SPN	O	_	_
non	non	B	O	_	_
è	essere	VI	O	_	_
che	che	CCHE	O	_	_
un	uno	RS	O	_	_
episodio	episodio	SS	O	_	_
della	di/det	ES	O	_	_
lotta	lotta	SS	O	_	_
universitaria	universitario	AS	O	_	_
in	in	E	O	_	_
genere	genere	SS	O	_	_
,	comma	XPW	O	_	_
lotta	lotta	SS	O	_	_
che	che	CCHE	O	_	_
i	il	RP	O	_	_
cattolici	cattolico	SP	O	_	_
devono	dovere	VI	O	_	_
condurre	condurre	VF	O	_	_
contro	contro	E	O	_	_
l’	il	RS	O	_	_
intolleranza	intolleranza	SS	O	_	_
e	e	C	O	_	_
la	il	RS	O	_	_
prepotenza	prepotenza	SS	O	_	_
per	per	E	O	_	_
l’	il	RS	O	_	_
equiparazíone	equiparazíone	SS	O	_	_
.	.	XPS	O	_	_

Che	che	CCHE	O	_	_
si	rifl	PN	O	_	_
trattasse	trattare	VI	O	_	_
veramente	veramente	B	O	_	_
di	di	E	O	_	_
questa	questo	PS	O	_	_
è	essere	VI	O	_	_
testimonio	testimonio	SS	O	_	_
principe	principe	AS	O	_	_
lo	il	RS	O	_	_
stesso	stesso	DS	O	_	_
Wahrmund	wahrmund	SPN	O	_	_
,	comma	XPW	O	_	_
il	il	RS	O	_	_
quale	quale	PS	O	_	_
in	in	E	O	_	_
una	uno	RS	O	_	_
lettera	lettera	SS	O	_	_
aperta	aperto	AS	O	_	_
al	a/det	ES	O	_	_
prof.	prof.	SS	O	_	_
Mayr	mayr	SPN	PER	_	_
e	e	C	O	_	_
a	a	E	O	_	_
proposito	proposito	SS	O	_	_
delle	di/det	EP	O	_	_
recenti	recente	AP	O	_	_
lotte	lotta	SP	O	_	_
scriveva	scrivere	VI	O	_	_
:	:	XPS	O	_	_
«	«	XPO	O	_	_
Equiparazione	equiparazione	SS	O	_	_
per	per	E	O	_	_
gli	il	RP	O	_	_
studenti	studente	SP	O	_	_
clericali	clericale	AP	O	_	_
e	e	C	O	_	_
professori	professore	SP	O	_	_
e	e	C	O	_	_
studenti	studente	SP	O	_	_
liberali	liberale	AP	O	_	_
si	rifl	PN	O	_	_
può	potere	VI	O	_	_
pretendere	pretendere	VF	O	_	_
col	con/det	ES	O	_	_
medesimo	medesimo	AS	O	_	_
diritto	diritto	SS	O	_	_
,	comma	XPW	O	_	_
come	come	CADV	O	_	_
si	rifl	PN	O	_	_
chiederebbe	chiedere	VI	O	_	_
per	per	E	O	_	_
il	il	RS	O	_	_
seminatore	seminatore	SS	O	_	_
che	che	CCHE	O	_	_
coltiva	coltivare	VI	O	_	_
un	uno	RS	O	_	_
campo	campo	SS	O	_	_
e	e	C	O	_	_
per	per	E	O	_	_
la	il	RS	O	_	_
schiera	schiera	SS	O	_	_
delle	di/det	EP	O	_	_
talpe	talpa	SP	O	_	_
che	che	CCHE	O	_	_
lo	lo	PS	O	_	_
sommuovono	sommuovere	VI	O	_	_
.	.	XPS	O	_	_

.	.	XPS	O	_	_

.	.	XPS	O	_	_

Mai	mai	B	O	_	_
può	potere	VI	O	_	_
venir	venire	VF	O	_	_
ammessa	ammettere	VSP	O	_	_
l’	il	RS	O	_	_
equiparazione	equiparazione	SS	O	_	_
fra	fra	E	O	_	_
potenze	potenza	SP	O	_	_
che	che	CCHE	O	_	_
affermano	affermare	VI	O	_	_
e	e	C	O	_	_
che	che	CCHE	O	_	_
negano	negare	VI	O	_	_
la	il	RS	O	_	_
vita	vita	SS	O	_	_
,	comma	XPW	O	_	_
costasse	costare	VI	O	_	_
pure	pure	B	O	_	_
una	uno	RS	O	_	_
lotta	lotta	SS	O	_	_
fino	fino	E	O	_	_
al	a/det	ES	O	_	_
coltello	coltello	SS	O	_	_
»	»	XPO	O	_	_
.	.	XPS	O	_	_

Era	essere	VI	O	_	_
la	il	RS	O	_	_
lotta	lotta	SS	O	_	_
fino	fino	E	O	_	_
all’	a/det	ES	O	_	_
ultimo	ultimo	SS	O	_	_
dunque	dunque	C	O	_	_
che	che	CCHE	O	_	_
voleva	volere	VI	O	_	_
e	e	C	O	_	_
sapeva	sapere	VI	O	_	_
di	di	E	O	_	_
combattere	combattere	VF	O	_	_
il	il	RS	O	_	_
Wahrmund	wahrmund	SPN	O	_	_
.	.	XPS	O	_	_

Nella	in/det	ES	O	_	_
sua	suo	DS	O	_	_
ultima	ultimo	AS	O	_	_
conferenza	conferenza	SS	O	_	_
«	«	XPO	O	_	_
Libera	libero	AS	O	_	_
scienza	scienza	SS	O	_	_
e	e	C	O	_	_
cattolicismo	cattolicismo	SS	O	_	_
»	»	XPO	O	_	_
i	il	RP	O	_	_
frizzi	frizzo	SP	O	_	_
,	comma	XPW	O	_	_
gli	il	RP	O	_	_
insulti	insulto	SP	O	_	_
contro	contro	E	O	_	_
i	il	RP	O	_	_
cattolici	cattolico	SP	O	_	_
abbondarono	abbondare	VI	O	_	_
.	.	XPS	O	_	_

Ma	ma	C	O	_	_
il	il	RS	O	_	_
professore	professore	SS	O	_	_
non	non	B	O	_	_
era	essere	VI	O	_	_
contento	contento	AS	O	_	_
del	di/det	ES	O	_	_
plauso	plauso	SS	O	_	_
dei	di/det	EP	O	_	_
«	«	XPO	O	_	_
los	los	SP	O	_	_
von	von	AP	O	_	_
Rom	rom	SPN	O	_	_
»	»	XPO	O	_	_
innsbrucchesi	innsbrucchesi	AP	O	_	_
,	comma	XPW	O	_	_
la	il	RS	O	_	_
ripetè	ripetè	SS	O	_	_
anche	anche	C	O	_	_
a	a	E	O	_	_
Salisburgo	salisburgo	SPN	GPE	47.8001977	13.0410592
ed	ed	C	O	_	_
il	il	RS	O	_	_
pubblico	pubblico	SS	O	_	_
era	essere	VI	O	_	_
sempre	sempre	B	O	_	_
quello	quello	PS	O	_	_
,	comma	XPW	O	_	_
socialisti	socialista	SP	O	_	_
,	comma	XPW	O	_	_
radicali	radicale	SP	O	_	_
,	comma	XPW	O	_	_
pantedeschi	pantedeschi	SP	O	_	_
.	.	XPS	O	_	_

Non	non	B	O	_	_
gli	gli	PS	O	_	_
bastò	bastare	VI	O	_	_
ancora	ancora	B	O	_	_
:	:	XPS	O	_	_
la	il	RS	O	_	_
conferenza	conferenza	SS	O	_	_
venne	venire	VIY	O	_	_
stampata	stampare	VSP	O	_	_
e	e	C	O	_	_
benché	benché	B	O	_	_
,	comma	XPW	O	_	_
testimoni	testimone	SP	O	_	_
auricolari	auricolare	AP	O	_	_
affermino	affermare	VI	O	_	_
che	che	CCHE	O	_	_
nella	in/det	ES	O	_	_
stampa	stampa	SS	O	_	_
non	non	B	O	_	_
si	rifl	PN	O	_	_
ripetono	ripetere	VI	O	_	_
tutte	tutto	DP	O	_	_
le	il	RP	O	_	_
espressioni	espressione	SP	O	_	_
blasfeme	blasfemo	AP	O	_	_
,	comma	XPW	O	_	_
che	che	CCHE	O	_	_
dissero	dire	VI	O	_	_
le	le	PS	O	_	_
labbra	labbra	VI	O	_	_
,	comma	XPW	O	_	_
contiene	contenere	VI	O	_	_
tuttavia	tuttavia	B	O	_	_
tali	tale	AP	O	_	_
espressioni	espressione	SP	O	_	_
e	e	C	O	_	_
tali	tale	AP	O	_	_
proposizioni	proposizione	SP	O	_	_
che	che	CCHE	O	_	_
la	il	RS	O	_	_
procura	procura	SS	O	_	_
di	di	E	O	_	_
Stato	stato	SS	O	_	_
ne	ne	PN	O	_	_
pronunciò	pronunciare	VI	O	_	_
la	il	RS	O	_	_
confisca	confisca	SS	O	_	_
.	.	XPS	O	_	_

La	il	RS	O	_	_
natura	natura	SS	O	_	_
dell’	di/det	ES	O	_	_
opuscolo	opuscolo	SS	O	_	_
è	essere	VIY	O	_	_
caratterizzata	caratterizzare	VSP	O	_	_
abbastanza	abbastanza	B	O	_	_
se	se	C	O	_	_
si	rifl	PN	O	_	_
ricorda	ricordare	VI	O	_	_
che	che	CCHE	O	_	_
perfino	perfino	B	O	_	_
il	il	RS	O	_	_
dott.	dott.	SS	O	_	_
Engert	engert	SPN	PER	_	_
,	comma	XPW	O	_	_
il	il	RS	O	_	_
prete	prete	SS	O	_	_
scomunicato	scomunicato	AS	O	_	_
e	e	C	O	_	_
direttore	direttore	SS	O	_	_
del	di/det	ES	O	_	_
Secolo	secolo	SPN	O	_	_
XX	xx	N	O	_	_
pur	pur	C	O	_	_
plaudendo	plaudere	VG	O	_	_
al	a/det	ES	O	_	_
Wahrmund	wahrmund	SPN	O	_	_
,	comma	XPW	O	_	_
fece	fare	VI	O	_	_
delle	di/det	EP	O	_	_
riserve	riserva	SP	O	_	_
sul	su/det	ES	O	_	_
contenuto	contenuto	SS	O	_	_
della	di/det	ES	O	_	_
conferenza	conferenza	SS	O	_	_
,	comma	XPW	O	_	_
parendogli	parendogli	SP	O	_	_
che	che	CCHE	O	_	_
l’	il	RS	O	_	_
innsbrucchese	innsbrucchese	AS	O	_	_
fosse	essere	VIY	O	_	_
andato	andare	VSP	O	_	_
troppo	troppo	B	O	_	_
innanzi	innanzi	AS	O	_	_
,	comma	XPW	O	_	_
e	e	C	O	_	_
la	il	RS	O	_	_
Kölniscke	kölniscke	SPN	O	_	_
Zeitung	zeitung	SPN	O	_	_
,	comma	XPW	O	_	_
giornale	giornale	SS	O	_	_
protestante	protestante	AS	O	_	_
e	e	C	O	_	_
liberale	liberale	AS	O	_	_
,	comma	XPW	O	_	_
enumerando	enumerare	VG	O	_	_
gli	il	RP	O	_	_
insulti	insulto	SP	O	_	_
e	e	C	O	_	_
gli	il	RP	O	_	_
schermi	schermo	SP	O	_	_
che	che	CCHE	O	_	_
il	il	RS	O	_	_
Wahrmund	wahrmund	SPN	O	_	_
dirige	dirigere	VI	O	_	_
ai	a/det	EP	O	_	_
misteri	mistero	SP	O	_	_
e	e	C	O	_	_
alle	a/det	EP	O	_	_
credenze	credenza	SP	O	_	_
più	più	B	O	_	_
sacre	sacre	AS	O	_	_
,	comma	XPW	O	_	_
fatta	fare	VSP	O	_	_
anche	anche	C	O	_	_
astrazione	astrazione	SS	O	_	_
dal	da/det	ES	O	_	_
suo	suo	DS	O	_	_
giudizio	giudizio	SS	O	_	_
parzialissimo	parziale	AS	O	_	_
sull’	su/det	ES	O	_	_
opera	opera	SS	O	_	_
della	di/det	ES	O	_	_
Chiesa	chiesa	SS	O	_	_
,	comma	XPW	O	_	_
afferma	affermare	VI	O	_	_
essere	essere	VF	O	_	_
naturale	naturale	AS	O	_	_
che	che	CCHE	O	_	_
i	il	RP	O	_	_
cattolici	cattolico	SP	O	_	_
si	rifl	PN	O	_	_
sentano	sentire	VIY	O	_	_
offesi	offendere	VPP	O	_	_
e	e	C	O	_	_
chiedano	chiedere	VI	O	_	_
allo	a/det	ES	O	_	_
Stato	stato	SS	O	_	_
che	che	CCHE	O	_	_
protegga	proteggere	VI	O	_	_
il	il	RS	O	_	_
loro	loro	DP	O	_	_
onore	onore	SS	O	_	_
di	di	E	O	_	_
fronte	fronte	SS	O	_	_
agli	a/det	EP	O	_	_
attacchi	attacco	SP	O	_	_
di	di	E	O	_	_
un	uno	RS	O	_	_
suo	suo	DS	O	_	_
funzionario	funzionario	SS	O	_	_
.	.	XPS	O	_	_

Ma	ma	C	O	_	_
qui	qui	B	O	_	_
subentrò	subentrare	VI	O	_	_
la	il	RS	O	_	_
«	«	XPO	O	_	_
deviazione	deviazione	SS	O	_	_
liberale	liberale	AS	O	_	_
»	»	XPO	O	_	_
.	.	XPS	O	_	_

La	il	RS	O	_	_
grande	grande	AS	O	_	_
stampa	stampa	SS	O	_	_
semitica	semitico	AS	O	_	_
tolse	togliere	VI	O	_	_
sotto	sotto	E	O	_	_
la	il	RS	O	_	_
sua	suo	DS	O	_	_
protezione	protezione	SS	O	_	_
il	il	RS	O	_	_
professore	professore	SS	O	_	_
,	comma	XPW	O	_	_
lo	il	RS	O	_	_
rese	rese	SS	O	_	_
da	da	E	O	_	_
ignoto	ignoto	SS	O	_	_
celebre	celebre	AS	O	_	_
e	e	C	O	_	_
levò	levò	SP	O	_	_
avanti	avanti	B	O	_	_
a	a	E	O	_	_
lui	lui	PS	O	_	_
lo	lo	PS	O	_	_
scudo	scudo	VI	O	_	_
della	di/det	ES	O	_	_
«	«	XPO	O	_	_
libertà	libertà	SN	O	_	_
della	di/det	ES	O	_	_
scienza	scienza	SS	O	_	_
e	e	C	O	_	_
delle	di/det	EP	O	_	_
università	università	SN	O	_	_
»	»	XPO	O	_	_
.	.	XPS	O	_	_

In	in	E	O	_	_
Italia	italia	SPN	GPE	42.6384261	12.674297
se	se	C	O	_	_
per	per	E	O	_	_
l’	il	RS	O	_	_
attività	attività	SN	O	_	_
politica	politico	AS	O	_	_
di	di	E	O	_	_
terzi	terzo	SP	O	_	_
si	rifl	PN	O	_	_
fosse	essere	VIY	O	_	_
reclamato	reclamare	VSP	O	_	_
a	a	E	O	_	_
difesa	difesa	SS	O	_	_
la	il	RS	O	_	_
«	«	XPO	O	_	_
libertà	libertà	SN	O	_	_
d’	di	E	O	_	_
insegnamento	insegnamento	SS	O	_	_
»	»	XPO	O	_	_
il	il	RS	O	_	_
buon	buon	AS	O	_	_
senso	senso	SS	O	_	_
latino	latino	AS	O	_	_
avrebbe	avere	VIY	O	_	_
subito	subito	B	O	_	_
vinto	vincere	VSP	O	_	_
sopra	sopra	E	O	_	_
le	il	RP	O	_	_
frasi	frase	SP	O	_	_
ipocrite	ipocrite	VPP	O	_	_
,	comma	XPW	O	_	_
in	in	E	O	_	_
Austria	austria	SPN	GPE	47.2000338	13.199959
la	il	RS	O	_	_
stampa	stampa	SS	O	_	_
ebraico-massonica	ebraico-massonica	AS	O	_	_
levò	levò	SS	O	_	_
tale	tale	AS	O	_	_
rumore	rumore	SS	O	_	_
,	comma	XPW	O	_	_
si	rifl	PN	O	_	_
dipinse	dipingere	VI	O	_	_
con	con	E	O	_	_
tali	tali	SP	O	_	_
colori	colori	AP	O	_	_
il	il	RS	O	_	_
pericolo	pericolo	SS	O	_	_
clericale	clericale	AS	O	_	_
,	comma	XPW	O	_	_
che	che	CCHE	O	_	_
,	comma	XPW	O	_	_
per	per	E	O	_	_
poco	poco	B	O	_	_
,	comma	XPW	O	_	_
l’	il	RS	O	_	_
offensore	offensore	SS	O	_	_
non	non	B	O	_	_
apparve	apparire	VI	O	_	_
offeso	offendere	VSP	O	_	_
,	comma	XPW	O	_	_
l’	il	RS	O	_	_
insultatore	insultatore	SS	O	_	_
l’	il	RS	O	_	_
oppresso	oppresso	SS	O	_	_
.	.	XPS	O	_	_

Sempre	sempre	B	O	_	_
la	il	RS	O	_	_
storia	storia	SS	O	_	_
dell’	di/det	ES	O	_	_
agnello	agnello	SS	O	_	_
e	e	C	O	_	_
del	di/det	ES	O	_	_
lupo	lupo	SS	O	_	_
,	comma	XPW	O	_	_
di	di	E	O	_	_
Renzo	renzo	SPN	O	_	_
e	e	C	O	_	_
di	di	E	O	_	_
don	don	SN	O	_	_
Abbondio	abbondio	SPN	PER	_	_
.	.	XPS	O	_	_

La	il	RS	O	_	_
deviazione	deviazione	SS	O	_	_
liberale	liberale	AS	O	_	_
fu	essere	VIY	O	_	_
favorita	favorire	VSP	O	_	_
da	da	E	O	_	_
un’	uno	RS	O	_	_
inopportuna	inopportuno	AS	O	_	_
intervista	intervista	SS	O	_	_
del	di/det	ES	O	_	_
Vaterland	vaterland	SPN	O	_	_
col	con/det	ES	O	_	_
Nunzio	nunzio	SPN	O	_	_
Apostolico	apostolico	SPN	O	_	_
e	e	C	O	_	_
dal	da/det	ES	O	_	_
timore	timore	SS	O	_	_
che	che	CCHE	O	_	_
i	il	RP	O	_	_
liberali	liberale	SP	O	_	_
hanno	avere	VI	O	_	_
tutta	tutto	DS	O	_	_
la	il	RS	O	_	_
ragione	ragione	SS	O	_	_
d’	di	E	O	_	_
avere	avere	VF	O	_	_
circa	circa	E	O	_	_
le	il	RP	O	_	_
sorti	sorte	SP	O	_	_
del	di/det	ES	O	_	_
loro	loro	DP	O	_	_
ministro	ministro	SS	O	_	_
Marchet	marchet	SPN	PER	_	_
.	.	XPS	O	_	_

Così	così	B	O	_	_
,	comma	XPW	O	_	_
all’	a/det	ES	O	_	_
atto	atto	SS	O	_	_
pratico	pratico	AS	O	_	_
,	comma	XPW	O	_	_
i	il	RP	O	_	_
cristiano-sociali	cristiano-sociali	SP	O	_	_
dovettero	dovere	VI	O	_	_
accontentarsi	accontentare/rifl	VF+E	O	_	_
di	di	E	O	_	_
ottenere	ottenere	VF	O	_	_
un	uno	RS	O	_	_
teoretico	teoretico	SS	O	_	_
e	e	C	O	_	_
ufficiale	ufficiale	AS	O	_	_
riconoscimento	riconoscimento	SS	O	_	_
dell’	di/det	ES	O	_	_
equiparazione	equiparazione	SS	O	_	_
studentesca	studentesco	AS	O	_	_
,	comma	XPW	O	_	_
mentre	mentre	C	O	_	_
l’	il	RS	O	_	_
incidente	incidente	SS	O	_	_
Wahrmund	wahrmund	SPN	O	_	_
,	comma	XPW	O	_	_
rimesso	rimettere	VSP	O	_	_
ai	a/det	EP	O	_	_
tribunali	tribunale	SP	O	_	_
è	essere	VIY	O	_	_
terminato	terminare	VSP	O	_	_
ier	ier	AS	O	_	_
l’	il	RS	O	_	_
altro	altro	PS	O	_	_
con	con	E	O	_	_
la	il	RS	O	_	_
conferma	conferma	SS	O	_	_
della	di/det	ES	O	_	_
confisca	confisca	SS	O	_	_
dell’	di/det	ES	O	_	_
opuscolo	opuscolo	SS	O	_	_
.	.	XPS	O	_	_

Non	non	B	O	_	_
è	essere	VI	O	_	_
chi	chi	CCHI	O	_	_
ritenga	ritenere	VI	O	_	_
però	però	C	O	_	_
che	che	CCHE	O	_	_
la	il	RS	O	_	_
cosa	cosa	SS	O	_	_
sia	essere	VIY	O	_	_
esaurita	esaurire	VSP	O	_	_
.	.	XPS	O	_	_

Si	rifl	PN	O	_	_
è	essere	VIY	O	_	_
chiusa	chiudere	VSP	O	_	_
momentaneamente	momentaneamente	B	O	_	_
la	il	RS	O	_	_
fase	fase	SS	O	_	_
parlamentare	parlamentare	AS	O	_	_
,	comma	XPW	O	_	_
ma	ma	C	O	_	_
la	il	RS	O	_	_
questione	questione	SS	O	_	_
universitaria	universitario	AS	O	_	_
risorgerà	risorgere	VI	O	_	_
alla	a/det	ES	O	_	_
prima	primo	AS	O	_	_
occasione	occasione	SS	O	_	_
,	comma	XPW	O	_	_
al	a/det	ES	O	_	_
primo	primo	AS	O	_	_
incidente	incidente	SS	O	_	_
.	.	XPS	O	_	_

Il	il	RS	O	_	_
problema	problema	SS	O	_	_
dell’	di/det	ES	O	_	_
equiparazione	equiparazione	SS	O	_	_
è	essere	VIY	O	_	_
insoluto	insoluto	VSP	O	_	_
,	comma	XPW	O	_	_
ma	ma	C	O	_	_
converrà	convenire	VI	O	_	_
venga	venire	VI	O	_	_
una	uno	RS	O	_	_
volta	volta	SS	O	_	_
risolto	risolvere	VSP	O	_	_
.	.	XPS	O	_	_

Ne	ne	PN	O	_	_
hanno	avere	VIY	O	_	_
diritto	diritto	VSP	O	_	_
pieno	pieno	AS	O	_	_
i	il	RP	O	_	_
cattolici	cattolico	SP	O	_	_
,	comma	XPW	O	_	_
se	se	C	O	_	_
pur	pur	C	O	_	_
per	per	E	O	_	_
loro	loro	PP	O	_	_
,	comma	XPW	O	_	_
che	che	CCHE	O	_	_
sono	essere	VI	O	_	_
i	il	RP	O	_	_
più	più	B	O	_	_
,	comma	XPW	O	_	_
non	non	B	O	_	_
vuolsi	vuolsi	VI	O	_	_
ammettere	ammettere	VF	O	_	_
una	uno	RS	O	_	_
cittadinanza	cittadinanza	SS	O	_	_
di	di	E	O	_	_
secondo	secondo	AS	O	_	_
grado	grado	SS	O	_	_
.	.	XPS	O	_	_

Il	il	RS	O	_	_
«	«	XPO	O	_	_
caso	caso	SS	O	_	_
Wahrmund	wahrmund	SPN	O	_	_
»	»	XPO	O	_	_
però	però	C	O	_	_
è	essere	VI	O	_	_
una	uno	RS	O	_	_
buona	buono	AS	O	_	_
lezione	lezione	SS	O	_	_
.	.	XPS	O	_	_

È	essere	VI	O	_	_
una	uno	RS	O	_	_
lezione	lezione	SS	O	_	_
,	comma	XPW	O	_	_
è	essere	VI	O	_	_
vero	vero	AS	O	_	_
,	comma	XPW	O	_	_
per	per	E	O	_	_
gli	il	RP	O	_	_
anticlericali	anticlericale	SP	O	_	_
,	comma	XPW	O	_	_
come	come	CADV	O	_	_
dice	dire	VI	O	_	_
La	il	RS	O	_	_
Difesa	difesa	SS	O	_	_
,	comma	XPW	O	_	_
ma	ma	C	O	_	_
è	essere	VI	O	_	_
una	uno	RS	O	_	_
lezione	lezione	SS	O	_	_
anche	anche	C	O	_	_
per	per	E	O	_	_
i	il	RP	O	_	_
cattolici	cattolico	SP	O	_	_
,	comma	XPW	O	_	_
e	e	C	O	_	_
in	in	E	O	_	_
doppio	doppio	AS	O	_	_
senso	senso	SS	O	_	_
.	.	XPS	O	_	_

Abbiamo	avere	VIY	O	_	_
imparato	imparare	VSP	O	_	_
–	–	XPO	O	_	_
o	o	C	O	_	_
meglio	meglio	B	O	_	_
ci	ci	B	O	_	_
fu	essere	VI	O	_	_
rinfrescata	rinfrescare	VSP	O	_	_
la	il	RS	O	_	_
memoria	memoria	SS	O	_	_
–	–	XPO	O	_	_
che	che	CCHE	O	_	_
in	in	E	O	_	_
tali	tale	AP	O	_	_
questioni	questione	SP	O	_	_
l’	il	RS	O	_	_
odio	odio	SS	O	_	_
anticlericale	anticlericale	AS	O	_	_
non	non	B	O	_	_
conosce	conoscere	VI	O	_	_
confini	confino	SP	O	_	_
di	di	E	O	_	_
nazione	nazione	SS	O	_	_
.	.	XPS	O	_	_

La	il	RS	O	_	_
stampa	stampa	SS	O	_	_
czeca	czeca	AS	O	_	_
,	comma	XPW	O	_	_
tedesca	tedesco	AS	O	_	_
,	comma	XPW	O	_	_
italiana	italiano	AS	O	_	_
si	rifl	PN	O	_	_
gettò	gettare	VI	O	_	_
con	con	E	O	_	_
straordinaria	straordinario	AS	O	_	_
veemenza	veemenza	SS	O	_	_
e	e	C	O	_	_
unanime	unanime	AP	O	_	_
accordo	accordo	SS	O	_	_
contro	contro	E	O	_	_
i	il	RP	O	_	_
cattolici	cattolico	SP	O	_	_
e	e	C	O	_	_
la	il	RS	O	_	_
Chiesa	chiesa	SS	O	_	_
,	comma	XPW	O	_	_
e	e	C	O	_	_
noi	noi	PP	O	_	_
trentini	trentino	AP	O	_	_
,	comma	XPW	O	_	_
non	non	B	O	_	_
dobbiamo	dovere	VI	O	_	_
dimenticare	dimenticare	VF	O	_	_
che	che	CCHE	O	_	_
il	il	RS	O	_	_
corrispondente	corrispondente	SS	O	_	_
dell’	di/det	ES	O	_	_
Alto	alto	SPN	GPE	46.65596895	11.22964387
Adige	adige	SPN	GPE	46.65596895	11.22964387
eccitava	eccitare	VI	O	_	_
a	a	E	O	_	_
sorpassare	sorpassare	VF	O	_	_
le	il	RP	O	_	_
lotte	lotta	SP	O	_	_
piccine	piccino	AP	O	_	_
nazionali	nazionale	AP	O	_	_
e	e	C	O	_	_
ad	ad	E	O	_	_
unirsi	unire/rifl	VF+E	O	_	_
con	con	E	O	_	_
quei	quello	DP	O	_	_
liberali	liberale	SP	O	_	_
tedeschi	tedesco	AP	O	_	_
,	comma	XPW	O	_	_
che	che	CCHE	O	_	_
sono	essere	VI	O	_	_
e	e	C	O	_	_
furono	essere	VI	O	_	_
gli	il	RP	O	_	_
oppressori	oppressore	SP	O	_	_
del	di/det	ES	O	_	_
nostro	nostro	DS	O	_	_
paese	paese	SS	O	_	_
.	.	XPS	O	_	_

Il	il	RS	O	_	_
caso	caso	SS	O	_	_
Wahrmund	wahrmund	SPN	O	_	_
però	però	C	O	_	_
insegna	insegnare	VI	O	_	_
anche	anche	C	O	_	_
che	che	CCHE	O	_	_
il	il	RS	O	_	_
liberalismo	liberalismo	SS	O	_	_
in	in	E	O	_	_
Austria	austria	SPN	GPE	47.2000338	13.199959
è	essere	VI	O	_	_
ancora	ancora	B	O	_	_
dominatore	dominatore	SS	O	_	_
.	.	XPS	O	_	_

È	essere	VI	O	_	_
vero	vero	AS	O	_	_
;	semicolon	XPS	O	_	_

nel	in/det	ES	O	_	_
Parlamento	parlamento	SS	O	_	_
non	non	B	O	_	_
gode	godere	VI	O	_	_
più	più	B	O	_	_
un	uno	RS	O	_	_
dominio	dominio	SS	O	_	_
assoluto	assoluto	AS	O	_	_
,	comma	XPW	O	_	_
ma	ma	C	O	_	_
è	essere	VI	O	_	_
però	però	C	O	_	_
ancora	ancora	B	O	_	_
nella	in/det	ES	O	_	_
coalizione	coalizione	SS	O	_	_
degli	di/det	EP	O	_	_
anticlericali	anticlericale	SP	O	_	_
tanto	tanto	B	O	_	_
forte	forte	AP	O	_	_
da	da	E	O	_	_
impedire	impedire	VF	O	_	_
che	che	CCHE	O	_	_
ai	a/det	EP	O	_	_
cattolici	cattolico	SP	O	_	_
si	rifl	PN	O	_	_
renda	rendere	VI	O	_	_
quella	quello	DS	O	_	_
giustizia	giustizia	SS	O	_	_
che	che	CCHE	O	_	_
le	il	RP	O	_	_
leggi	leggio	SP	O	_	_
fondamentali	fondamentale	AP	O	_	_
liberali	liberale	AP	O	_	_
a	a	E	O	_	_
loro	loro	PP	O	_	_
garantiscono	garantire	VI	O	_	_
.	.	XPS	O	_	_

Nelle	in/det	EP	O	_	_
università	università	SN	O	_	_
poi	poi	B	O	_	_
,	comma	XPW	O	_	_
nella	in/det	ES	O	_	_
stampa	stampa	SS	O	_	_
fa	fare	VI	O	_	_
sentire	sentire	VF	O	_	_
ancora	ancora	B	O	_	_
l’	il	RS	O	_	_
intollerante	intollerante	AS	O	_	_
suo	suo	DS	O	_	_
dominio	dominio	SS	O	_	_
.	.	XPS	O	_	_

E	e	C	O	_	_
di	di	E	O	_	_
questo	questo	DS	O	_	_
dominio	dominio	SS	O	_	_
è	essere	VI	O	_	_
servo	servo	AS	O	_	_
anche	anche	C	O	_	_
il	il	RS	O	_	_
ministro	ministro	SS	O	_	_
dell’	di/det	ES	O	_	_
istruzione	istruzione	SS	O	_	_
.	.	XPS	O	_	_

Perciò	perciò	C	O	_	_
i	il	RP	O	_	_
cattolici	cattolico	SP	O	_	_
,	comma	XPW	O	_	_
prima	prima	C	O	_	_
d’	di	E	O	_	_
ingaggiare	ingaggiare	VF	O	_	_
una	uno	RS	O	_	_
lotta	lotta	SS	O	_	_
simile	simile	AS	O	_	_
,	comma	XPW	O	_	_
o	o	C	O	_	_
quando	quando	CADV	O	_	_
sono	essere	VI	O	_	_
costretti	costretto	AP	O	_	_
ad	ad	E	O	_	_
ingaggiarla	ingaggiare/pro	VF+E	O	_	_
,	comma	XPW	O	_	_
devono	dovere	VI	O	_	_
sempre	sempre	B	O	_	_
tener	tenere	VF	O	_	_
d’	di	E	O	_	_
occhio	occhio	SS	O	_	_
il	il	RS	O	_	_
raggiungibile	raggiungibile	SS	O	_	_
,	comma	XPW	O	_	_
il	il	RS	O	_	_
reale	reale	SS	O	_	_
.	.	XPS	O	_	_

Questa	questo	DS	O	_	_
ci	ci	PP	O	_	_
pare	parere	VI	O	_	_
politica	politico	AS	O	_	_
buona	buono	AS	O	_	_
,	comma	XPW	O	_	_
La	il	RS	O	_	_
tendenza	tendenza	SS	O	_	_
invece	invece	C	O	_	_
di	di	E	O	_	_
certi	certo	DP	O	_	_
feudali	feudali	SP	O	_	_
di	di	E	O	_	_
spingere	spingere	VF	O	_	_
la	il	RS	O	_	_
lotta	lotta	SS	O	_	_
agli	a/det	EP	O	_	_
estremi	estremo	SP	O	_	_
dimostra	dimostrare	VI	O	_	_
una	uno	RS	O	_	_
non	non	B	O	_	_
chiara	chiaro	AS	O	_	_
visione	visione	SS	O	_	_
della	di/det	ES	O	_	_
realtà	realtà	SN	O	_	_
delle	di/det	EP	O	_	_
cose	cosa	SP	O	_	_
.	.	XPS	O	_	_

L’	il	RS	O	_	_
Austria	austria	SPN	GPE	47.2000338	13.199959
non	non	B	O	_	_
è	essere	VI	O	_	_
nella	in/det	ES	O	_	_
sua	suo	DS	O	_	_
costituzione	costituzione	SS	O	_	_
e	e	C	O	_	_
nelle	in/det	EP	O	_	_
sue	suo	DP	O	_	_
leggi	leggio	SP	O	_	_
uno	uno	RS	O	_	_
Stato	stato	SS	O	_	_
cattolico	cattolico	AS	O	_	_
ed	ed	C	O	_	_
erra	errare	VI	O	_	_
l’	il	RS	O	_	_
autorevole	autorevole	AS	O	_	_
Difesa	difesa	SPN	O	_	_
a	a	E	O	_	_
portare	portare	VF	O	_	_
il	il	RS	O	_	_
caso	caso	SS	O	_	_
Wahrmund	wahrmund	SPN	O	_	_
come	come	CADV	O	_	_
esempio	esempio	SS	O	_	_
ai	a/det	EP	O	_	_
governanti	governante	SP	O	_	_
.	.	XPS	O	_	_

Il	il	RS	O	_	_
ministro	ministro	SS	O	_	_
Marchet	marchet	SPN	PER	_	_
ha	avere	VIY	O	_	_
risposto	rispondere	VSP	O	_	_
come	come	CADV	O	_	_
risponderebbe	rispondere	VI	O	_	_
un	uno	RS	O	_	_
altro	altro	DS	O	_	_
ministro	ministro	SS	O	_	_
liberale	liberale	AS	O	_	_
in	in	E	O	_	_
uno	uno	RS	O	_	_
Stato	stato	SS	O	_	_
qualunque	qualunque	AS	O	_	_
,	comma	XPW	O	_	_
né	né	C	O	_	_
il	il	RS	O	_	_
Wahrmund	wahrmund	SPN	O	_	_
fu	essere	VI	O	_	_
punto	punto	SS	O	_	_
fatto	fare	VSP	O	_	_
scendere	scendere	VF	O	_	_
dalla	da/det	ES	O	_	_
sua	suo	DS	O	_	_
cattedra	cattedra	SS	O	_	_
come	come	CADV	O	_	_
suppone	suppone	SS	O	_	_
il	il	RS	O	_	_
giornale	giornale	SS	O	_	_
di	di	E	O	_	_
Venezia	venezia	SPN	O	_	_
.	.	XPS	O	_	_

Vero	vero	AS	O	_	_
che	che	CCHE	O	_	_
nella	in/det	ES	O	_	_
pratica	pratica	SS	O	_	_
amministrativa	amministrativo	AS	O	_	_
i	il	RP	O	_	_
cattolici	cattolico	SP	O	_	_
in	in	E	O	_	_
Austria	austria	SPN	GPE	47.2000338	13.199959
raggiungono	raggiungere	VI	O	_	_
qualche	qualche	DS	O	_	_
cosa	cosa	SS	O	_	_
,	comma	XPW	O	_	_
ma	ma	C	O	_	_
questo	questo	PS	O	_	_
a	a	E	O	_	_
prezzo	prezzo	SS	O	_	_
che	che	CCHE	O	_	_
per	per	E	O	_	_
la	il	RS	O	_	_
nomina	nomina	SS	O	_	_
dei	di/det	EP	O	_	_
vescovi	vescovo	SP	O	_	_
e	e	C	O	_	_
d’	di	E	O	_	_
altri	altro	DP	O	_	_
dignitari	dignitario	SP	O	_	_
ecclesiastici	ecclesiastico	AP	O	_	_
lo	il	RS	O	_	_
Stato	stato	SS	O	_	_
metta	mettere	VI	O	_	_
in	in	E	O	_	_
pratica	pratica	SS	O	_	_
quel	quello	DS	O	_	_
concordato	concordato	SS	O	_	_
,	comma	XPW	O	_	_
che	che	CCHE	O	_	_
in	in	E	O	_	_
quanto	quanto	B	O	_	_
riguarda	riguardare	VI	O	_	_
i	il	RP	O	_	_
suoi	suo	DP	O	_	_
obblighi	obbligo	SP	O	_	_
vuole	volere	VI	O	_	_
abolire	abolire	VF	O	_	_
e	e	C	O	_	_
a	a	E	O	_	_
patto	patto	SS	O	_	_
,	comma	XPW	O	_	_
d’	di	E	O	_	_
altro	altro	DS	O	_	_
canto	canto	SS	O	_	_
che	che	CCHE	O	_	_
i	il	RP	O	_	_
cattolici	cattolico	SP	O	_	_
siano	essere	VI	O	_	_
politicamente	politicamente	B	O	_	_
forti	forte	AP	O	_	_
ed	ed	C	O	_	_
organizzati	organizzato	AP	O	_	_
,	comma	XPW	O	_	_
come	come	CADV	O	_	_
sono	essere	VI	O	_	_
ora	ora	B	O	_	_
nel	in/det	ES	O	_	_
partito	partito	SS	O	_	_
cristianosociale	cristianosociale	AS	O	_	_
tedesco	tedesco	AS	O	_	_
e	e	C	O	_	_
negli	in/det	EP	O	_	_
altri	altro	DP	O	_	_
gruppi	gruppo	SP	O	_	_
cattolico-sociali	cattolico-sociali	AP	O	_	_
alla	a/det	ES	O	_	_
Camera	camera	SS	O	_	_
.	.	XPS	O	_	_

1	1	N	O	_	_
)	close_parenthesis	XPB	O	_	_
In	in	E	O	_	_
aggiunta	aggiunta	SS	O	_	_
a	a	E	O	_	_
quanto	quanto	QNS	O	_	_
dicevamo	dire	VI	O	_	_
dei	di/det	EP	O	_	_
giornali	giornale	SP	O	_	_
va	andare	VI	O	_	_
notato	notato	AS	O	_	_
che	che	CCHE	O	_	_
anche	anche	C	O	_	_
il	il	RS	O	_	_
Corriere	corriere	SS	O	_	_
d’	di	E	O	_	_
Italia	italia	SPN	GPE	42.6384261	12.674297
nel	in/det	ES	O	_	_
suo	suo	DS	O	_	_
penultimo	penultimo	AS	O	_	_
numero	numero	SS	O	_	_
(	open_parenthesis	XPB	O	_	_
in	in	E	O	_	_
un’	uno	RS	O	_	_
«	«	XPO	O	_	_
intervista	intervista	SS	O	_	_
con	con	E	O	_	_
un	uno	RS	O	_	_
ecclesiastico	ecclesiastico	AS	O	_	_
austriaco	austriaco	AS	O	_	_
»	»	XPO	O	_	_
)	close_parenthesis	XPB	O	_	_
ha	avere	VI	O	_	_
un’	uno	RS	O	_	_
esposizione	esposizione	SS	O	_	_
sufficientemente	sufficientemente	B	O	_	_
esatta	esatto	AS	O	_	_
,	comma	XPW	O	_	_
quantunque	quantunque	PS	O	_	_
negli	in/det	EP	O	_	_
ultimi	ultimo	AP	O	_	_
apprezzamenti	apprezzamento	SP	O	_	_
l’	il	RS	O	_	_
intervistato	intervistato	SS	O	_	_
riveli	rivelare	VI	O	_	_
un	uno	RS	O	_	_
ottimismo	ottimismo	SS	O	_	_
che	che	CCHE	O	_	_
se	se	C	O	_	_
venisse	venire	VIY	O	_	_
condiviso	condividere	VSP	O	_	_
più	più	B	O	_	_
in	in	E	O	_	_
alto	alto	SS	O	_	_
non	non	B	O	_	_
servirebbe	servire	VI	O	_	_
ad	ad	E	O	_	_
un’	uno	RS	O	_	_
orientazione	orientazione	SS	O	_	_
migliore	migliore	AS	O	_	_
sulle	su/det	EP	O	_	_
condizioni	condizione	SP	O	_	_
religiose	religioso	AP	O	_	_
reali	reale	AP	O	_	_
dell’	di/det	ES	O	_	_
Austria	austria	SPN	O	_	_
,	comma	XPW	O	_	_
ove	ove	B	O	_	_
la	il	RS	O	_	_
religione	religione	SS	O	_	_
cattolica	cattolico	AS	O	_	_
è	essere	VI	O	_	_
in	in	E	O	_	_
realtà	realtà	SN	O	_	_
tutt’	tutt’	AS	O	_	_
altro	altro	PS	O	_	_
che	che	CCHE	O	_	_
una	uno	RS	O	_	_
religione	religione	SS	O	_	_
di	di	E	O	_	_
stato	stato	SS	O	_	_
"!"	esclamation_mark	XPS	O	_	_

La	il	RS	O	_	_
Difesa	difesa	SS	O	_	_
di	di	E	O	_	_
oggi	oggi	B	O	_	_
invece	invece	B	O	_	_
narra	narrare	VI	O	_	_
nientemeno	nientemeno	B	O	_	_
che	che	CCHE	O	_	_
«	«	XPO	O	_	_
i	il	RP	O	_	_
cattolici	cattolico	SP	O	_	_
tirolesi	tirolese	AP	O	_	_
,	comma	XPW	O	_	_
troncando	troncare	VG	O	_	_
ogni	ogni	DS	O	_	_
indugio	indugio	SS	O	_	_
,	comma	XPW	O	_	_
scesero	scendere	VI	O	_	_
dai	da/det	EP	O	_	_
loro	loro	PP	O	_	_
monti	monte	SP	O	_	_
armati	armato	AP	O	_	_
di	di	E	O	_	_
nodosi	nodoso	AP	O	_	_
randelli	randello	SP	O	_	_
e	e	C	O	_	_
fecero	fare	VI	O	_	_
dinanzi	dinanzi	B	O	_	_
all’	a/det	ES	O	_	_
università	università	SN	O	_	_
una	uno	RS	O	_	_
dimostrazione	dimostrazione	SS	O	_	_
che	che	CCHE	O	_	_
avrebbe	avere	VIY	O	_	_
avuto	avere	VSP	O	_	_
serie	serie	SN	O	_	_
conseguenze	conseguenza	SP	O	_	_
se	se	C	O	_	_
i	il	RP	O	_	_
più	più	B	O	_	_
concreti	concreto	AP	O	_	_
affidamenti	affidamento	SP	O	_	_
di	di	E	O	_	_
riparazione	riparazione	SS	O	_	_
non	non	B	O	_	_
fossero	essere	VIY	O	_	_
stati	essere	VPPY	O	_	_
offerti	offrire	VPP	O	_	_
.	.	XPS	O	_	_
