# total number of persons:2, total number of gpes:2
L’	il	RS	O	_	_
eccelsa	eccelso	AS	O	_	_
Dieta	dieta	SPN	O	_	_
avrà	avere	VI	O	_	_
forse	forse	B	O	_	_
posdomani	posdomani	AP	O	_	_
il	il	RS	O	_	_
suo	suo	DS	O	_	_
temporale	temporale	SS	O	_	_
.	.	XPS	O	_	_

Si	rifl	PN	O	_	_
potrebbe	potere	VI	O	_	_
quasi	quasi	B	O	_	_
rallegrarsene	rallegrarsene	VI	O	_	_
,	comma	XPW	O	_	_
se	se	C	O	_	_
le	il	RP	O	_	_
origini	origine	SP	O	_	_
della	di/det	ES	O	_	_
bufera	bufera	SS	O	_	_
non	non	B	O	_	_
fossero	essere	VI	O	_	_
così	così	B	O	_	_
tristi	tristo	AP	O	_	_
e	e	C	O	_	_
tanto	tanto	B	O	_	_
miserabili	miserabile	AP	O	_	_
"!"	esclamation_mark	XPS	O	_	_

Si	rifl	PN	O	_	_
tratta	trattare	VI	O	_	_
di	di	E	O	_	_
uno	uno	PS	O	_	_
dei	di/det	EP	O	_	_
soliti	solito	AP	O	_	_
eccessi	eccesso	SP	O	_	_
di	di	E	O	_	_
furor	furor	SS	O	_	_
teutonicus	teutonicus	VI	O	_	_
che	che	CCHE	O	_	_
hanno	avere	VIY	O	_	_
oramai	oramai	B	O	_	_
assicurata	assicurare	VSP	O	_	_
una	uno	RS	O	_	_
fama	fama	SS	O	_	_
mondiale	mondiale	AS	O	_	_
all’	a/det	ES	O	_	_
accademia	accademia	SS	O	_	_
enipontana	enipontana	AS	O	_	_
.	.	XPS	O	_	_

Un	uno	RS	O	_	_
diverbio	diverbio	SS	O	_	_
alla	a/det	ES	O	_	_
Breinöszl	breinöszl	SPN	O	_	_
tra	tra	E	O	_	_
studenti	studente	SP	O	_	_
pangermani	pangermani	AP	O	_	_
e	e	C	O	_	_
cattolici	cattolico	AP	O	_	_
,	comma	XPW	O	_	_
il	il	RS	O	_	_
quale	quale	PS	O	_	_
in	in	E	O	_	_
altri	altro	DP	O	_	_
paesi	paese	SP	O	_	_
,	comma	XPW	O	_	_
più	più	B	O	_	_
sanguigni	sanguigno	SP	O	_	_
ma	ma	C	O	_	_
meno	meno	B	O	_	_
brutali	brutale	AP	O	_	_
,	comma	XPW	O	_	_
sarebbe	essere	VIY	O	_	_
stato	essere	VSPY	O	_	_
dimenticato	dimenticare	VSP	O	_	_
col	con/det	ES	O	_	_
sorgere	sorgere	VF	O	_	_
del	di/det	ES	O	_	_
nuovo	nuovo	AS	O	_	_
sole	sole	SS	O	_	_
,	comma	XPW	O	_	_
provocò	provocare	VI	O	_	_
nella	in/det	ES	O	_	_
capitale	capitale	SS	O	_	_
tirolese	tirolese	AS	O	_	_
un	uno	RS	O	_	_
attacco	attacco	SS	O	_	_
generale	generale	AS	O	_	_
dei	di/det	EP	O	_	_
pangermani	pangermani	SP	O	_	_
contro	contro	E	O	_	_
le	il	RP	O	_	_
sedi	sede	SP	O	_	_
riunite	riunire	VPP	O	_	_
degli	di/det	EP	O	_	_
universitari	universitario	SP	O	_	_
cattolici	cattolico	AP	O	_	_
,	comma	XPW	O	_	_
l’	il	RS	O	_	_
Akademikerhaus	akademikerhaus	SPN	O	_	_
.	.	XPS	O	_	_

Venerdì	venerdì	SN	O	_	_
sera	sera	SS	O	_	_
un	uno	RS	O	_	_
trecento	trecento	N	O	_	_
studenti	studente	SP	O	_	_
e	e	C	O	_	_
ginnasti	ginnasta	SP	O	_	_
diedero	dare	VI	O	_	_
l’	il	RS	O	_	_
assalto	assalto	SS	O	_	_
al	a/det	ES	O	_	_
caffè	caffè	SS	O	_	_
Central	central	SPN	O	_	_
,	comma	XPW	O	_	_
dove	dove	CADV	O	_	_
fracassarono	fracassare	VI	O	_	_
vetri	vetro	SP	O	_	_
e	e	C	O	_	_
mobili	mobile	SP	O	_	_
e	e	C	O	_	_
bastonarono	bastonare	VI	O	_	_
due	due	N	O	_	_
studenti	studente	SP	O	_	_
di	di	E	O	_	_
una	uno	RS	O	_	_
società	società	SN	O	_	_
cattolica	cattolico	AS	O	_	_
.	.	XPS	O	_	_

Usciti	usciti	SP	O	_	_
di	di	E	O	_	_
qui	qui	B	O	_	_
aprirono	aprire	VI	O	_	_
una	uno	RS	O	_	_
sassaiola	sassaiola	SS	O	_	_
contro	contro	E	O	_	_
il	il	RS	O	_	_
vicino	vicino	SS	O	_	_
l’	il	RS	O	_	_
Akademikerhaus	akademikerhaus	SPN	O	_	_
.	.	XPS	O	_	_

Gli	il	RP	O	_	_
studenti	studente	SP	O	_	_
cattolici	cattolico	AP	O	_	_
per	per	E	O	_	_
la	il	RS	O	_	_
maggior	maggior	AS	O	_	_
parte	parte	SS	O	_	_
erano	essere	VIY	O	_	_
andati	andare	VPP	O	_	_
via	via	B	O	_	_
.	.	XPS	O	_	_

Quei	quello	DP	O	_	_
pochi	poco	DP	O	_	_
che	che	CCHE	O	_	_
rimanevano	rimanere	VI	O	_	_
,	comma	XPW	O	_	_
assieme	assieme	B	O	_	_
agli	a/det	EP	O	_	_
altri	altro	DP	O	_	_
ospiti	ospite	SP	O	_	_
dell’	di/det	ES	O	_	_
albergo	albergo	SS	O	_	_
si	rifl	PN	O	_	_
portarono	portare	VI	O	_	_
dinanzi	dinanzi	B	O	_	_
all’	a/det	ES	O	_	_
entrata	entrata	SS	O	_	_
per	per	E	O	_	_
sbarrare	sbarrare	VF	O	_	_
il	il	RS	O	_	_
passo	passo	SS	O	_	_
agli	a/det	EP	O	_	_
assalitori	assalitore	SP	O	_	_
.	.	XPS	O	_	_

I	il	RP	O	_	_
vetri	vetro	SP	O	_	_
delle	di/det	EP	O	_	_
finestre	finestra	SP	O	_	_
e	e	C	O	_	_
delle	di/det	EP	O	_	_
porte	porta	SP	O	_	_
andarono	andare	VI	O	_	_
in	in	E	O	_	_
frantumi	frantume	SP	O	_	_
.	.	XPS	O	_	_

Un	uno	RS	O	_	_
urlo	urlo	SS	O	_	_
formidabile	formidabile	AS	O	_	_
accompagnava	accompagnare	VI	O	_	_
le	il	RP	O	_	_
gesta	gesta	SS	O	_	_
degli	di/det	EP	O	_	_
apachi	apache	SP	O	_	_
tirolesi	tirolese	AP	O	_	_
,	comma	XPW	O	_	_
i	il	RP	O	_	_
quali	quale	PP	O	_	_
s’	s’	PN	O	_	_
apprestavano	apprestare	VI	O	_	_
a	a	E	O	_	_
smuovere	smuovere	VF	O	_	_
con	con	E	O	_	_
una	uno	RS	O	_	_
leva	leva	SS	O	_	_
di	di	E	O	_	_
ferro	ferro	SS	O	_	_
il	il	RS	O	_	_
portone	portone	SS	O	_	_
,	comma	XPW	O	_	_
quando	quando	CADV	O	_	_
finalmente	finalmente	B	O	_	_
giunse	giungere	VI	O	_	_
sul	su/det	ES	O	_	_
campo	campo	SS	O	_	_
la	il	RS	O	_	_
polizia	polizia	SS	O	_	_
cittadina	cittadino	AS	O	_	_
.	.	XPS	O	_	_

Chi	chi	CCHI	O	_	_
non	non	B	O	_	_
conosce	conoscere	VI	O	_	_
lo	il	RS	O	_	_
zelo	zelo	SS	O	_	_
di	di	E	O	_	_
codesta	codesto	DS	O	_	_
guardia	guardia	SS	O	_	_
urbana	urbano	AS	O	_	_
?	?	XPS	O	_	_

Ell’	ell’	SPN	O	_	_
è	essere	VI	O	_	_
un	uno	RS	O	_	_
corpo	corpo	SS	O	_	_
profondamente	profondamente	B	O	_	_
conservativo	conservativo	AS	O	_	_
,	comma	XPW	O	_	_
che	che	CCHE	O	_	_
mantiene	mantenere	VI	O	_	_
alte	alto	AP	O	_	_
ed	ed	C	O	_	_
immutate	immutato	AP	O	_	_
le	il	RP	O	_	_
sue	suo	DP	O	_	_
tradizioni	tradizione	SP	O	_	_
attraverso	attraverso	E	O	_	_
le	il	RP	O	_	_
critiche	critica	SP	O	_	_
e	e	C	O	_	_
le	il	RP	O	_	_
condanne	condanna	SP	O	_	_
del	di/det	ES	O	_	_
pubblico	pubblico	SS	O	_	_
.	.	XPS	O	_	_

La	il	RS	O	_	_
guardia	guardia	SS	O	_	_
del	di/det	ES	O	_	_
1910	1910	N	O	_	_
fece	fare	VI	O	_	_
quello	quello	PS	O	_	_
che	che	CCHE	O	_	_
credette	credere	VI	O	_	_
di	di	E	O	_	_
fare	fare	VF	O	_	_
la	il	RS	O	_	_
guardia	guardia	SS	O	_	_
del	di/det	ES	O	_	_
1904	1904	N	O	_	_
.	.	XPS	O	_	_

Si	rifl	PN	O	_	_
riversò	riversare	VI	O	_	_
sugli	su/det	EP	O	_	_
assaliti	assaliti	SP	O	_	_
e	e	C	O	_	_
li	li	PP	O	_	_
rinchiuse	rinchiudere	VI	O	_	_
in	in	E	O	_	_
casa	casa	SS	O	_	_
,	comma	XPW	O	_	_
lasciando	lasciare	VG	O	_	_
agli	a/det	EP	O	_	_
assalitori	assalitore	SP	O	_	_
piena	pieno	AS	O	_	_
libertà	libertà	SN	O	_	_
di	di	E	O	_	_
movimento	movimento	SS	O	_	_
.	.	XPS	O	_	_

Nell’	in/det	ES	O	_	_
albergo	albergo	SS	O	_	_
erano	essere	VI	O	_	_
fra	fra	E	O	_	_
gli	il	RP	O	_	_
ospiti	ospite	SP	O	_	_
parecchi	parecchio	AP	O	_	_
sudditi	suddito	SP	O	_	_
germanici	germanico	AP	O	_	_
.	.	XPS	O	_	_

All’	a/det	ES	O	_	_
intervento	intervento	SS	O	_	_
di	di	E	O	_	_
questi	questo	DP	O	_	_
riuscì	riuscì	SP	O	_	_
di	di	E	O	_	_
ottenere	ottenere	VF	O	_	_
quella	quello	DS	O	_	_
protezione	protezione	SS	O	_	_
che	che	CCHE	O	_	_
si	rifl	PN	O	_	_
negava	negare	VI	O	_	_
ai	a/det	EP	O	_	_
cittadini	cittadino	SP	O	_	_
di	di	E	O	_	_
Innsbruck	innsbruck	SPN	GPE	47.2654296	11.3927685
o	o	C	O	_	_
dello	di/det	ES	O	_	_
stato	stato	SS	O	_	_
,	comma	XPW	O	_	_
e	e	C	O	_	_
finalmente	finalmente	B	O	_	_
tardi	tardi	B	O	_	_
,	comma	XPW	O	_	_
troppo	troppo	B	O	_	_
tardi	tardio	AP	O	_	_
,	comma	XPW	O	_	_
spuntarono	spuntare	VI	O	_	_
in	in	E	O	_	_
fondo	fondo	SS	O	_	_
alla	a/det	ES	O	_	_
via	via	SS	O	_	_
i	il	RP	O	_	_
Pickelhauben	pickelhauben	SPN	O	_	_
di	di	E	O	_	_
una	uno	RS	O	_	_
squadra	squadra	SS	O	_	_
di	di	E	O	_	_
gendarmi	gendarme	SP	O	_	_
.	.	XPS	O	_	_

La	il	RS	O	_	_
loro	loro	DP	O	_	_
apparizione	apparizione	SS	O	_	_
segnò	segnare	VI	O	_	_
la	il	RS	O	_	_
fine	fine	SS	O	_	_
dell’	di/det	ES	O	_	_
attacco	attacco	SS	O	_	_
.	.	XPS	O	_	_

Il	il	RS	O	_	_
lampo	lampo	SS	O	_	_
delle	di/det	EP	O	_	_
baionette	baionetta	SP	O	_	_
rischiarò	rischiarare	VI	O	_	_
le	il	RP	O	_	_
menti	mento	SP	O	_	_
degli	di/det	EP	O	_	_
assalitori	assalitore	SP	O	_	_
che	che	CCHE	O	_	_
abbandonarono	abbandonare	VI	O	_	_
l’	il	RS	O	_	_
assedio	assedio	SS	O	_	_
andandosene	andandosene	VI	O	_	_
più	più	B	O	_	_
in	in	E	O	_	_
fretta	fretta	SS	O	_	_
e	e	C	O	_	_
meno	meno	B	O	_	_
serrati	serrare	VPP	O	_	_
di	di	E	O	_	_
quello	quello	PS	O	_	_
che	che	CCHE	O	_	_
erano	essere	VI	O	_	_
venuti	venuto	SP	O	_	_
.	.	XPS	O	_	_

Alle	a/det	EP	O	_	_
3.30	3.30	N	O	_	_
di	di	E	O	_	_
notte	notte	SS	O	_	_
la	il	RS	O	_	_
via	via	SS	O	_	_
era	essere	VI	O	_	_
libera	libero	AS	O	_	_
,	comma	XPW	O	_	_
gli	il	RP	O	_	_
ospiti	ospite	SP	O	_	_
poterono	potere	VI	O	_	_
uscire	uscire	VF	O	_	_
e	e	C	O	_	_
i	il	RP	O	_	_
famigli	famiglio	SP	O	_	_
raccolsero	raccogliere	VI	O	_	_
i	il	RP	O	_	_
cocci	coccio	SP	O	_	_
,	comma	XPW	O	_	_
i	il	RP	O	_	_
frantumi	frantume	SP	O	_	_
,	comma	XPW	O	_	_
i	il	RP	O	_	_
proiettili	proiettile	SP	O	_	_
e	e	C	O	_	_
tutti	tutto	DP	O	_	_
i	il	RP	O	_	_
trofei	trofeo	SP	O	_	_
della	di/det	ES	O	_	_
battaglia	battaglia	SS	O	_	_
teutonica	teutonico	AS	O	_	_
,	comma	XPW	O	_	_
mentre	mentre	C	O	_	_
i	il	RP	O	_	_
medici	medico	SP	O	_	_
della	di/det	ES	O	_	_
croce	croce	SS	O	_	_
verde	verde	AS	O	_	_
fasciavano	fasciare	VI	O	_	_
i	il	RP	O	_	_
crani	cranio	SP	O	_	_
sanguinanti	sanguinante	AP	O	_	_
.	.	XPS	O	_	_

Qualchecosa	qualchecosa	AS	O	_	_
dunque	dunque	C	O	_	_
come	come	CADV	O	_	_
il	il	RS	O	_	_
novembre	novembre	SS	O	_	_
del	di/det	ES	O	_	_
1904	1904	N	O	_	_
con	con	E	O	_	_
parecchie	parecchio	AP	O	_	_
attenuanti	attenuante	SP	O	_	_
,	comma	XPW	O	_	_
le	il	RP	O	_	_
quali	quale	PP	O	_	_
non	non	B	O	_	_
sono	essere	VIY	O	_	_
merito	merito	VSP	O	_	_
però	però	C	O	_	_
degli	di/det	EP	O	_	_
organi	organo	SP	O	_	_
dell’	di/det	ES	O	_	_
ordine	ordine	SS	O	_	_
.	.	XPS	O	_	_

Questi	questo	PP	O	_	_
restano	restare	VI	O	_	_
fedeli	fedele	AP	O	_	_
a	a	E	O	_	_
se	se	C	O	_	_
stessi	stare	VI	O	_	_
.	.	XPS	O	_	_

Innsbruck	innsbruck	SPN	GPE	47.2654296	11.3927685
è	essere	VI	O	_	_
una	uno	RS	O	_	_
città	città	SN	O	_	_
fiorente	fiorente	AS	O	_	_
di	di	E	O	_	_
industrie	industria	SP	O	_	_
e	e	C	O	_	_
progressi	progresso	SP	O	_	_
sociali	sociale	AP	O	_	_
;	semicolon	XPS	O	_	_

l’	il	RS	O	_	_
istituzione	istituzione	SS	O	_	_
però	però	C	O	_	_
che	che	CCHE	O	_	_
ne	ne	PN	O	_	_
stabilisce	stabilire	VI	O	_	_
la	il	RS	O	_	_
fama	fama	SS	O	_	_
e	e	C	O	_	_
promuove	promuovere	VI	O	_	_
sopratutto	sopratutto	B	O	_	_
il	il	RS	O	_	_
concorso	concorso	SS	O	_	_
forestieri	forestiero	SP	O	_	_
è	essere	VI	O	_	_
la	il	RS	O	_	_
guardia	guardia	SS	O	_	_
nazionale	nazionale	AS	O	_	_
dell’	di/det	ES	O	_	_
on	on	SN	O	_	_
.	.	XPS	O	_	_

Greil	greil	SPN	O	_	_
.	.	XPS	O	_	_

Perché	perché	C	O	_	_
vi	vi	B	O	_	_
affannate	affannare	VPP	O	_	_
a	a	E	O	_	_
cercare	cercare	VF	O	_	_
le	il	RP	O	_	_
così	così	B	O	_	_
dette	dire	VPP	O	_	_
attrattive	attrattivo	AP	O	_	_
tanto	tanto	PS	O	_	_
lontano	lontano	AS	O	_	_
?	?	XPS	O	_	_

Oggi	oggi	B	O	_	_
grandi	grande	AP	O	_	_
manifesti	manifesto	SP	O	_	_
murali	murale	AP	O	_	_
annunziano	annunziare	VI	O	_	_
che	che	CCHE	O	_	_
all’	a/det	ES	O	_	_
Hotel	hotel	SPN	O	_	_
Greif	greif	SPN	O	_	_
è	essere	VIY	O	_	_
arrivato	arrivare	VSP	O	_	_
il	il	RS	O	_	_
velivolo	velivolo	SS	O	_	_
su	su	E	O	_	_
cui	cui	PN	O	_	_
Bleriot	bleriot	SPN	O	_	_
fece	fare	VI	O	_	_
la	il	RS	O	_	_
traversata	traversata	SS	O	_	_
della	di/det	ES	O	_	_
Manica	manica	SPN	O	_	_
.	.	XPS	O	_	_

Per	per	E	O	_	_
la	il	RS	O	_	_
primavera	primavera	SS	O	_	_
è	essere	VIY	O	_	_
aspettato	aspettare	VSP	O	_	_
anche	anche	C	O	_	_
l’	il	RS	O	_	_
aviatore	aviatore	SS	O	_	_
.	.	XPS	O	_	_

Quanta	quanto	DS	O	_	_
cecità	cecità	SN	O	_	_
,	comma	XPW	O	_	_
quanto	quanto	B	O	_	_
avvilimento	avvilimento	SS	O	_	_
in	in	E	O	_	_
codesta	codesto	DS	O	_	_
copiatura	copiatura	SS	O	_	_
dei	di/det	EP	O	_	_
francesi	francese	SP	O	_	_
"!"	esclamation_mark	XPS	O	_	_

Perché	perché	C	O	_	_
cercare	cercare	VF	O	_	_
il	il	RS	O	_	_
buono	buono	SS	O	_	_
all’	a/det	ES	O	_	_
estero	estero	SS	O	_	_
,	comma	XPW	O	_	_
quando	quando	CADV	O	_	_
avete	avere	VI	O	_	_
il	il	RS	O	_	_
meglio	meglio	SS	O	_	_
in	in	E	O	_	_
casa	casa	SS	O	_	_
vostra	vostro	AS	O	_	_
?	?	XPS	O	_	_

Scusate	scusate	SP	O	_	_
,	comma	XPW	O	_	_
Bleriot	bleriot	SPN	O	_	_
ha	avere	VIY	O	_	_
fatto	fare	VSP	O	_	_
il	il	RS	O	_	_
giro	giro	SS	O	_	_
del	di/det	ES	O	_	_
mondo	mondo	SS	O	_	_
ed	ed	C	O	_	_
i	il	RP	O	_	_
suoi	suo	DP	O	_	_
aeroplani	aeroplano	SP	O	_	_
si	rifl	PN	O	_	_
vendono	vendere	VI	O	_	_
dovunque	dovunque	B	O	_	_
per	per	E	O	_	_
diecimila	diecimila	N	O	_	_
lire	lira	SP	O	_	_
.	.	XPS	O	_	_

Una	uno	RS	O	_	_
scena	scena	SS	O	_	_
invece	invece	B	O	_	_
a	a	E	O	_	_
l’	il	RS	O	_	_
Akademikerhaus	akademikerhaus	SPN	O	_	_
è	essere	VI	O	_	_
un’	uno	RS	O	_	_
incontrastata	incontrastato	AS	O	_	_
specialità	specialità	SN	O	_	_
enipontana	enipontana	AS	O	_	_
,	comma	XPW	O	_	_
la	il	RS	O	_	_
quale	quale	PS	O	_	_
,	comma	XPW	O	_	_
dopo	dopo	E	O	_	_
l’	il	RS	O	_	_
estinzione	estinzione	SS	O	_	_
dei	di/det	EP	O	_	_
Pellirosse	pellirosse	SPN	O	_	_
,	comma	XPW	O	_	_
non	non	B	O	_	_
si	rifl	PN	O	_	_
ripete	ripetere	VI	O	_	_
in	in	E	O	_	_
nessun	nessun	DS	O	_	_
altra	altro	DS	O	_	_
foresta	foresta	SS	O	_	_
dell’	di/det	ES	O	_	_
orbe	orbe	SS	O	_	_
terracqueo	terracqueo	AS	O	_	_
.	.	XPS	O	_	_

Quale	quale	DS	O	_	_
attrattiva	attrattiva	SS	O	_	_
più	più	B	O	_	_
forte	forte	AS	O	_	_
per	per	E	O	_	_
la	il	RS	O	_	_
presente	presente	AS	O	_	_
generazione	generazione	SS	O	_	_
germanica	germanico	AS	O	_	_
di	di	E	O	_	_
quella	quello	PS	O	_	_
di	di	E	O	_	_
rivedere	rivedere	VF	O	_	_
coi	con/det	EP	O	_	_
propri	proprio	DP	O	_	_
occhi	occhio	SP	O	_	_
i	il	RP	O	_	_
pennuti	pennuto	SP	O	_	_
antagonisti	antagonista	AP	O	_	_
di	di	E	O	_	_
Old	old	SPN	O	_	_
Schatterhand	schatterhand	SPN	O	_	_
risorti	risorti	VI	O	_	_
in	in	E	O	_	_
carne	carne	SS	O	_	_
ed	ed	C	O	_	_
ossa	ossa	SS	O	_	_
a	a	E	O	_	_
testimoniare	testimoniare	VF	O	_	_
la	il	RS	O	_	_
verosimiglianza	verosimiglianza	SS	O	_	_
dei	di/det	EP	O	_	_
romanzi	romanzo	SP	O	_	_
di	di	E	O	_	_
Carlo	carlo	SPN	PER	_	_
May	may	SPN	PER	_	_
?	?	XPS	O	_	_

Di	di	E	O	_	_
questo	questo	DS	O	_	_
parere	parere	SS	O	_	_
devono	dovere	VI	O	_	_
essere	essere	VFY	O	_	_
stati	essere	VPP	O	_	_
anche	anche	C	O	_	_
gli	il	RP	O	_	_
on.	onorevole	SS	O	_	_
Walter	walter	SPN	O	_	_
e	e	C	O	_	_
Christomannos	christomannos	SPN	PER	_	_
,	comma	XPW	O	_	_
noti	noto	AP	O	_	_
promotori	promotore	SP	O	_	_
del	di/det	ES	O	_	_
concorso	concorso	SS	O	_	_
forestieri	forestiero	SP	O	_	_
,	comma	XPW	O	_	_
quando	quando	CADV	O	_	_
decisero	decidere	VI	O	_	_
di	di	E	O	_	_
accompagnarsi	accompagnare/rifl	VF+E	O	_	_
cogli	cogli	SP	O	_	_
assalitori	assalitore	SP	O	_	_
dell’	di/det	ES	O	_	_
Akademikerhaus	akademikerhaus	SPN	O	_	_
.	.	XPS	O	_	_

È	essere	VI	O	_	_
assai	assai	B	O	_	_
dubbio	dubbio	AS	O	_	_
però	però	C	O	_	_
se	se	C	O	_	_
tale	tale	AS	O	_	_
loro	loro	PP	O	_	_
opinione	opinione	SS	O	_	_
sarà	essere	VI	O	_	_
condivisa	condividere	VSP	O	_	_
dagli	da/det	EP	O	_	_
altri	altro	DP	O	_	_
colleghi	collega	SP	O	_	_
dietali	dietali	AP	O	_	_
.	.	XPS	O	_	_

L’	il	RS	O	_	_
Anzeiger	anzeiger	SPN	O	_	_
e	e	C	O	_	_
le	il	RP	O	_	_
Stimmen	stimmen	SPN	O	_	_
intonano	intonare	VI	O	_	_
il	il	RS	O	_	_
quousque	quousque	SS	O	_	_
tandem	tandem	AS	O	_	_
?	?	XPS	O	_	_

La	il	RS	O	_	_
risposta	risposta	SS	O	_	_
veramente	veramente	B	O	_	_
per	per	E	O	_	_
noi	noi	PP	O	_	_
che	che	CCHE	O	_	_
,	comma	XPW	O	_	_
almeno	almeno	B	O	_	_
questa	questo	DS	O	_	_
volta	volta	SS	O	_	_
,	comma	XPW	O	_	_
stiamo	stare	VI	O	_	_
alla	a/det	ES	O	_	_
finestra	finestra	SS	O	_	_
,	comma	XPW	O	_	_
non	non	B	O	_	_
è	essere	VI	O	_	_
troppo	troppo	B	O	_	_
difficile	difficile	AS	O	_	_
.	.	XPS	O	_	_

Fino	fino	E	O	_	_
a	a	E	O	_	_
tanto	tanto	PS	O	_	_
che	che	CCHE	O	_	_
i	il	RP	O	_	_
cattolici	cattolico	SP	O	_	_
tirolesi	tirolese	AP	O	_	_
si	rifl	PN	O	_	_
azzanneranno	azzannare	VI	O	_	_
a	a	E	O	_	_
vicenda	vicenda	SS	O	_	_
e	e	C	O	_	_
per	per	E	O	_	_
ragioni	ragione	SP	O	_	_
personali	personale	AP	O	_	_
,	comma	XPW	O	_	_
contrasteranno	contrastare	VI	O	_	_
di	di	E	O	_	_
ortodossia	ortodossia	SS	O	_	_
sulla	su/det	ES	O	_	_
soglia	soglia	SS	O	_	_
di	di	E	O	_	_
ogni	ogni	DS	O	_	_
canonica	canonica	SS	O	_	_
e	e	C	O	_	_
innanzi	innanzi	E	O	_	_
alla	a/det	ES	O	_	_
porta	porta	SS	O	_	_
di	di	E	O	_	_
ogni	ogni	DS	O	_	_
maso	maso	SS	O	_	_
,	comma	XPW	O	_	_
nelle	in/det	EP	O	_	_
città	città	SN	O	_	_
e	e	C	O	_	_
nei	in/det	EP	O	_	_
centri	centro	SP	O	_	_
urbani	urbano	AP	O	_	_
nessuno	nessuno	PS	O	_	_
sentirà	sentire	VI	O	_	_
il	il	RS	O	_	_
bisogno	bisogno	SS	O	_	_
di	di	E	O	_	_
tener	tenere	VF	O	_	_
conto	conto	SS	O	_	_
delle	di/det	EP	O	_	_
loro	loro	DP	O	_	_
minoranze	minoranza	SP	O	_	_
.	.	XPS	O	_	_

Le	il	RP	O	_	_
quali	quale	DP	O	_	_
cessano	cessare	VI	O	_	_
di	di	E	O	_	_
essere	essere	VF	O	_	_
forze	forza	SP	O	_	_
vive	vivere	VI	O	_	_
e	e	C	O	_	_
collettive	collettivo	AP	O	_	_
,	comma	XPW	O	_	_
quando	quando	CADV	O	_	_
colla	con/det	ES	O	_	_
discordia	discordia	SS	O	_	_
interiore	interiore	AS	O	_	_
viene	venire	VI	O	_	_
loro	loro	PP	O	_	_
a	a	E	O	_	_
mancare	mancare	VF	O	_	_
la	il	RS	O	_	_
combattività	combattività	SN	O	_	_
indispensabile	indispensabile	AS	O	_	_
per	per	E	O	_	_
farsi	fare/rifl	VF+E	O	_	_
valere	valere	VF	O	_	_
nelle	in/det	EP	O	_	_
posizioni	posizione	SP	O	_	_
difficili	difficile	AP	O	_	_
.	.	XPS	O	_	_
