# total number of persons:0, total number of gpes:7
È	essere	VI	O	_	_
un	uno	RS	O	_	_
altro	altro	PS	O	_	_
di	di	E	O	_	_
quelli	quello	PP	O	_	_
scritti	scrivere	VPP	O	_	_
,	comma	XPW	O	_	_
che	che	CCHE	O	_	_
da	da	E	O	_	_
alcuni	alcuni	DP	O	_	_
anni	anno	SP	O	_	_
a	a	E	O	_	_
questa	questo	DS	O	_	_
parte	parte	SS	O	_	_
si	rifl	PN	O	_	_
vanno	andare	VI	O	_	_
nel	in/det	ES	O	_	_
Regno	regno	SPN	O	_	_
pubblicando	pubblicare	VG	O	_	_
per	per	E	O	_	_
illustrare	illustrare	VF	O	_	_
e	e	C	O	_	_
far	fare	VF	O	_	_
conoscere	conoscere	VF	O	_	_
il	il	RS	O	_	_
nostro	nostro	DS	O	_	_
Trentino	trentino	SPN	GPE	46.102869	11.12961993
e	e	C	O	_	_
dei	di/det	EP	O	_	_
medesimi	medesimo	AP	O	_	_
possiede	possedere	VI	O	_	_
i	il	RP	O	_	_
pregi	pregio	SP	O	_	_
e	e	C	O	_	_
i	il	RP	O	_	_
difetti	difetto	SP	O	_	_
.	.	XPS	O	_	_

In	in	E	O	_	_
una	uno	RS	O	_	_
brevissima	breve	AS	O	_	_
prefazione	prefazione	SS	O	_	_
così	così	B	O	_	_
l’	il	RS	O	_	_
autore	autore	SS	O	_	_
delinea	delineare	VI	O	_	_
l’	il	RS	O	_	_
intenzione	intenzione	SS	O	_	_
dell’	di/det	ES	O	_	_
opera	opera	SS	O	_	_
sua	suo	DS	O	_	_
:	:	XPS	O	_	_
«	«	XPO	O	_	_
Quattro	quattro	N	O	_	_
parole	parola	SP	O	_	_
sul	su/det	ES	O	_	_
Trentino	trentino	SPN	GPE	46.102869	11.12961993
.	.	XPS	O	_	_

Per	per	E	O	_	_
molti	molto	PP	O	_	_
potranno	potere	VI	O	_	_
essere	essere	VF	O	_	_
una	uno	RS	O	_	_
rivelazione	rivelazione	SS	O	_	_
,	comma	XPW	O	_	_
per	per	E	O	_	_
altri	altro	PP	O	_	_
un	uno	RS	O	_	_
monito	monito	SS	O	_	_
,	comma	XPW	O	_	_
per	per	E	O	_	_
me	io	PS	O	_	_
un	uno	RS	O	_	_
dovere	dovere	SS	O	_	_
.	.	XPS	O	_	_

La	il	RS	O	_	_
carità	carità	SN	O	_	_
di	di	E	O	_	_
patria	patria	SS	O	_	_
ha	avere	VI	O	_	_
i	il	RP	O	_	_
suoi	suo	DP	O	_	_
fremiti	fremito	SP	O	_	_
di	di	E	O	_	_
gioia	gioia	SS	O	_	_
e	e	C	O	_	_
di	di	E	O	_	_
sdegno	sdegno	SS	O	_	_
;	semicolon	XPS	O	_	_

e	e	C	O	_	_
un’	uno	RS	O	_	_
onda	onda	SS	O	_	_
di	di	E	O	_	_
gemiti	gemito	SP	O	_	_
frementi	fremente	AP	O	_	_
suole	suola	SP	O	_	_
muoversi	muovere/rifl	VF+E	O	_	_
dalle	da/det	EP	O	_	_
valli	vallo	SP	O	_	_
Trentine	trentine	SPN	O	_	_
alla	a/det	ES	O	_	_
nostra	nostro	DS	O	_	_
Patria	patria	SPN	O	_	_
.	.	XPS	O	_	_

Chi	chi	CCHI	O	_	_
la	la	PS	O	_	_
intende	intendere	VI	O	_	_
?	?	XPS	O	_	_

Dichiaro	dichiarare	VI	O	_	_
che	che	CCHE	O	_	_
le	il	RP	O	_	_
mie	mie	DS	O	_	_
impressioni	impressione	SP	O	_	_
,	comma	XPW	O	_	_
e	e	C	O	_	_
i	il	RP	O	_	_
miei	mio	DP	O	_	_
apprezzamenti	apprezzamento	SP	O	_	_
sono	essere	VI	O	_	_
affatto	affatto	B	O	_	_
oggettivi	oggettivo	AP	O	_	_
,	comma	XPW	O	_	_
non	non	B	O	_	_
prostituiti	prostituire	VPP	O	_	_
a	a	E	O	_	_
maschere	maschere	SS	O	_	_
diplomatiche	diplomatico	AP	O	_	_
,	comma	XPW	O	_	_
né	né	C	O	_	_
alle	a/det	EP	O	_	_
virtù	virtù	SP	O	_	_
della	di/det	ES	O	_	_
viltà	viltà	SN	O	_	_
»	»	XPO	O	_	_
.	.	XPS	O	_	_

Con	con	E	O	_	_
questo	questo	DS	O	_	_
indirizzo	indirizzo	SS	O	_	_
d’	di	E	O	_	_
idee	idea	SP	O	_	_
,	comma	XPW	O	_	_
con	con	E	O	_	_
questo	questo	DS	O	_	_
stile	stile	SS	O	_	_
,	comma	XPW	O	_	_
in	in	E	O	_	_
un	uno	RS	O	_	_
lungo	lungo	AS	O	_	_
capitolo	capitolo	SS	O	_	_
d’	di	E	O	_	_
introduzione	introduzione	SS	O	_	_
si	rifl	PN	O	_	_
prova	provare	VI	O	_	_
di	di	E	O	_	_
fare	fare	VF	O	_	_
un	uno	RS	O	_	_
quadro	quadro	SS	O	_	_
delle	di/det	EP	O	_	_
condizioni	condizione	SP	O	_	_
politiche	politico	AP	O	_	_
e	e	C	O	_	_
sociali	sociale	AP	O	_	_
del	di/det	ES	O	_	_
Trentino	trentino	SPN	GPE	46.102869	11.12961993
ed	ed	C	O	_	_
in	in	E	O	_	_
genere	genere	SS	O	_	_
degli	di/det	EP	O	_	_
Italiani	italiano	SP	O	_	_
d’	di	E	O	_	_
Austria	austria	SPN	GPE	47.2000338	13.199959
;	semicolon	XPS	O	_	_

per	per	E	O	_	_
dire	dire	VF	O	_	_
il	il	RS	O	_	_
vero	vero	AS	O	_	_
però	però	C	O	_	_
,	comma	XPW	O	_	_
con	con	E	O	_	_
molta	molto	DS	O	_	_
retorica	retorica	SS	O	_	_
,	comma	XPW	O	_	_
con	con	E	O	_	_
tinte	tinte	SS	O	_	_
spesso	spesso	AS	O	_	_
cariche	carica	SP	O	_	_
,	comma	XPW	O	_	_
talvolta	talvolta	B	O	_	_
ferraginosamente	ferraginosamente	B	O	_	_
senza	senza	E	O	_	_
ordine	ordine	SS	O	_	_
e	e	C	O	_	_
chiarezza	chiarezza	SS	O	_	_
e	e	C	O	_	_
con	con	E	O	_	_
qualche	qualche	DS	O	_	_
inesattezza	inesattezza	SS	O	_	_
geografica	geografico	AS	O	_	_
e	e	C	O	_	_
storica	storico	AS	O	_	_
.	.	XPS	O	_	_

Il	il	RS	O	_	_
nocciolo	nocciolo	SS	O	_	_
dell’	di/det	ES	O	_	_
opera	opera	SS	O	_	_
è	essere	VIY	O	_	_
costituito	costituire	VSP	O	_	_
dal	da/det	ES	O	_	_
capitolo	capitolo	SS	O	_	_
:	:	XPS	O	_	_
«	«	XPO	O	_	_
Tipi	tipi	SPN	O	_	_
e	e	C	O	_	_
costumi	costume	SP	O	_	_
della	di/det	ES	O	_	_
valle	valle	SS	O	_	_
del	di/det	ES	O	_	_
Noce	noce	SPN	O	_	_
»	»	XPO	O	_	_
.	.	XPS	O	_	_

L’	il	RS	O	_	_
autore	autore	SS	O	_	_
tenta	tentare	VI	O	_	_
di	di	E	O	_	_
tratteggiare	tratteggiare	VF	O	_	_
il	il	RS	O	_	_
carattere	carattere	SS	O	_	_
degli	di/det	EP	O	_	_
abitanti	abitante	SP	O	_	_
per	per	E	O	_	_
la	il	RS	O	_	_
loro	loro	DP	O	_	_
religiosità	religiosità	SN	O	_	_
e	e	C	O	_	_
per	per	E	O	_	_
le	il	RP	O	_	_
loro	loro	DP	O	_	_
donne	donna	SP	O	_	_
laboriose	laborioso	AP	O	_	_
,	comma	XPW	O	_	_
parla	parlare	VI	O	_	_
dell’	di/det	ES	O	_	_
emigrazione	emigrazione	SS	O	_	_
,	comma	XPW	O	_	_
descrive	descrivere	VI	O	_	_
con	con	E	O	_	_
molta	molto	DS	O	_	_
liricità	liricità	SN	O	_	_
l’	il	RS	O	_	_
inverno	inverno	SS	O	_	_
sulle	su/det	EP	O	_	_
Alpi	alpi	SPN	O	_	_
coi	con/det	EP	O	_	_
suoi	suo	DP	O	_	_
ghiacci	ghiaccio	SP	O	_	_
e	e	C	O	_	_
colle	con/det	EP	O	_	_
sue	suo	DP	O	_	_
valanghe	valanga	SP	O	_	_
,	comma	XPW	O	_	_
gl’	il	RP	O	_	_
incendi	incendio	SP	O	_	_
dei	di/det	EP	O	_	_
quali	quale	DP	O	_	_
accusa	accusare	VI	O	_	_
il	il	RS	O	_	_
falso	falso	SS	O	_	_
ed	ed	C	O	_	_
antiquato	antiquato	VSP	O	_	_
sistema	sistema	SS	O	_	_
di	di	E	O	_	_
fabbricazione	fabbricazione	SS	O	_	_
,	comma	XPW	O	_	_
ha	avere	VI	O	_	_
delle	di/det	EP	O	_	_
evidenti	evidente	AP	O	_	_
esagerazioni	esagerazione	SP	O	_	_
dove	dove	CADV	O	_	_
parla	parlare	VI	O	_	_
di	di	E	O	_	_
Ala	ala	SPN	GPE	33.2588817	-86.8295337
e	e	C	O	_	_
di	di	E	O	_	_
Trento	trento	SPN	GPE	46.0664228	11.1257601
e	e	C	O	_	_
non	non	B	O	_	_
poche	poco	DP	O	_	_
inesattezze	inesattezza	SP	O	_	_
dove	dove	CADV	O	_	_
ne	ne	PN	O	_	_
descrive	descrivere	VI	O	_	_
i	il	RP	O	_	_
dintorni	dintorni	SP	O	_	_
.	.	XPS	O	_	_

La	il	RS	O	_	_
Paganella	paganella	SPN	O	_	_
alta	alto	AS	O	_	_
3000	3000	N	O	_	_
metri	metro	SP	O	_	_
(	open_parenthesis	XPB	O	_	_
?	?	XPS	O	_	_

)	close_parenthesis	XPB	O	_	_
,	comma	XPW	O	_	_
il	il	RS	O	_	_
torrente	torrente	SS	O	_	_
Lavisio	lavisio	SPN	O	_	_
(	open_parenthesis	XPB	O	_	_
?	?	XPS	O	_	_

)	close_parenthesis	XPB	O	_	_
,	comma	XPW	O	_	_
le	il	RP	O	_	_
pieghe	piega	SP	O	_	_
dell’	di/det	ES	O	_	_
Esarch	esarch	SPN	O	_	_
(	open_parenthesis	XPB	O	_	_
Eisach	eisach	SPN	O	_	_
?	?	XPS	O	_	_

)	close_parenthesis	XPB	O	_	_
,	comma	XPW	O	_	_
il	il	RS	O	_	_
lago	lago	SS	O	_	_
di	di	E	O	_	_
Caldenazzo	caldenazzo	SPN	O	_	_
(	open_parenthesis	XPB	O	_	_
?	?	XPS	O	_	_

)	close_parenthesis	XPB	O	_	_
,	comma	XPW	O	_	_
Ischio	ischio	SPN	O	_	_
(	open_parenthesis	XPB	O	_	_
?	?	XPS	O	_	_

)	close_parenthesis	XPB	O	_	_
,	comma	XPW	O	_	_
il	il	RS	O	_	_
ponte	ponte	SS	O	_	_
di	di	E	O	_	_
Santa	santo	AS	GPE	46.0838843	12.0432384
Giustina	giustina	SPN	GPE	46.0838843	12.0432384
alto	alto	AS	O	_	_
180	180	N	O	_	_
metri	metro	SP	O	_	_
(	open_parenthesis	XPB	O	_	_
?	?	XPS	O	_	_

)	close_parenthesis	XPB	O	_	_
.	.	XPS	O	_	_

Evidentemente	evidentemente	B	O	_	_
sono	essere	VI	O	_	_
impressioni	impressione	SP	O	_	_
spesso	spesso	AS	O	_	_
,	comma	XPW	O	_	_
superficiali	superficiale	AP	O	_	_
,	comma	XPW	O	_	_
sparse	spargere	VPP	O	_	_
di	di	E	O	_	_
retorica	retorica	SS	O	_	_
e	e	C	O	_	_
di	di	E	O	_	_
esagerazioni	esagerazione	SP	O	_	_
e	e	C	O	_	_
sopratutto	sopratutto	SS	O	_	_
di	di	E	O	_	_
ingenuità	ingenuità	SN	O	_	_
.	.	XPS	O	_	_

Il	il	RS	O	_	_
volume	volume	SS	O	_	_
si	rifl	PN	O	_	_
chiude	chiudere	VI	O	_	_
con	con	E	O	_	_
un’	uno	RS	O	_	_
appendice	appendice	SS	O	_	_
:	:	XPS	O	_	_
«	«	XPO	O	_	_
Musa	musa	SPN	O	_	_
Trentina	trentina	SPN	O	_	_
»	»	XPO	O	_	_
contenenente	contenenente	AS	O	_	_
poesie	poesia	SP	O	_	_
di	di	E	O	_	_
sapore	sapore	SS	O	_	_
sentimentale	sentimentale	AS	O	_	_
o	o	C	O	_	_
satirico	satirico	AS	O	_	_
giustiano	giustiano	VI	O	_	_
,	comma	XPW	O	_	_
povere	povero	AP	O	_	_
di	di	E	O	_	_
valore	valore	SS	O	_	_
poetico	poetico	AS	O	_	_
e	e	C	O	_	_
qua	qua	B	O	_	_
e	e	C	O	_	_
là	là	B	O	_	_
deficienti	deficienti	VPP	O	_	_
nello	in/det	ES	O	_	_
stile	stile	SS	O	_	_
.	.	XPS	O	_	_

Ciò	ciò`	PS	O	_	_
che	che	CCHE	O	_	_
però	però	C	O	_	_
ci	ci	PP	O	_	_
fa	fare	VI	O	_	_
perdonare	perdonare	VF	O	_	_
molti	molto	DP	O	_	_
difetti	difetto	SP	O	_	_
e	e	C	O	_	_
ci	ci	PP	O	_	_
fa	fare	VI	O	_	_
leggere	leggere	VF	O	_	_
con	con	E	O	_	_
simpatia	simpatia	SS	O	_	_
il	il	RS	O	_	_
libro	libro	SS	O	_	_
dell’	di/det	ES	O	_	_
Oleias	oleias	SPN	O	_	_
(	open_parenthesis	XPB	O	_	_
forse	forse	B	O	_	_
un	uno	RS	O	_	_
pseudonimo	pseudonimo	SS	O	_	_
?	?	XPS	O	_	_

)	close_parenthesis	XPB	O	_	_
è	essere	VI	O	_	_
il	il	RS	O	_	_
vivo	vivo	AS	O	_	_
interessamento	interessamento	SS	O	_	_
,	comma	XPW	O	_	_
l’	il	RS	O	_	_
ardente	ardente	AS	O	_	_
entusiasmo	entusiasmo	SS	O	_	_
,	comma	XPW	O	_	_
il	il	RS	O	_	_
grande	grande	AS	O	_	_
amore	amore	SS	O	_	_
che	che	CCHE	O	_	_
egli	egli	PS	O	_	_
mostra	mostrare	VI	O	_	_
di	di	E	O	_	_
nutrire	nutrire	VF	O	_	_
nel	in/det	ES	O	_	_
suo	suo	DS	O	_	_
nobile	nobile	AS	O	_	_
cuore	cuore	SS	O	_	_
per	per	E	O	_	_
questo	questo	DS	O	_	_
bel	bello	AS	O	_	_
lembo	lembo	SS	O	_	_
di	di	E	O	_	_
terra	terra	SS	O	_	_
italiana	italiano	AS	O	_	_
,	comma	XPW	O	_	_
troppo	troppo	B	O	_	_
poco	poco	B	O	_	_
e	e	C	O	_	_
molto	molto	B	O	_	_
male	male	AS	O	_	_
conosciuto	conoscere	VSP	O	_	_
nel	in/det	ES	O	_	_
Regno	regno	SPN	O	_	_
.	.	XPS	O	_	_

A.D.	a.d.	YA	O	_	_
