# total number of persons:1, total number of gpes:5
La	il	RS	O	_	_
lotta	lotta	SS	O	_	_
per	per	E	O	_	_
la	il	RS	O	_	_
giustizia	giustizia	SS	O	_	_
contro	contro	E	O	_	_
il	il	RS	O	_	_
privilegio	privilegio	SS	O	_	_
è	essere	VI	O	_	_
ormai	ormai	B	O	_	_
in	in	E	O	_	_
corso	corso	SS	O	_	_
.	.	XPS	O	_	_

Giacché	giacché	C	O	_	_
di	di	E	O	_	_
questo	questo	DS	O	_	_
appunto	appunto	B	O	_	_
oggi	oggi	B	O	_	_
si	rifl	PN	O	_	_
tratta	trattare	VI	O	_	_
,	comma	XPW	O	_	_
e	e	C	O	_	_
non	non	B	O	_	_
sono	essere	VI	O	_	_
in	in	E	O	_	_
gioco	gioco	SS	O	_	_
tanto	tanto	B	O	_	_
quattro	quattro	N	O	_	_
candidati	candidato	SP	O	_	_
del	di/det	ES	O	_	_
terzo	terzo	AS	O	_	_
corpo	corpo	SS	O	_	_
comunale	comunale	AS	O	_	_
quanto	quanto	B	O	_	_
gli	il	RP	O	_	_
interessi	interesse	SP	O	_	_
di	di	E	O	_	_
tutta	tutto	DS	O	_	_
la	il	RS	O	_	_
cittadinanza	cittadinanza	SS	O	_	_
di	di	E	O	_	_
Trento	trento	SPN	GPE	46.0664228	11.1257601
e	e	C	O	_	_
di	di	E	O	_	_
quei	quello	DP	O	_	_
numerosi	numeroso	AP	O	_	_
censiti	censire	VPP	O	_	_
che	che	CCHE	O	_	_
finora	finora	B	O	_	_
non	non	B	O	_	_
ebbero	avere	VI	O	_	_
e	e	C	O	_	_
non	non	B	O	_	_
hanno	avere	VI	O	_	_
altro	altro	DS	O	_	_
diritto	diritto	SS	O	_	_
se	se	C	O	_	_
non	non	B	O	_	_
quello	quello	PS	O	_	_
di	di	E	O	_	_
lasciarsi	lasciare/rifl	VF+E	O	_	_
vuotare	vuotare	VF	O	_	_
le	il	RP	O	_	_
tasche	tasca	SP	O	_	_
.	.	XPS	O	_	_

Tale	tale	AS	O	_	_
fu	essere	VI	O	_	_
il	il	RS	O	_	_
pensiero	pensiero	SS	O	_	_
svolto	svolgere	VSP	O	_	_
nel	in/det	ES	O	_	_
discorso	discorso	SS	O	_	_
che	che	CCHE	O	_	_
l’	l’	PS	O	_	_
on	on	PN	O	_	_
.	.	XPS	O	_	_

Gentili	gentile	AP	PER	_	_
tenne	tenne	SP	O	_	_
sabato	sabato	SS	O	_	_
sera	sera	SS	O	_	_
nell’	in/det	ES	O	_	_
adunanza	adunanza	SS	O	_	_
indetta	indire	VSP	O	_	_
dai	da/det	EP	O	_	_
popolari	popolare	AP	O	_	_
,	comma	XPW	O	_	_
e	e	C	O	_	_
tale	tale	AS	O	_	_
è	essere	VI	O	_	_
infatti	infatti	C	O	_	_
la	il	RS	O	_	_
nota	nota	SS	O	_	_
dominante	dominante	B	O	_	_
della	di/det	ES	O	_	_
presente	presente	AS	O	_	_
campagna	campagna	SS	O	_	_
elettorale	elettorale	AS	O	_	_
.	.	XPS	O	_	_

Campagna	campagna	SS	O	_	_
aspra	aspro	AS	O	_	_
e	e	C	O	_	_
difficile	difficile	AS	O	_	_
,	comma	XPW	O	_	_
perché	perché	C	O	_	_
i	il	RP	O	_	_
privilegiati	privilegiato	SP	O	_	_
tengono	tenere	VI	O	_	_
in	in	E	O	_	_
mano	mano	SS	O	_	_
la	il	RS	O	_	_
macchina	macchina	SS	O	_	_
,	comma	XPW	O	_	_
e	e	C	O	_	_
perché	perché	C	O	_	_
,	comma	XPW	O	_	_
oltre	oltre	E	O	_	_
a	a	E	O	_	_
ciò	ciò`	PS	O	_	_
,	comma	XPW	O	_	_
la	il	RS	O	_	_
battaglia	battaglia	SS	O	_	_
deve	dovere	VI	O	_	_
venire	venire	VF	O	_	_
combattuta	combattere	VSP	O	_	_
sul	su/det	ES	O	_	_
terreno	terreno	SS	O	_	_
che	che	CCHE	O	_	_
li	li	PP	O	_	_
favorisce	favorire	VI	O	_	_
colla	con/det	ES	O	_	_
restrizione	restrizione	SS	O	_	_
del	di/det	ES	O	_	_
voto	voto	SS	O	_	_
e	e	C	O	_	_
con	con	E	O	_	_
tutte	tutto	DP	O	_	_
le	il	RP	O	_	_
astuzie	astuzia	SP	O	_	_
ch’	che	CCHE	O	_	_
essi	essi	PP	O	_	_
escogitarono	escogitare	VI	O	_	_
quando	quando	CADV	O	_	_
,	comma	XPW	O	_	_
fingendo	fingere	VG	O	_	_
di	di	E	O	_	_
rappresentare	rappresentare	VF	O	_	_
il	il	RS	O	_	_
popolo	popolo	SS	O	_	_
,	comma	XPW	O	_	_
se	rifl	PN	O	_	_
ne	ne	PN	O	_	_
assicurarono	assicurare	VI	O	_	_
per	per	E	O	_	_
lunghi	lungo	AP	O	_	_
anni	anno	SP	O	_	_
l’	il	RS	O	_	_
incontrastato	incontrastato	AS	O	_	_
dominio	dominio	SS	O	_	_
.	.	XPS	O	_	_

Ma	ma	C	O	_	_
oggi	oggi	B	O	_	_
l’	il	RS	O	_	_
edificio	edificio	SS	O	_	_
vacilla	vacillare	VI	O	_	_
.	.	XPS	O	_	_

I	il	RP	O	_	_
privilegiati	privilegiato	SP	O	_	_
,	comma	XPW	O	_	_
i	il	RP	O	_	_
prepotenti	prepotente	SP	O	_	_
,	comma	XPW	O	_	_
i	il	RP	O	_	_
signorotti	signorotto	SP	O	_	_
sono	essere	VI	O	_	_
in	in	E	O	_	_
trepidazione	trepidazione	SS	O	_	_
per	per	E	O	_	_
la	il	RS	O	_	_
loro	loro	DP	O	_	_
dittatura	dittatura	SS	O	_	_
ed	ed	C	O	_	_
è	essere	VI	O	_	_
un	uno	RS	O	_	_
gridare	gridare	VF	O	_	_
e	e	C	O	_	_
un	uno	RS	O	_	_
accorrere	accorrere	SS	O	_	_
perché	perché	C	O	_	_
quattro	quattro	N	O	_	_
consiglieri	consigliere	SP	O	_	_
popolari	popolare	AP	O	_	_
non	non	B	O	_	_
entrino	entrare	VI	O	_	_
in	in	E	O	_	_
Municipio	municipio	SS	O	_	_
a	a	E	O	_	_
rinforzare	rinforzare	VF	O	_	_
quei	quello	DP	O	_	_
tre	tre	N	O	_	_
valorosi	valoroso	SP	O	_	_
che	che	CCHE	O	_	_
misero	mettere	VI	O	_	_
a	a	E	O	_	_
nudo	nudo	SS	O	_	_
le	il	RP	O	_	_
piaghe	piaga	SP	O	_	_
dell’	di/det	ES	O	_	_
amministrazione	amministrazione	SS	O	_	_
comunale	comunale	AS	O	_	_
e	e	C	O	_	_
più	più	B	O	_	_
volte	volta	SP	O	_	_
fecero	fare	VI	O	_	_
restare	restare	VF	O	_	_
perplessa	perplesso	AS	O	_	_
la	il	RS	O	_	_
stragrande	stragrande	AS	O	_	_
maggioranza	maggioranza	SS	O	_	_
radicale	radicale	AS	O	_	_
.	.	XPS	O	_	_

Brutto	brutto	AS	O	_	_
segno	segno	SS	O	_	_
,	comma	XPW	O	_	_
brutto	brutto	AS	O	_	_
segno	segno	SS	O	_	_
,	comma	XPW	O	_	_
se	se	C	O	_	_
un’	uno	RS	O	_	_
assemblea	assemblea	SS	O	_	_
di	di	E	O	_	_
29	29	N	O	_	_
superuomini	superuomini	SP	O	_	_
teme	temere	VI	O	_	_
un	uno	RS	O	_	_
gruppo	gruppo	SS	O	_	_
di	di	E	O	_	_
sette	sette	N	O	_	_
nuovi	nuovo	AP	O	_	_
venuti	venuto	SP	O	_	_
,	comma	XPW	O	_	_
e	e	C	O	_	_
se	se	C	O	_	_
l’	il	RS	O	_	_
Alto	alto	SPN	GPE	46.65596895	11.22964387
Adige	adige	SPN	GPE	46.65596895	11.22964387
vede	vedere	VI	O	_	_
in	in	E	O	_	_
sì	sì	B	O	_	_
piccola	piccolo	AS	O	_	_
schiera	schierare	VI	O	_	_
il	il	RS	O	_	_
pericolo	pericolo	SS	O	_	_
supremo	supremo	AS	O	_	_
,	comma	XPW	O	_	_
il	il	RS	O	_	_
tramonto	tramonto	SS	O	_	_
,	comma	XPW	O	_	_
lo	il	RS	O	_	_
sfacelo	sfacelo	SS	O	_	_
dell’	di/det	ES	O	_	_
amministrazione	amministrazione	SS	O	_	_
e	e	C	O	_	_
del	di/det	ES	O	_	_
partito	partito	SS	O	_	_
radicale	radicale	AS	O	_	_
.	.	XPS	O	_	_

Ma	ma	C	O	_	_
via	via	B	O	_	_
"!"	esclamation_mark	XPS	O	_	_

Il	il	RS	O	_	_
privilegio	privilegio	SS	O	_	_
potrà	potere	VI	O	_	_
aiutarvi	aiutare/loc/voi	VF+E	O	_	_
un’	uno	RS	O	_	_
altra	altro	DS	O	_	_
volta	volta	SS	O	_	_
.	.	XPS	O	_	_

Già	già	B	O	_	_
non	non	B	O	_	_
sono	essere	VI	O	_	_
pochi	poco	DP	O	_	_
i	il	RP	O	_	_
casi	caso	SP	O	_	_
di	di	E	O	_	_
persone	persona	SP	O	_	_
che	che	CCHE	O	_	_
furono	essere	VIY	O	_	_
dichiarate	dichiarare	VPP	O	_	_
«	«	XPO	O	_	_
sconosciute	sconoscere	VPP	O	_	_
»	»	XPO	O	_	_
,	comma	XPW	O	_	_
ora	ora	B	O	_	_
che	che	CCHE	O	_	_
si	rifl	PN	O	_	_
trattava	trattare	VI	O	_	_
di	di	E	O	_	_
recapitare	recapitare	VF	O	_	_
al	a/det	ES	O	_	_
loro	loro	DP	O	_	_
domicilio	domicilio	SS	O	_	_
la	il	RS	O	_	_
carta	carta	SS	O	_	_
di	di	E	O	_	_
legittimazione	legittimazione	SS	O	_	_
mentre	mentre	C	O	_	_
erano	essere	VI	O	_	_
conosciutissime	conosciuto	AP	O	_	_
quando	quando	CADV	O	_	_
dovevano	dovere	VI	O	_	_
pagare	pagare	VF	O	_	_
le	il	RP	O	_	_
imposte	imposta	SP	O	_	_
;	semicolon	XPS	O	_	_

e	e	C	O	_	_
ieri	ieri	B	O	_	_
si	rifl	PN	O	_	_
vide	vedere	VI	O	_	_
qualche	qualche	DS	O	_	_
salariato	salariato	SS	O	_	_
del	di/det	ES	O	_	_
Comune	comune	SS	O	_	_
far	fare	VF	O	_	_
propaganda	propaganda	SS	O	_	_
con	con	E	O	_	_
le	il	RP	O	_	_
sue	suo	DP	O	_	_
insegne	insegna	SP	O	_	_
per	per	E	O	_	_
i	il	RP	O	_	_
«	«	XPO	O	_	_
padroni	padrone	SP	O	_	_
»	»	XPO	O	_	_
.	.	XPS	O	_	_

Nulla	nulla	PS	O	_	_
diciamo	dire	VI	O	_	_
della	di/det	ES	O	_	_
caccia	caccia	SS	O	_	_
delle	di/det	EP	O	_	_
procure	procura	SP	O	_	_
delle	di/det	EP	O	_	_
buone	buono	AP	O	_	_
donne	donna	SP	O	_	_
e	e	C	O	_	_
delle	di/det	EP	O	_	_
arti	arte	SP	O	_	_
usate	usare	VPP	O	_	_
ad	ad	E	O	_	_
impossessarsene	impossessarsene	VF+E	O	_	_
.	.	XPS	O	_	_

Appendetevi	appendetevi	VI	O	_	_
magari	magari	B	O	_	_
il	il	RS	O	_	_
rosario	rosario	SS	O	_	_
al	a/det	ES	O	_	_
collo	con/det	ES	O	_	_
,	comma	XPW	O	_	_
che	che	CCHE	O	_	_
la	il	RS	O	_	_
pesca	pesca	SS	O	_	_
riuscirà	riuscire	VI	O	_	_
miracolosa	miracoloso	AS	O	_	_
"!"	esclamation_mark	XPS	O	_	_

Rallegratevi	rallegratevi	VI	O	_	_
ancora	ancora	B	O	_	_
dell’	di/det	ES	O	_	_
aiuto	aiuto	SS	O	_	_
che	che	CCHE	O	_	_
vi	vi	B	O	_	_
recano	recare	VI	O	_	_
i	il	RP	O	_	_
socialisti	socialista	SP	O	_	_
,	comma	XPW	O	_	_
che	che	CCHE	O	_	_
proclamano	proclamare	VI	O	_	_
l’	il	RS	O	_	_
astensione	astensione	SS	O	_	_
e	e	C	O	_	_
vengono	venire	VI	O	_	_
a	a	E	O	_	_
darvi	dare/loc/voi	VF+E	O	_	_
il	il	RS	O	_	_
voto	voto	SS	O	_	_
;	semicolon	XPS	O	_	_

tripudiate	tripudiare	VPP	O	_	_
dei	di/det	EP	O	_	_
soccorsi	soccorso	SP	O	_	_
di	di	E	O	_	_
certi	certi	SP	O	_	_
«	«	XPO	O	_	_
moderati	moderare	VPP	O	_	_
»	»	XPO	O	_	_
che	che	CCHE	O	_	_
pretendono	pretendere	VI	O	_	_
dai	da/det	EP	O	_	_
popolari	popolare	AP	O	_	_
riguardi	riguardo	SP	O	_	_
e	e	C	O	_	_
condiscendenza	condiscendenza	SS	O	_	_
,	comma	XPW	O	_	_
mentre	mentre	C	O	_	_
essi	essi	PP	O	_	_
,	comma	XPW	O	_	_
anche	anche	C	O	_	_
nel	in/det	ES	O	_	_
momento	momento	SS	O	_	_
presente	presente	AS	O	_	_
,	comma	XPW	O	_	_
ci	ci	B	O	_	_
contendono	contendere	VI	O	_	_
un’	uno	RS	O	_	_
esigua	esiguo	AS	O	_	_
rappresentanza	rappresentanza	SS	O	_	_
del	di/det	ES	O	_	_
Comune	comune	SS	O	_	_
"!"	esclamation_mark	XPS	O	_	_

Con	con	E	O	_	_
tanta	tanto	DS	O	_	_
bazza	bazza	SS	O	_	_
e	e	C	O	_	_
coll’	coll’	SS	O	_	_
ingiustizia	ingiustizia	SS	O	_	_
dell’	di/det	ES	O	_	_
odierno	odierno	AS	O	_	_
sistema	sistema	SS	O	_	_
potrete	potere	VI	O	_	_
ben	ben	B	O	_	_
vincere	vincere	VF	O	_	_
;	semicolon	XPS	O	_	_

ma	ma	C	O	_	_
state	essere	VPPY	O	_	_
certi	certi	SP	O	_	_
che	che	CCHE	O	_	_
chi	chi	CCHI	O	_	_
coglie	cogliere	VI	O	_	_
il	il	RS	O	_	_
maggior	maggior	AS	O	_	_
frutto	frutto	SS	O	_	_
di	di	E	O	_	_
questa	questo	DS	O	_	_
giornata	giornata	SS	O	_	_
,	comma	XPW	O	_	_
non	non	B	O	_	_
sarete	essere	VI	O	_	_
voi	voi	PS	O	_	_
"!"	esclamation_mark	XPS	O	_	_

Se	se	C	O	_	_
questa	questo	DS	O	_	_
giornata	giornata	SS	O	_	_
non	non	B	O	_	_
segnerà	segnare	VI	O	_	_
il	il	RS	O	_	_
trionfo	trionfo	SS	O	_	_
,	comma	XPW	O	_	_
segnerà	segnare	VI	O	_	_
un	uno	RS	O	_	_
gran	grande	AS	O	_	_
passo	passo	SS	O	_	_
innanzi	innanzi	E	O	_	_
nella	in/det	ES	O	_	_
conquista	conquista	SS	O	_	_
della	di/det	ES	O	_	_
libertà	libertà	SN	O	_	_
e	e	C	O	_	_
dell’	di/det	ES	O	_	_
eguaglianza	eguaglianza	SS	O	_	_
che	che	CCHE	O	_	_
voi	voi	PS	O	_	_
negate	negare	VI	O	_	_
a	a	E	O	_	_
tanti	tanto	DP	O	_	_
trentini	trentino	SP	O	_	_
.	.	XPS	O	_	_

A	a	E	O	_	_
questo	questo	DS	O	_	_
punto	punto	SS	O	_	_
siamo	essere	VIY	O	_	_
arrivati	arrivare	VPP	O	_	_
,	comma	XPW	O	_	_
che	che	CCHE	O	_	_
i	il	RP	O	_	_
radicali	radicale	SP	O	_	_
sostengono	sostenere	VI	O	_	_
il	il	RS	O	_	_
privilegio	privilegio	SS	O	_	_
e	e	C	O	_	_
vi	vi	B	O	_	_
si	rifl	PN	O	_	_
aggrappano	aggrappare	VI	O	_	_
per	per	E	O	_	_
spadroneggiare	spadroneggiare	VF	O	_	_
,	comma	XPW	O	_	_
conculcando	conculcare	VG	O	_	_
la	il	RS	O	_	_
democrazia	democrazia	SS	O	_	_
;	semicolon	XPS	O	_	_

ma	ma	C	O	_	_
la	il	RS	O	_	_
democrazia	democrazia	SS	O	_	_
sincera	sincero	AS	O	_	_
,	comma	XPW	O	_	_
sana	sano	AS	O	_	_
ed	ed	C	O	_	_
onesta	onesto	AS	O	_	_
,	comma	XPW	O	_	_
sa	sapere	VI	O	_	_
che	che	CCHE	O	_	_
traverso	traverso	SS	O	_	_
mille	mille	N	O	_	_
vicende	vicenda	SP	O	_	_
rivendicherà	rivendicare	VI	O	_	_
alla	a/det	ES	O	_	_
fine	fine	SS	O	_	_
i	il	RP	O	_	_
suoi	suo	DP	O	_	_
diritti	diritto	SP	O	_	_
e	e	C	O	_	_
avrà	avere	VI	O	_	_
ragione	ragione	SS	O	_	_
degli	di/det	EP	O	_	_
oligarchi	oligarca	SP	O	_	_
e	e	C	O	_	_
dei	di/det	EP	O	_	_
falsi	falso	SP	O	_	_
liberali	liberale	AP	O	_	_
"!"	esclamation_mark	XPS	O	_	_

L’	il	RS	O	_	_
Alto	alto	SPN	GPE	46.65596895	11.22964387
Adige	adige	SPN	GPE	46.65596895	11.22964387
,	comma	XPW	O	_	_
impotente	impotente	AS	O	_	_
a	a	E	O	_	_
sostenere	sostenere	VF	O	_	_
la	il	RS	O	_	_
campagna	campagna	SS	O	_	_
con	con	E	O	_	_
soli	solo	AP	O	_	_
argomenti	argomento	SP	O	_	_
,	comma	XPW	O	_	_
trascurò	trascurare	VI	O	_	_
il	il	RS	O	_	_
campo	campo	SS	O	_	_
,	comma	XPW	O	_	_
per	per	E	O	_	_
lui	lui	PS	O	_	_
troppo	troppo	B	O	_	_
scottante	scottante	AS	O	_	_
,	comma	XPW	O	_	_
dell’	di/det	ES	O	_	_
amministrazione	amministrazione	SS	O	_	_
,	comma	XPW	O	_	_
e	e	C	O	_	_
volle	volere	VI	O	_	_
dare	dare	VF	O	_	_
alle	a/det	EP	O	_	_
elezioni	elezione	SP	O	_	_
carattere	carattere	AP	O	_	_
politico	politico	AS	O	_	_
.	.	XPS	O	_	_

Ma	ma	C	O	_	_
ecco	ecco	B	O	_	_
il	il	RS	O	_	_
bello	bello	AS	O	_	_
spettacolo	spettacolo	SS	O	_	_
che	che	CCHE	O	_	_
ci	ci	PP	O	_	_
offre	offrire	VI	O	_	_
.	.	XPS	O	_	_

Mentre	mentre	C	O	_	_
nell’	in/det	ES	O	_	_
agosto	agosto	SS	O	_	_
gridava	gridare	VI	O	_	_
a	a	E	O	_	_
squarciagola	squarciagola	SS	O	_	_
che	che	CCHE	O	_	_
i	il	RP	O	_	_
successi	successo	SP	O	_	_
ottenuti	ottenere	VPP	O	_	_
dai	da/det	EP	O	_	_
popolari	popolare	AP	O	_	_
alla	a/det	ES	O	_	_
Dieta	dieta	SPN	O	_	_
e	e	C	O	_	_
al	a/det	ES	O	_	_
Parlamento	parlamento	SS	O	_	_
erano	essere	VI	O	_	_
merito	merito	SS	O	_	_
dei	di/det	EP	O	_	_
liberali	liberale	SP	O	_	_
,	comma	XPW	O	_	_
ora	ora	B	O	_	_
denigra	denigrare	VI	O	_	_
l’	il	RS	O	_	_
opera	opera	SS	O	_	_
dei	di/det	EP	O	_	_
popolari	popolare	AP	O	_	_
e	e	C	O	_	_
dice	dire	VI	O	_	_
che	che	CCHE	O	_	_
i	il	RP	O	_	_
liberali	liberale	SP	O	_	_
non	non	B	O	_	_
ne	ne	PN	O	_	_
sono	essere	VI	O	_	_
responsabili	responsabile	AP	O	_	_
,	comma	XPW	O	_	_
perché	perché	C	O	_	_
sono	essere	VI	O	_	_
in	in	E	O	_	_
minoranza	minoranza	SS	O	_	_
.	.	XPS	O	_	_

In	in	E	O	_	_
modo	modo	SS	O	_	_
speciale	speciale	AS	O	_	_
esso	esso	PS	O	_	_
accusa	accusare	VI	O	_	_
i	il	RP	O	_	_
popolari	popolare	AP	O	_	_
di	di	E	O	_	_
aver	avere	VFY	O	_	_
aumentate	aumentare	VPP	O	_	_
le	il	RP	O	_	_
imposte	imposta	SP	O	_	_
provinciali	provinciale	AP	O	_	_
.	.	XPS	O	_	_

Poche	poco	DP	O	_	_
e	e	C	O	_	_
chiare	chiare	VF	O	_	_
parole	parola	SP	O	_	_
di	di	E	O	_	_
risposta	risposta	SS	O	_	_
.	.	XPS	O	_	_

In	in	E	O	_	_
primo	primo	AS	O	_	_
luogo	luogo	SS	O	_	_
chiediamo	chiedere	VI	O	_	_
,	comma	XPW	O	_	_
se	se	C	O	_	_
si	rifl	PN	O	_	_
possono	potere	VI	O	_	_
costruire	costruire	VF	O	_	_
argini	argine	SP	O	_	_
,	comma	XPW	O	_	_
strade	strada	SP	O	_	_
e	e	C	O	_	_
ferrovie	ferrovia	SP	O	_	_
,	comma	XPW	O	_	_
se	se	C	O	_	_
si	rifl	PN	O	_	_
possono	potere	VI	O	_	_
creare	creare	VF	O	_	_
le	il	RP	O	_	_
pensioni	pensione	SP	O	_	_
ai	a/det	EP	O	_	_
medici	medico	SP	O	_	_
ed	ed	C	O	_	_
aumentare	aumentare	VF	O	_	_
gli	il	RP	O	_	_
stipendi	stipendio	SP	O	_	_
ai	a/det	EP	O	_	_
maestri	maestro	SP	O	_	_
senza	senza	E	O	_	_
denari	denaro	SP	O	_	_
in	in	E	O	_	_
cassa	cassa	SS	O	_	_
.	.	XPS	O	_	_

In	in	E	O	_	_
secondo	secondo	AS	O	_	_
luogo	luogo	SS	O	_	_
osserviamo	osservare	VI	O	_	_
che	che	CCHE	O	_	_
l’	il	RS	O	_	_
aumento	aumento	SS	O	_	_
delle	di/det	EP	O	_	_
imposte	imposta	SP	O	_	_
provinciali	provinciale	AP	O	_	_
è	essere	VI	O	_	_
una	uno	RS	O	_	_
bagatella	bagatella	SS	O	_	_
in	in	E	O	_	_
confronto	confronto	SS	O	_	_
delle	di/det	EP	O	_	_
imposte	imposta	SP	O	_	_
del	di/det	ES	O	_	_
Comune	comune	SS	O	_	_
di	di	E	O	_	_
Trento	trento	SPN	GPE	46.0664228	11.1257601
,	comma	XPW	O	_	_
che	che	CCHE	O	_	_
spese	spesa	SP	O	_	_
e	e	C	O	_	_
sperperò	sperperare	VI	O	_	_
senza	senza	E	O	_	_
criterio	criterio	SS	O	_	_
.	.	XPS	O	_	_

In	in	E	O	_	_
terzo	terzo	AS	O	_	_
luogo	luogo	SS	O	_	_
osserviamo	osservare	VI	O	_	_
che	che	CCHE	O	_	_
la	il	RS	O	_	_
maggior	maggior	AS	O	_	_
fonte	fonte	SS	O	_	_
d’	di	E	O	_	_
entrata	entrata	SS	O	_	_
è	essere	VI	O	_	_
la	il	RS	O	_	_
tassa	tassa	SS	O	_	_
della	di/det	ES	O	_	_
birra	birra	SS	O	_	_
,	comma	XPW	O	_	_
e	e	C	O	_	_
crediamo	credere	VI	O	_	_
che	che	CCHE	O	_	_
nessun	nessun	DS	O	_	_
italiano	italiano	SS	O	_	_
vorrà	volere	VI	O	_	_
muovere	muovere	VF	O	_	_
la	il	RS	O	_	_
più	più	B	O	_	_
piccola	piccolo	AS	O	_	_
osservazione	osservazione	SS	O	_	_
contro	contro	E	O	_	_
tale	tale	DS	O	_	_
imposta	imposta	SS	O	_	_
.	.	XPS	O	_	_

In	in	E	O	_	_
ultimo	ultimo	AS	O	_	_
ricordiamo	ricordiamo	SS	O	_	_
che	che	CCHE	O	_	_
tutte	tutto	DP	O	_	_
le	il	RP	O	_	_
imposte	imposta	SP	O	_	_
furono	essere	VI	O	_	_
pure	pure	B	O	_	_
votate	votare	VPP	O	_	_
dai	da/det	EP	O	_	_
liberali	liberale	SP	O	_	_
italiani	italiano	AP	O	_	_
,	comma	XPW	O	_	_
compreso	comprendere	VSP	O	_	_
il	il	RS	O	_	_
vicepodestà	vicepodestà	SN	O	_	_
di	di	E	O	_	_
Trento	trento	SPN	GPE	46.0664228	11.1257601
.	.	XPS	O	_	_

Dopo	dopo	E	O	_	_
ciò	ciò`	PS	O	_	_
non	non	B	O	_	_
resta	restare	VI	O	_	_
che	che	CCHE	O	_	_
rilevare	rilevare	VF	O	_	_
un’	uno	RS	O	_	_
altra	altro	DS	O	_	_
volta	volta	SS	O	_	_
la	il	RS	O	_	_
scorrettezza	scorrettezza	SS	O	_	_
e	e	C	O	_	_
la	il	RS	O	_	_
slealtà	slealtà	SN	O	_	_
di	di	E	O	_	_
un	uno	RS	O	_	_
sistema	sistema	SS	O	_	_
che	che	CCHE	O	_	_
consiste	consistere	VI	O	_	_
nel	in/det	ES	O	_	_
lavorare	lavorare	VF	O	_	_
coi	con/det	EP	O	_	_
popolari	popolare	AP	O	_	_
alla	a/det	ES	O	_	_
Dieta	dieta	SPN	O	_	_
e	e	C	O	_	_
nel	in/det	ES	O	_	_
tentare	tentare	VF	O	_	_
di	di	E	O	_	_
dar	dare	VF	O	_	_
loro	loro	DP	O	_	_
coltellate	coltellata	SP	O	_	_
nella	in/det	ES	O	_	_
schiena	schiena	SS	O	_	_
a	a	E	O	_	_
casa	casa	SS	O	_	_
.	.	XPS	O	_	_

Ma	ma	C	O	_	_
oggi	oggi	B	O	_	_
non	non	B	O	_	_
è	essere	VI	O	_	_
più	più	B	O	_	_
sì	sì	B	O	_	_
facile	facile	AS	O	_	_
dar	dare	VF	O	_	_
a	a	E	O	_	_
vedere	vedere	VF	O	_	_
la	il	RS	O	_	_
luna	luna	SS	O	_	_
nel	in/det	ES	O	_	_
pozzo	pozzo	SS	O	_	_
e	e	C	O	_	_
le	il	RP	O	_	_
bubbole	bubbola	SP	O	_	_
del	di/det	ES	O	_	_
giornale	giornale	SS	O	_	_
di	di	E	O	_	_
via	via	SS	O	_	_
Dordi	dordi	SPN	O	_	_
servono	servire	VI	O	_	_
a	a	E	O	_	_
molti	molto	PP	O	_	_
di	di	E	O	_	_
piacevole	piacevole	AS	O	_	_
passatempo	passatempo	SS	O	_	_
.	.	XPS	O	_	_

Altro	altro	PS	O	_	_
che	che	CCHE	O	_	_
attaccare	attaccare	VF	O	_	_
i	il	RP	O	_	_
popolari	popolare	AP	O	_	_
"!"	esclamation_mark	XPS	O	_	_

"!"	esclamation_mark	XPS	O	_	_

Spazzate	spazzata	SP	O	_	_
,	comma	XPW	O	_	_
spazzate	spazzare	VPP	O	_	_
in	in	E	O	_	_
casa	casa	SS	O	_	_
vostra	vostro	AS	O	_	_
signori	signore	SP	O	_	_
"!"	esclamation_mark	XPS	O	_	_

"!"	esclamation_mark	XPS	O	_	_
