# total number of persons:2, total number of gpes:13
Dobbiamo	dovere	VI	O	_	_
dare	dare	VF	O	_	_
oggi	oggi	B	O	_	_
una	uno	RS	O	_	_
notizia	notizia	SS	O	_	_
molto	molto	B	O	_	_
grave	grave	AS	O	_	_
e	e	C	O	_	_
molto	molto	B	O	_	_
triste	tristo	AP	O	_	_
.	.	XPS	O	_	_

La	il	RS	O	_	_
Banca	banca	SS	O	_	_
Industriale	industriale	AS	O	_	_
nelle	in/det	EP	O	_	_
trattative	trattativa	SP	O	_	_
cogli	cogli	AP	O	_	_
organi	organo	SP	O	_	_
dello	di/det	ES	O	_	_
Stato	stato	SS	O	_	_
per	per	E	O	_	_
la	il	RS	O	_	_
finanziazione	finanziazione	SS	O	_	_
della	di/det	ES	O	_	_
tramvia	tramvia	SS	O	_	_
giudicariese	giudicariese	AS	O	_	_
si	rifl	PN	O	_	_
trova	trovare	VI	O	_	_
imprevedutamente	imprevedutamente	B	O	_	_
di	di	E	O	_	_
fronte	fronte	SS	O	_	_
ad	ad	E	O	_	_
ostacoli	ostacolo	SP	O	_	_
nuovi	nuovo	AP	O	_	_
che	che	CCHE	O	_	_
minacciano	minacciare	VI	O	_	_
non	non	B	O	_	_
solo	solo	B	O	_	_
di	di	E	O	_	_
mutare	mutare	VF	O	_	_
essenzialmente	essenzialmente	B	O	_	_
la	il	RS	O	_	_
situazione	situazione	SS	O	_	_
della	di/det	ES	O	_	_
costruenda	costruenda	AS	O	_	_
ferrovia	ferrovia	SS	O	_	_
Trento	trento	SPN	GPE	46.0664228	11.1257601
-	-	XPO	O	_	_
Tione-Lago	tione-lago	SPN	O	_	_
di	di	E	O	_	_
Garda	garda	SPN	O	_	_
,	comma	XPW	O	_	_
ma	ma	C	O	_	_
anche	anche	C	O	_	_
di	di	E	O	_	_
compromettere	compromettere	VF	O	_	_
tutto	tutto	PS	O	_	_
un	uno	RS	O	_	_
programma	programma	SS	O	_	_
di	di	E	O	_	_
risorgimento	risorgimento	SS	O	_	_
economico	economico	AS	O	_	_
con	con	E	O	_	_
carattere	carattere	SS	O	_	_
indigeno	indigeno	AS	O	_	_
e	e	C	O	_	_
nazionale	nazionale	AS	O	_	_
.	.	XPS	O	_	_

Da	da	E	O	_	_
Vienna	vienna	SPN	GPE	48.2083537	16.3725042
cioè	cioe`	B	O	_	_
si	rifl	PN	O	_	_
è	essere	VIY	O	_	_
fatto	fare	VSP	O	_	_
sapere	sapere	VF	O	_	_
ai	a/det	EP	O	_	_
rappresentanti	rappresentante	SP	O	_	_
della	di/det	ES	O	_	_
Banca	banca	SS	O	_	_
Industriale	industriale	AS	O	_	_
che	che	CCHE	O	_	_
il	il	RS	O	_	_
Governo	governo	SS	O	_	_
intende	intendere	VI	O	_	_
di	di	E	O	_	_
avocare	avocare	VF	O	_	_
a	a	E	O	_	_
sé	sé	PN	O	_	_
l’	il	RS	O	_	_
esercizio	esercizio	SS	O	_	_
della	di/det	ES	O	_	_
ferrovia	ferrovia	SS	O	_	_
giudicariese	giudicariese	AS	O	_	_
,	comma	XPW	O	_	_
non	non	B	O	_	_
concedendo	concedere	VG	O	_	_
agli	a/det	EP	O	_	_
enti	ente	SP	O	_	_
trentini	trentino	AP	O	_	_
che	che	CCHE	O	_	_
.	.	XPS	O	_	_

.	.	XPS	O	_	_

.	.	XPS	O	_	_

la	il	RS	O	_	_
fatica	fatica	SS	O	_	_
e	e	C	O	_	_
la	il	RS	O	_	_
spesa	spesa	SS	O	_	_
di	di	E	O	_	_
costruirla	costruire/pro	VF+E	O	_	_
.	.	XPS	O	_	_

La	il	RS	O	_	_
notizia	notizia	SS	O	_	_
non	non	B	O	_	_
è	essere	VI	O	_	_
ancora	ancora	B	O	_	_
ufficiale	ufficiale	AS	O	_	_
né	né	C	O	_	_
formalmente	formalmente	B	O	_	_
confermata	confermare	VSP	O	_	_
.	.	XPS	O	_	_

Abbiamo	avere	VI	O	_	_
però	però	C	O	_	_
tutte	tutto	DP	O	_	_
le	il	RP	O	_	_
ragioni	ragione	SP	O	_	_
di	di	E	O	_	_
temere	temere	VF	O	_	_
che	che	CCHE	O	_	_
essa	essa	PS	O	_	_
sia	essere	VI	O	_	_
tutt’	tutt’	AS	O	_	_
altro	altro	PS	O	_	_
che	che	CCHE	O	_	_
campata	campare	VSP	O	_	_
in	in	E	O	_	_
aria	aria	SS	O	_	_
,	comma	XPW	O	_	_
poiché	poiché	C	O	_	_
il	il	RS	O	_	_
fattore	fattore	SS	O	_	_
che	che	CCHE	O	_	_
qui	qui	B	O	_	_
ha	avere	VIY	O	_	_
messo	mettere	VSP	O	_	_
la	il	RS	O	_	_
spada	spada	SS	O	_	_
sulla	su/det	ES	O	_	_
bilancia	bilancia	SS	O	_	_
è	essere	VI	O	_	_
l’	il	RS	O	_	_
amministrazione	amministrazione	SS	O	_	_
militare	militare	AS	O	_	_
.	.	XPS	O	_	_

Pare	parere	VI	O	_	_
accertato	accertare	VSP	O	_	_
che	che	CCHE	O	_	_
al	a/det	ES	O	_	_
ministero	ministero	SS	O	_	_
delle	di/det	EP	O	_	_
ferrovie	ferrovia	SP	O	_	_
sia	essere	VIY	O	_	_
giunto	giungere	VSP	O	_	_
il	il	RS	O	_	_
monito	monito	SS	O	_	_
da	da	E	O	_	_
parte	parte	SS	O	_	_
del	di/det	ES	O	_	_
ministero	ministero	SS	O	_	_
della	di/det	ES	O	_	_
guerra	guerra	SS	O	_	_
che	che	CCHE	O	_	_
,	comma	XPW	O	_	_
in	in	E	O	_	_
vista	vista	SS	O	_	_
dell’	di/det	ES	O	_	_
importanza	importanza	SS	O	_	_
strategica	strategico	AS	O	_	_
della	di/det	ES	O	_	_
ferrovia	ferrovia	SS	O	_	_
in	in	E	O	_	_
parola	parola	SS	O	_	_
e	e	C	O	_	_
delle	di/det	EP	O	_	_
condizioni	condizione	SP	O	_	_
speciali	speciale	AP	O	_	_
del	di/det	ES	O	_	_
Trentino	trentino	SPN	GPE	46.102869	11.12961993
,	comma	XPW	O	_	_
la	il	RS	O	_	_
linea	linea	SS	O	_	_
Trento	trento	SPN	GPE	46.0664228	11.1257601
-	-	XPO	O	_	_
Tione	tione	SPN	GPE	46.0362953	10.7268906
-	-	XPO	O	_	_
Lago	lago	SPN	O	_	_
di	di	E	O	_	_
Garda	garda	SPN	O	_	_
debba	dovere	VI	O	_	_
essere	essere	VF	O	_	_
assolutamente	assolutamente	B	O	_	_
in	in	E	O	_	_
mano	mano	SS	O	_	_
dello	di/det	ES	O	_	_
stato	stato	SS	O	_	_
,	comma	XPW	O	_	_
escludendo	escludere	VG	O	_	_
una	uno	RS	O	_	_
direzione	direzione	SS	O	_	_
ed	ed	C	O	_	_
un’	uno	RS	O	_	_
amministrazione	amministrazione	SS	O	_	_
autonoma	autonomo	AS	O	_	_
trentina	trentina	SS	O	_	_
1	1	N	O	_	_
)	close_parenthesis	XPB	O	_	_
.	.	XPS	O	_	_

È	essere	VI	O	_	_
dunque	dunque	C	O	_	_
la	il	RS	O	_	_
solita	solito	AS	O	_	_
politica	politica	SS	O	_	_
di	di	E	O	_	_
diffidenza	diffidenza	SS	O	_	_
e	e	C	O	_	_
di	di	E	O	_	_
sospetto	sospetto	SS	O	_	_
che	che	CCHE	O	_	_
si	rifl	PN	O	_	_
rivolge	rivolgere	VI	O	_	_
contro	contro	E	O	_	_
di	di	E	O	_	_
noi	noi	PP	O	_	_
,	comma	XPW	O	_	_
è	essere	VI	O	_	_
lo	il	RS	O	_	_
stato	stato	SS	O	_	_
poliziesco	poliziesco	AS	O	_	_
e	e	C	O	_	_
militare	militare	AS	O	_	_
che	che	CCHE	O	_	_
grava	gravare	VI	O	_	_
sulle	su/det	EP	O	_	_
iniziative	iniziativa	SP	O	_	_
e	e	C	O	_	_
sulle	su/det	EP	O	_	_
imprese	impresa	SP	O	_	_
trentine	trentino	AP	O	_	_
la	il	RS	O	_	_
sua	suo	DS	O	_	_
mano	mano	SS	O	_	_
di	di	E	O	_	_
ferro	ferro	SS	O	_	_
.	.	XPS	O	_	_

Ma	ma	C	O	_	_
al	a/det	ES	O	_	_
monito	monito	SS	O	_	_
militare	militare	AS	O	_	_
sembra	sembrare	VI	O	_	_
si	rifl	PN	O	_	_
sia	essere	VIY	O	_	_
aggiunto	aggiungere	VSP	O	_	_
anche	anche	C	O	_	_
l’	il	RS	O	_	_
eccitamento	eccitamento	SS	O	_	_
del	di/det	ES	O	_	_
ministero	ministero	SS	O	_	_
degli	di/det	EP	O	_	_
interni	interno	SP	O	_	_
.	.	XPS	O	_	_

Che	che	CCHE	O	_	_
cosa	cosa	SS	O	_	_
vuole	volere	VI	O	_	_
questo	questo	PS	O	_	_
?	?	XPS	O	_	_

Non	non	B	O	_	_
lo	lo	PS	O	_	_
sappiamo	sapere	VI	O	_	_
,	comma	XPW	O	_	_
bensì	bensì	YF	O	_	_
intendiamo	intendere	VI	O	_	_
quello	quello	PS	O	_	_
che	che	CCHE	O	_	_
non	non	B	O	_	_
vuole	volere	VI	O	_	_
.	.	XPS	O	_	_

Non	non	B	O	_	_
vuole	volere	VI	O	_	_
che	che	CCHE	O	_	_
nel	in/det	ES	O	_	_
Trentino	trentino	SPN	GPE	46.102869	11.12961993
sorga	sorgere	VI	O	_	_
una	uno	RS	O	_	_
amministrazione	amministrazione	SS	O	_	_
ferroviaria	ferroviario	AS	O	_	_
autonoma	autonomo	AS	O	_	_
ed	ed	C	O	_	_
indigena	indigeno	AS	O	_	_
e	e	C	O	_	_
che	che	CCHE	O	_	_
si	rifl	PN	O	_	_
costituisca	costituire	VI	O	_	_
una	uno	RS	O	_	_
cellula	cellula	SS	O	_	_
della	di/det	ES	O	_	_
nostra	nostro	DS	O	_	_
indipendenza	indipendenza	SS	O	_	_
economica	economico	AS	O	_	_
negataci	negataci	VI	O	_	_
con	con	E	O	_	_
pertinacia	pertinacia	SS	O	_	_
secolare	secolare	AS	O	_	_
.	.	XPS	O	_	_

Non	non	B	O	_	_
vuole	volere	VI	O	_	_
che	che	CCHE	O	_	_
le	il	RP	O	_	_
nostre	nostro	DP	O	_	_
linee	linea	SP	O	_	_
di	di	E	O	_	_
comunicazione	comunicazione	SS	O	_	_
siano	essere	VIY	O	_	_
dirette	dirigere	VPP	O	_	_
da	da	E	O	_	_
Trento	trento	SPN	GPE	46.0664228	11.1257601
,	comma	XPW	O	_	_
invece	invece	C	O	_	_
che	che	CCHE	O	_	_
da	da	E	O	_	_
Vienna	vienna	SPN	GPE	48.2083537	16.3725042
,	comma	XPW	O	_	_
che	che	CCHE	O	_	_
i	il	RP	O	_	_
loro	loro	DP	O	_	_
impiegati	impiegato	SP	O	_	_
siano	essere	VI	O	_	_
trentini	trentino	AP	O	_	_
,	comma	XPW	O	_	_
che	che	CCHE	O	_	_
nella	in/det	ES	O	_	_
lingua	lingua	SS	O	_	_
d’	di	E	O	_	_
ufficio	ufficio	SS	O	_	_
e	e	C	O	_	_
nelle	in/det	EP	O	_	_
scritte	scritta	SP	O	_	_
s’	s’	PN	O	_	_
insinui	insinuare	VI	O	_	_
quel	quello	DS	O	_	_
carattere	carattere	SS	O	_	_
indipendente	indipendente	AS	O	_	_
e	e	C	O	_	_
nazionale	nazionale	AS	O	_	_
che	che	CCHE	O	_	_
s’	s’	PN	O	_	_
è	essere	VIY	O	_	_
visto	vedere	VSP	O	_	_
tanto	tanto	B	O	_	_
mal	mal	AS	O	_	_
volentieri	volentieri	B	O	_	_
–	–	XPO	O	_	_
anche	anche	C	O	_	_
questo	questo	DS	O	_	_
si	rifl	PN	O	_	_
seppe	sapere	VI	O	_	_
dire	dire	VF	O	_	_
–	–	XPO	O	_	_
sulla	su/det	ES	O	_	_
Dermulo	dermulo	SPN	GPE	46.3381739	11.0625188
-	-	XPO	O	_	_
Mendola	mendola	SPN	O	_	_
.	.	XPS	O	_	_

È	essere	VI	O	_	_
il	il	RS	O	_	_
nostro	nostro	DS	O	_	_
sviluppo	sviluppo	SS	O	_	_
autonomo	autonomo	AS	O	_	_
in	in	E	O	_	_
poche	poco	DP	O	_	_
parole	parola	SP	O	_	_
che	che	CCHE	O	_	_
deve	dovere	VI	O	_	_
essere	essere	VFY	O	_	_
impedito	impedire	VSP	O	_	_
,	comma	XPW	O	_	_
soffocato	soffocare	VSP	O	_	_
,	comma	XPW	O	_	_
poiché	poiché	C	O	_	_
il	il	RS	O	_	_
regime	regime	SS	O	_	_
poliziesco	poliziesco	AS	O	_	_
non	non	B	O	_	_
si	rifl	PN	O	_	_
fida	fidare	VI	O	_	_
di	di	E	O	_	_
noi	noi	PP	O	_	_
.	.	XPS	O	_	_

Come	come	CADV	O	_	_
negli	in/det	EP	O	_	_
uffici	ufficio	SP	O	_	_
pubblici	pubblico	AP	O	_	_
gli	il	RP	O	_	_
italiani	italiano	SP	O	_	_
sono	essere	VI	O	_	_
buoni	buono	AP	O	_	_
a	a	E	O	_	_
sbrigare	sbrigare	VF	O	_	_
gli	il	RP	O	_	_
affari	affare	SP	O	_	_
,	comma	XPW	O	_	_
ma	ma	C	O	_	_
a	a	E	O	_	_
dirigere	dirigere	VF	O	_	_
debbono	dovere	VI	O	_	_
essere	essere	VFY	O	_	_
chiamati	chiamare	VPP	O	_	_
tedeschi	tedesco	SP	O	_	_
o	o	C	O	_	_
slavi	slavo	SP	O	_	_
,	comma	XPW	O	_	_
così	così	B	O	_	_
è	essere	VI	O	_	_
delle	di/det	EP	O	_	_
ferrovie	ferrovia	SP	O	_	_
,	comma	XPW	O	_	_
arterie	arteria	SP	O	_	_
della	di/det	ES	O	_	_
nostra	nostro	DS	O	_	_
vita	vita	SS	O	_	_
economica	economico	AS	O	_	_
.	.	XPS	O	_	_

Ben	ben	B	O	_	_
può	potere	VI	O	_	_
contribuire	contribuire	VF	O	_	_
alla	a/det	ES	O	_	_
loro	loro	DP	O	_	_
effettuazione	effettuazione	SS	O	_	_
il	il	RS	O	_	_
Trentino	trentino	SPN	GPE	46.102869	11.12961993
coi	con/det	EP	O	_	_
suoi	suo	DP	O	_	_
danari	danaro	SP	O	_	_
e	e	C	O	_	_
i	il	RP	O	_	_
suoi	suo	DP	O	_	_
ingegni	ingegno	SP	O	_	_
,	comma	XPW	O	_	_
ma	ma	C	O	_	_
ad	ad	E	O	_	_
esercitarle	esercitare/pro	VF+E	O	_	_
,	comma	XPW	O	_	_
a	a	E	O	_	_
dirigerle	dirigere/pro	VF+E	O	_	_
vengono	venire	VIY	O	_	_
mandati	mandare	VPP	O	_	_
gli	il	RP	O	_	_
Oberinspectoren	oberinspectoren	SPN	O	_	_
e	e	C	O	_	_
gli	il	RP	O	_	_
Hofräte	hofräte	SPN	O	_	_
coll’	con/det	ES	O	_	_
incarico	incarico	SS	O	_	_
di	di	E	O	_	_
vegliare	vegliare	VF	O	_	_
,	comma	XPW	O	_	_
affinché	affinché	C	O	_	_
sulle	su/det	EP	O	_	_
scritte	scritta	SP	O	_	_
o	o	C	O	_	_
nei	in/det	EP	O	_	_
registri	registro	SP	O	_	_
appaia	appaiare	VI	O	_	_
manifesta	manifesto	AS	O	_	_
ed	ed	C	O	_	_
intatta	intatto	AS	O	_	_
l’	il	RS	O	_	_
egemonia	egemonia	SS	O	_	_
tedesca	tedesco	AS	O	_	_
e	e	C	O	_	_
negli	in/det	EP	O	_	_
impiegati	impiegato	SP	O	_	_
,	comma	XPW	O	_	_
negli	in/det	EP	O	_	_
addetti	addetto	SP	O	_	_
,	comma	XPW	O	_	_
nell’	in/det	ES	O	_	_
amministrazione	amministrazione	SS	O	_	_
non	non	B	O	_	_
passi	passare	VI	O	_	_
neppur	neppur	B	O	_	_
l’	il	RS	O	_	_
alito	alito	SS	O	_	_
di	di	E	O	_	_
quello	quello	PS	O	_	_
spirito	spirito	SS	O	_	_
nazionale	nazionale	AS	O	_	_
cui	cui	PN	O	_	_
le	il	RP	O	_	_
leggi	leggio	SP	O	_	_
dello	di/det	ES	O	_	_
Stato	stato	SS	O	_	_
concedono	concedere	VI	O	_	_
pure	pure	B	O	_	_
libero	libero	AS	O	_	_
campo	campo	SS	O	_	_
.	.	XPS	O	_	_

Ma	ma	C	O	_	_
v’	v’	PS	O	_	_
ha	avere	VI	O	_	_
di	di	E	O	_	_
peggio	peggio	B	O	_	_
;	semicolon	XPS	O	_	_

tali	tale	AP	O	_	_
misure	misura	SP	O	_	_
imprimono	imprimere	VI	O	_	_
una	uno	RS	O	_	_
profonda	profondo	AS	O	_	_
traccia	traccia	SS	O	_	_
nella	in/det	ES	O	_	_
nostra	nostro	DS	O	_	_
vita	vita	SS	O	_	_
economica	economico	AS	O	_	_
.	.	XPS	O	_	_

Il	il	RS	O	_	_
nostro	nostro	DS	O	_	_
capitale	capitale	SS	O	_	_
fu	essere	VI	O	_	_
finora	finora	B	O	_	_
inoperoso	inoperoso	AS	O	_	_
e	e	C	O	_	_
non	non	B	O	_	_
seguì	seguire	VI	O	_	_
che	che	CCHE	O	_	_
in	in	E	O	_	_
piccola	piccolo	AS	O	_	_
parte	parte	SS	O	_	_
ed	ed	C	O	_	_
a	a	E	O	_	_
grande	grande	AS	O	_	_
stento	stento	SS	O	_	_
la	il	RS	O	_	_
via	via	SS	O	_	_
delle	di/det	EP	O	_	_
industrie	industria	SP	O	_	_
.	.	XPS	O	_	_

E	e	C	O	_	_
benchè	benchè	B	O	_	_
ora	ora	B	O	_	_
l’	il	RS	O	_	_
opinione	opinione	SS	O	_	_
pubblica	pubblico	AS	O	_	_
,	comma	XPW	O	_	_
per	per	E	O	_	_
il	il	RS	O	_	_
sano	sano	AS	O	_	_
ardire	ardire	VF	O	_	_
di	di	E	O	_	_
pochi	poco	DP	O	_	_
,	comma	XPW	O	_	_
incominci	incominci	SP	O	_	_
a	a	E	O	_	_
riprendere	riprendere	VF	O	_	_
coraggio	coraggio	SS	O	_	_
,	comma	XPW	O	_	_
ci	ci	B	O	_	_
sono	essere	VI	O	_	_
ancora	ancora	B	O	_	_
troppi	troppo	DP	O	_	_
(	open_parenthesis	XPB	O	_	_
bastava	bastare	VI	O	_	_
leggere	leggere	VF	O	_	_
ultimamente	ultimamente	B	O	_	_
la	il	RS	O	_	_
corrispondenza	corrispondenza	SS	O	_	_
di	di	E	O	_	_
un	uno	RS	O	_	_
anaune	anaune	SS	O	_	_
su	su	E	O	_	_
di	di	E	O	_	_
un	uno	RS	O	_	_
giornale	giornale	SS	O	_	_
cittadino	cittadino	AS	O	_	_
)	close_parenthesis	XPB	O	_	_
che	che	CCHE	O	_	_
lodano	lodare	VI	O	_	_
l’	il	RS	O	_	_
immobilità	immobilità	SN	O	_	_
dei	di/det	EP	O	_	_
bei	bei	SP	O	_	_
tempi	tempi	AP	O	_	_
antichi	antico	AP	O	_	_
.	.	XPS	O	_	_

In	in	E	O	_	_
così	così	B	O	_	_
fatta	fare	VSP	O	_	_
situazione	situazione	SS	O	_	_
sarebbe	essere	VI	O	_	_
dovere	dovere	VF	O	_	_
dello	di/det	ES	O	_	_
Stato	stato	SS	O	_	_
di	di	E	O	_	_
incoraggiare	incoraggiare	VF	O	_	_
la	il	RS	O	_	_
speculazione	speculazione	SS	O	_	_
del	di/det	ES	O	_	_
capitale	capitale	SS	O	_	_
;	semicolon	XPS	O	_	_

e	e	C	O	_	_
tale	tale	AS	O	_	_
suo	suo	DS	O	_	_
compito	compito	SS	O	_	_
si	rifl	PN	O	_	_
impone	imporre	VI	O	_	_
specialmente	specialmente	B	O	_	_
nelle	in/det	EP	O	_	_
imprese	impresa	SP	O	_	_
ferroviarie	ferroviario	AP	O	_	_
,	comma	XPW	O	_	_
ove	ove	B	O	_	_
lo	il	RS	O	_	_
Stato	stato	SS	O	_	_
sovvenzionandole	sovvenzionandole	AS	O	_	_
coi	con/det	EP	O	_	_
suoi	suo	DP	O	_	_
contributi	contributo	SP	O	_	_
in	in	E	O	_	_
azioni	azione	SP	O	_	_
di	di	E	O	_	_
fondazione	fondazione	SS	O	_	_
facilita	facilita	AS	O	_	_
ai	a/det	EP	O	_	_
fattori	fattore	SP	O	_	_
locali	locale	AP	O	_	_
e	e	C	O	_	_
privati	privato	AP	O	_	_
la	il	RS	O	_	_
partecipazione	partecipazione	SS	O	_	_
loro	loro	PP	O	_	_
in	in	E	O	_	_
azioni	azione	SP	O	_	_
di	di	E	O	_	_
priorità	priorità	SN	O	_	_
.	.	XPS	O	_	_

Ma	ma	C	O	_	_
dove	dove	CADV	O	_	_
si	rifl	PN	O	_	_
troveranno	trovare	VI	O	_	_
le	il	RP	O	_	_
banche	banca	SP	O	_	_
o	o	C	O	_	_
i	il	RP	O	_	_
privati	privato	SP	O	_	_
che	che	CCHE	O	_	_
daranno	dare	VI	O	_	_
da	da	E	O	_	_
amministrare	amministrare	VF	O	_	_
allo	a/det	ES	O	_	_
stato	stato	SS	O	_	_
che	che	CCHE	O	_	_
è	essere	VI	O	_	_
notoriamente	notoriamente	B	O	_	_
l’	il	RS	O	_	_
amministratore	amministratore	SS	O	_	_
meno	meno	B	O	_	_
parsimonioso	parsimonioso	AS	O	_	_
che	che	CCHE	O	_	_
esista	esistere	VI	O	_	_
?	?	XPS	O	_	_

Come	come	CADV	O	_	_
potrà	potere	VI	O	_	_
venir	venir	VIY	O	_	_
invitato	invitare	VSP	O	_	_
il	il	RS	O	_	_
capitale	capitale	SS	O	_	_
trentino	trentino	AS	O	_	_
a	a	E	O	_	_
costituire	costituire	VF	O	_	_
delle	di/det	EP	O	_	_
imprese	impresa	SP	O	_	_
su	su	E	O	_	_
cui	cui	PN	O	_	_
distende	distendere	VI	O	_	_
le	il	RP	O	_	_
sue	suo	DP	O	_	_
fredde	freddo	AP	O	_	_
ali	ala	SP	O	_	_
la	il	RS	O	_	_
burocrazia	burocrazia	SS	O	_	_
,	comma	XPW	O	_	_
così	così	B	O	_	_
poco	poco	B	O	_	_
amica	amico	AS	O	_	_
delle	di/det	EP	O	_	_
nostre	nostro	DP	O	_	_
sorti	sorte	SP	O	_	_
,	comma	XPW	O	_	_
così	così	B	O	_	_
poco	poco	B	O	_	_
curante	curante	AS	O	_	_
del	di/det	ES	O	_	_
nostro	nostro	DS	O	_	_
carattere	carattere	SS	O	_	_
,	comma	XPW	O	_	_
così	così	B	O	_	_
ignara	ignaro	AS	O	_	_
dei	di/det	EP	O	_	_
nostri	nostro	DP	O	_	_
bisogni	bisogno	SP	O	_	_
?	?	XPS	O	_	_

E	e	C	O	_	_
con	con	E	O	_	_
tali	tale	AP	O	_	_
prospettive	prospettiva	SP	O	_	_
che	che	CCHE	O	_	_
cosa	cosa	SS	O	_	_
avverrà	avvenire	VI	O	_	_
delle	di/det	EP	O	_	_
altre	altro	DP	O	_	_
ferrovie	ferrovia	SP	O	_	_
progettate	progettare	VPP	O	_	_
,	comma	XPW	O	_	_
che	che	CCHE	O	_	_
cosa	cosa	SS	O	_	_
avverrà	avvenire	VI	O	_	_
della	di/det	ES	O	_	_
ferrovia	ferrovia	SS	O	_	_
di	di	E	O	_	_
Fiemme	fiemme	SPN	O	_	_
?	?	XPS	O	_	_

Non	non	B	O	_	_
bastava	bastare	VI	O	_	_
dunque	dunque	C	O	_	_
corteggiarci	corteggiare/loc/pro	VF+E	O	_	_
in	in	E	O	_	_
una	uno	RS	O	_	_
misura	misura	SS	O	_	_
addirittura	addirittura	B	O	_	_
vergognosa	vergognoso	AS	O	_	_
nel	in/det	ES	O	_	_
progetto	progetto	SS	O	_	_
di	di	E	O	_	_
legge	legge	SS	O	_	_
delle	di/det	EP	O	_	_
ferrovie	ferrovia	SP	O	_	_
locali	locale	AP	O	_	_
,	comma	XPW	O	_	_
fucinando	fucinare	VG	O	_	_
nel	in/det	ES	O	_	_
segreto	segreto	SS	O	_	_
del	di/det	ES	O	_	_
ministero	ministero	SS	O	_	_
una	uno	RS	O	_	_
sproporzione	sproporzione	SS	O	_	_
inaudita	inaudito	AS	O	_	_
fra	fra	E	O	_	_
italiani	italiano	SP	O	_	_
e	e	C	O	_	_
tedeschi	tedesco	SP	O	_	_
della	di/det	ES	O	_	_
provincia	provincia	SS	O	_	_
,	comma	XPW	O	_	_
non	non	B	O	_	_
bastava	bastare	VI	O	_	_
trattare	trattare	VF	O	_	_
la	il	RS	O	_	_
Ferrovia	ferrovia	SPN	O	_	_
Dermulo	dermulo	SPN	O	_	_
-	-	XPO	O	_	_
Mendola	mendola	SPN	O	_	_
col	con/det	ES	O	_	_
bisturi	bisturi	SS	O	_	_
della	di/det	ES	O	_	_
vivisezione	vivisezione	SS	O	_	_
,	comma	XPW	O	_	_
loro	loro	PP	O	_	_
così	così	B	O	_	_
esatti	esatto	AP	O	_	_
,	comma	XPW	O	_	_
così	così	B	O	_	_
scrupolosi	scrupolosi	VG+E	O	_	_
col	con/det	ES	O	_	_
tempo	tempo	SS	O	_	_
e	e	C	O	_	_
coi	con/det	EP	O	_	_
denari	denaro	SP	O	_	_
nelle	in/det	EP	O	_	_
imprese	impresa	SP	O	_	_
in	in	E	O	_	_
propria	propria	DS	O	_	_
regia	regia	SS	O	_	_
(	open_parenthesis	XPB	O	_	_
vedi	vedere	VI	O	_	_
i	il	RP	O	_	_
Tauri	tauri	SPN	O	_	_
e	e	C	O	_	_
Trento	trento	SPN	GPE	46.0664228	11.1257601
-	-	XPO	O	_	_
Malè	malè	SPN	GPE	46.35	10.9
)	close_parenthesis	XPB	O	_	_
,	comma	XPW	O	_	_
bisognava	bisognare	VI	O	_	_
ancora	ancora	B	O	_	_
versare	versare	VF	O	_	_
sull’	su/det	ES	O	_	_
energia	energia	SS	O	_	_
delle	di/det	EP	O	_	_
nostre	nostro	DP	O	_	_
forze	forza	SP	O	_	_
vive	vivere	VI	O	_	_
l’	il	RS	O	_	_
acido	acido	SS	O	_	_
corrosivo	corrosivo	AS	O	_	_
della	di/det	ES	O	_	_
suspicione	suspicione	SS	O	_	_
statale	statale	AS	O	_	_
e	e	C	O	_	_
del	di/det	ES	O	_	_
veto	veto	SS	O	_	_
militare	militare	AS	O	_	_
"!"	esclamation_mark	XPS	O	_	_

Disgraziato	disgraziato	SS	O	_	_
paese	paese	SS	O	_	_
il	il	RS	O	_	_
nostro	nostro	PS	O	_	_
,	comma	XPW	O	_	_
che	che	CCHE	O	_	_
quando	quando	CADV	O	_	_
ha	avere	VIY	O	_	_
trovato	trovare	VSP	O	_	_
un	uno	RS	O	_	_
uomo	uomo	SS	O	_	_
,	comma	XPW	O	_	_
come	come	CADV	O	_	_
il	il	RS	O	_	_
Beck	beck	SPN	PER	_	_
,	comma	XPW	O	_	_
che	che	CCHE	O	_	_
ne	ne	PN	O	_	_
riconosce	riconoscere	VI	O	_	_
i	il	RP	O	_	_
bisogni	bisogno	SP	O	_	_
e	e	C	O	_	_
il	il	RS	O	_	_
buon	buon	AS	O	_	_
diritto	diritto	SS	O	_	_
a	a	E	O	_	_
un	uno	RS	O	_	_
trattamento	trattamento	SS	O	_	_
migliore	migliore	AS	O	_	_
,	comma	XPW	O	_	_
minaccia	minaccia	SS	O	_	_
di	di	E	O	_	_
precipitare	precipitare	VF	O	_	_
di	di	E	O	_	_
nuovo	nuovo	AS	O	_	_
in	in	E	O	_	_
fondo	fondo	SS	O	_	_
per	per	E	O	_	_
tutti	tutto	PP	O	_	_
i	il	RP	O	_	_
gradini	gradino	SP	O	_	_
saliti	salire	VPP	O	_	_
faticosamente	faticosamente	B	O	_	_
.	.	XPS	O	_	_

Ma	ma	C	O	_	_
noi	noi	PP	O	_	_
–	–	XPO	O	_	_
ci	ci	PP	O	_	_
piace	piacere	VI	O	_	_
qui	qui	B	O	_	_
ripetere	ripetere	VF	O	_	_
l’	il	RS	O	_	_
assicurazione	assicurazione	SS	O	_	_
fatta	fare	VSP	O	_	_
ier	ier	VI	O	_	_
l’	il	RS	O	_	_
altro	altro	PS	O	_	_
dall’	da/det	ES	O	_	_
on	on	SN	O	_	_
.	.	XPS	O	_	_

deputato	deputare	VSP	O	_	_
della	di/det	ES	O	_	_
Valsugana	valsugana	SPN	O	_	_
,	comma	XPW	O	_	_
non	non	B	O	_	_
verremo	venire	VI	O	_	_
meno	meno	B	O	_	_
,	comma	XPW	O	_	_
non	non	B	O	_	_
abbandoneremo	abbandonare	VI	O	_	_
il	il	RS	O	_	_
campo	campo	SS	O	_	_
della	di/det	ES	O	_	_
lotta	lotta	SS	O	_	_
.	.	XPS	O	_	_

Chi	chi	CCHI	O	_	_
spera	sperare	VI	O	_	_
col	con/det	ES	O	_	_
diniego	diniego	SS	O	_	_
e	e	C	O	_	_
colle	con/det	EP	O	_	_
ostilità	ostilità	SN	O	_	_
di	di	E	O	_	_
ricacciarci	ricacciare/loc/pro	VF+E	O	_	_
nella	in/det	ES	O	_	_
scoraggiata	scoraggiato	AS	O	_	_
inerzia	inerzia	SS	O	_	_
dei	di/det	EP	O	_	_
tempi	tempo	SP	O	_	_
passati	passato	AP	O	_	_
,	comma	XPW	O	_	_
non	non	B	O	_	_
conosce	conoscere	VI	O	_	_
la	il	RS	O	_	_
nostra	nostro	DS	O	_	_
tempra	tempra	SS	O	_	_
.	.	XPS	O	_	_

Gli	il	RP	O	_	_
uomini	uomo	SP	O	_	_
della	di/det	ES	O	_	_
nostra	nostro	DS	O	_	_
scuola	scuola	SS	O	_	_
in	in	E	O	_	_
tempi	tempo	SP	O	_	_
tristissimi	triste	AP	O	_	_
hanno	avere	VIY	O	_	_
concentrato	concentrare	VSP	O	_	_
tutte	tutto	DP	O	_	_
loro	loro	PP	O	_	_
energie	energia	SP	O	_	_
nella	in/det	ES	O	_	_
creazione	creazione	SS	O	_	_
di	di	E	O	_	_
istituti	istituto	SP	O	_	_
autonomi	autonomo	AP	O	_	_
che	che	CCHE	O	_	_
rappresentano	rappresentare	VI	O	_	_
una	uno	RS	O	_	_
forza	forza	SS	O	_	_
organizzata	organizzato	AS	O	_	_
che	che	CCHE	O	_	_
non	non	B	O	_	_
morrà	morrà	VI	O	_	_
.	.	XPS	O	_	_

Queste	questo	DP	O	_	_
creazioni	creazione	SP	O	_	_
sono	essere	VI	O	_	_
monumenti	monumento	SP	O	_	_
di	di	E	O	_	_
quello	quello	PS	O	_	_
che	che	CCHE	O	_	_
abbiamo	avere	VIY	O	_	_
fatto	fare	VSP	O	_	_
per	per	E	O	_	_
il	il	RS	O	_	_
popolo	popolo	SS	O	_	_
a	a	E	O	_	_
garanzie	garanzia	SP	O	_	_
di	di	E	O	_	_
quello	quello	PS	O	_	_
che	che	CCHE	O	_	_
sapremmo	sapere	VI	O	_	_
fare	fare	VF	O	_	_
,	comma	XPW	O	_	_
se	se	C	O	_	_
anche	anche	C	O	_	_
gli	il	RP	O	_	_
enti	ente	SP	O	_	_
pubblici	pubblico	AP	O	_	_
compissero	compire	VI	O	_	_
il	il	RS	O	_	_
dover	dover	SS	O	_	_
loro	loro	PP	O	_	_
.	.	XPS	O	_	_

Imperturbati	imperturbati	SP	O	_	_
,	comma	XPW	O	_	_
continueremo	continuare	VI	O	_	_
l’	il	RS	O	_	_
opera	opera	SS	O	_	_
nostra	nostro	AS	O	_	_
,	comma	XPW	O	_	_
fino	fino	E	O	_	_
che	che	CCHE	O	_	_
ci	ci	PP	O	_	_
brilla	brillare	VI	O	_	_
la	il	RS	O	_	_
speranza	speranza	SS	O	_	_
di	di	E	O	_	_
sollevare	sollevare	VF	O	_	_
il	il	RS	O	_	_
nostro	nostro	DS	O	_	_
povero	povero	AS	O	_	_
popolo	popolo	SS	O	_	_
dimenticato	dimenticare	VSP	O	_	_
,	comma	XPW	O	_	_
fino	fino	B	O	_	_
che	che	CCHE	O	_	_
ci	ci	PP	O	_	_
rimane	rimanere	VI	O	_	_
la	il	RS	O	_	_
fiducia	fiducia	SS	O	_	_
nelle	in/det	EP	O	_	_
energie	energia	SP	O	_	_
del	di/det	ES	O	_	_
popolo	popolo	SS	O	_	_
trentino	trentino	AS	O	_	_
,	comma	XPW	O	_	_
ancor	ancor	B	O	_	_
non	non	B	O	_	_
dome	dome	VI	O	_	_
.	.	XPS	O	_	_

E	e	C	O	_	_
tale	tale	AS	O	_	_
spirito	spirito	SS	O	_	_
di	di	E	O	_	_
faticosa	faticoso	AS	O	_	_
costanza	costanza	SS	O	_	_
dominerà	dominare	VI	O	_	_
anche	anche	C	O	_	_
la	il	RS	O	_	_
politica	politica	SS	O	_	_
del	di/det	ES	O	_	_
partito	partito	SS	O	_	_
popolare	popolare	AS	O	_	_
.	.	XPS	O	_	_

Non	non	B	O	_	_
noi	noi	PP	O	_	_
cadremo	cadere	VI	O	_	_
in	in	E	O	_	_
braccio	braccio	SS	O	_	_
ad	ad	E	O	_	_
una	uno	RS	O	_	_
politica	politica	SS	O	_	_
che	che	CCHE	O	_	_
sotto	sotto	E	O	_	_
il	il	RS	O	_	_
rumore	rumore	SS	O	_	_
di	di	E	O	_	_
frasi	frase	SP	O	_	_
roboanti	roboante	AP	O	_	_
nasconde	nascondere	VI	O	_	_
la	il	RS	O	_	_
comodità	comodità	SN	O	_	_
e	e	C	O	_	_
la	il	RS	O	_	_
viltà	viltà	SN	O	_	_
dell’	di/det	ES	O	_	_
inerzia	inerzia	SS	O	_	_
;	semicolon	XPS	O	_	_

noi	noi	PP	O	_	_
terremo	tenere	VI	O	_	_
testa	testa	SS	O	_	_
agli	a/det	EP	O	_	_
avversari	avversario	SP	O	_	_
e	e	C	O	_	_
vincitori	vincitore	SP	O	_	_
e	e	C	O	_	_
indietreggianti	indietreggianti	SP	O	_	_
,	comma	XPW	O	_	_
cercheremo	cercare	VI	O	_	_
di	di	E	O	_	_
strappare	strappare	VF	O	_	_
colla	con/det	ES	O	_	_
diuturna	diuturno	AS	O	_	_
fatica	fatica	SS	O	_	_
anche	anche	C	O	_	_
una	uno	RS	O	_	_
minima	minimo	AS	O	_	_
parte	parte	SS	O	_	_
del	di/det	ES	O	_	_
tutto	tutto	PS	O	_	_
che	che	CCHE	O	_	_
è	essere	VI	O	_	_
nostro	nostro	DS	O	_	_
buon	buon	AS	O	_	_
diritto	diritto	SS	O	_	_
,	comma	XPW	O	_	_
una	uno	RS	O	_	_
briciola	briciola	SS	O	_	_
di	di	E	O	_	_
quel	quello	DS	O	_	_
pane	pane	SS	O	_	_
che	che	CCHE	O	_	_
ad	ad	E	O	_	_
altri	altro	DP	O	_	_
viene	venire	VI	O	_	_
largamente	largamente	B	O	_	_
concesso	concesso	AS	O	_	_
.	.	XPS	O	_	_

Sappiamo	sapere	VI	O	_	_
che	che	CCHE	O	_	_
tale	tale	DS	O	_	_
contegno	contegno	SS	O	_	_
non	non	B	O	_	_
piace	piacere	VI	O	_	_
né	né	B	O	_	_
agli	a/det	EP	O	_	_
uni	uni	SP	O	_	_
né	né	B	O	_	_
agli	a/det	EP	O	_	_
altri	altro	PP	O	_	_
:	:	XPS	O	_	_
né	né	B	O	_	_
a	a	E	O	_	_
coloro	colui	PP	O	_	_
cioè	cioe`	B	O	_	_
che	che	CCHE	O	_	_
propugnano	propugnare	VI	O	_	_
senz’	senz'	E	O	_	_
altro	altro	DS	O	_	_
l’	il	RS	O	_	_
opposizione	opposizione	SS	O	_	_
per	per	E	O	_	_
l’	il	RS	O	_	_
opposizione	opposizione	SS	O	_	_
,	comma	XPW	O	_	_
noncuranti	noncuranti	SP	O	_	_
della	di/det	ES	O	_	_
sua	suo	DS	O	_	_
sterilità	sterilità	SN	O	_	_
e	e	C	O	_	_
delle	di/det	EP	O	_	_
urgenze	urgenza	SP	O	_	_
popolari	popolare	AP	O	_	_
,	comma	XPW	O	_	_
né	né	C	O	_	_
a	a	E	O	_	_
coloro	colui	PP	O	_	_
che	che	CCHE	O	_	_
ci	ci	PP	O	_	_
vorrebbero	volere	VI	O	_	_
più	più	B	O	_	_
pieghevoli	pieghevole	AP	O	_	_
inanzi	inanzi	SP	O	_	_
al	a/det	ES	O	_	_
feticcio	feticcio	SS	O	_	_
delle	di/det	EP	O	_	_
cosiddette	cosiddetto	AP	O	_	_
«	«	XPO	O	_	_
ragioni	ragione	SP	O	_	_
di	di	E	O	_	_
stato	stato	SS	O	_	_
»	»	XPO	O	_	_
.	.	XPS	O	_	_

Ci	ci	PP	O	_	_
rincresce	rincrescere	VI	O	_	_
,	comma	XPW	O	_	_
ma	ma	C	O	_	_
il	il	RS	O	_	_
partito	partito	SS	O	_	_
popolare	popolare	AS	O	_	_
non	non	B	O	_	_
intende	intendere	VI	O	_	_
di	di	E	O	_	_
mutar	mutare	VF	O	_	_
metodo	metodo	SS	O	_	_
:	:	XPS	O	_	_
gli	il	RP	O	_	_
interessi	interesse	SP	O	_	_
morali	morale	AP	O	_	_
e	e	C	O	_	_
materiali	materiale	AP	O	_	_
del	di/det	ES	O	_	_
popolo	popolo	SS	O	_	_
e	e	C	O	_	_
del	di/det	ES	O	_	_
Trentino	trentino	SPN	GPE	46.102869	11.12961993
inanzi	inanzi	AS	O	_	_
a	a	E	O	_	_
tutto	tutto	PS	O	_	_
.	.	XPS	O	_	_

Chi	chi	CCHI	O	_	_
li	li	PP	O	_	_
appoggia	appoggiare	VI	O	_	_
e	e	C	O	_	_
quando	quando	CADV	O	_	_
li	li	PP	O	_	_
appoggia	appoggiare	VI	O	_	_
è	essere	VI	O	_	_
nostro	nostro	DS	O	_	_
amico	amico	SS	O	_	_
,	comma	XPW	O	_	_
viceversa	viceversa	B	O	_	_
,	comma	XPW	O	_	_
è	essere	VI	O	_	_
nostro	nostro	DS	O	_	_
avversario	avversario	SS	O	_	_
.	.	XPS	O	_	_

No	no	B	O	_	_
,	comma	XPW	O	_	_
tale	tale	DS	O	_	_
politica	politica	SS	O	_	_
non	non	B	O	_	_
ha	avere	VIY	O	_	_
fatto	fare	VSP	O	_	_
bancarotta	bancarotta	SS	O	_	_
o	o	C	O	_	_
tribuni	tribuno	SP	O	_	_
del	di/det	ES	O	_	_
Popolo	popolo	SPN	O	_	_
;	semicolon	XPS	O	_	_

sarà	essere	VI	O	_	_
la	il	RS	O	_	_
politica	politica	SS	O	_	_
meno	meno	B	O	_	_
facile	facile	AS	O	_	_
,	comma	XPW	O	_	_
non	non	B	O	_	_
sarà	essere	VI	O	_	_
politica	politico	AS	O	_	_
da	da	E	O	_	_
ciarlatani	ciarlatano	SP	O	_	_
,	comma	XPW	O	_	_
ma	ma	C	O	_	_
è	essere	VI	O	_	_
l’	il	RS	O	_	_
unica	unico	AS	O	_	_
politica	politica	SS	O	_	_
reale	reale	AS	O	_	_
possibile	possibile	AS	O	_	_
nel	in/det	ES	O	_	_
nostro	nostro	DS	O	_	_
paese	paese	SS	O	_	_
ed	ed	C	O	_	_
è	essere	VI	O	_	_
quella	quello	PS	O	_	_
che	che	CCHE	O	_	_
finora	finora	B	O	_	_
ci	ci	PP	O	_	_
ha	avere	VIY	O	_	_
recato	recare	VSP	O	_	_
vantaggi	vantaggio	SP	O	_	_
maggiori	maggiore	AP	O	_	_
.	.	XPS	O	_	_

In	in	E	O	_	_
quanto	quanto	B	O	_	_
allo	a/det	ES	O	_	_
Stato	stato	SS	O	_	_
,	comma	XPW	O	_	_
pensino	pensare	VI	O	_	_
i	il	RP	O	_	_
suoi	suo	DP	O	_	_
reggitori	reggitore	SP	O	_	_
se	se	C	O	_	_
la	il	RS	O	_	_
sua	suo	DS	O	_	_
sullodata	sullodato	AS	O	_	_
condotta	condotta	SS	O	_	_
sia	sia	C	O	_	_
atta	atto	AS	O	_	_
a	a	E	O	_	_
cattivargli	cattivargli	VF+E	O	_	_
o	o	C	O	_	_
a	a	E	O	_	_
mantenergli	mantenere/pro	VF+E	O	_	_
gli	il	RP	O	_	_
animi	animo	SP	O	_	_
.	.	XPS	O	_	_

Può	potere	VI	O	_	_
accadere	accadere	VF	O	_	_
,	comma	XPW	O	_	_
lo	lo	PS	O	_	_
concediamo	concedere	VI	O	_	_
,	comma	XPW	O	_	_
che	che	CCHE	O	_	_
il	il	RS	O	_	_
nostro	nostro	DS	O	_	_
partito	partito	SS	O	_	_
in	in	E	O	_	_
mezzo	mezzo	SS	O	_	_
agli	a/det	EP	O	_	_
opposti	opposto	SP	O	_	_
flutti	flutti	AP	O	_	_
–	–	XPO	O	_	_
non	non	B	O	_	_
oggi	oggi	B	O	_	_
,	comma	XPW	O	_	_
che	che	CCHE	O	_	_
non	non	B	O	_	_
ne	ne	PN	O	_	_
ha	avere	VI	O	_	_
voglia	voglia	SS	O	_	_
davvero	davvero	B	O	_	_
,	comma	XPW	O	_	_
ma	ma	C	O	_	_
domani	domani	B	O	_	_
,	comma	XPW	O	_	_
in	in	E	O	_	_
un	uno	RS	O	_	_
avvenire	avvenire	SS	O	_	_
lontano	lontano	AS	O	_	_
,	comma	XPW	O	_	_
soggiaccia	soggiacere	VI	O	_	_
e	e	C	O	_	_
faccia	fare	VI	O	_	_
naufragio	naufragio	SS	O	_	_
.	.	XPS	O	_	_

Nel	in/det	ES	O	_	_
qual	qual	SS	O	_	_
caso	caso	SS	O	_	_
si	rifl	PN	O	_	_
ricordino	ricordare	VI	O	_	_
i	il	RP	O	_	_
governanti	governante	SP	O	_	_
:	:	XPS	O	_	_
aprè	aprè	SS	O	_	_
,	comma	XPW	O	_	_
nous	nous	VI	O	_	_
le	il	RP	O	_	_
de	de	E	O	_	_
luge	luge	SS	O	_	_
"!"	esclamation_mark	XPS	O	_	_

1	1	N	O	_	_
)	close_parenthesis	XPB	O	_	_
L’	il	RS	O	_	_
«	«	XPO	O	_	_
Armeezeitung	armeezeitung	SPN	O	_	_
»	»	XPO	O	_	_
,	comma	XPW	O	_	_
giunta	giungere	VSP	O	_	_
ieri	ieri	B	O	_	_
,	comma	XPW	O	_	_
accenna	accennare	VI	O	_	_
anche	anche	C	O	_	_
alla	a/det	ES	O	_	_
straordinaria	straordinario	AS	O	_	_
importanza	importanza	SS	O	_	_
strategica	strategico	AS	O	_	_
della	di/det	ES	O	_	_
ferrovia	ferrovia	SS	O	_	_
e	e	C	O	_	_
ricorda	ricordare	VI	O	_	_
in	in	E	O	_	_
proposito	proposito	SS	O	_	_
come	come	CADV	O	_	_
per	per	E	O	_	_
suo	suo	DS	O	_	_
mezzo	mezzo	SS	O	_	_
le	il	RP	O	_	_
splendide	splendido	AP	O	_	_
operazioni	operazione	SP	O	_	_
del	di/det	ES	O	_	_
gen.	gen.	SS	O	_	_
Kuhn	kuhn	SPN	PER	_	_
del	di/det	ES	O	_	_
1866	1866	N	O	_	_
riuscirebbero	riuscire	VI	O	_	_
ora	ora	B	O	_	_
di	di	E	O	_	_
gran	grande	AS	O	_	_
lunga	lungo	AS	O	_	_
più	più	B	O	_	_
semplificate	semplificate	AP	O	_	_
.	.	XPS	O	_	_
