# total number of persons:23, total number of gpes:48
Siamo	essere	VI	O	_	_
costretti	costringere	VPP	O	_	_
a	a	E	O	_	_
termini	termine	SP	O	_	_
di	di	E	O	_	_
legge	legge	SS	O	_	_
a	a	E	O	_	_
pubblicare	pubblicare	VF	O	_	_
la	il	RS	O	_	_
seguente	seguente	SS	O	_	_
Rettifica	rettifica	SPN	O	_	_
Non	non	SPN	O	_	_
è	essere	VI	O	_	_
vero	vero	AS	O	_	_
che	che	CCHE	O	_	_
il	il	RS	O	_	_
sig.	sig.	SS	O	_	_
Adone	adone	SPN	PER	_	_
Tomaselli	tomaselli	SPN	PER	_	_
,	comma	XPW	O	_	_
quando	quando	CADV	O	_	_
l’	il	RS	O	_	_
associazione	associazione	SS	O	_	_
nazionale	nazionale	AS	O	_	_
liberale	liberale	AS	O	_	_
lo	lo	PS	O	_	_
proclamò	proclamare	VI	O	_	_
candidato	candidato	SS	O	_	_
,	comma	XPW	O	_	_
abbia	avere	VIY	O	_	_
mandato	mandare	VSP	O	_	_
all’	a/det	ES	O	_	_
Alto	alto	SPN	GPE	46.65596895	11.22964387
Adige	adige	SPN	GPE	46.65596895	11.22964387
una	uno	RS	O	_	_
lettera	lettera	SS	O	_	_
[	open_square_bracket	XPB	O	_	_
sic	sic	AS	O	_	_
]	close_square_bracket	XPB	O	_	_
,	comma	XPW	O	_	_
nella	in/det	ES	O	_	_
quale	quale	PS	O	_	_
avrebbe	avere	VIY	O	_	_
dichiarato	dichiarare	VSP	O	_	_
di	di	E	O	_	_
accettare	accettare	VF	O	_	_
sì	sì	B	O	_	_
l’	il	RS	O	_	_
adesione	adesione	SS	O	_	_
e	e	C	O	_	_
l’	il	RS	O	_	_
appoggio	appoggio	SS	O	_	_
dei	di/det	EP	O	_	_
liberali	liberale	SP	O	_	_
ma	ma	C	O	_	_
di	di	E	O	_	_
non	non	B	O	_	_
essere	essere	VF	O	_	_
del	di/det	ES	O	_	_
programma	programma	SS	O	_	_
del	di/det	ES	O	_	_
partito	partito	SS	O	_	_
liberale	liberale	AS	O	_	_
.	.	XPS	O	_	_

Non	non	B	O	_	_
è	essere	VI	O	_	_
vero	vero	AS	O	_	_
che	che	CCHE	O	_	_
l’	il	RS	O	_	_
Alto	alto	SPN	GPE	46.65596895	11.22964387
Adige	adige	SPN	GPE	46.65596895	11.22964387
non	non	B	O	_	_
abbia	avere	VIY	O	_	_
pubblicata	pubblicare	VSP	O	_	_
la	il	RS	O	_	_
lettera	lettera	SS	O	_	_
e	e	C	O	_	_
ne	ne	PN	O	_	_
abbia	avere	VIY	O	_	_
domandata	domandare	VSP	O	_	_
la	il	RS	O	_	_
modificazione	modificazione	SS	O	_	_
.	.	XPS	O	_	_

Vero	vero	AS	O	_	_
è	essere	VI	O	_	_
invece	invece	B	O	_	_
che	che	CCHE	O	_	_
l’	il	RS	O	_	_
unica	unico	AS	O	_	_
lettera	lettera	SS	O	_	_
che	che	CCHE	O	_	_
l’	il	RS	O	_	_
Alto	alto	SPN	GPE	46.65596895	11.22964387
Adige	adige	SPN	GPE	46.65596895	11.22964387
ebbe	avere	VI	O	_	_
dal	da/det	ES	O	_	_
sig.	sig.	SS	O	_	_
Tomaselli	tomaselli	SPN	PER	_	_
è	essere	VI	O	_	_
quella	quello	PS	O	_	_
che	che	CCHE	O	_	_
è	essere	VIY	O	_	_
stata	essere	VSPY	O	_	_
pubblicata	pubblicare	VSP	O	_	_
nell’	in/det	ES	O	_	_
Alto	alto	SPN	GPE	46.65596895	11.22964387
Adige	adige	SPN	GPE	46.65596895	11.22964387
dei	di/det	EP	O	_	_
5	5	N	O	_	_
aprile	aprile	SS	O	_	_
1907	1907	N	O	_	_
N.	n.	YA	O	_	_
77	77	N	O	_	_
.	.	XPS	O	_	_

Vero	vero	AS	O	_	_
,	comma	XPW	O	_	_
che	che	CCHE	O	_	_
quella	quello	DS	O	_	_
lettera	lettera	SS	O	_	_
non	non	B	O	_	_
contiene	contenere	VI	O	_	_
e	e	C	O	_	_
non	non	B	O	_	_
conteneva	contenere	VI	O	_	_
nemmeno	nemmeno	B	O	_	_
il	il	RS	O	_	_
più	più	B	O	_	_
lontano	lontano	AS	O	_	_
accenno	accenno	SS	O	_	_
alla	a/det	ES	O	_	_
dichiarazione	dichiarazione	SS	O	_	_
,	comma	XPW	O	_	_
della	di/det	ES	O	_	_
quale	quale	PS	O	_	_
è	essere	VIY	O	_	_
detto	dire	VSP	O	_	_
nell’	in/det	ES	O	_	_
articolo	articolo	SS	O	_	_
del	di/det	ES	O	_	_
Trentino	trentino	SPN	GPE	46.102869	11.12961993
.	.	XPS	O	_	_

Vero	vero	AS	O	_	_
,	comma	XPW	O	_	_
che	che	CCHE	O	_	_
nell’	in/det	ES	O	_	_
Alto	alto	SPN	GPE	46.65596895	11.22964387
Adige	adige	SPN	GPE	46.65596895	11.22964387
pubblicò	pubblicare	VI	O	_	_
la	il	RS	O	_	_
lettera	lettera	SS	O	_	_
del	di/det	ES	O	_	_
Tomaselli	tomaselli	SPN	O	_	_
in	in	E	O	_	_
giornata	giornata	SS	O	_	_
tale	tale	AS	O	_	_
e	e	C	O	_	_
quale	quale	DS	O	_	_
essa	essa	PS	O	_	_
gli	gli	PS	O	_	_
pervenne	pervenire	VI	O	_	_
,	comma	XPW	O	_	_
senza	senza	E	O	_	_
chiedere	chiedere	VF	O	_	_
alcuna	alcuno	DS	O	_	_
modificazione	modificazione	SS	O	_	_
e	e	C	O	_	_
senza	senza	C	O	_	_
modificarla	modificare/pro	VF+E	O	_	_
.	.	XPS	O	_	_

Dott.	dott.	SPN	O	_	_
Giuseppe	giuseppe	SPN	PER	_	_
Stefenelli	stefenelli	SPN	PER	_	_
Direttore	direttore	SPN	O	_	_
dell’	di/det	ES	O	_	_
Alto	alto	SPN	GPE	46.65596895	11.22964387
Adige	adige	SPN	GPE	46.65596895	11.22964387
Ora	ora	SPN	O	_	_
vediamo	vedere	VI	O	_	_
un	uno	RS	O	_	_
po’	poco	B	O	_	_
come	come	CADV	O	_	_
sta	stare	VI	O	_	_
la	il	RS	O	_	_
faccenda	faccenda	SS	O	_	_
e	e	C	O	_	_
quanta	quanto	DS	O	_	_
ragione	ragione	SS	O	_	_
abbia	avere	VI	O	_	_
l’	il	RS	O	_	_
Alto	alto	SPN	GPE	46.65596895	11.22964387
Adige	adige	SPN	GPE	46.65596895	11.22964387
di	di	E	O	_	_
pubblicare	pubblicare	VF	O	_	_
a	a	E	O	_	_
caratteri	carattere	SP	O	_	_
di	di	E	O	_	_
scatola	scatola	SS	O	_	_
:	:	XPS	O	_	_
«	«	XPO	O	_	_
Le	il	RP	O	_	_
menzogne	menzogna	SP	O	_	_
della	di/det	ES	O	_	_
V.C.»	v.c.»	SPN	O	_	_
.	.	XPS	O	_	_

Noi	noi	PP	O	_	_
abbiamo	avere	VIY	O	_	_
fatto	fare	VSP	O	_	_
un’	uno	RS	O	_	_
inchiesta	inchiesta	SS	O	_	_
sulla	su/det	ES	O	_	_
storia	storia	SS	O	_	_
della	di/det	ES	O	_	_
candidatura	candidatura	SS	O	_	_
,	comma	XPW	O	_	_
inchiesta	inchiesta	SS	O	_	_
che	che	CCHE	O	_	_
ci	ci	PP	O	_	_
ha	avere	VIY	O	_	_
dato	dare	VSP	O	_	_
frutti	frutto	SP	O	_	_
bastanti	bastante	AP	O	_	_
per	per	E	O	_	_
sostenere	sostenere	VF	O	_	_
le	il	RP	O	_	_
nostre	nostro	DP	O	_	_
affermazioni	affermazione	SP	O	_	_
e	e	C	O	_	_
che	che	CCHE	O	_	_
,	comma	XPW	O	_	_
all’	a/det	ES	O	_	_
occorrenza	occorrenza	SS	O	_	_
sapremo	sapere	VI	O	_	_
continuare	continuare	VF	O	_	_
per	per	E	O	_	_
dimostrare	dimostrare	VF	O	_	_
fino	fino	E	O	_	_
all’	a/det	ES	O	_	_
evidenza	evidenza	SS	O	_	_
le	il	RP	O	_	_
arti	arte	SP	O	_	_
di	di	E	O	_	_
contrabbandare	contrabbandare	VF	O	_	_
il	il	RS	O	_	_
liberalismo	liberalismo	SS	O	_	_
e	e	C	O	_	_
il	il	RS	O	_	_
partito	partito	SS	O	_	_
liberale	liberale	AS	O	_	_
laddove	laddove	B	O	_	_
per	per	E	O	_	_
le	il	RP	O	_	_
sue	suo	DP	O	_	_
dottrine	dottrina	SP	O	_	_
e	e	C	O	_	_
per	per	E	O	_	_
i	il	RP	O	_	_
suoi	suo	DP	O	_	_
demeriti	demerito	SP	O	_	_
non	non	B	O	_	_
passerebbe	passare	VI	O	_	_
assolutamente	assolutamente	B	O	_	_
sotto	sotto	E	O	_	_
la	il	RS	O	_	_
genuina	genuina	SS	O	_	_
marca	marca	AS	O	_	_
di	di	E	O	_	_
fabbrica	fabbrica	SS	O	_	_
.	.	XPS	O	_	_

La	il	RS	O	_	_
candidatura	candidatura	SS	O	_	_
strignata	strignata	VSP	O	_	_
In	in	E	O	_	_
data	data	SS	O	_	_
16	16	N	O	_	_
marzo	marzo	SS	O	_	_
il	il	RS	O	_	_
signor	signore	SS	O	_	_
Luigi	luigi	SPN	PER	_	_
Tiso	tiso	SPN	PER	_	_
,	comma	XPW	O	_	_
capocomune	capocomune	SS	O	_	_
o	o	C	O	_	_
podestà	podestà	SN	O	_	_
di	di	E	O	_	_
Strigno	strigno	SPN	GPE	46.0662811	11.5230469
,	comma	XPW	O	_	_
dirigeva	dirigere	VI	O	_	_
ai	a/det	EP	O	_	_
comuni	comune	SP	O	_	_
di	di	E	O	_	_
tutto	tutto	DS	O	_	_
il	il	RS	O	_	_
collegio	collegio	SS	O	_	_
della	di/det	ES	O	_	_
Valsugana	valsugana	SPN	O	_	_
un	uno	RS	O	_	_
rescritto	rescritto	SS	O	_	_
in	in	E	O	_	_
cui	cui	PN	O	_	_
«	«	XPO	O	_	_
allo	a/det	ES	O	_	_
scopo	scopo	SS	O	_	_
di	di	E	O	_	_
intendersi	intendere/rifl	VF+E	O	_	_
sull’	su/det	ES	O	_	_
elezione	elezione	SS	O	_	_
del	di/det	ES	O	_	_
deputato	deputato	SS	O	_	_
al	a/det	ES	O	_	_
parlamento	parlamento	SS	O	_	_
per	per	E	O	_	_
la	il	RS	O	_	_
Valsugana	valsugana	SPN	O	_	_
»	»	XPO	O	_	_
si	rifl	PN	O	_	_
invitavano	invitare	VI	O	_	_
tutti	tutto	DP	O	_	_
i	il	RP	O	_	_
podestà	podestà	SN	O	_	_
ed	ed	C	O	_	_
i	il	RP	O	_	_
capicomune	capicomune	SP	O	_	_
del	di/det	ES	O	_	_
collegio	collegio	SS	O	_	_
ad	ad	E	O	_	_
un’	uno	RS	O	_	_
adunanza	adunanza	SS	O	_	_
per	per	E	O	_	_
le	il	RP	O	_	_
ore	ora	SP	O	_	_
10	10	N	O	_	_
antim	antim	SP	O	_	_
.	.	XPS	O	_	_

del	di/det	ES	O	_	_
giorno	giorno	SS	O	_	_
23	23	N	O	_	_
marzo	marzo	SS	O	_	_
.	.	XPS	O	_	_

Appena	appena	B	O	_	_
fu	essere	VI	O	_	_
nota	noto	AS	O	_	_
la	il	RS	O	_	_
circolare	circolare	SS	O	_	_
,	comma	XPW	O	_	_
il	il	RS	O	_	_
Trentino	trentino	SPN	GPE	46.102869	11.12961993
rilevò	rilevare	VI	O	_	_
che	che	CCHE	O	_	_
probabilmente	probabilmente	B	O	_	_
si	rifl	PN	O	_	_
tenderebbe	tendere	VI	O	_	_
di	di	E	O	_	_
opporre	opporre	VF	O	_	_
al	a/det	ES	O	_	_
candidato	candidato	SS	O	_	_
del	di/det	ES	O	_	_
partito	partito	SS	O	_	_
popolare	popolare	AS	O	_	_
trentino	trentino	AS	O	_	_
sac	sac	SS	O	_	_
.	.	XPS	O	_	_

d.r	d.r	YA	O	_	_
Guido	guido	SPN	O	_	_
de	de	E	O	_	_
Gentili	gentili	SPN	O	_	_
,	comma	XPW	O	_	_
accettato	accettare	VSP	O	_	_
ad	ad	E	O	_	_
unanimità	unanimità	SN	O	_	_
ancora	ancora	B	O	_	_
in	in	E	O	_	_
febbraio	febbraio	SS	O	_	_
dai	da/det	EP	O	_	_
fiduciari	fiduciario	SP	O	_	_
di	di	E	O	_	_
23	23	N	O	_	_
paesi	paese	SP	O	_	_
radunati	radunare	VPP	O	_	_
a	a	E	O	_	_
Borgo	borgo	SPN	GPE	46.0530009	11.4560213
,	comma	XPW	O	_	_
un	uno	RS	O	_	_
candidato	candidato	SS	O	_	_
che	che	CCHE	O	_	_
fosse	essere	VI	O	_	_
liberale	liberale	AS	O	_	_
sotto	sotto	E	O	_	_
l’	il	RS	O	_	_
apparenza	apparenza	SS	O	_	_
d’	di	E	O	_	_
incolore	incolore	SS	O	_	_
.	.	XPS	O	_	_

Di	di	E	O	_	_
ciò	ciò`	PS	O	_	_
l’	il	RS	O	_	_
organone	organone	SS	O	_	_
liberale	liberale	AS	O	_	_
,	comma	XPW	O	_	_
l’	il	RS	O	_	_
Alto	alto	SPN	GPE	46.65596895	11.22964387
Adige	adige	SPN	GPE	46.65596895	11.22964387
,	comma	XPW	O	_	_
non	non	B	O	_	_
rivelò	rivelare	VI	O	_	_
gran	grande	AS	O	_	_
che	che	CCHE	O	_	_
agli	a/det	EP	O	_	_
elettori	elettore	SP	O	_	_
,	comma	XPW	O	_	_
forse	forse	B	O	_	_
ricordando	ricordare	VG	O	_	_
che	che	CCHE	O	_	_
il	il	RS	O	_	_
signor	signore	SS	O	_	_
proponente	proponente	B	O	_	_
L.	l.	YA	O	_	_
Tiso	tiso	SPN	O	_	_
era	essere	VI	O	_	_
il	il	RS	O	_	_
medesimo	medesimo	SS	O	_	_
che	che	CCHE	O	_	_
aveva	avere	VIY	O	_	_
proposto	proporre	VSP	O	_	_
di	di	E	O	_	_
adornare	adornare	VF	O	_	_
una	uno	RS	O	_	_
colonna	colonna	SS	O	_	_
col	con/det	ES	O	_	_
busto	busto	SS	O	_	_
di	di	E	O	_	_
Andreas	andreas	SPN	PER	_	_
Hofer	hofer	SPN	PER	_	_
,	comma	XPW	O	_	_
meritandosi	meritare/rifl	VG+E	O	_	_
allora	allora	C	O	_	_
le	il	RP	O	_	_
sfuriate	sfuriata	SP	O	_	_
e	e	C	O	_	_
i	il	RP	O	_	_
dileggi	dileggio	SP	O	_	_
di	di	E	O	_	_
tutti	tutto	DP	O	_	_
i	il	RP	O	_	_
nazionali-liberali	nazionali-liberali	SP	O	_	_
.	.	XPS	O	_	_

Si	rifl	PN	O	_	_
buccinava	buccinava	VI	O	_	_
anche	anche	C	O	_	_
che	che	CCHE	O	_	_
il	il	RS	O	_	_
candidato	candidato	SS	O	_	_
in	in	E	O	_	_
pectore	pectore	SS	O	_	_
del	di/det	ES	O	_	_
proponente	proponente	SS	O	_	_
sarebbe	essere	VI	O	_	_
il	il	RS	O	_	_
sig.	sig.	SS	O	_	_
Adone	adone	SPN	PER	_	_
Tomaselli	tomaselli	SPN	PER	_	_
.	.	XPS	O	_	_

Ma	ma	C	O	_	_
tutte	tutto	DP	O	_	_
le	il	RP	O	_	_
ciambelle	ciambella	SP	O	_	_
non	non	B	O	_	_
riescono	riuscire	VI	O	_	_
col	con/det	ES	O	_	_
buco	buco	SS	O	_	_
.	.	XPS	O	_	_

Il	il	RS	O	_	_
convegno	convegno	SS	O	_	_
di	di	E	O	_	_
Strigno	strigno	SPN	GPE	46.0662811	11.5230469
finì	finire	VI	O	_	_
in	in	E	O	_	_
un	uno	RS	O	_	_
solennissimo	solenne	AS	O	_	_
fiasco	fiasco	SS	O	_	_
.	.	XPS	O	_	_

I	il	RP	O	_	_
comuni	comune	SP	O	_	_
della	di/det	ES	O	_	_
Valsugana	valsugana	SPN	O	_	_
si	rifl	PN	O	_	_
rifiutarono	rifiutare	VI	O	_	_
di	di	E	O	_	_
andare	andare	VF	O	_	_
a	a	E	O	_	_
Strigno	strigno	SPN	GPE	46.0662811	11.5230469
a	a	E	O	_	_
prendere	prendere	VF	O	_	_
l’	il	RS	O	_	_
imbeccata	imbeccata	SS	O	_	_
.	.	XPS	O	_	_

La	il	RS	O	_	_
candidatura	candidatura	SS	O	_	_
equivoca	equivocare	VI	O	_	_
Intanto	intanto	B	O	_	_
l’	il	RS	O	_	_
opinione	opinione	SS	O	_	_
pubblica	pubblico	AS	O	_	_
si	rifl	PN	O	_	_
esprimeva	esprimere	VI	O	_	_
favorevole	favorevole	AS	O	_	_
per	per	E	O	_	_
il	il	RS	O	_	_
candidato	candidato	SS	O	_	_
del	di/det	ES	O	_	_
partito	partito	SS	O	_	_
popolare	popolare	AS	O	_	_
sac	sac	AS	O	_	_
.	.	XPS	O	_	_

d.r	d.r	YA	O	_	_
Guido	guido	SPN	O	_	_
de	de	E	O	_	_
Gentili	gentili	SPN	O	_	_
.	.	XPS	O	_	_

Un	uno	RS	O	_	_
riuscito	riuscito	AS	O	_	_
comizio	comizio	SS	O	_	_
a	a	E	O	_	_
Scurelle	scurelle	SPN	GPE	46.064507	11.505688
,	comma	XPW	O	_	_
tenuto	tenere	VSP	O	_	_
ai	a/det	EP	O	_	_
25	25	N	O	_	_
marzo	marzo	SS	O	_	_
,	comma	XPW	O	_	_
gli	gli	PS	O	_	_
guadagnava	guadagnare	VI	O	_	_
le	il	RP	O	_	_
simpatie	simpatia	SP	O	_	_
di	di	E	O	_	_
una	uno	RS	O	_	_
buona	buono	AS	O	_	_
parte	parte	SS	O	_	_
della	di/det	ES	O	_	_
bassa	basso	AS	O	_	_
Valsugana	valsugana	SPN	O	_	_
.	.	XPS	O	_	_

L’	il	RS	O	_	_
Alto	alto	SPN	GPE	46.65596895	11.22964387
Adige	adige	SPN	GPE	46.65596895	11.22964387
diventa	diventare	VI	O	_	_
nervoso	nervoso	AS	O	_	_
e	e	C	O	_	_
nel	in/det	ES	O	_	_
giorno	giorno	SS	O	_	_
seguente	seguente	AS	O	_	_
pubblica	pubblico	AS	O	_	_
:	:	XPS	O	_	_
Il	il	RS	O	_	_
candidato	candidato	SS	O	_	_
della	di/det	ES	O	_	_
Valsugana	valsugana	SPN	O	_	_
(	open_parenthesis	XPB	O	_	_
Alto	alto	SPN	GPE	46.65596895	11.22964387
Adige	adige	SPN	GPE	46.65596895	11.22964387
,	comma	XPW	O	_	_
26-27	26-27	N	O	_	_
marzo	marzo	SS	O	_	_
)	close_parenthesis	XPB	O	_	_
«	«	XPO	O	_	_
Un	uno	RS	O	_	_
telegramma	telegramma	SS	O	_	_
da	da	E	O	_	_
Strigno	strigno	SPN	GPE	46.0662811	11.5230469
ci	ci	B	O	_	_
annunzia	annunziare	VI	O	_	_
che	che	CCHE	O	_	_
il	il	RS	O	_	_
sig.	sig.	SS	O	_	_
Adone	adone	SPN	PER	_	_
Tomaselli	tomaselli	SPN	PER	_	_
,	comma	XPW	O	_	_
dirigente	dirigente	SS	O	_	_
scolastico	scolastico	AS	O	_	_
a	a	E	O	_	_
Strigno	strigno	SPN	GPE	46.0662811	11.5230469
,	comma	XPW	O	_	_
ha	avere	VIY	O	_	_
accettata	accettare	VSP	O	_	_
la	il	RS	O	_	_
candidatura	candidatura	SS	O	_	_
offertagli	offertagli	VSP	O	_	_
dall’	da/det	ES	O	_	_
Associazione	associazione	SS	O	_	_
nazionale-liberale	nazionale-liberale	AS	O	_	_
per	per	E	O	_	_
il	il	RS	O	_	_
collegio	collegio	SS	O	_	_
di	di	E	O	_	_
Levico	levico	SPN	GPE	46.0099722	11.2988278
,	comma	XPW	O	_	_
Borgo	borgo	SPN	GPE	46.0530009	11.4560213
e	e	C	O	_	_
Strigno	strigno	SPN	GPE	46.0662811	11.5230469
.	.	XPS	O	_	_

Ci	ci	PP	O	_	_
consta	constare	VI	O	_	_
pure	pure	B	O	_	_
che	che	CCHE	O	_	_
anche	anche	C	O	_	_
un	uno	RS	O	_	_
partito	partito	SS	O	_	_
di	di	E	O	_	_
carattere	carattere	SS	O	_	_
locale	locale	AS	O	_	_
aveva	avere	VIY	O	_	_
offerta	offrire	VSP	O	_	_
al	a/det	ES	O	_	_
sig.	sig.	SS	O	_	_
Tomaselli	tomaselli	SPN	PER	_	_
la	il	RS	O	_	_
candidatura	candidatura	SS	O	_	_
.	.	XPS	O	_	_

È	essere	VIY	O	_	_
certo	certo	B	O	_	_
a	a	E	O	_	_
ogni	ogni	DS	O	_	_
modo	modo	SS	O	_	_
che	che	CCHE	O	_	_
il	il	RS	O	_	_
nome	nome	SS	O	_	_
del	di/det	ES	O	_	_
sig.	sig.	SS	O	_	_
Tomaselli	tomaselli	SPN	PER	_	_
,	comma	XPW	O	_	_
persona	persona	SS	O	_	_
intelligente	intelligente	AS	O	_	_
ed	ed	C	O	_	_
amante	amante	B	O	_	_
del	di/det	ES	O	_	_
suo	suo	DS	O	_	_
paese	paese	SS	O	_	_
gode	godere	VI	O	_	_
in	in	E	O	_	_
Valsugana	valsugana	SPN	O	_	_
le	il	RP	O	_	_
simpatie	simpatia	SP	O	_	_
generali	generale	AP	O	_	_
»	»	XPO	O	_	_
.	.	XPS	O	_	_

Dunque	dunque	C	O	_	_
non	non	B	O	_	_
si	rifl	PN	O	_	_
trattava	trattare	VI	O	_	_
più	più	B	O	_	_
di	di	E	O	_	_
una	uno	RS	O	_	_
candidatura	candidatura	SS	O	_	_
strignata	strignata	AS	O	_	_
,	comma	XPW	O	_	_
o	o	C	O	_	_
dei	di/det	EP	O	_	_
girovaghi	girovago	SP	O	_	_
,	comma	XPW	O	_	_
ma	ma	C	O	_	_
di	di	E	O	_	_
una	uno	RS	O	_	_
candidatura	candidatura	SS	O	_	_
offerta	offrire	VSP	O	_	_
ed	ed	C	O	_	_
accettata	accettare	VSP	O	_	_
dall’	da/det	ES	O	_	_
Associazione	associazione	SS	O	_	_
nazionaleliberale	nazionaleliberale	AS	O	_	_
.	.	XPS	O	_	_

Tomaselli	tomaselli	SPN	PER	_	_
era	essere	VI	O	_	_
dunque	dunque	C	O	_	_
candidato	candidato	SS	O	_	_
liberale	liberale	AS	O	_	_
"!"	esclamation_mark	XPS	O	_	_

Questo	questo	PS	O	_	_
gli	gli	PS	O	_	_
seccava	seccare	VI	O	_	_
e	e	C	O	_	_
alle	a/det	EP	O	_	_
persone	persona	SP	O	_	_
amiche	amico	AP	O	_	_
punto	punto	SS	O	_	_
liberali	liberale	AP	O	_	_
che	che	CCHE	O	_	_
ne	ne	PN	O	_	_
facevano	fare	VI	O	_	_
le	il	RP	O	_	_
più	più	B	O	_	_
alte	alto	AP	O	_	_
meraviglie	meraviglia	SP	O	_	_
Tomaselli	tomaselli	SPN	PER	_	_
non	non	B	O	_	_
solo	solo	B	O	_	_
smentiva	smentire	VI	O	_	_
d’	di	E	O	_	_
essere	essere	VFY	O	_	_
candidato	candidare	VSP	O	_	_
,	comma	XPW	O	_	_
ma	ma	C	O	_	_
ebbe	avere	VI	O	_	_
a	a	E	O	_	_
fare	fare	VF	O	_	_
delle	di/det	EP	O	_	_
dichiarazioni	dichiarazione	SP	O	_	_
compromettenti	compromettente	AP	O	_	_
.	.	XPS	O	_	_

Non	non	B	O	_	_
ci	ci	PP	O	_	_
smentisca	smentire	VI	O	_	_
l’	il	RS	O	_	_
Alto	alto	SPN	GPE	46.65596895	11.22964387
Adige	adige	SPN	GPE	46.65596895	11.22964387
,	comma	XPW	O	_	_
sarebbe	essere	VI	O	_	_
proprio	proprio	B	O	_	_
inutile	inutile	AS	O	_	_
.	.	XPS	O	_	_

Ci	ci	PP	O	_	_
abbiamo	avere	VI	O	_	_
testimonianze	testimonianza	SP	O	_	_
sicure	sicuro	AP	O	_	_
.	.	XPS	O	_	_

Il	il	RS	O	_	_
giorno	giorno	SS	O	_	_
di	di	E	O	_	_
venerdì	venerdì	SN	O	_	_
santo	santo	AS	O	_	_
,	comma	XPW	O	_	_
ai	a/det	EP	O	_	_
29	29	N	O	_	_
marzo	marzo	SS	O	_	_
,	comma	XPW	O	_	_
vale	valere	VI	O	_	_
a	a	E	O	_	_
dire	dire	VF	O	_	_
il	il	RS	O	_	_
giorno	giorno	SS	O	_	_
dopo	dopo	C	O	_	_
che	che	CCHE	O	_	_
la	il	RS	O	_	_
sua	suo	DS	O	_	_
proclamazione	proclamazione	SS	O	_	_
per	per	E	O	_	_
parte	parte	SS	O	_	_
dell’	di/det	ES	O	_	_
Associazione	associazione	SS	O	_	_
liberale	liberale	AS	O	_	_
era	essere	VIY	O	_	_
giunta	giungere	VSP	O	_	_
a	a	E	O	_	_
Strigno	strigno	SPN	GPE	46.0662811	11.5230469
coll’	con/det	ES	O	_	_
Alto	alto	SPN	GPE	46.65596895	11.22964387
Adige	adige	SPN	GPE	46.65596895	11.22964387
il	il	RS	O	_	_
Tomaselli	tomaselli	SPN	PER	_	_
dichiara	dichiarare	VI	O	_	_
a	a	E	O	_	_
persona	persona	SS	O	_	_
che	che	CCHE	O	_	_
gli	gli	PS	O	_	_
faceva	fare	VI	O	_	_
rimprovero	rimprovero	SS	O	_	_
d’	di	E	O	_	_
essere	essere	VFY	O	_	_
candidato	candidare	VSP	O	_	_
del	di/det	ES	O	_	_
partito	partito	SS	O	_	_
liberale	liberale	AS	O	_	_
non	non	B	O	_	_
essere	essere	VF	O	_	_
ciò	ciò	B	O	_	_
esatto	esigere	VSP	O	_	_
in	in	E	O	_	_
quanto	quanto	B	O	_	_
ché	ché	B	O	_	_
egli	egli	PS	O	_	_
accettava	accettare	VI	O	_	_
l’	il	RS	O	_	_
adesione	adesione	SS	O	_	_
e	e	C	O	_	_
l’	il	RS	O	_	_
appoggio	appoggio	SS	O	_	_
del	di/det	ES	O	_	_
partito	partito	SS	O	_	_
liberale	liberale	AS	O	_	_
ma	ma	C	O	_	_
non	non	B	O	_	_
il	il	RS	O	_	_
suo	suo	DS	O	_	_
programma	programma	SS	O	_	_
,	comma	XPW	O	_	_
esser	esser	YF	O	_	_
lui	lui	PS	O	_	_
un	uno	RS	O	_	_
candidato	candidato	SS	O	_	_
di	di	E	O	_	_
Valsugana	valsugana	SPN	O	_	_
e	e	C	O	_	_
basta	bastare	VI	O	_	_
.	.	XPS	O	_	_

E	e	C	O	_	_
a	a	E	O	_	_
chi	chi	CCHI	O	_	_
gli	gli	PS	O	_	_
obiettava	obiettare	VI	O	_	_
che	che	CCHE	O	_	_
l’	il	RS	O	_	_
Alto	alto	SPN	GPE	46.65596895	11.22964387
Adige	adige	SPN	GPE	46.65596895	11.22964387
aveva	avere	VIY	O	_	_
pubblicato	pubblicare	VSP	O	_	_
oramai	oramai	B	O	_	_
la	il	RS	O	_	_
sua	suo	DS	O	_	_
candidatura	candidatura	SS	O	_	_
come	come	CADV	O	_	_
del	di/det	ES	O	_	_
partito	partito	SS	O	_	_
liberale	liberale	AS	O	_	_
,	comma	XPW	O	_	_
egli	egli	PS	O	_	_
rispose	rispondere	VI	O	_	_
d’	di	E	O	_	_
aver	avere	VFY	O	_	_
mandato	mandare	VSP	O	_	_
all’	a/det	ES	O	_	_
Alto	alto	SPN	GPE	46.65596895	11.22964387
Adige	adige	SPN	GPE	46.65596895	11.22964387
una	uno	RS	O	_	_
rettifica	rettifica	SS	O	_	_
nel	in/det	ES	O	_	_
senso	senso	SS	O	_	_
suesposto	suesposto	AS	O	_	_
.	.	XPS	O	_	_

Ad	ad	E	O	_	_
un’	uno	RS	O	_	_
altra	altro	DS	O	_	_
persona	persona	SS	O	_	_
,	comma	XPW	O	_	_
all’	a/det	ES	O	_	_
indomani	indomani	SS	O	_	_
della	di/det	ES	O	_	_
pubblicazione	pubblicazione	SS	O	_	_
della	di/det	ES	O	_	_
candidatura	candidatura	SS	O	_	_
sulle	su/det	EP	O	_	_
colonne	colonna	SP	O	_	_
dell’	di/det	ES	O	_	_
Alto	alto	SPN	GPE	46.65596895	11.22964387
Adige	adige	SPN	GPE	46.65596895	11.22964387
dichiarava	dichiarare	VI	O	_	_
di	di	E	O	_	_
non	non	B	O	_	_
garbargli	garbare/pro	VF+E	O	_	_
il	il	RS	O	_	_
modo	modo	SS	O	_	_
della	di/det	ES	O	_	_
proclamazione	proclamazione	SS	O	_	_
fatta	fare	VSP	O	_	_
dall’	da/det	ES	O	_	_
Alto	alto	SPN	GPE	46.65596895	11.22964387
Adige	adige	SPN	GPE	46.65596895	11.22964387
e	e	C	O	_	_
di	di	E	O	_	_
averne	avere/part	VF+E	O	_	_
chiesta	chiesta	SS	O	_	_
rettifica	rettifica	AS	O	_	_
.	.	XPS	O	_	_

Ma	ma	C	O	_	_
l’	il	RS	O	_	_
Alto	alto	SPN	GPE	46.65596895	11.22964387
Adige	adige	SPN	GPE	46.65596895	11.22964387
ci	ci	PP	O	_	_
smentisce	smentire	VI	O	_	_
.	.	XPS	O	_	_

Chi	chi	CCHI	O	_	_
è	essere	VI	O	_	_
il	il	RS	O	_	_
bugiardo	bugiardo	SS	O	_	_
?	?	XPS	O	_	_

Forse	forse	B	O	_	_
nessuno	nessuno	PS	O	_	_
,	comma	XPW	O	_	_
perché	perché	C	O	_	_
l’	il	RS	O	_	_
Alto	alto	SPN	GPE	46.65596895	11.22964387
Adige	adige	SPN	GPE	46.65596895	11.22964387
si	rifl	PN	O	_	_
serve	servire	VI	O	_	_
di	di	E	O	_	_
un	uno	RS	O	_	_
tric	tric	SS	O	_	_
spesso	spesso	AS	O	_	_
in	in	E	O	_	_
uso	uso	SS	O	_	_
nelle	in/det	EP	O	_	_
rettifiche	rettifica	SP	O	_	_
.	.	XPS	O	_	_

Ci	ci	PP	O	_	_
può	potere	VI	O	_	_
smentire	smentire	VF	O	_	_
nella	in/det	ES	O	_	_
forma	forma	SS	O	_	_
ma	ma	C	O	_	_
non	non	B	O	_	_
nella	in/det	ES	O	_	_
sostanza	sostanza	SS	O	_	_
.	.	XPS	O	_	_

Può	potere	VI	O	_	_
essere	essere	VF	O	_	_
che	che	CCHE	O	_	_
la	il	RS	O	_	_
dichiarazione	dichiarazione	SS	O	_	_
del	di/det	ES	O	_	_
Tomaselli	tomaselli	SPN	O	_	_
non	non	B	O	_	_
sia	essere	VIY	O	_	_
stata	essere	VSPY	O	_	_
indirizzata	indirizzare	VSP	O	_	_
direttamente	direttamente	B	O	_	_
alla	a/det	ES	O	_	_
redazione	redazione	SS	O	_	_
dell’	di/det	ES	O	_	_
Alto	alto	SPN	GPE	46.65596895	11.22964387
Adige	adige	SPN	GPE	46.65596895	11.22964387
ma	ma	C	O	_	_
indirettamente	indirettamente	B	O	_	_
.	.	XPS	O	_	_

Infatti	infatti	C	O	_	_
sappiamo	sapere	VI	O	_	_
che	che	CCHE	O	_	_
un	uno	RS	O	_	_
maestro	maestro	SS	O	_	_
di	di	E	O	_	_
Trento	trento	SPN	GPE	46.0664228	11.1257601
diresse	dirigere	VI	O	_	_
in	in	E	O	_	_
proposito	proposito	SS	O	_	_
al	a/det	ES	O	_	_
Tomaselli	tomaselli	SPN	PER	_	_
una	uno	RS	O	_	_
cartolina	cartolina	SS	O	_	_
in	in	E	O	_	_
cui	cui	PN	O	_	_
era	essere	VI	O	_	_
detto	dire	VSP	O	_	_
che	che	CCHE	O	_	_
la	il	RS	O	_	_
dichiarazione	dichiarazione	SS	O	_	_
Tomaselli	tomaselli	SPN	PER	_	_
verrebbe	venire	VI	O	_	_
l’	il	RS	O	_	_
indomani	indomani	SS	O	_	_
pubblicata	pubblicare	VSP	O	_	_
dall’	da/det	ES	O	_	_
Alto	alto	SPN	GPE	46.65596895	11.22964387
Adige	adige	SPN	GPE	46.65596895	11.22964387
e	e	C	O	_	_
la	il	RS	O	_	_
dichiarazione	dichiarazione	SS	O	_	_
doveva	dovere	VI	O	_	_
,	comma	XPW	O	_	_
a	a	E	O	_	_
detta	detta	SS	O	_	_
del	di/det	ES	O	_	_
Tomaselli	tomaselli	SPN	O	_	_
stesso	stesso	DS	O	_	_
,	comma	XPW	O	_	_
suonare	suonare	VF	O	_	_
sempre	sempre	B	O	_	_
nel	in/det	ES	O	_	_
senso	senso	SS	O	_	_
su	su	E	O	_	_
espresso	espresso	SS	O	_	_
.	.	XPS	O	_	_

Vedendo	vedere	VG	O	_	_
poi	poi	B	O	_	_
che	che	CCHE	O	_	_
la	il	RS	O	_	_
dichiarazione	dichiarazione	SS	O	_	_
in	in	E	O	_	_
realtà	realtà	SN	O	_	_
non	non	B	O	_	_
compariva	compariva	AS	O	_	_
,	comma	XPW	O	_	_
si	rifl	PN	O	_	_
chiese	chiedere	VI	O	_	_
al	a/det	ES	O	_	_
Tomaselli	tomaselli	SPN	PER	_	_
.	.	XPS	O	_	_

E	e	C	O	_	_
la	il	RS	O	_	_
dichiarazione	dichiarazione	SS	O	_	_
?	?	XPS	O	_	_

Al	a/det	ES	O	_	_
che	che	CCHE	O	_	_
egli	egli	PS	O	_	_
rispose	rispondere	VI	O	_	_
che	che	CCHE	O	_	_
gli	gli	PS	O	_	_
erano	essere	VIY	O	_	_
state	essere	VPPY	O	_	_
chieste	chiedere	VPP	O	_	_
delle	di/det	EP	O	_	_
modificazioni	modificazione	SP	O	_	_
ed	ed	C	O	_	_
aver	avere	VFY	O	_	_
scritto	scrivere	VSP	O	_	_
che	che	CCHE	O	_	_
modificassero	modificare	VI	O	_	_
pure	pure	B	O	_	_
,	comma	XPW	O	_	_
ma	ma	C	O	_	_
che	che	CCHE	O	_	_
lasciassero	lasciare	VI	O	_	_
intatta	intatto	AS	O	_	_
la	il	RS	O	_	_
sostanza	sostanza	SS	O	_	_
.	.	XPS	O	_	_

Pertanto	pertanto	C	O	_	_
l’	il	RS	O	_	_
organo	organo	SS	O	_	_
del	di/det	ES	O	_	_
partito	partito	SS	O	_	_
liberale	liberale	AS	O	_	_
pubblicava	pubblicare	VI	O	_	_
ai	a/det	EP	O	_	_
2-3	2-3	N	O	_	_
aprile	aprile	SS	O	_	_
la	il	RS	O	_	_
proclamazione	proclamazione	SS	O	_	_
ufficiale	ufficiale	AS	O	_	_
del	di/det	ES	O	_	_
Tomaselli	tomaselli	SPN	O	_	_
per	per	E	O	_	_
parte	parte	SS	O	_	_
dell’	di/det	ES	O	_	_
associazione	associazione	SS	O	_	_
liberale	liberale	AS	O	_	_
nazionale	nazionale	AS	O	_	_
.	.	XPS	O	_	_

Ecco	ecco	B	O	_	_
come	come	CADV	O	_	_
suona	suonare	VI	O	_	_
(	open_parenthesis	XPB	O	_	_
Alto	alto	SPN	GPE	46.65596895	11.22964387
Adige	adige	SPN	GPE	46.65596895	11.22964387
,	comma	XPW	O	_	_
2-3	2-3	N	O	_	_
aprile	aprile	SS	O	_	_
)	close_parenthesis	XPB	O	_	_
:	:	XPS	O	_	_
Il	il	RS	O	_	_
candidato	candidato	SS	O	_	_
per	per	E	O	_	_
il	il	RS	O	_	_
collegio	collegio	SS	O	_	_
Levico	levico	SPN	O	_	_
Strigno	strigno	SPN	GPE	46.0662811	11.5230469
-	-	XPO	O	_	_
Borgo	borgo	SPN	GPE	46.0530009	11.4560213
La	il	RS	O	_	_
sottoscritta	sottoscritto	AS	O	_	_
Direzione	direzione	SS	O	_	_
,	comma	XPW	O	_	_
in	in	E	O	_	_
base	base	SS	O	_	_
all’	a/det	ES	O	_	_
autorizzazione	autorizzazione	SS	O	_	_
impartitale	impartitale	AS	O	_	_
dall’	da/det	ES	O	_	_
assemblea	assemblea	SS	O	_	_
sociale	sociale	AS	O	_	_
tenuta	tenere	VSP	O	_	_
in	in	E	O	_	_
Rovereto	rovereto	SPN	GPE	45.8915375	11.0384953
il	il	RS	O	_	_
24	24	N	O	_	_
marzo	marzo	SS	O	_	_
p.	p.	YA	O	_	_
p.	p.	YA	O	_	_
sopra	sopra	E	O	_	_
unanime	unanime	AP	O	_	_
proposta	proposta	SS	O	_	_
dei	di/det	EP	O	_	_
fiduciari	fiduciario	SP	O	_	_
,	comma	XPW	O	_	_
del	di/det	ES	O	_	_
collegio	collegio	SS	O	_	_
,	comma	XPW	O	_	_
per	per	E	O	_	_
il	il	RS	O	_	_
collegio	collegio	SS	O	_	_
elettorale	elettorale	AS	O	_	_
di	di	E	O	_	_
Levico	levico	SPN	GPE	46.0099722	11.2988278
proclama	proclamare	VI	O	_	_
come	come	CADV	O	_	_
candidato	candidato	SS	O	_	_
per	per	E	O	_	_
la	il	RS	O	_	_
deputazione	deputazione	SS	O	_	_
al	a/det	ES	O	_	_
parlamento	parlamento	SS	O	_	_
il	il	RS	O	_	_
sig.	sig.	SS	O	_	_
Tomaselli	tomaselli	SPN	PER	_	_
maestro	maestro	SS	O	_	_
e	e	C	O	_	_
dirigente	dirigente	SS	O	_	_
a	a	E	O	_	_
Strigno	strigno	SPN	GPE	46.0662811	11.5230469
e	e	C	O	_	_
raccomanda	raccomandare	VI	O	_	_
vivamente	vivamente	B	O	_	_
a	a	E	O	_	_
tutti	tutto	DP	O	_	_
i	il	RP	O	_	_
consenzienti	consenzienti	SP	O	_	_
del	di/det	ES	O	_	_
collegio	collegio	SS	O	_	_
di	di	E	O	_	_
cooperare	cooperare	VF	O	_	_
per	per	E	O	_	_
la	il	RS	O	_	_
sua	suo	DS	O	_	_
elezione	elezione	SS	O	_	_
.	.	XPS	O	_	_

Trento	trento	SPN	O	_	_
,	comma	XPW	O	_	_
1	1	N	O	_	_
aprile	aprile	SS	O	_	_
1907	1907	N	O	_	_
La	il	RS	O	_	_
Direzione	direzione	SS	O	_	_
dell’	di/det	ES	O	_	_
Associazione	associazione	SS	O	_	_
politica	politico	AS	O	_	_
nazionale	nazionale	AS	O	_	_
liberale	liberale	AS	O	_	_
.	.	XPS	O	_	_

Fu	fu	SPN	O	_	_
notato	notare	VSP	O	_	_
che	che	CCHE	O	_	_
questa	questo	DS	O	_	_
proclamazione	proclamazione	SS	O	_	_
ufficiale	ufficiale	AS	O	_	_
evita	evitare	VI	O	_	_
tanto	tanto	B	O	_	_
nel	in/det	ES	O	_	_
titolo	titolo	SS	O	_	_
come	come	CADV	O	_	_
nel	in/det	ES	O	_	_
contesto	contesto	SS	O	_	_
l’	il	RS	O	_	_
epiteto	epiteto	SS	O	_	_
di	di	E	O	_	_
candidato	candidato	SS	O	_	_
liberale	liberale	AS	O	_	_
e	e	C	O	_	_
che	che	CCHE	O	_	_
si	rifl	PN	O	_	_
parla	parlare	VI	O	_	_
semplicemente	semplicemente	B	O	_	_
del	di/det	ES	O	_	_
candidato	candidato	SS	O	_	_
della	di/det	ES	O	_	_
Valsugana	valsugana	SPN	O	_	_
mentre	mentre	C	O	_	_
invece	invece	B	O	_	_
la	il	RS	O	_	_
proclamazione	proclamazione	SS	O	_	_
degli	di/det	EP	O	_	_
altri	altro	DP	O	_	_
candidati	candidato	SP	O	_	_
si	rifl	PN	O	_	_
fece	fare	VI	O	_	_
con	con	E	O	_	_
tanto	tanto	B	O	_	_
di	di	E	O	_	_
marca	marca	SS	O	_	_
Partito	partito	SS	O	_	_
nazionale-liberale	nazionale-liberale	AS	O	_	_
e	e	C	O	_	_
anche	anche	C	O	_	_
dei	di/det	EP	O	_	_
due	due	N	O	_	_
candidati	candidato	SP	O	_	_
venuti	venire	VPP	O	_	_
dopo	dopo	E	O	_	_
Vanzetta	vanzetta	SPN	PER	_	_
e	e	C	O	_	_
d.r	d.r	YA	O	_	_
Baroni	baroni	SPN	O	_	_
si	rifl	PN	O	_	_
stampò	stampare	VI	O	_	_
tanto	tanto	B	O	_	_
di	di	E	O	_	_
I	il	RP	O	_	_
candidati	candidato	SP	O	_	_
liberali	liberale	AP	O	_	_
nazionali	nazionale	AP	O	_	_
di	di	E	O	_	_
.	.	XPS	O	_	_

.	.	XPS	O	_	_

.	.	XPS	O	_	_

e	e	C	O	_	_
il	il	RS	O	_	_
testo	testo	SS	O	_	_
suonava	suonare	VI	O	_	_
con	con	E	O	_	_
evidente	evidente	AS	O	_	_
differenza	differenza	SS	O	_	_
da	da	E	O	_	_
quello	quello	PS	O	_	_
della	di/det	ES	O	_	_
Valsugana	valsugana	SPN	O	_	_
:	:	XPS	O	_	_
«	«	XPO	O	_	_
In	in	E	O	_	_
base	base	SS	O	_	_
ecc.	ecc.	YA	O	_	_
ecc.	ecc.	YA	O	_	_
la	il	RS	O	_	_
sottoscritta	sottoscritta	SS	O	_	_
direzione	direzione	SS	O	_	_
,	comma	XPW	O	_	_
proclama	proclamare	VI	O	_	_
come	come	CADV	O	_	_
candidato	candidato	SS	O	_	_
del	di/det	ES	O	_	_
partito	partito	SS	O	_	_
nazionale	nazionale	AS	O	_	_
liberale	liberale	AS	O	_	_
per	per	E	O	_	_
la	il	RS	O	_	_
deputazione	deputazione	SS	O	_	_
al	a/det	ES	O	_	_
Parlamento	parlamento	SS	O	_	_
i	il	RP	O	_	_
signori	signore	SP	O	_	_
ecc.».	ecc.».	SPN	O	_	_
In	in	E	O	_	_
tal	tale	AS	O	_	_
modo	modo	SS	O	_	_
si	rifl	PN	O	_	_
sparse	spargere	VI	O	_	_
per	per	E	O	_	_
la	il	RS	O	_	_
bassa	basso	AS	O	_	_
Valsugana	valsugana	SPN	O	_	_
l’	il	RS	O	_	_
equivoco	equivoco	SS	O	_	_
che	che	CCHE	O	_	_
Tomaselli	tomaselli	SPN	PER	_	_
fosse	essere	VI	O	_	_
non	non	B	O	_	_
il	il	RS	O	_	_
candidato	candidato	SS	O	_	_
del	di/det	ES	O	_	_
partito	partito	SS	O	_	_
liberale	liberale	AS	O	_	_
ma	ma	C	O	_	_
un	uno	RS	O	_	_
candidato	candidato	SS	O	_	_
omnibus	omnibus	AS	O	_	_
,	comma	XPW	O	_	_
per	per	E	O	_	_
tutti	tutto	PP	O	_	_
i	il	RP	O	_	_
gusti	gusto	SP	O	_	_
e	e	C	O	_	_
per	per	E	O	_	_
tutte	tutto	DP	O	_	_
le	il	RP	O	_	_
tendenze	tendenza	SP	O	_	_
,	comma	XPW	O	_	_
così	così	B	O	_	_
gli	il	RP	O	_	_
strignati	strignati	SP	O	_	_
poterono	potere	VI	O	_	_
dichiarare	dichiarare	VF	O	_	_
di	di	E	O	_	_
averlo	avere/pro	VF+E	O	_	_
fatto	fare	VSP	O	_	_
loro	loro	PP	O	_	_
il	il	RS	O	_	_
proprio	proprio	DS	O	_	_
candidato	candidato	SS	O	_	_
ed	ed	C	O	_	_
attizzare	attizzare	VF	O	_	_
lo	il	RS	O	_	_
spirito	spirito	SS	O	_	_
del	di/det	ES	O	_	_
campanile	campanile	SS	O	_	_
contro	contro	E	O	_	_
il	il	RS	O	_	_
candidato	candidato	SS	O	_	_
del	di/det	ES	O	_	_
partito	partito	SS	O	_	_
popolare	popolare	AS	O	_	_
.	.	XPS	O	_	_

Intanto	intanto	B	O	_	_
il	il	RS	O	_	_
Trentino	trentino	SPN	GPE	46.102869	11.12961993
dava	dare	VI	O	_	_
l’	il	RS	O	_	_
allarme	allarme	SS	O	_	_
circa	circa	B	O	_	_
l’	il	RS	O	_	_
equivoco	equivoco	SS	O	_	_
.	.	XPS	O	_	_

Ai	a/det	EP	O	_	_
5	5	N	O	_	_
finalmente	finalmente	B	O	_	_
l’	il	RS	O	_	_
Alto	alto	SPN	GPE	46.65596895	11.22964387
Adige	adige	SPN	GPE	46.65596895	11.22964387
pubblicava	pubblicare	VI	O	_	_
una	uno	RS	O	_	_
dichiarazione	dichiarazione	SS	O	_	_
del	di/det	ES	O	_	_
Tomaselli	tomaselli	SPN	O	_	_
in	in	E	O	_	_
cui	cui	PN	O	_	_
questi	questo	PP	O	_	_
polemizzando	polemizzare	VG	O	_	_
col	con/det	ES	O	_	_
Trentino	trentino	SPN	GPE	46.102869	11.12961993
ed	ed	C	O	_	_
evitando	evitare	VG	O	_	_
di	di	E	O	_	_
rispondere	rispondere	VF	O	_	_
alle	a/det	EP	O	_	_
questioni	questione	SP	O	_	_
principali	principale	AP	O	_	_
ch’	che	CCHE	O	_	_
egli	egli	PS	O	_	_
chiama	chiamare	VI	O	_	_
«	«	XPO	O	_	_
insinuazioni	insinuazione	SP	O	_	_
»	»	XPO	O	_	_
,	comma	XPW	O	_	_
vuol	volere	VI	O	_	_
provare	provare	VF	O	_	_
che	che	CCHE	O	_	_
i	il	RP	O	_	_
liberali	liberale	SP	O	_	_
scegliendo	scegliere	VG	O	_	_
come	come	CADV	O	_	_
loro	loro	PP	O	_	_
candidato	candidare	VSP	O	_	_
un	uno	RS	O	_	_
maestro	maestro	SS	O	_	_
ed	ed	C	O	_	_
appoggiando	appoggiare	VG	O	_	_
un’	uno	RS	O	_	_
idea	idea	SS	O	_	_
già	già	B	O	_	_
diffusa	diffuso	AS	O	_	_
nel	in/det	ES	O	_	_
distretto	distretto	SS	O	_	_
non	non	B	O	_	_
hanno	avere	VIY	O	_	_
fatto	fare	VSP	O	_	_
cosa	cosa	SS	O	_	_
da	da	E	O	_	_
meritare	meritare	VF	O	_	_
la	il	RS	O	_	_
commiserazione	commiserazione	SS	O	_	_
del	di/det	ES	O	_	_
Trentino	trentino	SPN	GPE	46.102869	11.12961993
.	.	XPS	O	_	_

La	il	RS	O	_	_
dichiarazione	dichiarazione	SS	O	_	_
molto	molto	B	O	_	_
evasiva	evasivo	AS	O	_	_
dice	dire	VI	O	_	_
poco	poco	B	O	_	_
.	.	XPS	O	_	_

L’	il	RS	O	_	_
Alto	alto	SPN	GPE	46.65596895	11.22964387
Adige	adige	SPN	GPE	46.65596895	11.22964387
sostiene	sostenere	VI	O	_	_
che	che	CCHE	O	_	_
è	essere	VI	O	_	_
l’	il	RS	O	_	_
unica	unico	AS	O	_	_
dichiarazione	dichiarazione	SS	O	_	_
mandatagli	mandatagli	VSP	O	_	_
dal	da/det	ES	O	_	_
Tomaselli	tomaselli	SPN	PER	_	_
.	.	XPS	O	_	_

Si	rifl	PN	O	_	_
sbaglia	sbagliare	VI	O	_	_
.	.	XPS	O	_	_

Avendo	avere	VG	O	_	_
il	il	RS	O	_	_
Trentino	trentino	SPN	GPE	46.102869	11.12961993
ai	a/det	EP	O	_	_
5	5	N	O	_	_
di	di	E	O	_	_
aprile	aprile	SS	O	_	_
reso	rendere	VSP	O	_	_
di	di	E	O	_	_
pubblica	pubblico	AS	O	_	_
ragione	ragione	SS	O	_	_
che	che	CCHE	O	_	_
gli	il	RP	O	_	_
avvisi	avviso	SP	O	_	_
per	per	E	O	_	_
le	il	RP	O	_	_
conferenze	conferenza	SP	O	_	_
Tomaselli	tomaselli	SPN	PER	_	_
in	in	E	O	_	_
Tesino	tesino	SPN	O	_	_
non	non	B	O	_	_
portavano	portare	VI	O	_	_
la	il	RS	O	_	_
qualifica	qualifica	SS	O	_	_
di	di	E	O	_	_
candidato	candidato	SS	O	_	_
liberale	liberale	AS	O	_	_
,	comma	XPW	O	_	_
il	il	RS	O	_	_
Tomaselli	tomaselli	SPN	PER	_	_
mandò	mandare	VI	O	_	_
all’	a/det	ES	O	_	_
Alto	alto	SPN	GPE	46.65596895	11.22964387
Adige	adige	SPN	GPE	46.65596895	11.22964387
una	uno	RS	O	_	_
seconda	secondo	AS	O	_	_
dichiarazione	dichiarazione	SS	O	_	_
in	in	E	O	_	_
data	data	SS	O	_	_
Strigno	strigno	SPN	GPE	46.0662811	11.5230469
5	5	N	O	_	_
nella	in/det	ES	O	_	_
quale	quale	PS	O	_	_
dichiara	dichiarare	VI	O	_	_
che	che	CCHE	O	_	_
l’	il	RS	O	_	_
omissione	omissione	SS	O	_	_
nei	in/det	EP	O	_	_
manifesti	manifesto	SP	O	_	_
dipendeva	dipendere	VI	O	_	_
da	da	E	O	_	_
un	uno	RS	O	_	_
errore	errore	SS	O	_	_
del	di/det	ES	O	_	_
proto	proto	SS	O	_	_
.	.	XPS	O	_	_

La	il	RS	O	_	_
candidatura	candidatura	SS	O	_	_
liberale	liberale	AS	O	_	_
Così	così	SPN	O	_	_
fra	fra	E	O	_	_
polemiche	polemica	SP	O	_	_
e	e	C	O	_	_
dichiarazioni	dichiarazione	SP	O	_	_
Tomaselli	tomaselli	SPN	PER	_	_
ebbe	avere	VI	O	_	_
finalmente	finalmente	B	O	_	_
la	il	RS	O	_	_
sua	suo	DS	O	_	_
etichetta	etichetta	SS	O	_	_
e	e	C	O	_	_
la	la	PS	O	_	_
mantiene	mantenere	VI	O	_	_
tutt’	tutt’	AS	O	_	_
ora	ora	SS	O	_	_
.	.	XPS	O	_	_

Ma	ma	C	O	_	_
solo	solo	B	O	_	_
l’	il	RS	O	_	_
etichetta	etichetta	SS	O	_	_
,	comma	XPW	O	_	_
che	che	CCHE	O	_	_
il	il	RS	O	_	_
suo	suo	DS	O	_	_
discorso	discorso	SS	O	_	_
programma	programma	SS	O	_	_
nella	in/det	ES	O	_	_
Bassa	bassa	SPN	O	_	_
Valsugana	valsugana	SPN	O	_	_
,	comma	XPW	O	_	_
non	non	B	O	_	_
toccò	toccare	VI	O	_	_
il	il	RS	O	_	_
nome	nome	SS	O	_	_
di	di	E	O	_	_
liberale	liberale	SS	O	_	_
che	che	CCHE	O	_	_
per	per	E	O	_	_
rinnegarlo	rinnegare/pro	VF+E	O	_	_
subito	subito	B	O	_	_
dopo	dopo	E	O	_	_
con	con	E	O	_	_
altre	altro	DP	O	_	_
dichiarazioni	dichiarazione	SP	O	_	_
più	più	B	O	_	_
sostanziali	sostanziale	AP	O	_	_
.	.	XPS	O	_	_

Forse	forse	B	O	_	_
nella	in/det	ES	O	_	_
Valsugana	valsugana	SPN	O	_	_
alta	alto	AS	O	_	_
riterrà	ritenere	VI	O	_	_
inutili	inutile	AP	O	_	_
simili	simile	AP	O	_	_
riserve	riserva	SP	O	_	_
e	e	C	O	_	_
l’	il	RS	O	_	_
evoluzione	evoluzione	SS	O	_	_
si	rifl	PN	O	_	_
compirà	compire	VI	O	_	_
anche	anche	C	O	_	_
nella	in/det	ES	O	_	_
sostanza	sostanza	SS	O	_	_
.	.	XPS	O	_	_

Il	il	RS	O	_	_
caso	caso	SS	O	_	_
è	essere	VI	O	_	_
però	però	C	O	_	_
caratteristico	caratteristico	AS	O	_	_
per	per	E	O	_	_
il	il	RS	O	_	_
contrabbando	contrabbando	SS	O	_	_
del	di/det	ES	O	_	_
partito	partito	SS	O	_	_
liberale	liberale	AS	O	_	_
che	che	CCHE	O	_	_
cerca	cercare	VI	O	_	_
voti	voto	SP	O	_	_
non	non	B	O	_	_
in	in	E	O	_	_
nome	nome	SS	O	_	_
del	di/det	ES	O	_	_
suo	suo	DS	O	_	_
programma	programma	SS	O	_	_
ma	ma	C	O	_	_
per	per	E	O	_	_
punti	punto	SP	O	_	_
di	di	E	O	_	_
vista	vista	SS	O	_	_
locale	locale	AS	O	_	_
e	e	C	O	_	_
da	da	E	O	_	_
gente	gente	SS	O	_	_
che	che	CCHE	O	_	_
d’	di	E	O	_	_
altronde	altronde	B	O	_	_
del	di/det	ES	O	_	_
liberalismo	liberalismo	SS	O	_	_
non	non	B	O	_	_
ne	ne	PN	O	_	_
vogliono	volere	VI	O	_	_
sapere	sapere	VF	O	_	_
.	.	XPS	O	_	_

Il	il	RS	O	_	_
caso	caso	SS	O	_	_
è	essere	VI	O	_	_
anche	anche	C	O	_	_
notevole	notevole	AS	O	_	_
per	per	E	O	_	_
un	uno	RS	O	_	_
secondo	secondo	AS	O	_	_
motivo	motivo	SS	O	_	_
.	.	XPS	O	_	_

Il	il	RS	O	_	_
Tomaselli	tomaselli	SPN	PER	_	_
che	che	CCHE	O	_	_
da	da	E	O	_	_
principio	principio	SS	O	_	_
sembrava	sembrare	VI	O	_	_
nutrire	nutrire	VF	O	_	_
tanto	tanto	DS	O	_	_
orrore	orrore	SS	O	_	_
per	per	E	O	_	_
il	il	RS	O	_	_
nome	nome	SS	O	_	_
di	di	E	O	_	_
liberale	liberale	SS	O	_	_
ha	avere	VIY	O	_	_
finito	finire	VSP	O	_	_
con	con	E	O	_	_
una	uno	RS	O	_	_
piena	pieno	AS	O	_	_
capitolazione	capitolazione	SS	O	_	_
.	.	XPS	O	_	_

E	e	C	O	_	_
che	che	CCHE	O	_	_
cosa	cosa	SS	O	_	_
avverrebbe	avvenire	VI	O	_	_
se	se	C	O	_	_
lui	lui	PS	O	_	_
,	comma	XPW	O	_	_
coll’	con/det	ES	O	_	_
appoggio	appoggio	SS	O	_	_
dei	di/det	EP	O	_	_
liberali	liberale	SP	O	_	_
e	e	C	O	_	_
intruppato	intruppare	VSP	O	_	_
coi	con/det	EP	O	_	_
loro	loro	DP	O	_	_
uomini	uomo	SP	O	_	_
,	comma	XPW	O	_	_
dovesse	dovere	VI	O	_	_
un	uno	RS	O	_	_
dì	dì	SN	O	_	_
trovarsi	trovare/rifl	VF+E	O	_	_
al	a/det	ES	O	_	_
punto	punto	SS	O	_	_
di	di	E	O	_	_
decidersi	decidere/rifl	VF+E	O	_	_
non	non	B	O	_	_
solo	solo	B	O	_	_
riguardo	riguardo	SS	O	_	_
al	a/det	ES	O	_	_
nome	nome	SS	O	_	_
ma	ma	C	O	_	_
riguardo	riguardo	SS	O	_	_
alla	a/det	ES	O	_	_
sostanza	sostanza	SS	O	_	_
delle	di/det	EP	O	_	_
cose	cosa	SP	O	_	_
?	?	XPS	O	_	_

Non	non	B	O	_	_
è	essere	VI	O	_	_
forse	forse	B	O	_	_
vero	vero	AS	O	_	_
che	che	CCHE	O	_	_
la	il	RS	O	_	_
prima	primo	AS	O	_	_
capitolazione	capitolazione	SS	O	_	_
è	essere	VI	O	_	_
un	uno	RS	O	_	_
sinistro	sinistro	SS	O	_	_
ma	ma	C	O	_	_
eloquente	eloquente	AS	O	_	_
indizio	indizio	SS	O	_	_
di	di	E	O	_	_
un’	uno	RS	O	_	_
altra	altro	DS	O	_	_
ancor	ancor	B	O	_	_
più	più	B	O	_	_
triste	tristo	AP	O	_	_
ed	ed	C	O	_	_
esiziale	esiziale	AS	O	_	_
?	?	XPS	O	_	_
