# total number of persons:2, total number of gpes:1
Domani	domani	B	O	_	_
nel	in/det	ES	O	_	_
consiglio	consiglio	SS	O	_	_
municipale	municipale	AS	O	_	_
è	essere	VI	O	_	_
all’	a/det	ES	O	_	_
ordine	ordine	SS	O	_	_
del	di/det	ES	O	_	_
giorno	giorno	SS	O	_	_
l’	il	RS	O	_	_
approvazione	approvazione	SS	O	_	_
del	di/det	ES	O	_	_
preventivo	preventivo	SS	O	_	_
comunale	comunale	AS	O	_	_
della	di/det	ES	O	_	_
città	città	SN	O	_	_
di	di	E	O	_	_
Trento	trento	SPN	GPE	46.0664228	11.1257601
per	per	E	O	_	_
il	il	RS	O	_	_
1910	1910	N	O	_	_
.	.	XPS	O	_	_

Non	non	B	O	_	_
sarà	essere	VI	O	_	_
quindi	quindi	B	O	_	_
inopportuno	inopportuno	AS	O	_	_
di	di	E	O	_	_
riassumere	riassumere	VF	O	_	_
le	il	RP	O	_	_
proposte	proposta	SP	O	_	_
della	di/det	ES	O	_	_
Giunta	giunta	SPN	O	_	_
che	che	CCHE	O	_	_
formeranno	formare	VI	O	_	_
la	il	RS	O	_	_
base	base	SS	O	_	_
della	di/det	ES	O	_	_
discussione	discussione	SS	O	_	_
.	.	XPS	O	_	_

La	il	RS	O	_	_
Giunta	giunta	SPN	O	_	_
propone	proporre	VI	O	_	_
di	di	E	O	_	_
approvare	approvare	VF	O	_	_
il	il	RS	O	_	_
bilancio	bilancio	SS	O	_	_
preventivo	preventivo	AS	O	_	_
con	con	E	O	_	_
un’	uno	RS	O	_	_
uscita	uscita	SS	O	_	_
totale	totale	AS	O	_	_
di	di	E	O	_	_
Cor	cor	SPN	O	_	_
.	.	XPS	O	_	_

2.524,230	2.524,230	N	O	_	_
,	comma	XPW	O	_	_
di	di	E	O	_	_
cui	cui	PN	O	_	_
1.372,971	1.372,971	N	O	_	_
per	per	E	O	_	_
l’	il	RS	O	_	_
amministrazione	amministrazione	SS	O	_	_
ordinaria	ordinario	AS	O	_	_
pubblica	pubblico	AS	O	_	_
,	comma	XPW	O	_	_
115,259	115,259	N	O	_	_
per	per	E	O	_	_
le	il	RP	O	_	_
contabilità	contabilità	SN	O	_	_
speciali	speciale	AP	O	_	_
(	open_parenthesis	XPB	O	_	_
riserva	riserva	SS	O	_	_
per	per	E	O	_	_
le	il	RP	O	_	_
obbligazioni	obbligazione	SP	O	_	_
,	comma	XPW	O	_	_
Campo	campo	SPN	PER	_	_
Santo	santo	SPN	PER	_	_
,	comma	XPW	O	_	_
Cucina	cucina	SPN	O	_	_
e	e	C	O	_	_
bagni	bagno	SP	O	_	_
popolari	popolare	AP	O	_	_
,	comma	XPW	O	_	_
ufficio	ufficio	SS	O	_	_
comunale	comunale	AS	O	_	_
del	di/det	ES	O	_	_
lavoro	lavoro	SS	O	_	_
)	close_parenthesis	XPB	O	_	_
e	e	C	O	_	_
1.036,000	1.036,000	N	O	_	_
per	per	E	O	_	_
i	il	RP	O	_	_
servizi	servizio	SP	O	_	_
municipalizzati	municipalizzare	VPP	O	_	_
(	open_parenthesis	XPB	O	_	_
Elettricità	elettricità	SN	O	_	_
,	comma	XPW	O	_	_
gas	gas	SN	O	_	_
,	comma	XPW	O	_	_
acquedotto	acquedotto	SS	O	_	_
)	close_parenthesis	XPB	O	_	_
.	.	XPS	O	_	_

Nelle	in/det	EP	O	_	_
entrate	entrata	SP	O	_	_
la	il	RS	O	_	_
posta	posta	SS	O	_	_
che	che	CCHE	O	_	_
attira	attirare	VI	O	_	_
subito	subito	B	O	_	_
la	il	RS	O	_	_
nostra	nostro	DS	O	_	_
attenzione	attenzione	SS	O	_	_
è	essere	VI	O	_	_
quella	quello	PS	O	_	_
delle	di/det	EP	O	_	_
sovrimposte	sovrimposta	SP	O	_	_
e	e	C	O	_	_
tasse	tassa	SP	O	_	_
.	.	XPS	O	_	_

Nel	in/det	ES	O	_	_
1909	1909	N	O	_	_
esse	esse	PP	O	_	_
ebbero	avere	VI	O	_	_
un	uno	RS	O	_	_
gettito	gettito	SS	O	_	_
di	di	E	O	_	_
cor	cor	SS	O	_	_
.	.	XPS	O	_	_

731,270	731,270	N	O	_	_
,	comma	XPW	O	_	_
nel	in/det	ES	O	_	_
1910	1910	N	O	_	_
invece	invece	B	O	_	_
secondo	secondo	E	O	_	_
la	il	RS	O	_	_
proposta	proposta	SS	O	_	_
della	di/det	ES	O	_	_
Giunta	giunta	SS	O	_	_
,	comma	XPW	O	_	_
dovrebbero	dovere	VI	O	_	_
dare	dare	VF	O	_	_
cor	cor	SS	O	_	_
.	.	XPS	O	_	_

904,220	904,220	N	O	_	_
con	con	E	O	_	_
un	uno	RS	O	_	_
aumento	aumento	SS	O	_	_
di	di	E	O	_	_
corone	corone	SS	O	_	_
172,950	172,950	N	O	_	_
.	.	XPS	O	_	_

Ognuno	ognuno	PS	O	_	_
comprende	comprendere	VI	O	_	_
che	che	CCHE	O	_	_
tale	tale	DS	O	_	_
aumento	aumento	SS	O	_	_
non	non	B	O	_	_
è	essere	VI	O	_	_
prevedibile	prevedibile	AS	O	_	_
col	con/det	ES	O	_	_
solito	solito	AS	O	_	_
crescendo	crescere	VG	O	_	_
del	di/det	ES	O	_	_
gettito	gettito	SS	O	_	_
delle	di/det	EP	O	_	_
imposte	imposta	SP	O	_	_
.	.	XPS	O	_	_

Infatti	infatti	C	O	_	_
la	il	RS	O	_	_
Giunta	giunta	SPN	O	_	_
medita	meditare	VI	O	_	_
di	di	E	O	_	_
elevare	elevare	VF	O	_	_
le	il	RP	O	_	_
imposte	imposta	SP	O	_	_
già	già	B	O	_	_
esistenti	esistere	VPP	O	_	_
e	e	C	O	_	_
di	di	E	O	_	_
introdurne	introdurne	VF+E	O	_	_
una	uno	RS	O	_	_
nuova	nuovo	AS	O	_	_
.	.	XPS	O	_	_

Si	rifl	PN	O	_	_
propone	proporre	VI	O	_	_
l’	il	RS	O	_	_
aumento	aumento	SS	O	_	_
dell’	di/det	ES	O	_	_
addizionale	addizionale	SS	O	_	_
sull’	su/det	ES	O	_	_
imposta	imposta	SS	O	_	_
fondiaria	fondiario	AS	O	_	_
dal	da/det	ES	O	_	_
250	250	N	O	_	_
al	a/det	ES	O	_	_
300	300	N	O	_	_
per	per	E	O	_	_
cento	cento	N	O	_	_
,	comma	XPW	O	_	_
portandone	portare/part	VG+E	O	_	_
il	il	RS	O	_	_
gettito	gettito	SS	O	_	_
da	da	E	O	_	_
cor	cor	SS	O	_	_
.	.	XPS	O	_	_

30,800	30,800	N	O	_	_
a	a	E	O	_	_
Cor	cor	SPN	O	_	_
.	.	XPS	O	_	_

36,000	36,000	N	O	_	_
,	comma	XPW	O	_	_
l’	il	RS	O	_	_
aumento	aumento	SS	O	_	_
dell’	di/det	ES	O	_	_
addizionale	addizionale	SS	O	_	_
sull’	su/det	ES	O	_	_
imposte	imposte	AS	O	_	_
industria	industria	SS	O	_	_
dal	da/det	ES	O	_	_
250	250	N	O	_	_
al	a/det	ES	O	_	_
300	300	N	O	_	_
per	per	E	O	_	_
cento	cento	N	O	_	_
,	comma	XPW	O	_	_
portandone	portare/part	VG+E	O	_	_
il	il	RS	O	_	_
gettito	gettito	SS	O	_	_
da	da	E	O	_	_
63,000	63,000	N	O	_	_
a	a	E	O	_	_
76,000	76,000	N	O	_	_
,	comma	XPW	O	_	_
l’	il	RS	O	_	_
aumento	aumento	SS	O	_	_
della	di/det	ES	O	_	_
sovrimposta	sovrimposta	SS	O	_	_
sulle	su/det	EP	O	_	_
imprese	impresa	SP	O	_	_
soggette	soggetto	AP	O	_	_
a	a	E	O	_	_
pubblica	pubblico	AS	O	_	_
resa	resa	SS	O	_	_
di	di	E	O	_	_
conto	conto	SS	O	_	_
dal	da/det	ES	O	_	_
250	250	N	O	_	_
al	a/det	ES	O	_	_
300	300	N	O	_	_
per	per	E	O	_	_
cento	cento	N	O	_	_
ottenendo	ottenere	VG	O	_	_
invece	invece	B	O	_	_
che	che	CCHE	O	_	_
100,000	100,000	N	O	_	_
(	open_parenthesis	XPB	O	_	_
1909	1909	N	O	_	_
)	close_parenthesis	XPB	O	_	_
125,000	125,000	N	O	_	_
,	comma	XPW	O	_	_
l’	il	RS	O	_	_
aumento	aumento	SS	O	_	_
dell’	di/det	ES	O	_	_
imposta	imposta	SS	O	_	_
sui	su/det	EP	O	_	_
redditi	reddito	SP	O	_	_
più	più	B	O	_	_
elevati	elevato	AP	O	_	_
dal	da/det	ES	O	_	_
200	200	N	O	_	_
al	a/det	ES	O	_	_
250	250	N	O	_	_
per	per	E	O	_	_
cento	cento	N	O	_	_
con	con	E	O	_	_
un	uno	RS	O	_	_
gettito	gettito	SS	O	_	_
maggiore	maggiore	AS	O	_	_
di	di	E	O	_	_
corone	corone	SS	O	_	_
2,600	2,600	N	O	_	_
.	.	XPS	O	_	_

Rimarrebbe	rimanere	VI	O	_	_
invece	invece	B	O	_	_
al	a/det	ES	O	_	_
90	90	N	O	_	_
%	%	XPO	O	_	_
l’	il	RS	O	_	_
addizionale	addizionale	SS	O	_	_
sull’	su/det	ES	O	_	_
imposta	imposta	SS	O	_	_
casatico	casatico	AS	O	_	_
la	il	RS	O	_	_
quale	quale	PS	O	_	_
però	però	C	O	_	_
secondo	secondo	E	O	_	_
le	il	RP	O	_	_
previsioni	previsione	SP	O	_	_
della	di/det	ES	O	_	_
giunta	giunta	SS	O	_	_
dovrebbe	dovere	VI	O	_	_
dare	dare	VF	O	_	_
in	in	E	O	_	_
quest’	questo	DS	O	_	_
anno	anno	SS	O	_	_
22,000	22,000	N	O	_	_
cor	cor	SP	O	_	_
.	.	XPS	O	_	_

in	in	E	O	_	_
più	più	B	O	_	_
dell’	di/det	ES	O	_	_
anno	anno	SS	O	_	_
scorso	scorso	AS	O	_	_
,	comma	XPW	O	_	_
cioè	cioe`	B	O	_	_
157,000	157,000	N	O	_	_
cor	cor	SP	O	_	_
.	.	XPS	O	_	_

Con	con	E	O	_	_
ciò	ciò`	PS	O	_	_
le	il	RP	O	_	_
case	casa	SP	O	_	_
non	non	B	O	_	_
rimangono	rimanere	VI	O	_	_
esenti	esente	AP	O	_	_
dai	da/det	EP	O	_	_
nuovi	nuovo	AP	O	_	_
aggravi	aggravio	SP	O	_	_
,	comma	XPW	O	_	_
poiché	poiché	C	O	_	_
invece	invece	C	O	_	_
che	che	CCHE	O	_	_
aumentare	aumentare	VF	O	_	_
il	il	RS	O	_	_
casatico	casatico	SS	O	_	_
,	comma	XPW	O	_	_
la	il	RS	O	_	_
Giunta	giunta	SPN	O	_	_
propone	proporre	VI	O	_	_
d’	di	E	O	_	_
introdurre	introdurre	VF	O	_	_
una	uno	RS	O	_	_
nuova	nuovo	AS	O	_	_
tassa	tassa	SS	O	_	_
comunale	comunale	AS	O	_	_
indipendente	indipendente	AS	O	_	_
,	comma	XPW	O	_	_
cioè	cioe`	B	O	_	_
la	il	RS	O	_	_
tassa	tassa	SS	O	_	_
sul	su/det	ES	O	_	_
valore	valore	SS	O	_	_
locativo	locativo	AS	O	_	_
.	.	XPS	O	_	_

Questa	questo	DS	O	_	_
tassa	tassa	SS	O	_	_
viene	venire	VIY	O	_	_
imposta	imporre	VSP	O	_	_
non	non	B	O	_	_
al	a/det	ES	O	_	_
proprietario	proprietario	SS	O	_	_
della	di/det	ES	O	_	_
casa	casa	SS	O	_	_
,	comma	XPW	O	_	_
ma	ma	C	O	_	_
al	a/det	ES	O	_	_
pigionale	pigionale	SS	O	_	_
stesso	stesso	DS	O	_	_
,	comma	XPW	O	_	_
e	e	C	O	_	_
chi	chi	CCHI	O	_	_
possiede	possedere	VI	O	_	_
casa	casa	SS	O	_	_
propria	propria	DS	O	_	_
deve	dovere	VI	O	_	_
pagare	pagare	VF	O	_	_
in	in	E	O	_	_
proporzione	proporzione	SS	O	_	_
di	di	E	O	_	_
quello	quello	PS	O	_	_
che	che	CCHE	O	_	_
dovrebbe	dovere	VI	O	_	_
pagare	pagare	VF	O	_	_
se	se	C	O	_	_
avesse	avere	VI	O	_	_
la	il	RS	O	_	_
propria	propria	DS	O	_	_
abitazione	abitazione	SS	O	_	_
a	a	E	O	_	_
pigione	pigione	SS	O	_	_
.	.	XPS	O	_	_

Secondo	secondo	E	O	_	_
la	il	RS	O	_	_
proposta	proposta	SS	O	_	_
della	di/det	ES	O	_	_
giunta	giunta	SS	O	_	_
il	il	RS	O	_	_
pigionale	pigionale	SS	O	_	_
dovrebbe	dovere	VI	O	_	_
pagare	pagare	VF	O	_	_
in	in	E	O	_	_
forza	forza	SS	O	_	_
della	di/det	ES	O	_	_
nuova	nuovo	AS	O	_	_
tassa	tassa	SS	O	_	_
il	il	RS	O	_	_
3	3	N	O	_	_
%	%	XPO	O	_	_
sul	su/det	ES	O	_	_
prezzo	prezzo	SS	O	_	_
di	di	E	O	_	_
pigione	pigione	SS	O	_	_
se	se	C	O	_	_
questa	questo	PS	O	_	_
non	non	B	O	_	_
sorpassa	sorpassare	VI	O	_	_
le	il	RP	O	_	_
300	300	N	O	_	_
corone	corona	SP	O	_	_
annue	annuo	AP	O	_	_
ed	ed	C	O	_	_
il	il	RS	O	_	_
5	5	N	O	_	_
%	%	XPO	O	_	_
della	di/det	ES	O	_	_
pigione	pigione	SS	O	_	_
,	comma	XPW	O	_	_
se	se	C	O	_	_
essa	essa	PS	O	_	_
supera	superare	VI	O	_	_
300	300	N	O	_	_
corone	corona	SP	O	_	_
.	.	XPS	O	_	_

Esenti	esente	SP	O	_	_
totalmente	totalmente	B	O	_	_
sarebbero	essere	VI	O	_	_
i	il	RP	O	_	_
quartieri	quartiere	SP	O	_	_
minimi	minimo	AP	O	_	_
pei	pei	SP	O	_	_
quali	quale	PP	O	_	_
non	non	B	O	_	_
si	rifl	PN	O	_	_
paghi	pagare	VI	O	_	_
più	più	B	O	_	_
di	di	E	O	_	_
200	200	N	O	_	_
corone	corone	SS	O	_	_
e	e	C	O	_	_
che	che	CCHE	O	_	_
vengono	venire	VIY	O	_	_
abitati	abitare	VPP	O	_	_
da	da	E	O	_	_
operai	operaio	SP	O	_	_
obbligati	obbligare	VPP	O	_	_
alla	a/det	ES	O	_	_
cassa	cassa	SS	O	_	_
ammalati	ammalare	VPP	O	_	_
o	o	C	O	_	_
negozi	negozio	SP	O	_	_
e	e	C	O	_	_
botteghe	bottega	SP	O	_	_
per	per	E	O	_	_
le	il	RP	O	_	_
quali	quale	PP	O	_	_
non	non	B	O	_	_
si	rifl	PN	O	_	_
paghi	pagare	VI	O	_	_
più	più	B	O	_	_
di	di	E	O	_	_
200	200	N	O	_	_
cor	cor	SP	O	_	_
.	.	XPS	O	_	_

annue	annue	VI	O	_	_
d’	di	E	O	_	_
affitto	affitto	SS	O	_	_
.	.	XPS	O	_	_

Con	con	E	O	_	_
questa	questo	DS	O	_	_
nuova	nuovo	AS	O	_	_
tassa	tassa	SS	O	_	_
la	il	RS	O	_	_
Giunta	giunta	SPN	O	_	_
spera	sperare	VI	O	_	_
di	di	E	O	_	_
poter	potere	VF	O	_	_
incassare	incassare	VF	O	_	_
almeno	almeno	B	O	_	_
70,000	70,000	N	O	_	_
cor	cor	SP	O	_	_
.	.	XPS	O	_	_

annue	annue	SS	O	_	_
.	.	XPS	O	_	_

Le	il	RP	O	_	_
altre	altro	DP	O	_	_
sovrimposte	sovrimposta	SP	O	_	_
e	e	C	O	_	_
tasse	tassa	SP	O	_	_
restano	restare	VI	O	_	_
invariate	invariato	AP	O	_	_
con	con	E	O	_	_
un	uno	RS	O	_	_
gettito	gettito	SS	O	_	_
però	però	C	O	_	_
aumentato	aumentare	VSP	O	_	_
del	di/det	ES	O	_	_
presumibile	presumibile	SS	O	_	_
crescendo	crescere	VG	O	_	_
annuo	annuo	AS	O	_	_
.	.	XPS	O	_	_

Il	il	RS	O	_	_
dazio	dazio	SS	O	_	_
consumo	consumo	AS	O	_	_
vino	vino	SS	O	_	_
darà	dare	VI	O	_	_
25,400	25,400	N	O	_	_
corone	corona	SP	O	_	_
,	comma	XPW	O	_	_
la	il	RS	O	_	_
tassa	tassa	SS	O	_	_
sul	su/det	ES	O	_	_
pane	pane	SS	O	_	_
215,000	215,000	N	O	_	_
corone	corone	SS	O	_	_
(	open_parenthesis	XPB	O	_	_
5000	5000	N	O	_	_
in	in	E	O	_	_
più	più	B	O	_	_
)	close_parenthesis	XPB	O	_	_
,	comma	XPW	O	_	_
sulle	su/det	EP	O	_	_
paste	pasta	SP	O	_	_
dolci	dolce	AP	O	_	_
9,750	9,750	N	O	_	_
cor	cor	SP	O	_	_
.	.	XPS	O	_	_

,	comma	XPW	O	_	_
sulle	su/det	EP	O	_	_
carni	carne	SP	O	_	_
72,000	72,000	N	O	_	_
cor	cor	SP	O	_	_
.	.	XPS	O	_	_

,	comma	XPW	O	_	_
sulla	su/det	ES	O	_	_
birra	birra	SS	O	_	_
50,000	50,000	N	O	_	_
cor	cor	SP	O	_	_
.	.	XPS	O	_	_

,	comma	XPW	O	_	_
sulle	su/det	EP	O	_	_
bevande	bevanda	SP	O	_	_
spiritose	spiritoso	AP	O	_	_
3,500	3,500	N	O	_	_
ecc.ecc.ecc.	ecc.ecc.ecc.	SP	O	_	_
Perché	perché	B	O	_	_
è	essere	VI	O	_	_
necessario	necessario	AS	O	_	_
o	o	C	O	_	_
conveniente	conveniente	AS	O	_	_
ricorrere	ricorrere	VF	O	_	_
alle	a/det	EP	O	_	_
nuove	nuovo	AP	O	_	_
e	e	C	O	_	_
gravi	grave	AP	O	_	_
imposizioni	imposizione	SP	O	_	_
?	?	XPS	O	_	_

La	il	RS	O	_	_
Giunta	giunta	SPN	O	_	_
,	comma	XPW	O	_	_
richiamandosi	richiamare/rifl	VG+E	O	_	_
al	a/det	ES	O	_	_
conchiuso	conchiuso	SS	O	_	_
già	già	B	O	_	_
preso	prendere	VSP	O	_	_
nel	in/det	ES	O	_	_
settembre	settembre	SS	O	_	_
dal	da/det	ES	O	_	_
Consiglio	consiglio	SS	O	_	_
comunale	comunale	AS	O	_	_
,	comma	XPW	O	_	_
fa	fare	VI	O	_	_
presente	presente	AS	O	_	_
che	che	CCHE	O	_	_
è	essere	VI	O	_	_
indispensabile	indispensabile	AS	O	_	_
sanare	sanare	VF	O	_	_
la	il	RS	O	_	_
situazione	situazione	SS	O	_	_
creata	creare	VSP	O	_	_
dalla	da/det	ES	O	_	_
nuova	nuovo	AS	O	_	_
centrale	centrale	SS	O	_	_
elettrica	elettrico	AS	O	_	_
,	comma	XPW	O	_	_
coprendone	coprendone	SS	O	_	_
il	il	RS	O	_	_
deficit	deficit	SN	O	_	_
che	che	CCHE	O	_	_
è	essere	VIY	O	_	_
preventivato	preventivare	VSP	O	_	_
per	per	E	O	_	_
il	il	RS	O	_	_
1910	1910	N	O	_	_
in	in	E	O	_	_
cor	cor	SS	O	_	_
.	.	XPS	O	_	_

58,000	58,000	N	O	_	_
e	e	C	O	_	_
creandovi	creare/voi/loc	VG+E	O	_	_
delle	di/det	EP	O	_	_
riserve	riserva	SP	O	_	_
ed	ed	C	O	_	_
inoltre	inoltre	C	O	_	_
di	di	E	O	_	_
tener	tenere	VF	O	_	_
conto	conto	SS	O	_	_
di	di	E	O	_	_
nuove	nuovo	AP	O	_	_
imprese	impresa	SP	O	_	_
,	comma	XPW	O	_	_
votate	votare	VPP	O	_	_
o	o	C	O	_	_
ideate	ideare	VPP	O	_	_
dall’	da/det	ES	O	_	_
attuale	attuale	AS	O	_	_
amministrazione	amministrazione	SS	O	_	_
.	.	XPS	O	_	_

Su	su	E	O	_	_
questo	questo	DS	O	_	_
punto	punto	SS	O	_	_
la	il	RS	O	_	_
commissione	commissione	SS	O	_	_
del	di/det	ES	O	_	_
bilancio	bilancio	SS	O	_	_
non	non	B	O	_	_
fu	essere	VI	O	_	_
unanime	unanime	AP	O	_	_
,	comma	XPW	O	_	_
cosicché	cosicché	C	O	_	_
al	a/det	ES	O	_	_
Consiglio	consiglio	SPN	O	_	_
verranno	venire	VIY	O	_	_
presentate	presentare	VPP	O	_	_
domani	domani	B	O	_	_
due	due	N	O	_	_
proposte	proposta	SP	O	_	_
diverse	diverso	AP	O	_	_
,	comma	XPW	O	_	_
l’	il	RS	O	_	_
una	uno	PS	O	_	_
dalla	da/det	ES	O	_	_
maggioranza	maggioranza	SS	O	_	_
della	di/det	ES	O	_	_
commissione	commissione	SS	O	_	_
,	comma	XPW	O	_	_
la	il	RS	O	_	_
quale	quale	PS	O	_	_
ritiene	ritenere	VI	O	_	_
,	comma	XPW	O	_	_
con	con	E	O	_	_
qualche	qualche	DS	O	_	_
eccezione	eccezione	SS	O	_	_
,	comma	XPW	O	_	_
necessari	necessario	AP	O	_	_
i	il	RP	O	_	_
nuovi	nuovo	AP	O	_	_
aggravi	aggravio	SP	O	_	_
,	comma	XPW	O	_	_
l’	il	RS	O	_	_
altra	altro	DS	O	_	_
della	di/det	ES	O	_	_
minoranza	minoranza	SS	O	_	_
D.r	d.r	YA	O	_	_
Cappelletti	cappelletti	SPN	O	_	_
ed	ed	C	O	_	_
on.	onorevole	SS	O	_	_
Paolazzi	paolazzi	SPN	PER	_	_
che	che	CCHE	O	_	_
è	essere	VI	O	_	_
del	di/det	ES	O	_	_
parere	parere	SS	O	_	_
contrario	contrario	AS	O	_	_
.	.	XPS	O	_	_
