# total number of persons:2, total number of gpes:3
Il	il	RS	O	_	_
dr.	dottore	SS	O	_	_
Degasperi	degasperi	SPN	O	_	_
riferisce	riferire	VI	O	_	_
sulle	su/det	EP	O	_	_
esperienze	esperienza	SP	O	_	_
della	di/det	ES	O	_	_
passata	passato	AS	O	_	_
campagna	campagna	SS	O	_	_
e	e	C	O	_	_
sulla	su/det	ES	O	_	_
necessaria	necessario	AS	O	_	_
preparazione	preparazione	SS	O	_	_
per	per	E	O	_	_
le	il	RP	O	_	_
elezioni	elezione	SP	O	_	_
dietali	dietali	AP	O	_	_
.	.	XPS	O	_	_

Nell’	in/det	ES	O	_	_
ultima	ultimo	AS	O	_	_
campagna	campagna	SS	O	_	_
s’	s’	PN	O	_	_
è	essere	VIY	O	_	_
sentita	sentire	VSP	O	_	_
,	comma	XPW	O	_	_
e	e	C	O	_	_
fortemente	fortemente	B	O	_	_
,	comma	XPW	O	_	_
la	il	RS	O	_	_
mancanza	mancanza	SS	O	_	_
di	di	E	O	_	_
un	uno	RS	O	_	_
buon	buon	AS	O	_	_
numero	numero	SS	O	_	_
di	di	E	O	_	_
propagandisti	propagandista	SP	O	_	_
.	.	XPS	O	_	_

Fatta	fatta	SPN	O	_	_
astrazione	astrazione	SS	O	_	_
dei	di/det	EP	O	_	_
candidati	candidato	SP	O	_	_
,	comma	XPW	O	_	_
il	il	RS	O	_	_
peso	peso	SS	O	_	_
della	di/det	ES	O	_	_
propaganda	propaganda	SS	O	_	_
elettorale	elettorale	AS	O	_	_
cadde	cadere	VI	O	_	_
sulle	su/det	EP	O	_	_
spalle	spalla	SP	O	_	_
di	di	E	O	_	_
alcuni	alcuni	DP	O	_	_
pochi	poco	PP	O	_	_
,	comma	XPW	O	_	_
i	il	RP	O	_	_
quali	quale	PP	O	_	_
dovettero	dovere	VI	O	_	_
lavorare	lavorare	VF	O	_	_
fin	fin	E	O	_	_
oltre	oltre	B	O	_	_
le	il	RP	O	_	_
proprie	proprio	DP	O	_	_
forze	forza	SP	O	_	_
.	.	XPS	O	_	_

Benché	benché	C	O	_	_
la	il	RS	O	_	_
prossima	prossimo	AS	O	_	_
campagna	campagna	SS	O	_	_
dietale	dietale	AS	O	_	_
non	non	B	O	_	_
assumerà	assumere	VI	O	_	_
–	–	XPO	O	_	_
come	come	CADV	O	_	_
è	essere	VI	O	_	_
prevedibile	prevedibile	AS	O	_	_
–	–	XPO	O	_	_
nemmeno	nemmeno	B	O	_	_
di	di	E	O	_	_
lontano	lontano	AS	O	_	_
l’	il	RS	O	_	_
intensità	intensità	SN	O	_	_
e	e	C	O	_	_
l’	il	RS	O	_	_
aspetto	aspetto	SS	O	_	_
della	di/det	ES	O	_	_
prima	primo	AS	O	_	_
,	comma	XPW	O	_	_
tuttavia	tuttavia	C	O	_	_
è	essere	VI	O	_	_
da	da	E	O	_	_
desiderarsi	desiderare/rifl	VF+E	O	_	_
che	che	CCHE	O	_	_
nuove	nuovo	AP	O	_	_
forze	forza	SP	O	_	_
agitatorie	agitatorie	AP	O	_	_
vengano	venire	VI	O	_	_
ad	ad	E	O	_	_
aggiungersi	aggiungere/rifl	VF+E	O	_	_
alle	a/det	EP	O	_	_
vecchie	vecchia	SP	O	_	_
.	.	XPS	O	_	_

Comunque	comunque	B	O	_	_
,	comma	XPW	O	_	_
conviene	convenire	VI	O	_	_
che	che	CCHE	O	_	_
tutti	tutto	PP	O	_	_
quelli	quello	PP	O	_	_
del	di/det	ES	O	_	_
nostro	nostro	DS	O	_	_
partito	partito	SS	O	_	_
che	che	CCHE	O	_	_
hanno	avere	VI	O	_	_
una	uno	RS	O	_	_
certa	certo	AS	O	_	_
cultura	cultura	SS	O	_	_
generale	generale	AS	O	_	_
si	rifl	PN	O	_	_
preparino	preparare	VI	O	_	_
e	e	C	O	_	_
si	rifl	PN	O	_	_
addestrino	addestrare	VI	O	_	_
alla	a/det	ES	O	_	_
propaganda	propaganda	SS	O	_	_
,	comma	XPW	O	_	_
attingendo	attingere	VG	O	_	_
dai	da/det	EP	O	_	_
giornali	giornale	SP	O	_	_
e	e	C	O	_	_
da	da	E	O	_	_
tutte	tutto	DP	O	_	_
le	il	RP	O	_	_
pubblicazioni	pubblicazione	SP	O	_	_
più	più	B	O	_	_
note	noto	AP	O	_	_
quelle	quello	DP	O	_	_
cognizioni	cognizione	SP	O	_	_
che	che	CCHE	O	_	_
sono	essere	VI	O	_	_
utili	utile	AP	O	_	_
a	a	E	O	_	_
rassodare	rassodare	VF	O	_	_
la	il	RS	O	_	_
fede	fede	SS	O	_	_
dei	di/det	EP	O	_	_
nostri	nostro	DP	O	_	_
e	e	C	O	_	_
ribattere	ribattere	VF	O	_	_
le	il	RP	O	_	_
obiezioni	obiezione	SP	O	_	_
avversarie	avversario	AP	O	_	_
.	.	XPS	O	_	_

Di	di	E	O	_	_
un’	uno	RS	O	_	_
altra	altro	DS	O	_	_
cosa	cosa	SS	O	_	_
abbiamo	avere	VIY	O	_	_
sentito	sentire	VSP	O	_	_
la	il	RS	O	_	_
deficienza	deficienza	SS	O	_	_
,	comma	XPW	O	_	_
dei	di/det	EP	O	_	_
fiduciari	fiduciario	SP	O	_	_
permanenti	permanere	VPP	O	_	_
dell’	di/det	ES	O	_	_
Unione	unione	SS	O	_	_
.	.	XPS	O	_	_

A	a	E	O	_	_
questa	questo	DS	O	_	_
impedisce	impedire	VI	O	_	_
la	il	RS	O	_	_
legge	legge	SS	O	_	_
,	comma	XPW	O	_	_
la	il	RS	O	_	_
costituzione	costituzione	SS	O	_	_
di	di	E	O	_	_
gruppi	gruppo	SP	O	_	_
locali	locale	AP	O	_	_
,	comma	XPW	O	_	_
si	rifl	PN	O	_	_
deve	dovere	VI	O	_	_
quindi	quindi	B	O	_	_
ricorrere	ricorrere	VF	O	_	_
alla	a/det	ES	O	_	_
nomina	nomina	SS	O	_	_
di	di	E	O	_	_
fiduciari	fiduciario	SP	O	_	_
locali	locale	AP	O	_	_
permanenti	permanente	AP	O	_	_
i	il	RP	O	_	_
quali	quale	PP	O	_	_
tengano	tenere	VI	O	_	_
in	in	E	O	_	_
evidenza	evidenza	SS	O	_	_
i	il	RP	O	_	_
soci	socio	SP	O	_	_
,	comma	XPW	O	_	_
riscuotano	riscuotere	VI	O	_	_
le	il	RP	O	_	_
tasse	tassa	SP	O	_	_
e	e	C	O	_	_
informino	informino	SS	O	_	_
i	il	RP	O	_	_
soci	socio	SP	O	_	_
e	e	C	O	_	_
d’	di	E	O	_	_
altro	altro	DS	O	_	_
canto	canto	SS	O	_	_
la	il	RS	O	_	_
direzione	direzione	SS	O	_	_
,	comma	XPW	O	_	_
intorno	intorno	E	O	_	_
alle	a/det	EP	O	_	_
attualità	attualità	SN	O	_	_
del	di/det	ES	O	_	_
movimento	movimento	SS	O	_	_
politico	politico	AS	O	_	_
.	.	XPS	O	_	_

La	il	RS	O	_	_
nomina	nomina	SS	O	_	_
e	e	C	O	_	_
l’	il	RS	O	_	_
organizzazione	organizzazione	SS	O	_	_
dei	di/det	EP	O	_	_
fiduciari	fiduciario	SP	O	_	_
è	essere	VI	O	_	_
però	però	C	O	_	_
il	il	RS	O	_	_
compito	compito	SS	O	_	_
più	più	B	O	_	_
difficile	difficile	AS	O	_	_
della	di/det	ES	O	_	_
nostra	nostro	DS	O	_	_
organizzazione	organizzazione	SS	O	_	_
.	.	XPS	O	_	_

La	il	RS	O	_	_
prossima	prossimo	AS	O	_	_
direzione	direzione	SS	O	_	_
dovrà	dovere	VI	O	_	_
occuparsene	occupare/rifl/part	VF+E	O	_	_
sul	su/det	ES	O	_	_
serio	serio	SS	O	_	_
.	.	XPS	O	_	_

Intanto	intanto	B	O	_	_
per	per	E	O	_	_
opera	opera	SS	O	_	_
specialmente	specialmente	B	O	_	_
degli	di/det	EP	O	_	_
amici	amico	SP	O	_	_
Mattei	mattei	SPN	PER	_	_
e	e	C	O	_	_
Caneppele	caneppele	SPN	PER	_	_
è	essere	VIY	O	_	_
stato	essere	VSPY	O	_	_
preparato	preparare	VSP	O	_	_
un	uno	RS	O	_	_
libretto	libretto	SS	O	_	_
del	di/det	ES	O	_	_
fiduciario	fiduciario	SS	O	_	_
,	comma	XPW	O	_	_
il	il	RS	O	_	_
quale	quale	PS	O	_	_
contiene	contenere	VI	O	_	_
una	uno	RS	O	_	_
specie	specie	SN	O	_	_
di	di	E	O	_	_
catechismo	catechismo	SS	O	_	_
politico	politico	AS	O	_	_
con	con	E	O	_	_
esatta	esatto	AS	O	_	_
notizia	notizia	SS	O	_	_
delle	di/det	EP	O	_	_
leggi	leggio	SP	O	_	_
elettorali	elettorale	AP	O	_	_
,	comma	XPW	O	_	_
delle	di/det	EP	O	_	_
formule	formula	SP	O	_	_
più	più	B	O	_	_
in	in	E	O	_	_
uso	uso	SS	O	_	_
per	per	E	O	_	_
le	il	RP	O	_	_
adunanze	adunanza	SP	O	_	_
e	e	C	O	_	_
di	di	E	O	_	_
un	uno	RS	O	_	_
prontuario	prontuario	SS	O	_	_
per	per	E	O	_	_
le	il	RP	O	_	_
tasse	tassa	SP	O	_	_
.	.	XPS	O	_	_

Il	il	RS	O	_	_
libro	libro	SS	O	_	_
è	essere	VI	O	_	_
già	già	B	O	_	_
stampato	stampare	VSP	O	_	_
,	comma	XPW	O	_	_
come	come	CADV	O	_	_
sono	essere	VIY	O	_	_
stampati	stampare	VPP	O	_	_
i	il	RP	O	_	_
block	block	SP	O	_	_
per	per	E	O	_	_
riscuotere	riscuotere	VF	O	_	_
quest’	questo	DS	O	_	_
ultime	ultimo	AP	O	_	_
.	.	XPS	O	_	_

La	il	RS	O	_	_
prossima	prossimo	AS	O	_	_
direzione	direzione	SS	O	_	_
dovrà	dovere	VI	O	_	_
provvedere	provvedere	VF	O	_	_
alla	a/det	ES	O	_	_
fissazione	fissazione	SS	O	_	_
dei	di/det	EP	O	_	_
fiduciari	fiduciario	SP	O	_	_
permanenti	permanente	AP	O	_	_
.	.	XPS	O	_	_

È	essere	VI	O	_	_
consigliabile	consigliabile	AS	O	_	_
che	che	CCHE	O	_	_
a	a	E	O	_	_
far	fare	VF	O	_	_
ciò	ciò`	PS	O	_	_
si	rifl	PN	O	_	_
approfitti	approfittare	VI	O	_	_
delle	di/det	EP	O	_	_
necessarie	necessario	AP	O	_	_
adunanze	adunanza	SP	O	_	_
dei	di/det	EP	O	_	_
delegati	delegato	SP	O	_	_
per	per	E	O	_	_
le	il	RP	O	_	_
elezioni	elezione	SP	O	_	_
dietali	dietali	AP	O	_	_
.	.	XPS	O	_	_

Nella	in/det	ES	O	_	_
propaganda	propaganda	SS	O	_	_
elettorale	elettorale	AS	O	_	_
è	essere	VIY	O	_	_
mancata	mancare	VSP	O	_	_
anche	anche	C	O	_	_
un	uno	RS	O	_	_
poco	poco	B	O	_	_
l’	il	RS	O	_	_
unità	unità	SN	O	_	_
di	di	E	O	_	_
metodo	metodo	SS	O	_	_
.	.	XPS	O	_	_

In	in	E	O	_	_
genere	genere	SS	O	_	_
si	rifl	PN	O	_	_
è	essere	VIY	O	_	_
aspettato	aspettare	VSP	O	_	_
all’	a/det	ES	O	_	_
ultimo	ultimo	AS	O	_	_
momento	momento	SS	O	_	_
e	e	C	O	_	_
in	in	E	O	_	_
qualche	qualche	DS	O	_	_
luogo	luogo	SS	O	_	_
si	rifl	PN	O	_	_
è	essere	VIY	O	_	_
voluta	volere	VSP	O	_	_
la	il	RS	O	_	_
conferenza	conferenza	SS	O	_	_
popolare	popolare	AS	O	_	_
,	comma	XPW	O	_	_
quando	quando	CADV	O	_	_
già	già	B	O	_	_
vi	vi	B	O	_	_
avevano	avere	VI	O	_	_
tenuta	tenere	VSP	O	_	_
la	il	RS	O	_	_
loro	loro	PP	O	_	_
i	il	RP	O	_	_
socialisti	socialista	SP	O	_	_
.	.	XPS	O	_	_

Va	andare	VI	O	_	_
tenuto	tenere	VSP	O	_	_
per	per	E	O	_	_
regola	regola	SS	O	_	_
la	il	RS	O	_	_
quale	quale	PS	O	_	_
può	potere	VI	O	_	_
patire	patire	VF	O	_	_
pochissime	poco	DP	O	_	_
eccezioni	eccezione	SP	O	_	_
che	che	CCHE	O	_	_
prevenire	prevenire	VF	O	_	_
è	essere	VI	O	_	_
sempre	sempre	B	O	_	_
meglio	meglio	AN	O	_	_
di	di	E	O	_	_
reagire	reagire	VF	O	_	_
e	e	C	O	_	_
che	che	CCHE	O	_	_
anche	anche	C	O	_	_
i	il	RP	O	_	_
contraddittori	contraddittorio	SP	O	_	_
sono	essere	VI	O	_	_
di	di	E	O	_	_
un’	uno	RS	O	_	_
utilità	utilità	SN	O	_	_
molto	molto	B	O	_	_
discutibile	discutibile	AS	O	_	_
.	.	XPS	O	_	_

I	il	RP	O	_	_
contradittori	contradittori	SP	O	_	_
non	non	B	O	_	_
dovrebbero	dovere	VI	O	_	_
essere	essere	VF	O	_	_
che	che	CCHE	O	_	_
pochi	poco	DP	O	_	_
e	e	C	O	_	_
fatti	fatto	SP	O	_	_
non	non	B	O	_	_
con	con	E	O	_	_
intenti	intento	SP	O	_	_
locali	locale	AP	O	_	_
,	comma	XPW	O	_	_
ma	ma	C	O	_	_
per	per	E	O	_	_
scuotere	scuotere	VF	O	_	_
il	il	RS	O	_	_
proprio	proprio	DS	O	_	_
partito	partito	SS	O	_	_
o	o	C	O	_	_
per	per	E	O	_	_
provocare	provocare	VF	O	_	_
dal	da/det	ES	O	_	_
cozzo	cozzo	SS	O	_	_
generale	generale	AS	O	_	_
delle	di/det	EP	O	_	_
idee	idea	SP	O	_	_
dei	di/det	EP	O	_	_
risultati	risultato	SP	O	_	_
che	che	CCHE	O	_	_
si	rifl	PN	O	_	_
sanno	sapere	VI	O	_	_
doversi	dovere/rifl	VF+E	O	_	_
ottenere	ottenere	VF	O	_	_
.	.	XPS	O	_	_

Tolti	tolti	SPN	O	_	_
questi	questo	DP	O	_	_
casi	caso	SP	O	_	_
,	comma	XPW	O	_	_
è	essere	VI	O	_	_
meglio	meglio	B	O	_	_
per	per	E	O	_	_
l’	il	RS	O	_	_
educazione	educazione	SS	O	_	_
politica	politico	AS	O	_	_
del	di/det	ES	O	_	_
nostro	nostro	DS	O	_	_
Trentino	trentino	SPN	GPE	46.102869	11.12961993
imitare	imitare	VF	O	_	_
i	il	RP	O	_	_
paesi	paese	SP	O	_	_
civilmente	civilmente	B	O	_	_
più	più	B	O	_	_
progrediti	progredito	AP	O	_	_
,	comma	XPW	O	_	_
sì	sì	B	O	_	_
che	che	CCHE	O	_	_
ogni	ogni	DS	O	_	_
partito	partito	SS	O	_	_
faccia	fare	VI	O	_	_
la	il	RS	O	_	_
propaganda	propaganda	SS	O	_	_
per	per	E	O	_	_
conto	conto	SS	O	_	_
suo	suo	DS	O	_	_
.	.	XPS	O	_	_

In	in	E	O	_	_
tal	tale	SS	O	_	_
riguardo	riguardo	SS	O	_	_
nell’	in/det	ES	O	_	_
ultima	ultimo	AS	O	_	_
campagna	campagna	SS	O	_	_
non	non	B	O	_	_
s’	s’	PN	O	_	_
e	e	C	O	_	_
seguita	seguire	VSP	O	_	_
dagli	da/det	EP	O	_	_
amici	amico	SP	O	_	_
una	uno	RS	O	_	_
regola	regola	SS	O	_	_
generale	generale	AS	O	_	_
.	.	XPS	O	_	_

Quando	quando	CADV	O	_	_
in	in	E	O	_	_
un	uno	RS	O	_	_
paese	paese	SS	O	_	_
si	rifl	PN	O	_	_
preannunziava	preannunziare	VI	O	_	_
una	uno	RS	O	_	_
conferenza	conferenza	SS	O	_	_
socialista	socialista	AS	O	_	_
si	rifl	PN	O	_	_
telegrafava	telegrafare	VI	O	_	_
subito	subito	B	O	_	_
alla	a/det	ES	O	_	_
direzione	direzione	SS	O	_	_
centrale	centrale	AS	O	_	_
chiedendo	chiedere	VG	O	_	_
un	uno	RS	O	_	_
conferenziere	conferenziere	SS	O	_	_
in	in	E	O	_	_
contraddittorio	contraddittorio	SS	O	_	_
.	.	XPS	O	_	_

Ciò	ciò`	PS	O	_	_
accadeva	accadere	VI	O	_	_
per	per	E	O	_	_
lo	il	RS	O	_	_
più	più	B	O	_	_
in	in	E	O	_	_
quei	quello	DP	O	_	_
luoghi	luogo	SP	O	_	_
,	comma	XPW	O	_	_
dove	dove	CADV	O	_	_
s’	s’	PN	O	_	_
era	essere	VIY	O	_	_
prima	primo	AS	O	_	_
rifiutata	rifiutare	VSP	O	_	_
una	uno	RS	O	_	_
conferenza	conferenza	SS	O	_	_
nostra	nostro	AS	O	_	_
,	comma	XPW	O	_	_
sotto	sotto	E	O	_	_
il	il	RS	O	_	_
pretesto	pretesto	SS	O	_	_
che	che	CCHE	O	_	_
intorbidirebbe	intorbidire	VI	O	_	_
acque	acqua	SP	O	_	_
,	comma	XPW	O	_	_
limpide	limpido	AP	O	_	_
di	di	E	O	_	_
natura	natura	SS	O	_	_
loro	loro	PP	O	_	_
.	.	XPS	O	_	_

Così	così	B	O	_	_
si	rifl	PN	O	_	_
disturbava	disturbare	VI	O	_	_
poi	poi	B	O	_	_
il	il	RS	O	_	_
piano	piano	SS	O	_	_
di	di	E	O	_	_
propaganda	propaganda	SS	O	_	_
che	che	CCHE	O	_	_
doveva	dovere	VI	O	_	_
seguire	seguire	VF	O	_	_
la	il	RS	O	_	_
direzione	direzione	SS	O	_	_
,	comma	XPW	O	_	_
costringendola	costringere/pro	VG+E	O	_	_
a	a	E	O	_	_
correre	correre	VF	O	_	_
alla	a/det	ES	O	_	_
difesa	difesa	SS	O	_	_
,	comma	XPW	O	_	_
mentre	mentre	C	O	_	_
,	comma	XPW	O	_	_
se	se	C	O	_	_
tutti	tutto	PP	O	_	_
avessero	avere	VI	O	_	_
seguiti	seguito	SP	O	_	_
i	il	RP	O	_	_
suoi	suo	DP	O	_	_
avvertimenti	avvertimento	SP	O	_	_
dati	dare	VPP	O	_	_
nel	in/det	ES	O	_	_
giornale	giornale	SS	O	_	_
,	comma	XPW	O	_	_
si	rifl	PN	O	_	_
sarebbero	essere	VIY	O	_	_
costretti	costringere	VPP	O	_	_
gli	il	RP	O	_	_
avversari	avversario	SP	O	_	_
a	a	E	O	_	_
stare	stare	VF	O	_	_
alle	a/det	EP	O	_	_
nostre	nostro	DP	O	_	_
calcagna	calcagna	SP	O	_	_
.	.	XPS	O	_	_

È	essere	VI	O	_	_
dunque	dunque	C	O	_	_
indispensabile	indispensabile	AS	O	_	_
per	per	E	O	_	_
l’	il	RS	O	_	_
avvenire	avvenire	SS	O	_	_
una	uno	RS	O	_	_
maggiore	maggiore	AS	O	_	_
unità	unità	SN	O	_	_
di	di	E	O	_	_
metodo	metodo	SS	O	_	_
,	comma	XPW	O	_	_
preferendo	preferire	VG	O	_	_
come	come	CADV	O	_	_
ho	avere	VIY	O	_	_
già	già	B	O	_	_
detto	dire	VSP	O	_	_
,	comma	XPW	O	_	_
quella	quello	PS	O	_	_
che	che	CCHE	O	_	_
chiamerei	chiamare	VI	O	_	_
la	il	RS	O	_	_
profilassi	profilassi	SS	O	_	_
della	di/det	ES	O	_	_
propaganda	propaganda	SS	O	_	_
.	.	XPS	O	_	_

Un’	uno	RS	O	_	_
osservazione	osservazione	SS	O	_	_
ed	ed	C	O	_	_
un	uno	RS	O	_	_
ammonimento	ammonimento	SS	O	_	_
ancora	ancora	B	O	_	_
a	a	E	O	_	_
proposito	proposito	SS	O	_	_
dell’	di/det	ES	O	_	_
ultima	ultimo	AS	O	_	_
campagna	campagna	SS	O	_	_
.	.	XPS	O	_	_

S’	s’	PN	O	_	_
è	essere	VIY	O	_	_
constatata	constatare	VSP	O	_	_
fino	fino	E	O	_	_
all’	a/det	ES	O	_	_
evidenza	evidenza	SS	O	_	_
l’	il	RS	O	_	_
importanza	importanza	SS	O	_	_
della	di/det	ES	O	_	_
stampa	stampa	SS	O	_	_
.	.	XPS	O	_	_

Un	uno	RS	O	_	_
semplice	semplice	AS	O	_	_
calcolo	calcolo	SS	O	_	_
vi	vi	B	O	_	_
dice	dire	VI	O	_	_
che	che	CCHE	O	_	_
il	il	RS	O	_	_
numero	numero	SS	O	_	_
di	di	E	O	_	_
voti	voto	SP	O	_	_
affermatisi	affermatisi	VPP	O	_	_
sui	su/det	EP	O	_	_
nostri	nostro	DP	O	_	_
candidati	candidato	SP	O	_	_
nei	in/det	EP	O	_	_
vari	vario	AP	O	_	_
comuni	comune	SP	O	_	_
sta	stare	VI	O	_	_
in	in	E	O	_	_
proporzione	proporzione	SS	O	_	_
diretta	diretto	AS	O	_	_
col	con/det	ES	O	_	_
numero	numero	SS	O	_	_
delle	di/det	EP	O	_	_
copie	copia	SP	O	_	_
del	di/det	ES	O	_	_
Trentino	trentino	SPN	GPE	46.102869	11.12961993
o	o	C	O	_	_
della	di/det	ES	O	_	_
Squilla	squilla	SPN	O	_	_
.	.	XPS	O	_	_

E	e	C	O	_	_
ancora	ancora	B	O	_	_
più	più	B	O	_	_
;	semicolon	XPS	O	_	_

il	il	RS	O	_	_
lavoro	lavoro	SS	O	_	_
immediato	immediato	AS	O	_	_
più	più	B	O	_	_
facile	facile	AS	O	_	_
,	comma	XPW	O	_	_
più	più	B	O	_	_
fecondo	fecondo	AS	O	_	_
si	rifl	PN	O	_	_
fece	fare	VI	O	_	_
là	là	B	O	_	_
dove	dove	CADV	O	_	_
gli	il	RP	O	_	_
uditori	uditore	SP	O	_	_
erano	essere	VIY	O	_	_
preparati	preparare	VPP	O	_	_
dalla	da/det	ES	O	_	_
stampa	stampa	SS	O	_	_
.	.	XPS	O	_	_

Morale	morale	AS	O	_	_
:	:	XPS	O	_	_
volete	volere	VI	O	_	_
nel	in/det	ES	O	_	_
momento	momento	SS	O	_	_
critico	critico	AS	O	_	_
risparmiarvi	risparmiarvi	VI	O	_	_
nel	in/det	ES	O	_	_
paese	paese	SS	O	_	_
vostro	vostro	DS	O	_	_
conflitti	conflitto	SP	O	_	_
personali	personale	AP	O	_	_
,	comma	XPW	O	_	_
agitazioni	agitazione	SP	O	_	_
aperte	aperto	AP	O	_	_
?	?	XPS	O	_	_

Diffondete	diffondere	VI	O	_	_
la	il	RS	O	_	_
stampa	stampa	SS	O	_	_
la	il	RS	O	_	_
quale	quale	PS	O	_	_
silenziosamente	silenziosamente	B	O	_	_
e	e	C	O	_	_
tenacemente	tenacemente	B	O	_	_
vi	vi	B	O	_	_
preparerà	preparare	VI	O	_	_
il	il	RS	O	_	_
terreno	terreno	SS	O	_	_
,	comma	XPW	O	_	_
ove	ove	B	O	_	_
il	il	RS	O	_	_
raccogliere	raccogliere	VF	O	_	_
sarà	essere	VI	O	_	_
facile	facile	AS	O	_	_
.	.	XPS	O	_	_

Un	uno	RS	O	_	_
ammonimento	ammonimento	SS	O	_	_
ancora	ancora	B	O	_	_
ne	ne	PN	O	_	_
viene	venire	VI	O	_	_
dal	da/det	ES	O	_	_
corso	corso	SS	O	_	_
delle	di/det	EP	O	_	_
ultime	ultimo	AP	O	_	_
elezioni	elezione	SP	O	_	_
:	:	XPS	O	_	_
è	essere	VI	O	_	_
indispensabile	indispensabile	AS	O	_	_
rafforzare	rafforzare	VF	O	_	_
le	il	RP	O	_	_
società	società	SN	O	_	_
apolitiche	apolitico	AP	O	_	_
di	di	E	O	_	_
cultura	cultura	SS	O	_	_
ed	ed	C	O	_	_
economiche	economico	AP	O	_	_
e	e	C	O	_	_
rinvigorire	rinvigorire	VF	O	_	_
in	in	E	O	_	_
loro	loro	PP	O	_	_
i	il	RP	O	_	_
principii	principii	SP	O	_	_
generali	generale	AP	O	_	_
del	di/det	ES	O	_	_
movimento	movimento	SS	O	_	_
.	.	XPS	O	_	_

Che	che	CCHE	O	_	_
cosa	cosa	SS	O	_	_
avrebbe	avere	VIY	O	_	_
ottenuto	ottenere	VSP	O	_	_
l’	il	RS	O	_	_
Unione	unione	SS	O	_	_
politica	politico	AS	O	_	_
senza	senza	E	O	_	_
il	il	RS	O	_	_
lavoro	lavoro	SS	O	_	_
preparatorio	preparatorio	AS	O	_	_
delle	di/det	EP	O	_	_
società	società	SN	O	_	_
cattoliche	cattolico	AP	O	_	_
locali	locale	AP	O	_	_
?	?	XPS	O	_	_

Sappiamo	sapere	VI	O	_	_
trarne	trarne	VF+E	O	_	_
i	il	RP	O	_	_
dovuti	dovuto	SP	O	_	_
ammaestramenti	ammaestramenti	AP	O	_	_
.	.	XPS	O	_	_

E	e	C	O	_	_
qui	qui	B	O	_	_
il	il	RS	O	_	_
dr.	dottore	SS	O	_	_
Degasperi	degasperi	SPN	O	_	_
passa	passare	VI	O	_	_
a	a	E	O	_	_
riferire	riferire	VF	O	_	_
sulle	su/det	EP	O	_	_
prossime	prossimo	AP	O	_	_
elezioni	elezione	SP	O	_	_
.	.	XPS	O	_	_

Il	il	RS	O	_	_
vecchio	vecchio	AS	O	_	_
sistema	sistema	SS	O	_	_
elettorale	elettorale	AS	O	_	_
esclude	escludere	VI	O	_	_
una	uno	RS	O	_	_
grande	grande	AS	O	_	_
agitazione	agitazione	SS	O	_	_
,	comma	XPW	O	_	_
limita	limitare	VI	O	_	_
gli	il	RP	O	_	_
effetti	effetto	SP	O	_	_
della	di/det	ES	O	_	_
propaganda	propaganda	SS	O	_	_
e	e	C	O	_	_
riduce	ridurre	VI	O	_	_
in	in	E	O	_	_
gran	grande	AS	O	_	_
parte	parte	SS	O	_	_
le	il	RP	O	_	_
competizioni	competizione	SP	O	_	_
dei	di/det	EP	O	_	_
partiti	partito	SP	O	_	_
.	.	XPS	O	_	_

Il	il	RS	O	_	_
fatto	fatto	SS	O	_	_
stesso	stesso	DS	O	_	_
che	che	CCHE	O	_	_
anche	anche	C	O	_	_
la	il	RS	O	_	_
Dieta	dieta	SPN	O	_	_
neo-eletta	neo-eletta	AS	O	_	_
non	non	B	O	_	_
potrà	potere	VI	O	_	_
avere	avere	VF	O	_	_
vita	vita	SS	O	_	_
duratura	duraturo	AS	O	_	_
,	comma	XPW	O	_	_
perché	perché	C	O	_	_
vi	voi	PP	O	_	_
si	rifl	PN	O	_	_
voterà	votare	VI	O	_	_
la	il	RS	O	_	_
riforma	riforma	SS	O	_	_
elettorale	elettorale	AS	O	_	_
,	comma	XPW	O	_	_
diminuisce	diminuire	VI	O	_	_
l’	il	RS	O	_	_
intensità	intensità	SN	O	_	_
della	di/det	ES	O	_	_
lotta	lotta	SS	O	_	_
.	.	XPS	O	_	_

Il	il	RS	O	_	_
Partito	partito	SS	O	_	_
popolare	popolare	AS	O	_	_
deve	dovere	VI	O	_	_
tuttavia	tuttavia	B	O	_	_
star	stare	VF	O	_	_
bene	bene	B	O	_	_
agguerrito	agguerrire	VSP	O	_	_
di	di	E	O	_	_
fronte	fronte	SS	O	_	_
a	a	E	O	_	_
qualunque	qualunque	DS	O	_	_
eventualità	eventualità	SN	O	_	_
.	.	XPS	O	_	_

Conviene	convenire	VI	O	_	_
pensare	pensare	VF	O	_	_
alla	a/det	ES	O	_	_
designazione	designazione	SS	O	_	_
dei	di/det	EP	O	_	_
candidati	candidato	SP	O	_	_
per	per	E	O	_	_
quei	quello	DP	O	_	_
collegi	collegio	SP	O	_	_
,	comma	XPW	O	_	_
ove	ove	B	O	_	_
il	il	RS	O	_	_
partito	partito	SS	O	_	_
intende	intendere	VI	O	_	_
competere	competere	VF	O	_	_
.	.	XPS	O	_	_

Per	per	E	O	_	_
stabilire	stabilire	VF	O	_	_
i	il	RP	O	_	_
candidati	candidato	SP	O	_	_
la	il	RS	O	_	_
direzione	direzione	SS	O	_	_
ha	avere	VIY	O	_	_
proposto	proporre	VSP	O	_	_
un	uno	RS	O	_	_
metodo	metodo	SS	O	_	_
che	che	CCHE	O	_	_
tutti	tutto	PP	O	_	_
dovranno	dovere	VI	O	_	_
ammettere	ammettere	VF	O	_	_
più	più	B	O	_	_
democratico	democratico	AS	O	_	_
non	non	B	O	_	_
si	rifl	PN	O	_	_
potrebbe	potere	VI	O	_	_
dare	dare	VF	O	_	_
.	.	XPS	O	_	_

Siano	essere	VI	O	_	_
gli	il	RP	O	_	_
elettori	elettore	SP	O	_	_
di	di	E	O	_	_
parte	parte	SS	O	_	_
cattolica	cattolico	AS	O	_	_
che	che	CCHE	O	_	_
per	per	E	O	_	_
mezzo	mezzo	SS	O	_	_
dei	di/det	EP	O	_	_
delegati	delegato	SP	O	_	_
da	da	E	O	_	_
loro	loro	PP	O	_	_
eletti	eletto	AP	O	_	_
facciano	fare	VI	O	_	_
delle	di/det	EP	O	_	_
proposte	proposta	SP	O	_	_
circa	circa	E	O	_	_
le	il	RP	O	_	_
candidature	candidatura	SP	O	_	_
.	.	XPS	O	_	_

È	essere	VI	O	_	_
naturale	naturale	AS	O	_	_
che	che	CCHE	O	_	_
l’	il	RS	O	_	_
ultima	ultimo	AS	O	_	_
parola	parola	SS	O	_	_
deve	dovere	VI	O	_	_
essere	essere	VFY	O	_	_
lasciata	lasciare	VSP	O	_	_
alla	a/det	ES	O	_	_
direzione	direzione	SS	O	_	_
poiché	poiché	C	O	_	_
in	in	E	O	_	_
caso	caso	SS	O	_	_
inverso	inverso	AS	O	_	_
non	non	B	O	_	_
si	rifl	PN	O	_	_
potrebbe	potere	VI	O	_	_
parlare	parlare	VF	O	_	_
di	di	E	O	_	_
organizzazione	organizzazione	SS	O	_	_
omogenea	omogeneo	AS	O	_	_
ed	ed	C	O	_	_
unitaria	unitario	AS	O	_	_
.	.	XPS	O	_	_

In	in	E	O	_	_
armonia	armonia	SS	O	_	_
a	a	E	O	_	_
questi	questo	DP	O	_	_
criteri	criterio	SP	O	_	_
la	il	RS	O	_	_
direzione	direzione	SS	O	_	_
ha	avere	VIY	O	_	_
anche	anche	C	O	_	_
spedita	spedire	VSP	O	_	_
agli	a/det	EP	O	_	_
amici	amico	SP	O	_	_
una	uno	RS	O	_	_
circolare	circolare	SS	O	_	_
che	che	CCHE	O	_	_
a	a	E	O	_	_
noi	noi	PP	O	_	_
almeno	almeno	B	O	_	_
pareva	parere	VI	O	_	_
molto	molto	B	O	_	_
chiara	chiaro	AS	O	_	_
:	:	XPS	O	_	_
si	rifl	PN	O	_	_
convocassero	convocare	VI	O	_	_
gli	il	RP	O	_	_
elettori	elettore	SP	O	_	_
dietali	dietali	AP	O	_	_
di	di	E	O	_	_
parte	parte	SS	O	_	_
cattolica	cattolico	AS	O	_	_
,	comma	XPW	O	_	_
eleggessero	eleggere	VI	O	_	_
questi	questo	PP	O	_	_
dei	di/det	EP	O	_	_
delegati	delegato	SP	O	_	_
il	il	RS	O	_	_
cui	cui	PN	O	_	_
numero	numero	SS	O	_	_
era	essere	VIY	O	_	_
precisato	precisare	VSP	O	_	_
e	e	C	O	_	_
il	il	RS	O	_	_
cui	cui	PN	O	_	_
nome	nome	SS	O	_	_
doveva	dovere	VI	O	_	_
venir	venir	AS	O	_	_
subito	subito	B	O	_	_
comunicato	comunicare	VSP	O	_	_
alla	a/det	ES	O	_	_
direzione	direzione	SS	O	_	_
,	comma	XPW	O	_	_
perché	perché	C	O	_	_
si	rifl	PN	O	_	_
potesse	potere	VI	O	_	_
radunarli	radunare/pro	VF+E	O	_	_
in	in	E	O	_	_
appositi	apposito	AP	O	_	_
convegni	convegno	SP	O	_	_
di	di	E	O	_	_
collegio	collegio	SS	O	_	_
e	e	C	O	_	_
passare	passare	VF	O	_	_
alla	a/det	ES	O	_	_
proposta	proposta	SS	O	_	_
delle	di/det	EP	O	_	_
candidature	candidatura	SP	O	_	_
.	.	XPS	O	_	_

Era	essere	VI	O	_	_
chiaro	chiaro	AS	O	_	_
?	?	XPS	O	_	_

E	e	C	O	_	_
tuttavia	tuttavia	B	O	_	_
quanto	quanto	B	O	_	_
confuse	confuso	AP	O	_	_
e	e	C	O	_	_
quanto	quanto	B	O	_	_
poche	poco	PP	O	_	_
le	il	RP	O	_	_
risposte	risposta	SP	O	_	_
?	?	XPS	O	_	_

Qui	qui	B	O	_	_
il	il	RS	O	_	_
dr.	dottore	SS	O	_	_
Degasperi	degasperi	SPN	O	_	_
ne	ne	PN	O	_	_
cita	citare	VI	O	_	_
alcune	alcuni	PP	O	_	_
.	.	XPS	O	_	_

Propone	proporre	VI	O	_	_
all’	a/det	ES	O	_	_
assemblea	assemblea	SS	O	_	_
di	di	E	O	_	_
stabilire	stabilire	VF	O	_	_
come	come	CADV	O	_	_
ultimo	ultimo	AS	O	_	_
termine	termine	SS	O	_	_
entro	entro	E	O	_	_
il	il	RS	O	_	_
quale	quale	PS	O	_	_
deve	dovere	VI	O	_	_
venir	venire	VF	O	_	_
annunziata	annunziare	VSP	O	_	_
la	il	RS	O	_	_
nomina	nomina	SS	O	_	_
dei	di/det	EP	O	_	_
delegati	delegato	SP	O	_	_
,	comma	XPW	O	_	_
il	il	RS	O	_	_
5	5	N	O	_	_
novembre	novembre	SS	O	_	_
.	.	XPS	O	_	_

Passato	passare	VSP	O	_	_
questo	questo	DS	O	_	_
termine	termine	SS	O	_	_
,	comma	XPW	O	_	_
la	il	RS	O	_	_
direzione	direzione	SS	O	_	_
ha	avere	VIY	O	_	_
diritto	diritto	VSP	O	_	_
di	di	E	O	_	_
nominare	nominare	VF	O	_	_
da	da	E	O	_	_
sé	sé	PN	O	_	_
i	il	RP	O	_	_
delegati	delegato	SP	O	_	_
,	comma	XPW	O	_	_
di	di	E	O	_	_
cui	cui	PN	O	_	_
non	non	B	O	_	_
si	rifl	PN	O	_	_
è	essere	VIY	O	_	_
fatto	fare	VSP	O	_	_
il	il	RS	O	_	_
nome	nome	SS	O	_	_
dagli	da/det	EP	O	_	_
elettori	elettore	SP	O	_	_
.	.	XPS	O	_	_

Infine	infine	B	O	_	_
riassume	riassumere	VI	O	_	_
le	il	RP	O	_	_
sue	suo	DP	O	_	_
proposte	proposta	SP	O	_	_
di	di	E	O	_	_
tattica	tattica	SS	O	_	_
nei	in/det	EP	O	_	_
seguenti	seguente	SP	O	_	_
capisaldi	capisaldi	AP	O	_	_
:	:	XPS	O	_	_
1	1	N	O	_	_
)	close_parenthesis	XPB	O	_	_
Gli	il	RP	O	_	_
elettori	elettore	SP	O	_	_
dietali	dietali	AP	O	_	_
,	comma	XPW	O	_	_
consenzienti	consenzienti	VPP	O	_	_
al	a/det	ES	O	_	_
partito	partito	SS	O	_	_
popolare	popolare	AS	O	_	_
,	comma	XPW	O	_	_
designano	designare	VI	O	_	_
in	in	E	O	_	_
adunanza	adunanza	SS	O	_	_
privata	privato	AS	O	_	_
in	in	E	O	_	_
ogni	ogni	DS	O	_	_
comune	comune	SS	O	_	_
i	il	RP	O	_	_
loro	loro	DP	O	_	_
delegati	delegato	SP	O	_	_
.	.	XPS	O	_	_

2	2	N	O	_	_
)	close_parenthesis	XPB	O	_	_
Gli	il	RP	O	_	_
elettori	elettore	SP	O	_	_
nominano	nominare	VI	O	_	_
altrettanti	altrettanto	AP	O	_	_
delegati	delegato	SP	O	_	_
quanti	quanto	DP	O	_	_
sono	essere	VI	O	_	_
gli	il	RP	O	_	_
elettori	elettore	SP	O	_	_
eletti	eleggere	VPP	O	_	_
per	per	E	O	_	_
le	il	RP	O	_	_
elezioni	elezione	SP	O	_	_
dietali	dietali	AP	O	_	_
,	comma	XPW	O	_	_
ed	ed	C	O	_	_
ove	ove	B	O	_	_
fosse	essere	VI	O	_	_
introdotto	introdotto	AS	O	_	_
il	il	RS	O	_	_
voto	voto	SS	O	_	_
diretto	diretto	AS	O	_	_
,	comma	XPW	O	_	_
un	uno	RS	O	_	_
delegato	delegato	SS	O	_	_
ogni	ogni	DS	O	_	_
500	500	N	O	_	_
abitanti	abitante	SP	O	_	_
.	.	XPS	O	_	_

Il	il	RS	O	_	_
nome	nome	SS	O	_	_
dei	di/det	EP	O	_	_
delegati	delegato	SP	O	_	_
deve	dovere	VI	O	_	_
essere	essere	VFY	O	_	_
comunicato	comunicare	VSP	O	_	_
alla	a/det	ES	O	_	_
direzione	direzione	SS	O	_	_
prima	primo	AS	O	_	_
dei	di/det	EP	O	_	_
5	5	N	O	_	_
novembre	novembre	SP	O	_	_
,	comma	XPW	O	_	_
altrimenti	altrimenti	B	O	_	_
è	essere	VIY	O	_	_
ammesso	ammettere	VSP	O	_	_
che	che	CCHE	O	_	_
gli	il	RP	O	_	_
elettori	elettore	SP	O	_	_
di	di	E	O	_	_
quei	quello	DP	O	_	_
comuni	comune	SP	O	_	_
affidano	affidare	VI	O	_	_
alla	a/det	ES	O	_	_
direzione	direzione	SS	O	_	_
l’	il	RS	O	_	_
incarico	incarico	SS	O	_	_
di	di	E	O	_	_
nominare	nominare	VF	O	_	_
i	il	RP	O	_	_
delegati	delegato	SP	O	_	_
.	.	XPS	O	_	_

3	3	N	O	_	_
)	close_parenthesis	XPB	O	_	_
La	il	RS	O	_	_
direzione	direzione	SS	O	_	_
convoca	convocare	VI	O	_	_
i	il	RP	O	_	_
delegati	delegato	SP	O	_	_
di	di	E	O	_	_
ogni	ogni	DS	O	_	_
collegio	collegio	SS	O	_	_
dietale	dietale	AS	O	_	_
,	comma	XPW	O	_	_
ad	ad	E	O	_	_
un	uno	RS	O	_	_
convegno	convegno	SS	O	_	_
.	.	XPS	O	_	_

A	a	E	O	_	_
questo	questo	PS	O	_	_
deve	dovere	VI	O	_	_
assistere	assistere	VF	O	_	_
un	uno	RS	O	_	_
delegato	delegato	SS	O	_	_
della	di/det	ES	O	_	_
direzione	direzione	SS	O	_	_
,	comma	XPW	O	_	_
il	il	RS	O	_	_
quale	quale	PS	O	_	_
sull’	su/det	ES	O	_	_
esito	esito	SS	O	_	_
finale	finale	AS	O	_	_
stenderà	stendere	VI	O	_	_
un	uno	RS	O	_	_
breve	breve	AS	O	_	_
protocollo	protocollo	SS	O	_	_
.	.	XPS	O	_	_

Basandosi	basare/rifl	VG+E	O	_	_
su	su	E	O	_	_
esso	esso	PS	O	_	_
la	il	RS	O	_	_
direzione	direzione	SS	O	_	_
prenderà	prendere	VI	O	_	_
una	uno	RS	O	_	_
decisione	decisione	SS	O	_	_
definitiva	definitivo	AS	O	_	_
e	e	C	O	_	_
passerà	passare	VI	O	_	_
alla	a/det	ES	O	_	_
proclamazione	proclamazione	SS	O	_	_
del	di/det	ES	O	_	_
candidato	candidato	SS	O	_	_
.	.	XPS	O	_	_

4	4	N	O	_	_
)	close_parenthesis	XPB	O	_	_
Qualora	qualora	C	O	_	_
le	il	RP	O	_	_
risultanze	risultanza	SP	O	_	_
del	di/det	ES	O	_	_
convegno	convegno	SS	O	_	_
lo	lo	PS	O	_	_
richiedessero	richiedere	VI	O	_	_
ed	ed	C	O	_	_
il	il	RS	O	_	_
delegato	delegato	SS	O	_	_
della	di/det	ES	O	_	_
direzione	direzione	SS	O	_	_
lo	lo	PS	O	_	_
ritenesse	ritenere	VI	O	_	_
opportuno	opportuno	AS	O	_	_
,	comma	XPW	O	_	_
i	il	RP	O	_	_
delegati	delegato	SP	O	_	_
convenuti	convenuto	AP	O	_	_
verranno	venire	VIY	O	_	_
invitati	invitare	VPP	O	_	_
a	a	E	O	_	_
nominare	nominare	VF	O	_	_
un	uno	RS	O	_	_
sottocomitato	sottocomitato	AS	O	_	_
ristretto	ristretto	SS	O	_	_
di	di	E	O	_	_
due	due	N	O	_	_
fino	fino	E	O	_	_
a	a	E	O	_	_
cinque	cinque	N	O	_	_
membri	membro	SP	O	_	_
,	comma	XPW	O	_	_
i	il	RP	O	_	_
quali	quale	PP	O	_	_
dovranno	dovere	VI	O	_	_
stabilire	stabilire	VF	O	_	_
l’	il	RS	O	_	_
accordo	accordo	SS	O	_	_
con	con	E	O	_	_
la	il	RS	O	_	_
direzione	direzione	SS	O	_	_
,	comma	XPW	O	_	_
non	non	B	O	_	_
raggiunto	raggiungere	VSP	O	_	_
nel	in/det	ES	O	_	_
convegno	convegno	SS	O	_	_
.	.	XPS	O	_	_

Il	il	RS	O	_	_
relatore	relatore	SS	O	_	_
personalmente	personalmente	B	O	_	_
raccomanda	raccomandare	VI	O	_	_
ancora	ancora	B	O	_	_
:	:	XPS	O	_	_
Nella	in/det	ES	O	_	_
scelta	scelta	SS	O	_	_
dei	di/det	EP	O	_	_
candidati	candidato	SP	O	_	_
si	rifl	PN	O	_	_
seguano	seguire	VI	O	_	_
questi	questo	DP	O	_	_
criteri	criterio	SP	O	_	_
:	:	XPS	O	_	_
1	1	N	O	_	_
)	close_parenthesis	XPB	O	_	_
È	essere	VI	O	_	_
conveniente	conveniente	AS	O	_	_
ed	ed	C	O	_	_
utile	utile	AS	O	_	_
che	che	CCHE	O	_	_
i	il	RP	O	_	_
deputati	deputato	SP	O	_	_
parlamentari	parlamentare	AP	O	_	_
siano	essere	VI	O	_	_
di	di	E	O	_	_
massima	massima	SS	O	_	_
anche	anche	C	O	_	_
deputati	deputato	SP	O	_	_
dietali	dietali	AP	O	_	_
.	.	XPS	O	_	_

2	2	N	O	_	_
)	close_parenthesis	XPB	O	_	_
I	il	RP	O	_	_
candidati	candidato	SP	O	_	_
devono	dovere	VI	O	_	_
essere	essere	VF	O	_	_
persone	persona	SP	O	_	_
di	di	E	O	_	_
non	non	B	O	_	_
dubbi	dubbi	AS	O	_	_
sentimenti	sentimento	SP	O	_	_
sia	sia	C	O	_	_
circa	circa	B	O	_	_
il	il	RS	O	_	_
programma	programma	SS	O	_	_
strettamente	strettamente	B	O	_	_
politico	politico	AS	O	_	_
quanto	quanto	B	O	_	_
intorno	intorno	E	O	_	_
all’	a/det	ES	O	_	_
azione	azione	SS	O	_	_
sociale	sociale	AS	O	_	_
del	di/det	ES	O	_	_
movimento	movimento	SS	O	_	_
cristiano-sociale	cristiano-sociale	AS	O	_	_
.	.	XPS	O	_	_

Sulle	su/det	EP	O	_	_
proposte	proposta	SP	O	_	_
del	di/det	ES	O	_	_
relatore	relatore	SS	O	_	_
si	rifl	PN	O	_	_
svolge	svolgere	VI	O	_	_
una	uno	RS	O	_	_
breve	breve	AS	O	_	_
discussione	discussione	SS	O	_	_
dopo	dopo	E	O	_	_
la	il	RS	O	_	_
quale	quale	PS	O	_	_
esse	esse	PP	O	_	_
vengono	venire	VIY	O	_	_
elevate	elevare	VPP	O	_	_
a	a	E	O	_	_
conchiuso	conchiuso	SS	O	_	_
nella	in/det	ES	O	_	_
forma	forma	SS	O	_	_
surriferita	surriferito	AS	O	_	_
.	.	XPS	O	_	_

La	il	RS	O	_	_
legge	legge	SS	O	_	_
impedisce	impedire	VI	O	_	_
che	che	CCHE	O	_	_
i	il	RP	O	_	_
membri	membro	SP	O	_	_
della	di/det	ES	O	_	_
direzione	direzione	SS	O	_	_
superino	superino	AS	O	_	_
il	il	RS	O	_	_
numero	numero	SS	O	_	_
di	di	E	O	_	_
dieci	dieci	N	O	_	_
.	.	XPS	O	_	_

Sarebbe	essere	VI	O	_	_
d’	di	E	O	_	_
altro	altro	DS	O	_	_
canto	canto	SS	O	_	_
utile	utile	AS	O	_	_
che	che	CCHE	O	_	_
nella	in/det	ES	O	_	_
direzione	direzione	SS	O	_	_
entrassero	entrare	VI	O	_	_
rappresentanti	rappresentante	SP	O	_	_
diretti	diretto	AP	O	_	_
almeno	almeno	B	O	_	_
dei	di/det	EP	O	_	_
vari	vario	AP	O	_	_
collegi	collegio	SP	O	_	_
parlamentari	parlamentare	AP	O	_	_
.	.	XPS	O	_	_

Abbiamo	avere	VI	O	_	_
quindi	quindi	B	O	_	_
stabilito	stabilire	VSP	O	_	_
di	di	E	O	_	_
proporvi	proporvi	VF+E	O	_	_
questa	questo	DS	O	_	_
specie	specie	SN	O	_	_
di	di	E	O	_	_
regolamento	regolamento	SS	O	_	_
interno	interno	AS	O	_	_
:	:	XPS	O	_	_
Se	se	C	O	_	_
non	non	B	O	_	_
è	essere	VI	O	_	_
possibile	possibile	AS	O	_	_
avere	avere	VF	O	_	_
nella	in/det	ES	O	_	_
direzione	direzione	SS	O	_	_
una	uno	RS	O	_	_
rappresentanza	rappresentanza	SS	O	_	_
di	di	E	O	_	_
tutti	tutto	DP	O	_	_
i	il	RP	O	_	_
nove	nove	N	O	_	_
collegi	collegio	SP	O	_	_
,	comma	XPW	O	_	_
l’	il	RS	O	_	_
adunanza	adunanza	SS	O	_	_
generale	generale	AS	O	_	_
nomina	nomina	SS	O	_	_
dei	di/det	EP	O	_	_
fiduciari	fiduciario	SP	O	_	_
di	di	E	O	_	_
collegio	collegio	SS	O	_	_
i	il	RP	O	_	_
quali	quale	PP	O	_	_
possono	potere	VI	O	_	_
assistere	assistere	VF	O	_	_
con	con	E	O	_	_
voto	voto	SS	O	_	_
consultivo	consultivo	AS	O	_	_
alle	a/det	EP	O	_	_
sedute	seduta	SP	O	_	_
della	di/det	ES	O	_	_
direzione	direzione	SS	O	_	_
.	.	XPS	O	_	_

Anche	anche	C	O	_	_
i	il	RP	O	_	_
deputati	deputato	SP	O	_	_
parlamentari	parlamentare	AP	O	_	_
,	comma	XPW	O	_	_
che	che	CCHE	O	_	_
non	non	B	O	_	_
sono	essere	VI	O	_	_
membri	membro	SP	O	_	_
di	di	E	O	_	_
direzione	direzione	SS	O	_	_
hanno	avere	VI	O	_	_
eguale	eguale	AS	O	_	_
diritto	diritto	SS	O	_	_
.	.	XPS	O	_	_

Ai	a/det	EP	O	_	_
membri	membro	SP	O	_	_
di	di	E	O	_	_
direzione	direzione	SS	O	_	_
che	che	CCHE	O	_	_
abitano	abitare	VI	O	_	_
fuori	fuori	E	O	_	_
di	di	E	O	_	_
Trento	trento	SPN	GPE	46.0664228	11.1257601
e	e	C	O	_	_
non	non	B	O	_	_
siano	essere	VIY	O	_	_
deputati	deputare	VPP	O	_	_
parlamentari	parlamentare	AP	O	_	_
vengono	venire	VIY	O	_	_
rifuse	rifuse	VPP	O	_	_
le	il	RP	O	_	_
spese	spesa	SP	O	_	_
di	di	E	O	_	_
viaggio	viaggio	SS	O	_	_
.	.	XPS	O	_	_

Tale	tale	DS	O	_	_
diritto	diritto	SS	O	_	_
spetta	spettare	VI	O	_	_
anche	anche	C	O	_	_
agli	a/det	EP	O	_	_
eventuali	eventuale	AP	O	_	_
fiduciari	fiduciario	SP	O	_	_
di	di	E	O	_	_
collegio	collegio	SS	O	_	_
quando	quando	CADV	O	_	_
assistano	assistere	VI	O	_	_
alle	a/det	EP	O	_	_
sedute	seduta	SP	O	_	_
della	di/det	ES	O	_	_
direzione	direzione	SS	O	_	_
invitati	invitare	VPP	O	_	_
da	da	E	O	_	_
questa	questo	PS	O	_	_
.	.	XPS	O	_	_

Avvertenza	avvertenza	SS	O	_	_
.	.	XPS	O	_	_

–	–	XPO	O	_	_
Come	come	CADV	O	_	_
gli	il	RP	O	_	_
amici	amico	SP	O	_	_
possono	potere	VI	O	_	_
dedurre	dedurre	VF	O	_	_
dalle	da/det	EP	O	_	_
proposte	proposta	SP	O	_	_
il	il	RS	O	_	_
termine	termine	SS	O	_	_
ultimo	ultimo	AS	O	_	_
,	comma	XPW	O	_	_
entro	entro	E	O	_	_
il	il	RS	O	_	_
quale	quale	PS	O	_	_
si	rifl	PN	O	_	_
devono	dovere	VI	O	_	_
comunicare	comunicare	VF	O	_	_
alla	a/det	ES	O	_	_
direzione	direzione	SS	O	_	_
i	il	RP	O	_	_
nomi	noma	SP	O	_	_
dei	di/det	EP	O	_	_
delegati	delegato	SP	O	_	_
,	comma	XPW	O	_	_
è	essere	VIY	O	_	_
protratto	protrare	VSP	O	_	_
ai	a/det	EP	O	_	_
5	5	N	O	_	_
m.c.	m.c.	YA	O	_	_
Dopo	dopo	E	O	_	_
questa	questo	DS	O	_	_
data	data	SS	O	_	_
se	se	C	O	_	_
gli	il	RP	O	_	_
elettoti	elettoti	SP	O	_	_
nostri	nostro	AP	O	_	_
non	non	B	O	_	_
avranno	avere	VI	O	_	_
fatto	fare	VSP	O	_	_
uso	uso	SS	O	_	_
del	di/det	ES	O	_	_
loro	loro	PP	O	_	_
diritto	diritto	SS	O	_	_
è	essere	VI	O	_	_
segno	segno	SS	O	_	_
che	che	CCHE	O	_	_
vi	vi	B	O	_	_
rinunziano	rinunziare	VI	O	_	_
in	in	E	O	_	_
favore	favore	SS	O	_	_
della	di/det	ES	O	_	_
direzione	direzione	SS	O	_	_
.	.	XPS	O	_	_

Infine	infine	B	O	_	_
ricordiamo	ricordare	VI	O	_	_
che	che	CCHE	O	_	_
per	per	E	O	_	_
una	uno	RS	O	_	_
proposta	proposta	SS	O	_	_
fatta	fare	VSP	O	_	_
dal	da/det	ES	O	_	_
dr.	dottore	SS	O	_	_
Degasperi	degasperi	SPN	O	_	_
,	comma	XPW	O	_	_
visto	vedere	VSP	O	_	_
l’	il	RS	O	_	_
esito	esito	SS	O	_	_
delle	di/det	EP	O	_	_
elezioni	elezione	SP	O	_	_
della	di/det	ES	O	_	_
direzione	direzione	SS	O	_	_
si	rifl	PN	O	_	_
rimette	rimettere	VI	O	_	_
ai	a/det	EP	O	_	_
convegni	convegno	SP	O	_	_
del	di/det	ES	O	_	_
collegio	collegio	SS	O	_	_
che	che	CCHE	O	_	_
prossimamente	prossimamente	B	O	_	_
si	rifl	PN	O	_	_
dovranno	dovere	VI	O	_	_
tenere	tenere	VF	O	_	_
per	per	E	O	_	_
le	il	RP	O	_	_
elezioni	elezione	SP	O	_	_
dietali	dietali	AP	O	_	_
l’	il	RS	O	_	_
eventuale	eventuale	AS	O	_	_
compito	compito	SS	O	_	_
di	di	E	O	_	_
eleggere	eleggere	VF	O	_	_
un	uno	RS	O	_	_
rappresentante	rappresentante	SS	O	_	_
che	che	CCHE	O	_	_
a	a	E	O	_	_
nome	nome	SS	O	_	_
del	di/det	ES	O	_	_
rispettivo	rispettivo	AS	O	_	_
collegio	collegio	SS	O	_	_
s’	s’	PN	O	_	_
aggiunge	aggiungere	VI	O	_	_
alla	a/det	ES	O	_	_
direzione	direzione	SS	O	_	_
.	.	XPS	O	_	_
