# total number of persons:0, total number of gpes:6
Ci	ci	B	O	_	_
scrivono	scrivere	VI	O	_	_
da	da	E	O	_	_
Fiemme	fiemme	SPN	O	_	_
:	:	XPS	O	_	_
Dal	da/det	ES	O	_	_
Trentino	trentino	SPN	GPE	46.102869	11.12961993
abbiamo	avere	VIY	O	_	_
appreso	apprendere	VSP	O	_	_
che	che	CCHE	O	_	_
si	rifl	PN	O	_	_
discorre	discorre	VF	O	_	_
di	di	E	O	_	_
una	uno	RS	O	_	_
prossima	prossimo	AS	O	_	_
sessione	sessione	SS	O	_	_
dietale	dietale	AS	O	_	_
e	e	C	O	_	_
che	che	CCHE	O	_	_
in	in	E	O	_	_
proposito	proposito	SS	O	_	_
il	il	RS	O	_	_
vicecapitano	vicecapitano	SS	O	_	_
della	di/det	ES	O	_	_
Provincia	provincia	SS	O	_	_
e	e	C	O	_	_
il	il	RS	O	_	_
presidente	presidente	SS	O	_	_
del	di/det	ES	O	_	_
club	club	SN	O	_	_
popolare	popolare	AS	O	_	_
ebbero	avere	VI	O	_	_
tempo	tempo	SS	O	_	_
fa	fa	B	O	_	_
una	uno	RS	O	_	_
conferenza	conferenza	SS	O	_	_
a	a	E	O	_	_
Vienna	vienna	SPN	GPE	48.2083537	16.3725042
col	con/det	ES	O	_	_
Luogotenente	luogotenente	SPN	O	_	_
.	.	XPS	O	_	_

La	il	RS	O	_	_
sessione	sessione	SS	O	_	_
della	di/det	ES	O	_	_
Dieta	dieta	SPN	O	_	_
è	essere	VI	O	_	_
vivamente	vivamente	B	O	_	_
desiderata	desiderare	VSP	O	_	_
dai	da/det	EP	O	_	_
Fiemmazzi	fiemmazzi	SPN	O	_	_
che	che	CCHE	O	_	_
ne	ne	PN	O	_	_
attendono	attendere	VI	O	_	_
delle	di/det	EP	O	_	_
decisioni	decisione	SP	O	_	_
di	di	E	O	_	_
somma	sommo	AS	O	_	_
importanza	importanza	SS	O	_	_
per	per	E	O	_	_
la	il	RS	O	_	_
valle	valle	SS	O	_	_
.	.	XPS	O	_	_

Tutti	tutto	PP	O	_	_
conoscono	conoscere	VI	O	_	_
quali	quale	DP	O	_	_
siano	essere	VI	O	_	_
le	il	RP	O	_	_
principali	principale	AP	O	_	_
questioni	questione	SP	O	_	_
che	che	CCHE	O	_	_
ci	ci	PP	O	_	_
travagliano	travagliare	VI	O	_	_
e	e	C	O	_	_
che	che	CCHE	O	_	_
tante	tanto	DP	O	_	_
volte	volta	SP	O	_	_
attrassero	attrare	VI	O	_	_
a	a	E	O	_	_
sé	sé	PN	O	_	_
l’	il	RS	O	_	_
attenzione	attenzione	SS	O	_	_
di	di	E	O	_	_
tutto	tutto	DS	O	_	_
il	il	RS	O	_	_
Trentino	trentino	SPN	GPE	46.102869	11.12961993
:	:	XPS	O	_	_
la	il	RS	O	_	_
questione	questione	SS	O	_	_
della	di/det	ES	O	_	_
Comunità	comunità	SN	O	_	_
generale	generale	AS	O	_	_
e	e	C	O	_	_
della	di/det	ES	O	_	_
tramvia	tramvia	SS	O	_	_
.	.	XPS	O	_	_

Della	di/det	ES	O	_	_
prima	primo	AS	O	_	_
oggi	oggi	B	O	_	_
non	non	B	O	_	_
parlo	parlare	VI	O	_	_
;	semicolon	XPS	O	_	_

mi	io	PS	O	_	_
limiterò	limitare	VI	O	_	_
invece	invece	B	O	_	_
alla	a/det	ES	O	_	_
seconda	secondo	AS	O	_	_
che	che	CCHE	O	_	_
,	comma	XPW	O	_	_
aprendosi	aprire/rifl	VG+E	O	_	_
i	il	RP	O	_	_
battenti	battente	SP	O	_	_
del	di/det	ES	O	_	_
palazzo	palazzo	SS	O	_	_
provinciale	provinciale	AS	O	_	_
ai	a/det	EP	O	_	_
nostri	nostro	DP	O	_	_
rappresentanti	rappresentante	SP	O	_	_
,	comma	XPW	O	_	_
diventa	diventare	VI	O	_	_
di	di	E	O	_	_
attualità	attualità	SN	O	_	_
.	.	XPS	O	_	_

A	a	E	O	_	_
dir	dir	VF	O	_	_
vero	vero	AS	O	_	_
,	comma	XPW	O	_	_
l’	il	RS	O	_	_
attualità	attualità	SN	O	_	_
dura	duro	AS	O	_	_
da	da	E	O	_	_
un	uno	RS	O	_	_
pezzo	pezzo	SS	O	_	_
,	comma	XPW	O	_	_
anzi	anzi	C	O	_	_
un	uno	RS	O	_	_
po’	poco	B	O	_	_
troppo	troppo	B	O	_	_
.	.	XPS	O	_	_

La	il	RS	O	_	_
questione	questione	SS	O	_	_
conta	contare	VI	O	_	_
già	già	B	O	_	_
alcuni	alcuni	DP	O	_	_
lustri	lustro	SP	O	_	_
e	e	C	O	_	_
ha	avere	VI	O	_	_
un	uno	RS	O	_	_
bel	bello	AS	O	_	_
paio	paio	SS	O	_	_
di	di	E	O	_	_
baffi	baffi	SS	O	_	_
che	che	CCHE	O	_	_
dovrebbero	dovere	VI	O	_	_
incutere	incutere	VF	O	_	_
rispetto	rispetto	SS	O	_	_
.	.	XPS	O	_	_

Non	non	B	O	_	_
riferirò	riferire	VI	O	_	_
qui	qui	B	O	_	_
la	il	RS	O	_	_
storia	storia	SS	O	_	_
,	comma	XPW	O	_	_
formata	formare	VSP	O	_	_
dal	da/det	ES	O	_	_
lungo	lungo	AS	O	_	_
contrasto	contrasto	SS	O	_	_
fra	fra	E	O	_	_
due	due	N	O	_	_
progetti	progetto	SP	O	_	_
rivali	rivale	AP	O	_	_
che	che	CCHE	O	_	_
non	non	B	O	_	_
ebbero	avere	VI	O	_	_
mai	mai	B	O	_	_
altro	altro	DS	O	_	_
successo	successo	SS	O	_	_
se	se	C	O	_	_
non	non	B	O	_	_
quello	quello	PS	O	_	_
di	di	E	O	_	_
eliminarsi	eliminare/rifl	VF+E	O	_	_
a	a	E	O	_	_
vicenda	vicenda	SS	O	_	_
e	e	C	O	_	_
di	di	E	O	_	_
lasciare	lasciare	VF	O	_	_
in	in	E	O	_	_
condizioni	condizione	SP	O	_	_
indegne	indegno	AP	O	_	_
una	uno	PS	O	_	_
valle	valle	SP	O	_	_
ricca	ricco	AS	O	_	_
,	comma	XPW	O	_	_
popolosa	popoloso	AS	O	_	_
,	comma	XPW	O	_	_
coronata	coronare	VSP	O	_	_
di	di	E	O	_	_
selve	selve	SS	O	_	_
,	comma	XPW	O	_	_
cercata	cercare	VSP	O	_	_
e	e	C	O	_	_
trasversata	trasversata	VSP	O	_	_
da	da	E	O	_	_
torme	torma	SP	O	_	_
di	di	E	O	_	_
forestieri	forestiero	SP	O	_	_
.	.	XPS	O	_	_

L’	il	RS	O	_	_
unico	unico	AS	O	_	_
progresso	progresso	SS	O	_	_
regalatoci	regalatoci	VG+E	O	_	_
dai	da/det	EP	O	_	_
nuovi	nuovo	AP	O	_	_
tempi	tempo	SP	O	_	_
,	comma	XPW	O	_	_
furono	essere	VI	O	_	_
le	il	RP	O	_	_
automobili	automobile	SP	O	_	_
che	che	CCHE	O	_	_
ci	ci	PP	O	_	_
portarono	portare	VI	O	_	_
molta	molto	DS	O	_	_
polvere	polvere	SS	O	_	_
,	comma	XPW	O	_	_
molto	molto	B	O	_	_
puzzo	puzzo	AS	O	_	_
,	comma	XPW	O	_	_
aumento	aumento	SS	O	_	_
di	di	E	O	_	_
spese	spesa	SP	O	_	_
per	per	E	O	_	_
la	il	RS	O	_	_
strada	strada	SS	O	_	_
e	e	C	O	_	_
diminuzione	diminuzione	SS	O	_	_
di	di	E	O	_	_
fermate	fermata	SP	O	_	_
negli	in/det	EP	O	_	_
alberghi	albergo	SP	O	_	_
.	.	XPS	O	_	_

Quando	quando	CADV	O	_	_
Dio	dio	SS	O	_	_
volle	volere	VI	O	_	_
,	comma	XPW	O	_	_
per	per	E	O	_	_
le	il	RP	O	_	_
cure	cura	SP	O	_	_
e	e	C	O	_	_
per	per	E	O	_	_
gli	il	RP	O	_	_
sforzi	sforzo	SP	O	_	_
dei	di/det	EP	O	_	_
deputati	deputato	SP	O	_	_
popolari	popolare	AP	O	_	_
,	comma	XPW	O	_	_
i	il	RP	O	_	_
due	due	N	O	_	_
rivali	rivale	SP	O	_	_
si	rifl	PN	O	_	_
diedero	dare	VI	O	_	_
il	il	RS	O	_	_
bacio	bacio	SS	O	_	_
di	di	E	O	_	_
pace	pace	SS	O	_	_
e	e	C	O	_	_
anziché	anziché	C	O	_	_
contendersi	contendere/rifl	VF+E	O	_	_
il	il	RS	O	_	_
passo	passo	SS	O	_	_
,	comma	XPW	O	_	_
decisero	decidere	VI	O	_	_
di	di	E	O	_	_
vivere	vivere	VF	O	_	_
in	in	E	O	_	_
comune	comune	SS	O	_	_
accordo	accordo	SS	O	_	_
.	.	XPS	O	_	_

Dopo	dopo	E	O	_	_
parecchie	parecchio	AP	O	_	_
sedute	seduta	SP	O	_	_
,	comma	XPW	O	_	_
alle	a/det	EP	O	_	_
quali	quale	PP	O	_	_
intervennero	intervenire	VI	O	_	_
i	il	RP	O	_	_
deputati	deputato	SP	O	_	_
italiani	italiano	AP	O	_	_
e	e	C	O	_	_
tedeschi	tedesco	AP	O	_	_
di	di	E	O	_	_
tutti	tutto	DP	O	_	_
i	il	RP	O	_	_
partiti	partito	SP	O	_	_
,	comma	XPW	O	_	_
rappresentanti	rappresentante	SP	O	_	_
della	di/det	ES	O	_	_
Comunità	comunità	SN	O	_	_
generale	generale	AS	O	_	_
di	di	E	O	_	_
Trento	trento	SPN	O	_	_
e	e	C	O	_	_
di	di	E	O	_	_
Bolzano	bolzano	SPN	GPE	46.4981125	11.3547801
,	comma	XPW	O	_	_
fu	essere	VIY	O	_	_
stipulato	stipulare	VSP	O	_	_
in	in	E	O	_	_
quest’	questo	DS	O	_	_
ultima	ultimo	AS	O	_	_
città	città	SN	O	_	_
il	il	RS	O	_	_
compromesso	compromesso	SS	O	_	_
che	che	CCHE	O	_	_
ne	ne	PN	O	_	_
prende	prendere	VI	O	_	_
il	il	RS	O	_	_
nome	nome	SS	O	_	_
.	.	XPS	O	_	_

Era	essere	VI	O	_	_
l’	il	RS	O	_	_
estate	estate	SS	O	_	_
del	di/det	ES	O	_	_
1909	1909	N	O	_	_
,	comma	XPW	O	_	_
e	e	C	O	_	_
la	il	RS	O	_	_
Comunità	comunità	SN	O	_	_
,	comma	XPW	O	_	_
approvando	approvare	VG	O	_	_
in	in	E	O	_	_
pieno	pieno	AS	O	_	_
consesso	consesso	SS	O	_	_
il	il	RS	O	_	_
nuovo	nuovo	AS	O	_	_
patto	patto	SS	O	_	_
,	comma	XPW	O	_	_
si	rifl	PN	O	_	_
impegnava	impegnare	VI	O	_	_
di	di	E	O	_	_
promuoverne	promuovere/part	VF+E	O	_	_
l’	il	RS	O	_	_
esecuzione	esecuzione	SS	O	_	_
,	comma	XPW	O	_	_
assicurando	assicurare	VG	O	_	_
il	il	RS	O	_	_
versamento	versamento	SS	O	_	_
di	di	E	O	_	_
un	uno	RS	O	_	_
milione	milione	SS	O	_	_
e	e	C	O	_	_
mezzo	mezzo	SS	O	_	_
di	di	E	O	_	_
corone	corone	SS	O	_	_
.	.	XPS	O	_	_

Il	il	RS	O	_	_
Governo	governo	SS	O	_	_
centrale	centrale	AS	O	_	_
,	comma	XPW	O	_	_
a	a	E	O	_	_
quanto	quanto	B	O	_	_
si	rifl	PN	O	_	_
seppe	sapere	VI	O	_	_
,	comma	XPW	O	_	_
si	rifl	PN	O	_	_
mostrò	mostrare	VI	O	_	_
soddisfatto	soddisfatto	AS	O	_	_
del	di/det	ES	O	_	_
compromesso	compromesso	SS	O	_	_
,	comma	XPW	O	_	_
pure	pure	C	O	_	_
riservandosi	riservare/rifl	VG+E	O	_	_
di	di	E	O	_	_
rivedere	rivedere	VF	O	_	_
le	il	RP	O	_	_
due	due	N	O	_	_
tracce	traccia	SP	O	_	_
,	comma	XPW	O	_	_
di	di	E	O	_	_
rilevarne	rilevare/part	VF+E	O	_	_
il	il	RS	O	_	_
costo	costo	SS	O	_	_
e	e	C	O	_	_
dire	dire	VF	O	_	_
poi	poi	B	O	_	_
l’	il	RS	O	_	_
ultima	ultimo	AS	O	_	_
parola	parola	SS	O	_	_
.	.	XPS	O	_	_

Venne	venire	VI	O	_	_
la	il	RS	O	_	_
Dieta	dieta	SS	O	_	_
del	di/det	ES	O	_	_
1909-10	1909-10	N	O	_	_
,	comma	XPW	O	_	_
ma	ma	C	O	_	_
di	di	E	O	_	_
ferrovie	ferrovia	SP	O	_	_
non	non	B	O	_	_
si	rifl	PN	O	_	_
parlò	parlare	VI	O	_	_
:	:	XPS	O	_	_
essa	essa	PS	O	_	_
fu	essere	VI	O	_	_
tutta	tutto	DS	O	_	_
occupata	occupata	SS	O	_	_
dalla	da/det	ES	O	_	_
questione	questione	SS	O	_	_
magistrale	magistrale	AS	O	_	_
.	.	XPS	O	_	_

Della	di/det	ES	O	_	_
questione	questione	SS	O	_	_
di	di	E	O	_	_
Fiemme	fiemme	SPN	O	_	_
non	non	B	O	_	_
si	rifl	PN	O	_	_
occupò	occupare	VI	O	_	_
che	che	CCHE	O	_	_
la	il	RS	O	_	_
stampa	stampa	SS	O	_	_
,	comma	XPW	O	_	_
che	che	CCHE	O	_	_
riferì	riferire	VI	O	_	_
della	di/det	ES	O	_	_
guerra	guerra	SS	O	_	_
mossa	muovere	VSP	O	_	_
al	a/det	ES	O	_	_
compromesso	compromesso	SS	O	_	_
dai	da/det	EP	O	_	_
conservatori	conservatorio	SP	O	_	_
e	e	C	O	_	_
assecondata	assecondare	VSP	O	_	_
dai	da/det	EP	O	_	_
tedeschi	tedesco	SP	O	_	_
nazionali	nazionale	AP	O	_	_
.	.	XPS	O	_	_

Alla	a/det	ES	O	_	_
fine	fine	SS	O	_	_
del	di/det	ES	O	_	_
1910	1910	N	O	_	_
nuova	nuovo	AS	O	_	_
tornata	tornata	SS	O	_	_
dietale	dietale	AS	O	_	_
.	.	XPS	O	_	_

Qui	qui	B	O	_	_
si	rifl	PN	O	_	_
attendeva	attendere	VI	O	_	_
senz’	senz'	E	O	_	_
altro	altro	DS	O	_	_
che	che	CCHE	O	_	_
la	il	RS	O	_	_
ferrovia	ferrovia	SS	O	_	_
di	di	E	O	_	_
Fiemme	fiemme	SPN	O	_	_
venisse	venire	VIY	O	_	_
discussa	discutere	VSP	O	_	_
e	e	C	O	_	_
ratificato	ratificare	VSP	O	_	_
per	per	E	O	_	_
conto	conto	SS	O	_	_
della	di/det	ES	O	_	_
Provincia	provincia	SS	O	_	_
il	il	RS	O	_	_
compromesso	compromesso	SS	O	_	_
di	di	E	O	_	_
Bolzano	bolzano	SPN	GPE	46.4981125	11.3547801
.	.	XPS	O	_	_

Non	non	B	O	_	_
ne	ne	PN	O	_	_
fu	essere	VI	O	_	_
nulla	nulla	PS	O	_	_
.	.	XPS	O	_	_

Mancavano	mancare	VI	O	_	_
,	comma	XPW	O	_	_
così	così	B	O	_	_
ci	ci	PP	O	_	_
disse	dire	VI	O	_	_
qualche	qualche	DS	O	_	_
tedesco	tedesco	AS	O	_	_
,	comma	XPW	O	_	_
i	il	RP	O	_	_
denari	denaro	SP	O	_	_
;	semicolon	XPS	O	_	_

da	da	E	O	_	_
parte	parte	SS	O	_	_
italiana	italiano	AS	O	_	_
seppimo	seppimo	AS	O	_	_
invece	invece	B	O	_	_
che	che	CCHE	O	_	_
la	il	RS	O	_	_
vera	vero	AS	O	_	_
difficoltà	difficoltà	SN	O	_	_
era	essere	VI	O	_	_
da	da	E	O	_	_
cercarsi	cercare/rifl	VF+E	O	_	_
nelle	in/det	EP	O	_	_
opposizioni	opposizione	SP	O	_	_
dei	di/det	EP	O	_	_
due	due	N	O	_	_
partiti	partito	SP	O	_	_
suaccennati	suaccennati	VPP	O	_	_
che	che	CCHE	O	_	_
,	comma	XPW	O	_	_
come	come	CADV	O	_	_
avevano	avere	VIY	O	_	_
fatto	fare	VSP	O	_	_
nella	in/det	ES	O	_	_
questione	questione	SS	O	_	_
magistrale	magistrale	AS	O	_	_
,	comma	XPW	O	_	_
così	così	B	O	_	_
nella	in/det	ES	O	_	_
questione	questione	SS	O	_	_
nostra	nostro	DS	O	_	_
minacciavano	minacciavano	SS	O	_	_
i	i	PS	O	_	_
cristiano	cristiano	VI	O	_	_
sociali	sociale	AP	O	_	_
,	comma	XPW	O	_	_
se	se	C	O	_	_
avessero	avere	VIY	O	_	_
osato	osare	VSP	O	_	_
mantenere	mantenere	VF	O	_	_
la	il	RS	O	_	_
parola	parola	SS	O	_	_
data	dare	VSP	O	_	_
.	.	XPS	O	_	_

Non	non	B	O	_	_
volendo	volere	VG	O	_	_
i	il	RP	O	_	_
tedeschi	tedesco	SP	O	_	_
trattare	trattare	VF	O	_	_
della	di/det	ES	O	_	_
nostra	nostro	DS	O	_	_
ferrovia	ferrovia	SS	O	_	_
dovettero	dovere	VI	O	_	_
almeno	almeno	B	O	_	_
rassegnarsi	rassegnare/rifl	VF+E	O	_	_
a	a	E	O	_	_
vedere	vedere	VF	O	_	_
anche	anche	C	O	_	_
tutte	tutto	DP	O	_	_
le	il	RP	O	_	_
altre	altro	DP	O	_	_
coperte	coperta	SP	O	_	_
dal	da/det	ES	O	_	_
più	più	B	O	_	_
profondo	profondo	AS	O	_	_
silenzio	silenzio	SS	O	_	_
.	.	XPS	O	_	_

L’	il	RS	O	_	_
anno	anno	SS	O	_	_
che	che	CCHE	O	_	_
ora	ora	B	O	_	_
va	andare	VI	O	_	_
morendo	morire	VG	O	_	_
,	comma	XPW	O	_	_
passò	passare	VI	O	_	_
senza	senza	E	O	_	_
Dieta	dieta	SPN	O	_	_
.	.	XPS	O	_	_

Solo	solo	B	O	_	_
adesso	adesso	B	O	_	_
si	rifl	PN	O	_	_
parla	parlare	VI	O	_	_
di	di	E	O	_	_
una	uno	RS	O	_	_
breve	breve	AS	O	_	_
sessione	sessione	SS	O	_	_
alla	a/det	ES	O	_	_
fine	fine	SS	O	_	_
di	di	E	O	_	_
dicembre	dicembre	SS	O	_	_
,	comma	XPW	O	_	_
che	che	CCHE	O	_	_
verrà	venire	VIY	O	_	_
ripresa	riprendere	VSP	O	_	_
e	e	C	O	_	_
continuata	continuare	VSP	O	_	_
a	a	E	O	_	_
lungo	lungo	AS	O	_	_
nel	in/det	ES	O	_	_
gennaio	gennaio	SS	O	_	_
e	e	C	O	_	_
nel	in/det	ES	O	_	_
febbraio	febbraio	SS	O	_	_
del	di/det	ES	O	_	_
1912	1912	N	O	_	_
.	.	XPS	O	_	_

I	il	RP	O	_	_
tedeschi	tedesco	SP	O	_	_
–	–	XPO	O	_	_
come	come	CADV	O	_	_
già	già	B	O	_	_
si	rifl	PN	O	_	_
è	essere	VIY	O	_	_
potuto	potere	VSP	O	_	_
sapere	sapere	VF	O	_	_
quassù	quassù	B	O	_	_
da	da	E	O	_	_
qualche	qualche	DS	O	_	_
loro	loro	DP	O	_	_
pezzo	pezzo	SS	O	_	_
grosso	grosso	AS	O	_	_
,	comma	XPW	O	_	_
che	che	CCHE	O	_	_
dobbiamo	dovere	VI	O	_	_
supporre	supporre	VF	O	_	_
bene	bene	B	O	_	_
informato	informare	VSP	O	_	_
e	e	C	O	_	_
molto	molto	B	O	_	_
addentro	addentro	AS	O	_	_
nelle	in/det	EP	O	_	_
segrete	segreta	SP	O	_	_
cose	cose	AP	O	_	_
–	–	XPO	O	_	_
vogliono	volere	VI	O	_	_
e	e	C	O	_	_
debbono	dovere	VI	O	_	_
approfittare	approfittare	VF	O	_	_
dell’	di/det	ES	O	_	_
occasione	occasione	SS	O	_	_
per	per	E	O	_	_
mettere	mettere	VF	O	_	_
sul	su/det	ES	O	_	_
tappeto	tappeto	SS	O	_	_
il	il	RS	O	_	_
loro	loro	PP	O	_	_
progetto	progetto	SS	O	_	_
ferroviario	ferroviario	AS	O	_	_
.	.	XPS	O	_	_

È	essere	VI	O	_	_
il	il	RS	O	_	_
trionfo	trionfo	SS	O	_	_
del	di/det	ES	O	_	_
digiuno	digiuno	SS	O	_	_
;	semicolon	XPS	O	_	_

e	e	C	O	_	_
con	con	E	O	_	_
ciò	ciò`	PS	O	_	_
,	comma	XPW	O	_	_
non	non	B	O	_	_
ne	ne	PN	O	_	_
dubitiamo	dubitare	VI	O	_	_
,	comma	XPW	O	_	_
dopo	dopo	E	O	_	_
poco	poco	B	O	_	_
più	più	B	O	_	_
di	di	E	O	_	_
due	due	N	O	_	_
anni	anno	SP	O	_	_
che	che	CCHE	O	_	_
la	il	RS	O	_	_
Comunità	comunità	SN	O	_	_
ha	avere	VIY	O	_	_
fatto	fare	VSP	O	_	_
il	il	RS	O	_	_
dover	dover	SS	O	_	_
suo	suo	DS	O	_	_
,	comma	XPW	O	_	_
anche	anche	C	O	_	_
la	il	RS	O	_	_
Dieta	dieta	SPN	O	_	_
potrà	potere	VI	O	_	_
compiere	compiere	VF	O	_	_
il	il	RS	O	_	_
proprio	proprio	B	O	_	_
.	.	XPS	O	_	_

I	il	RP	O	_	_
rappresentanti	rappresentante	SP	O	_	_
di	di	E	O	_	_
Fiemme	fiemme	SPN	O	_	_
,	comma	XPW	O	_	_
anzi	anzi	C	O	_	_
,	comma	XPW	O	_	_
tutti	tutto	PP	O	_	_
fino	fino	E	O	_	_
ad	ad	E	O	_	_
uno	uno	RS	O	_	_
,	comma	XPW	O	_	_
i	il	RP	O	_	_
deputati	deputato	SP	O	_	_
italiani	italiano	AP	O	_	_
di	di	E	O	_	_
qualsiasi	qualsiasi	DN	O	_	_
indirizzo	indirizzo	SS	O	_	_
e	e	C	O	_	_
di	di	E	O	_	_
qualsiasi	qualsiasi	DN	O	_	_
regione	regione	SS	O	_	_
,	comma	XPW	O	_	_
ricorderanno	ricordare	VI	O	_	_
che	che	CCHE	O	_	_
nel	in/det	ES	O	_	_
Trentino	trentino	SPN	GPE	46.102869	11.12961993
vi	vi	B	O	_	_
è	essere	VI	O	_	_
ancora	ancora	B	O	_	_
una	uno	PS	O	_	_
valle	valle	SP	O	_	_
,	comma	XPW	O	_	_
per	per	E	O	_	_
molte	molto	DP	O	_	_
e	e	C	O	_	_
molte	molto	DP	O	_	_
ragioni	ragione	SP	O	_	_
importantissima	importante	AS	O	_	_
,	comma	XPW	O	_	_
che	che	CCHE	O	_	_
da	da	E	O	_	_
anni	anno	SP	O	_	_
ed	ed	C	O	_	_
anni	anno	SP	O	_	_
chiede	chiedere	VI	O	_	_
in	in	E	O	_	_
vano	vano	SS	O	_	_
la	il	RS	O	_	_
congiunzione	congiunzione	SS	O	_	_
ferroviaria	ferroviario	AS	O	_	_
che	che	CCHE	O	_	_
le	le	PS	O	_	_
spetta	spettare	VI	O	_	_
e	e	C	O	_	_
per	per	E	O	_	_
la	il	RS	O	_	_
quale	quale	PS	O	_	_
si	rifl	PN	O	_	_
dichiarò	dichiarare	VI	O	_	_
pronta	pronto	AS	O	_	_
a	a	E	O	_	_
sopportare	sopportare	VF	O	_	_
ingenti	ingente	AP	O	_	_
spese	spesa	SP	O	_	_
.	.	XPS	O	_	_

Essi	essi	PP	O	_	_
ricorderanno	ricordare	VI	O	_	_
che	che	CCHE	O	_	_
si	rifl	PN	O	_	_
è	essere	VIY	O	_	_
raggiunti	raggiungere	VPP	O	_	_
a	a	E	O	_	_
un	uno	RS	O	_	_
compromesso	compromesso	SS	O	_	_
al	a/det	ES	O	_	_
quale	quale	PS	O	_	_
fu	essere	VI	O	_	_
assicurata	assicurare	VSP	O	_	_
per	per	E	O	_	_
lo	il	RS	O	_	_
meno	meno	B	O	_	_
la	il	RS	O	_	_
maggioranza	maggioranza	SS	O	_	_
e	e	C	O	_	_
che	che	CCHE	O	_	_
dovrebbe	dovere	VI	O	_	_
finalmente	finalmente	B	O	_	_
venire	venire	VF	O	_	_
ratificato	ratificare	VSP	O	_	_
.	.	XPS	O	_	_

È	essere	VI	O	_	_
per	per	E	O	_	_
essi	essi	PP	O	_	_
un	uno	RS	O	_	_
impegno	impegno	SS	O	_	_
d’	di	E	O	_	_
onore	onore	SS	O	_	_
che	che	CCHE	O	_	_
non	non	B	O	_	_
venga	venire	VIY	O	_	_
deliberata	deliberare	VSP	O	_	_
nessuna	nessun	DS	O	_	_
costruzione	costruzione	SS	O	_	_
ferroviaria	ferroviario	AS	O	_	_
,	comma	XPW	O	_	_
se	se	C	O	_	_
prima	prima	B	O	_	_
non	non	B	O	_	_
si	rifl	PN	O	_	_
pensa	pensare	VI	O	_	_
a	a	E	O	_	_
noi	noi	PP	O	_	_
,	comma	XPW	O	_	_
nutriti	nutrire	VPP	O	_	_
finora	finora	B	O	_	_
solo	solo	B	O	_	_
di	di	E	O	_	_
lotte	lotta	SP	O	_	_
,	comma	XPW	O	_	_
privazioni	privazione	SP	O	_	_
e	e	C	O	_	_
speranze	speranza	SP	O	_	_
,	comma	XPW	O	_	_
e	e	C	O	_	_
che	che	CCHE	O	_	_
pur	pur	B	O	_	_
oggi	oggi	B	O	_	_
dobbiamo	dovere	VI	O	_	_
battere	battere	VF	O	_	_
i	il	RP	O	_	_
piedi	piede	SP	O	_	_
o	o	C	O	_	_
percorrere	percorrere	VF	O	_	_
con	con	E	O	_	_
mezzi	mezzo	SP	O	_	_
meno	meno	B	O	_	_
comodi	comodo	AP	O	_	_
e	e	C	O	_	_
più	più	B	O	_	_
costosi	costoso	AP	O	_	_
il	il	RS	O	_	_
superbo	superbo	AS	O	_	_
stradone	stradone	SS	O	_	_
da	da	E	O	_	_
tutti	tutto	PP	O	_	_
usato	usare	VSP	O	_	_
ma	ma	C	O	_	_
aperto	aprire	VSP	O	_	_
e	e	C	O	_	_
mantenuto	mantenere	VSP	O	_	_
coi	con/det	EP	O	_	_
nostri	nostro	DP	O	_	_
danari	danaro	SP	O	_	_
.	.	XPS	O	_	_

Nessuno	nessuno	PS	O	_	_
–	–	XPO	O	_	_
non	non	B	O	_	_
solo	solo	B	O	_	_
fra	fra	E	O	_	_
gli	il	RP	O	_	_
italiani	italiano	SP	O	_	_
ma	ma	C	O	_	_
nemmeno	nemmeno	B	O	_	_
fra	fra	E	O	_	_
i	il	RP	O	_	_
tedeschi	tedesco	SP	O	_	_
–	–	XPO	O	_	_
deve	dovere	VI	O	_	_
ignorarci	ignorare/loc/pro	VF+E	O	_	_
,	comma	XPW	O	_	_
intralciarci	intralciare/pro/loc	VF+E	O	_	_
o	o	C	O	_	_
precederci	precedere/loc/pro	VF+E	O	_	_
.	.	XPS	O	_	_

La	il	RS	O	_	_
Dieta	dieta	SPN	O	_	_
deve	dovere	VI	O	_	_
pensare	pensare	VF	O	_	_
,	comma	XPW	O	_	_
dopo	dopo	E	O	_	_
tanti	tanto	DP	O	_	_
indugi	indugio	SP	O	_	_
,	comma	XPW	O	_	_
alla	a/det	ES	O	_	_
valle	valle	SS	O	_	_
di	di	E	O	_	_
Fiemme	fiemme	SPN	O	_	_
e	e	C	O	_	_
compiere	compiere	VF	O	_	_
ciò	ciò`	PS	O	_	_
che	che	CCHE	O	_	_
è	essere	VI	O	_	_
semplicemente	semplicemente	B	O	_	_
il	il	RS	O	_	_
suo	suo	DS	O	_	_
dovere	dovere	SS	O	_	_
"!"	esclamation_mark	XPS	O	_	_
