# total number of persons:0, total number of gpes:1
La	il	RS	O	_	_
direzione	direzione	SS	O	_	_
del	di/det	ES	O	_	_
Comitato	comitato	SS	O	_	_
diocesano	diocesano	AS	O	_	_
per	per	E	O	_	_
l’	il	RS	O	_	_
azione	azione	SS	O	_	_
cattolica	cattolico	AS	O	_	_
tenne	tenere	VI	O	_	_
venerdì	venerdì	SN	O	_	_
un’	uno	RS	O	_	_
importante	importante	AS	O	_	_
seduta	seduta	SS	O	_	_
,	comma	XPW	O	_	_
la	il	RS	O	_	_
quale	quale	PS	O	_	_
oltre	oltre	B	O	_	_
che	che	CCHE	O	_	_
degli	di/det	EP	O	_	_
affari	affare	SP	O	_	_
amministrativi	amministrativo	AP	O	_	_
in	in	E	O	_	_
corso	corso	SS	O	_	_
si	rifl	PN	O	_	_
occupò	occupare	VI	O	_	_
dello	di/det	ES	O	_	_
stato	stato	SS	O	_	_
presente	presente	AS	O	_	_
dell’	di/det	ES	O	_	_
azione	azione	SS	O	_	_
cattolica	cattolico	AS	O	_	_
ed	ed	C	O	_	_
in	in	E	O	_	_
genere	genere	SS	O	_	_
della	di/det	ES	O	_	_
nostra	nostro	DS	O	_	_
organizzazione	organizzazione	SS	O	_	_
non	non	B	O	_	_
politica	politico	AS	O	_	_
.	.	XPS	O	_	_

Fu	essere	VI	O	_	_
data	dare	VSP	O	_	_
anzitutto	anzitutto	B	O	_	_
notizia	notizia	SS	O	_	_
della	di/det	ES	O	_	_
costituzione	costituzione	SS	O	_	_
dell’	di/det	ES	O	_	_
Ufficio	ufficio	SS	O	_	_
di	di	E	O	_	_
propaganda	propaganda	SS	O	_	_
presso	presso	E	O	_	_
il	il	RS	O	_	_
segretariato	segretariato	SS	O	_	_
del	di/det	ES	O	_	_
Comitato	comitato	SS	O	_	_
diocesano	diocesano	AS	O	_	_
.	.	XPS	O	_	_

La	il	RS	O	_	_
direzione	direzione	SS	O	_	_
decise	decidere	VPP	O	_	_
di	di	E	O	_	_
invitare	invitare	VF	O	_	_
tutti	tutto	DP	O	_	_
gli	il	RP	O	_	_
amici	amico	SP	O	_	_
e	e	C	O	_	_
gli	il	RP	O	_	_
interessati	interessato	SP	O	_	_
che	che	CCHE	O	_	_
hanno	avere	VI	O	_	_
bisogno	bisogno	SS	O	_	_
di	di	E	O	_	_
consigli	consiglio	SP	O	_	_
o	o	C	O	_	_
di	di	E	O	_	_
conferenzieri	conferenziere	SP	O	_	_
per	per	E	O	_	_
lo	il	RS	O	_	_
sviluppo	sviluppo	SS	O	_	_
delle	di/det	EP	O	_	_
società	società	SN	O	_	_
esistenti	esistere	VPP	O	_	_
o	o	C	O	_	_
per	per	E	O	_	_
la	il	RS	O	_	_
costituzione	costituzione	SS	O	_	_
di	di	E	O	_	_
nuove	nuovo	AP	O	_	_
società	società	SN	O	_	_
di	di	E	O	_	_
carattere	carattere	SS	O	_	_
sociale	sociale	AS	O	_	_
o	o	C	O	_	_
professionale	professionale	AS	O	_	_
di	di	E	O	_	_
rivolgersi	rivolgere/rifl	VF+E	O	_	_
–	–	XPO	O	_	_
nell’	in/det	ES	O	_	_
interesse	interesse	SS	O	_	_
di	di	E	O	_	_
un’	uno	RS	O	_	_
azione	azione	SS	O	_	_
coordinata	coordinato	AS	O	_	_
e	e	C	O	_	_
regolare	regolare	AS	O	_	_
–	–	XPO	O	_	_
esclusivamente	esclusivamente	B	O	_	_
al	a/det	ES	O	_	_
segretariato	segretariato	SS	O	_	_
del	di/det	ES	O	_	_
Comitato	comitato	SS	O	_	_
Diocesano	diocesano	SPN	O	_	_
.	.	XPS	O	_	_

Si	rifl	PN	O	_	_
rilevò	rilevare	VI	O	_	_
l’	il	RS	O	_	_
urgenza	urgenza	SS	O	_	_
di	di	E	O	_	_
una	uno	RS	O	_	_
ripresa	ripresa	SS	O	_	_
generale	generale	AS	O	_	_
del	di/det	ES	O	_	_
lavoro	lavoro	SS	O	_	_
di	di	E	O	_	_
organizzazione	organizzazione	SS	O	_	_
e	e	C	O	_	_
di	di	E	O	_	_
propaganda	propaganda	SS	O	_	_
.	.	XPS	O	_	_

Il	il	RS	O	_	_
Comitato	comitato	SS	O	_	_
fa	fa	B	O	_	_
appello	appello	SS	O	_	_
al	a/det	ES	O	_	_
buon	buon	AS	O	_	_
volere	volere	VF	O	_	_
ed	ed	C	O	_	_
allo	a/det	ES	O	_	_
spirito	spirito	SS	O	_	_
di	di	E	O	_	_
sacrifizio	sacrifizio	SS	O	_	_
delle	di/det	EP	O	_	_
forze	forza	SP	O	_	_
locali	locale	AP	O	_	_
.	.	XPS	O	_	_

Per	per	E	O	_	_
suo	suo	DS	O	_	_
conto	conto	SS	O	_	_
non	non	B	O	_	_
manca	mancare	VI	O	_	_
alla	a/det	ES	O	_	_
sua	suo	DS	O	_	_
funzione	funzione	SS	O	_	_
,	comma	XPW	O	_	_
sia	sia	C	O	_	_
provvedendo	provvedere	VG	O	_	_
al	a/det	ES	O	_	_
segretariato	segretariato	SS	O	_	_
,	comma	XPW	O	_	_
sia	sia	C	O	_	_
alla	a/det	ES	O	_	_
propaganda	propaganda	SS	O	_	_
scritta	scrivere	VSP	O	_	_
coll’	con/det	ES	O	_	_
appoggiare	appoggiare	VF	O	_	_
la	il	RS	O	_	_
stampa	stampa	SS	O	_	_
e	e	C	O	_	_
colla	con/det	ES	O	_	_
biblioteca	biblioteca	SS	O	_	_
circolante	circolante	AS	O	_	_
,	comma	XPW	O	_	_
la	il	RS	O	_	_
quale	quale	PS	O	_	_
inizierà	iniziare	VI	O	_	_
fra	fra	E	O	_	_
breve	breve	AS	O	_	_
la	il	RS	O	_	_
sua	suo	DS	O	_	_
opera	opera	SS	O	_	_
benefica	benefico	AS	O	_	_
.	.	XPS	O	_	_

Si	rifl	PN	O	_	_
ebbe	avere	VI	O	_	_
una	uno	RS	O	_	_
discussione	discussione	SS	O	_	_
interessante	interessante	AS	O	_	_
anche	anche	C	O	_	_
sui	su/det	EP	O	_	_
rapporti	rapporto	SP	O	_	_
fra	fra	E	O	_	_
le	il	RP	O	_	_
nostre	nostro	DP	O	_	_
società	società	SN	O	_	_
centrali	centrale	AP	O	_	_
,	comma	XPW	O	_	_
per	per	E	O	_	_
concludere	concludere	VF	O	_	_
che	che	CCHE	O	_	_
la	il	RS	O	_	_
Direzione	direzione	SS	O	_	_
del	di/det	ES	O	_	_
Comitato	comitato	SS	O	_	_
nella	in/det	ES	O	_	_
quale	quale	PS	O	_	_
hanno	avere	VIY	O	_	_
voto	voto	VSP	O	_	_
tutti	tutto	DP	O	_	_
i	il	RP	O	_	_
capi	capo	SP	O	_	_
delle	di/det	EP	O	_	_
centrali	centrale	SP	O	_	_
,	comma	XPW	O	_	_
è	essere	VI	O	_	_
naturalmente	naturalmente	B	O	_	_
chiamata	chiamare	VSP	O	_	_
ad	ad	E	O	_	_
eliminare	eliminare	VF	O	_	_
le	il	RP	O	_	_
differenze	differenza	SP	O	_	_
che	che	CCHE	O	_	_
si	rifl	PN	O	_	_
manifestassero	manifestare	VI	O	_	_
fra	fra	E	O	_	_
i	il	RP	O	_	_
singoli	singolo	AP	O	_	_
consigli	consiglio	SP	O	_	_
direttivi	direttivo	AP	O	_	_
.	.	XPS	O	_	_

L’	il	RS	O	_	_
accentuare	accentuare	VF	O	_	_
invece	invece	C	O	_	_
tali	tale	AP	O	_	_
differenze	differenza	SP	O	_	_
che	che	CCHE	O	_	_
sorgessero	sorgere	VI	O	_	_
in	in	E	O	_	_
pubbliche	pubblico	AP	O	_	_
manifestazioni	manifestazione	SP	O	_	_
recherebbe	recare	VI	O	_	_
danno	danno	SS	O	_	_
al	a/det	ES	O	_	_
nostro	nostro	DS	O	_	_
movimento	movimento	SS	O	_	_
.	.	XPS	O	_	_

C’	ci	B	O	_	_
è	essere	VI	O	_	_
infatti	infatti	C	O	_	_
al	a/det	ES	O	_	_
di	di	E	O	_	_
sopra	sopra	E	O	_	_
delle	di/det	EP	O	_	_
singole	singolo	AP	O	_	_
responsabilità	responsabilità	SN	O	_	_
sociali	sociale	AP	O	_	_
o	o	C	O	_	_
amministrative	amministrativo	AP	O	_	_
una	uno	RS	O	_	_
responsabilità	responsabilità	SN	O	_	_
morale	morale	AS	O	_	_
più	più	B	O	_	_
vasta	vasto	AS	O	_	_
,	comma	XPW	O	_	_
la	il	RS	O	_	_
quale	quale	PS	O	_	_
deriva	derivare	VI	O	_	_
dal	da/det	ES	O	_	_
fine	fine	SS	O	_	_
ultimo	ultimo	AS	O	_	_
di	di	E	O	_	_
tutta	tutto	DS	O	_	_
la	il	RS	O	_	_
nostra	nostro	DS	O	_	_
azione	azione	SS	O	_	_
,	comma	XPW	O	_	_
che	che	CCHE	O	_	_
è	essere	VI	O	_	_
il	il	RS	O	_	_
progresso	progresso	SS	O	_	_
sociale	sociale	AS	O	_	_
cristiano	cristiano	AS	O	_	_
del	di/det	ES	O	_	_
Trentino	trentino	SPN	GPE	46.102869	11.12961993
.	.	XPS	O	_	_

A	a	E	O	_	_
questo	questo	DS	O	_	_
scopo	scopo	SS	O	_	_
dobbiamo	dovere	VI	O	_	_
tenere	tenere	VF	O	_	_
concordi	concorde	AP	O	_	_
,	comma	XPW	O	_	_
sapendo	sapere	VG	O	_	_
infondere	infondere	VF	O	_	_
anche	anche	C	O	_	_
alle	a/det	EP	O	_	_
migliaia	migliaio	SP	O	_	_
di	di	E	O	_	_
nostri	nostro	DP	O	_	_
aderenti	aderente	SP	O	_	_
quella	quello	PS	O	_	_
fede	fede	SS	O	_	_
e	e	C	O	_	_
quell’	quell	DS	O	_	_
energia	energia	SS	O	_	_
di	di	E	O	_	_
lavoro	lavoro	SS	O	_	_
che	che	CCHE	O	_	_
dà	dare	VI	O	_	_
la	il	RS	O	_	_
coscienza	coscienza	SS	O	_	_
di	di	E	O	_	_
essere	essere	VF	O	_	_
parte	parte	SS	O	_	_
viva	vivo	AS	O	_	_
d’	di	E	O	_	_
un	uno	RS	O	_	_
organismo	organismo	SS	O	_	_
unico	unico	AS	O	_	_
,	comma	XPW	O	_	_
in	in	E	O	_	_
cui	cui	PN	O	_	_
tutte	tutto	DP	O	_	_
le	il	RP	O	_	_
forze	forza	SP	O	_	_
sono	essere	VIY	O	_	_
subordinate	subordinare	VPP	O	_	_
allo	a/det	ES	O	_	_
scopo	scopo	SS	O	_	_
comune	comune	SS	O	_	_
,	comma	XPW	O	_	_
sinceramente	sinceramente	B	O	_	_
,	comma	XPW	O	_	_
coerentemente	coerentemente	B	O	_	_
e	e	C	O	_	_
disinteressatamente	disinteressatamente	B	O	_	_
voluto	volere	VSP	O	_	_
.	.	XPS	O	_	_

La	il	RS	O	_	_
Direzione	direzione	SS	O	_	_
deliberò	deliberare	VI	O	_	_
inoltre	inoltre	B	O	_	_
di	di	E	O	_	_
convocare	convocare	VF	O	_	_
entro	entro	E	O	_	_
il	il	RS	O	_	_
1911	1911	N	O	_	_
possibilmente	possibilmente	B	O	_	_
in	in	E	O	_	_
novembre	novembre	SS	O	_	_
l’	il	RS	O	_	_
adunanza	adunanza	SS	O	_	_
generale	generale	AS	O	_	_
del	di/det	ES	O	_	_
Comitato	comitato	SS	O	_	_
Diocesano	diocesano	SPN	O	_	_
.	.	XPS	O	_	_

In	in	E	O	_	_
autunno	autunno	SS	O	_	_
il	il	RS	O	_	_
Comitato	comitato	SS	O	_	_
inizierà	iniziare	VI	O	_	_
anche	anche	C	O	_	_
le	il	RP	O	_	_
trattative	trattativa	SP	O	_	_
per	per	E	O	_	_
convocare	convocare	VF	O	_	_
nell’	in/det	ES	O	_	_
estate	estate	SS	O	_	_
del	di/det	ES	O	_	_
1912	1912	N	O	_	_
il	il	RS	O	_	_
secondo	secondo	AS	O	_	_
congresso	congresso	SS	O	_	_
generale	generale	AS	O	_	_
dei	di/det	EP	O	_	_
cattolici	cattolico	SP	O	_	_
trentini	trentino	AP	O	_	_
.	.	XPS	O	_	_
