# total number of persons:4, total number of gpes:5
Vienna	vienna	SPN	GPE	48.2083537	16.3725042
,	comma	XPW	O	_	_
6	6	N	O	_	_
Giornata	giornata	SPN	O	_	_
meravigliosa	meraviglioso	AS	O	_	_
quella	quello	PS	O	_	_
d’	di	E	O	_	_
oggi	oggi	B	O	_	_
e	e	C	O	_	_
piena	pieno	AS	O	_	_
di	di	E	O	_	_
sole	sole	SS	O	_	_
.	.	XPS	O	_	_

I	il	RP	O	_	_
viennesi	viennese	SP	O	_	_
tornano	tornare	VI	O	_	_
a	a	E	O	_	_
vedere	vedere	VF	O	_	_
i	il	RP	O	_	_
contrafforti	contrafforte	SP	O	_	_
delle	di/det	EP	O	_	_
Alpi	alpi	SPN	O	_	_
ed	ed	C	O	_	_
a	a	E	O	_	_
misurare	misurare	VF	O	_	_
con	con	E	O	_	_
l’	il	RS	O	_	_
occhio	occhio	SS	O	_	_
l’	il	RS	O	_	_
ampiezza	ampiezza	SS	O	_	_
della	di/det	ES	O	_	_
valle	valle	SS	O	_	_
danubiana	danubiano	AS	O	_	_
.	.	XPS	O	_	_

A	a	E	O	_	_
mezzogiorno	mezzogiorno	SS	O	_	_
,	comma	XPW	O	_	_
quando	quando	CADV	O	_	_
le	il	RP	O	_	_
campane	campana	SP	O	_	_
di	di	E	O	_	_
Santo	santo	SPN	O	_	_
Stefano	stefano	SPN	O	_	_
suonano	suonare	VI	O	_	_
a	a	E	O	_	_
distesa	distesa	SS	O	_	_
,	comma	XPW	O	_	_
si	rifl	PN	O	_	_
riversa	riversare	VI	O	_	_
per	per	E	O	_	_
la	il	RS	O	_	_
piazza	piazza	SS	O	_	_
e	e	C	O	_	_
sulla	su/det	ES	O	_	_
via	via	SS	O	_	_
carinziana	carinziana	AS	O	_	_
una	uno	RS	O	_	_
folla	folla	SS	O	_	_
varia	varia	AS	O	_	_
e	e	C	O	_	_
vivace	vivace	AS	O	_	_
che	che	CCHE	O	_	_
gode	godere	VI	O	_	_
con	con	E	O	_	_
un’	uno	RS	O	_	_
ingenuità	ingenuità	SN	O	_	_
infantile	infantile	AS	O	_	_
questa	questo	DS	O	_	_
pienezza	pienezza	SS	O	_	_
di	di	E	O	_	_
luce	luce	SS	O	_	_
,	comma	XPW	O	_	_
questo	questo	DS	O	_	_
fascio	fascio	SS	O	_	_
di	di	E	O	_	_
raggi	raggio	SP	O	_	_
,	comma	XPW	O	_	_
così	così	B	O	_	_
preziosi	prezioso	AP	O	_	_
,	comma	XPW	O	_	_
così	così	B	O	_	_
vitali	vitale	AP	O	_	_
dopo	dopo	E	O	_	_
una	uno	RS	O	_	_
lunga	lungo	AS	O	_	_
agonia	agonia	SS	O	_	_
di	di	E	O	_	_
nebbia	nebbia	SS	O	_	_
e	e	C	O	_	_
d’	di	E	O	_	_
aria	aria	SS	O	_	_
sporca	sporco	AS	O	_	_
di	di	E	O	_	_
carbone	carbone	SS	O	_	_
.	.	XPS	O	_	_

Tutto	tutto	PS	O	_	_
sembra	sembrare	VI	O	_	_
rinnovarsi	rinnovare/rifl	VF+E	O	_	_
sotto	sotto	E	O	_	_
il	il	RS	O	_	_
bacio	bacio	SS	O	_	_
di	di	E	O	_	_
fuoco	fuoco	SS	O	_	_
,	comma	XPW	O	_	_
e	e	C	O	_	_
ricompaiono	ricompaiono	VI	O	_	_
le	il	RP	O	_	_
dorature	doratura	SP	O	_	_
e	e	C	O	_	_
gli	il	RP	O	_	_
stucchi	stucco	SP	O	_	_
,	comma	XPW	O	_	_
rifioriscono	rifiorire	VI	O	_	_
i	il	RP	O	_	_
colori	colore	SP	O	_	_
più	più	B	O	_	_
diversi	diverso	AP	O	_	_
nelle	in/det	EP	O	_	_
vetrine	vetrina	SP	O	_	_
,	comma	XPW	O	_	_
nelle	in/det	EP	O	_	_
insegne	insegna	SP	O	_	_
e	e	C	O	_	_
sui	su/det	EP	O	_	_
cappelli	cappello	SP	O	_	_
delle	di/det	EP	O	_	_
signore	signora	SP	O	_	_
(	open_parenthesis	XPB	O	_	_
oh	oh	I	O	_	_
,	comma	XPW	O	_	_
che	che	CCHE	O	_	_
verzieri	verziere	SP	O	_	_
"!"	esclamation_mark	XPS	O	_	_

)	close_parenthesis	XPB	O	_	_
e	e	C	O	_	_
la	il	RS	O	_	_
luce	luce	SS	O	_	_
si	rifl	PN	O	_	_
riflette	riflettere	VI	O	_	_
,	comma	XPW	O	_	_
si	rifl	PN	O	_	_
moltiplica	moltiplicare	VI	O	_	_
all’	a/det	ES	O	_	_
infinito	infinito	SS	O	_	_
nei	in/det	EP	O	_	_
cristalli	cristallo	SP	O	_	_
,	comma	XPW	O	_	_
negli	in/det	EP	O	_	_
specchi	specchio	SP	O	_	_
,	comma	XPW	O	_	_
nei	in/det	EP	O	_	_
marmi	marmo	SP	O	_	_
e	e	C	O	_	_
fino	fino	E	O	_	_
lassù	lassù	B	O	_	_
negli	in/det	EP	O	_	_
embrici	embrice	SP	O	_	_
metallici	metallico	AP	O	_	_
della	di/det	ES	O	_	_
cattedrale	cattedrale	SS	O	_	_
.	.	XPS	O	_	_

In	in	E	O	_	_
questo	questo	DS	O	_	_
momento	momento	SS	O	_	_
attraverso	attraverso	E	O	_	_
la	il	RS	O	_	_
via	via	SS	O	_	_
una	uno	PS	O	_	_
.	.	XPS	O	_	_

.	.	XPS	O	_	_

.	.	XPS	O	_	_

stonatura	stonatura	SS	O	_	_
.	.	XPS	O	_	_

Si	rifl	PN	O	_	_
tratta	trattare	VI	O	_	_
naturalmente	naturalmente	B	O	_	_
di	di	E	O	_	_
un	uno	RS	O	_	_
deputato	deputato	SS	O	_	_
che	che	CCHE	O	_	_
ritorna	ritornare	VI	O	_	_
dal	da/det	ES	O	_	_
palazzo	palazzo	SS	O	_	_
Carignano	carignano	SPN	GPE	45.0485122	7.4484551
,	comma	XPW	O	_	_
ove	ove	B	O	_	_
ha	avere	VI	O	_	_
sede	sede	SS	O	_	_
il	il	RS	O	_	_
ministero	ministero	SS	O	_	_
delle	di/det	EP	O	_	_
finanze	finanza	SP	O	_	_
.	.	XPS	O	_	_

Gran	grande	SPN	O	_	_
bella	bello	AS	O	_	_
cosa	cosa	SS	O	_	_
codesta	codesto	DS	O	_	_
,	comma	XPW	O	_	_
signori	signore	SP	O	_	_
elettori	elettori	AP	O	_	_
,	comma	XPW	O	_	_
sostenuta	sostenere	VSP	O	_	_
da	da	E	O	_	_
giganti	gigante	AP	O	_	_
più	più	B	O	_	_
forti	forte	AP	O	_	_
,	comma	XPW	O	_	_
più	più	B	O	_	_
colossali	colossale	AP	O	_	_
di	di	E	O	_	_
Anteo	anteo	SPN	PER	_	_
.	.	XPS	O	_	_

Pare	parere	VI	O	_	_
tuttavia	tuttavia	C	O	_	_
che	che	CCHE	O	_	_
questa	questo	DS	O	_	_
volta	volta	SS	O	_	_
si	rifl	PN	O	_	_
siano	essere	VIY	O	_	_
lamentati	lamentare	VPP	O	_	_
anch’	anch’	B	O	_	_
essi	essi	PP	O	_	_
perché	perché	C	O	_	_
il	il	RS	O	_	_
peso	peso	SS	O	_	_
delle	di/det	EP	O	_	_
finanze	finanza	SP	O	_	_
durante	durante	E	O	_	_
l’	il	RS	O	_	_
inverno	inverno	SS	O	_	_
è	essere	VIY	O	_	_
cresciuto	crescere	VSP	O	_	_
a	a	E	O	_	_
dismisura	dismisura	SS	O	_	_
.	.	XPS	O	_	_

Così	così	B	O	_	_
almeno	almeno	B	O	_	_
è	essere	VIY	O	_	_
sembrato	sembrare	VSP	O	_	_
al	a/det	ES	O	_	_
deputato	deputato	SS	O	_	_
suddescritto	suddescritto	AS	O	_	_
,	comma	XPW	O	_	_
quando	quando	CADV	O	_	_
ridiscendeva	ridiscendeva	VI	O	_	_
le	il	RP	O	_	_
scale	scala	SP	O	_	_
.	.	XPS	O	_	_

Ma	ma	C	O	_	_
forse	forse	B	O	_	_
,	comma	XPW	O	_	_
la	il	RS	O	_	_
smorfia	smorfia	SS	O	_	_
di	di	E	O	_	_
dolore	dolore	SS	O	_	_
che	che	CCHE	O	_	_
credette	credere	VI	O	_	_
sorprendere	sorprendere	VF	O	_	_
nelle	in/det	EP	O	_	_
cariatidi	cariatide	SP	O	_	_
non	non	B	O	_	_
era	essere	VI	O	_	_
che	che	CCHE	O	_	_
il	il	RS	O	_	_
riflesso	riflesso	SS	O	_	_
della	di/det	ES	O	_	_
sua	suo	DS	O	_	_
.	.	XPS	O	_	_

Che	che	CCHE	O	_	_
importa	importare	VI	O	_	_
infine	infine	B	O	_	_
ai	a/det	EP	O	_	_
giganti	gigante	SP	O	_	_
se	se	C	O	_	_
i	il	RP	O	_	_
piccoli	piccolo	AP	O	_	_
strillano	strillare	VI	O	_	_
ed	ed	C	O	_	_
hanno	avere	VI	O	_	_
fame	fame	SS	O	_	_
?	?	XPS	O	_	_

Che	che	CCHE	O	_	_
cosa	cosa	SS	O	_	_
perde	perdere	VI	O	_	_
infine	infine	B	O	_	_
lo	il	RS	O	_	_
Stato	stato	SS	O	_	_
,	comma	XPW	O	_	_
se	se	C	O	_	_
l’	il	RS	O	_	_
eletto	eletto	SS	O	_	_
del	di/det	ES	O	_	_
popolo	popolo	SS	O	_	_
dovrà	dovere	VI	O	_	_
scrivere	scrivere	VF	O	_	_
al	a/det	ES	O	_	_
comune	comune	SS	O	_	_
di	di	E	O	_	_
X	x	SPN	O	_	_
:	:	XPS	O	_	_
per	per	E	O	_	_
il	il	RS	O	_	_
vostro	vostro	DS	O	_	_
acquedotto	acquedotto	SS	O	_	_
non	non	B	O	_	_
c’	ci	B	O	_	_
è	essere	VI	O	_	_
denaro	denaro	SS	O	_	_
,	comma	XPW	O	_	_
o	o	C	O	_	_
al	a/det	ES	O	_	_
consorzio	consorzio	SS	O	_	_
di	di	E	O	_	_
J	j	SPN	O	_	_
:	:	XPS	O	_	_
mancano	mancare	VI	O	_	_
i	il	RP	O	_	_
fondi	fondo	SP	O	_	_
per	per	E	O	_	_
rinnovare	rinnovare	VF	O	_	_
il	il	RS	O	_	_
sussidio	sussidio	SS	O	_	_
,	comma	XPW	O	_	_
o	o	C	O	_	_
al	a/det	ES	O	_	_
paese	paese	SS	O	_	_
di	di	E	O	_	_
Z	z	SPN	O	_	_
:	:	XPS	O	_	_
i	il	RP	O	_	_
lavori	lavoro	SP	O	_	_
stradali	stradale	AP	O	_	_
devono	dovere	VI	O	_	_
sospendersi	sospendere/rifl	VF+E	O	_	_
,	comma	XPW	O	_	_
perché	perché	C	O	_	_
il	il	RS	O	_	_
ministero	ministero	SS	O	_	_
delle	di/det	EP	O	_	_
finanze	finanza	SP	O	_	_
ha	avere	VIY	O	_	_
ridotto	ridurre	VSP	O	_	_
l’	il	RS	O	_	_
impostazione	impostazione	SS	O	_	_
del	di/det	ES	O	_	_
bilancio	bilancio	SS	O	_	_
?	?	XPS	O	_	_

E	e	C	O	_	_
pensare	pensare	VF	O	_	_
–	–	XPO	O	_	_
continuava	continuare	VI	O	_	_
il	il	RS	O	_	_
deputato	deputato	SS	O	_	_
nel	in/det	ES	O	_	_
suo	suo	DS	O	_	_
soliloquio	soliloquio	SS	O	_	_
lamentoso	lamentoso	AS	O	_	_
–	–	XPO	O	_	_
che	che	CCHE	O	_	_
domani	domani	B	O	_	_
dovrò	dovere	VI	O	_	_
rifare	rifare	VF	O	_	_
le	il	RP	O	_	_
stesse	stesse	SP	O	_	_
scale	scale	AP	O	_	_
con	con	E	O	_	_
lo	il	RS	O	_	_
stesso	stesso	DS	O	_	_
risultato	risultato	SS	O	_	_
,	comma	XPW	O	_	_
per	per	E	O	_	_
sentirmi	sentire/io	VF+E	O	_	_
ripetere	ripetere	VF	O	_	_
in	in	E	O	_	_
tutti	tutto	PP	O	_	_
le	il	RP	O	_	_
variazioni	variazione	SP	O	_	_
stilistiche	stilistico	AP	O	_	_
l’	il	RS	O	_	_
aforisma	aforisma	SS	O	_	_
:	:	XPS	O	_	_
Non	non	B	O	_	_
c’	ci	B	O	_	_
è	essere	VI	O	_	_
denaro	denaro	SS	O	_	_
.	.	XPS	O	_	_

Non	non	B	O	_	_
c’	ci	B	O	_	_
è	essere	VI	O	_	_
denaro	denaro	SS	O	_	_
?	?	XPS	O	_	_

Ecco	ecco	B	O	_	_
uno	uno	RS	O	_	_
sproposito	sproposito	SS	O	_	_
di	di	E	O	_	_
Napoleone	napoleone	SPN	PER	_	_
,	comma	XPW	O	_	_
il	il	RS	O	_	_
quale	quale	PS	O	_	_
ha	avere	VIY	O	_	_
lasciato	lasciare	VSP	O	_	_
detto	dire	VSP	O	_	_
ai	a/det	EP	O	_	_
posteri	postero	SP	O	_	_
che	che	CCHE	O	_	_
a	a	E	O	_	_
far	fare	VF	O	_	_
la	il	RS	O	_	_
guerra	guerra	SS	O	_	_
ci	ci	PP	O	_	_
vuol	volere	VI	O	_	_
denaro	denaro	SS	O	_	_
.	.	XPS	O	_	_

Non	non	B	O	_	_
è	essere	VI	O	_	_
vero	vero	AS	O	_	_
.	.	XPS	O	_	_

Il	il	RS	O	_	_
denaro	denaro	SS	O	_	_
ci	ci	PP	O	_	_
vuole	volere	VI	O	_	_
a	a	E	O	_	_
non	non	B	O	_	_
farla	fare/pro	VF+E	O	_	_
"!"	esclamation_mark	XPS	O	_	_

La	il	RS	O	_	_
prima	primo	AS	O	_	_
prova	prova	SS	O	_	_
l’	l’	PS	O	_	_
abbiamo	avere	VIY	O	_	_
in	in	E	O	_	_
casa	casa	SS	O	_	_
nostra	nostro	DS	O	_	_
,	comma	XPW	O	_	_
vale	valere	VI	O	_	_
a	a	E	O	_	_
dire	dire	VF	O	_	_
.	.	XPS	O	_	_

.	.	XPS	O	_	_

.	.	XPS	O	_	_

degli	di/det	EP	O	_	_
altri	altro	PP	O	_	_
(	open_parenthesis	XPB	O	_	_
corresse	correre	VI	O	_	_
il	il	RS	O	_	_
lacrimoso	lacrimoso	AS	O	_	_
onorevole	onorevole	SS	O	_	_
)	close_parenthesis	XPB	O	_	_
,	comma	XPW	O	_	_
la	il	RS	O	_	_
seconda	seconda	SS	O	_	_
è	essere	VI	O	_	_
quella	quello	PS	O	_	_
di	di	E	O	_	_
tutto	tutto	DS	O	_	_
il	il	RS	O	_	_
mondo	mondo	SS	O	_	_
.	.	XPS	O	_	_

La	il	RS	O	_	_
Francia	francia	SPN	GPE	46.603354	1.8883335
e	e	C	O	_	_
la	il	RS	O	_	_
Germania	germania	SPN	GPE	51.0834196	10.4234469
fanno	fare	VI	O	_	_
a	a	E	O	_	_
gara	gara	SS	O	_	_
per	per	E	O	_	_
rovinarsi	rovinare/rifl	VF+E	O	_	_
onde	onda	SP	O	_	_
.	.	XPS	O	_	_

.	.	XPS	O	_	_

.	.	XPS	O	_	_

evitare	evitare	VF	O	_	_
la	il	RS	O	_	_
guerra	guerra	SS	O	_	_
,	comma	XPW	O	_	_
come	come	CADV	O	_	_
due	due	N	O	_	_
attaccabrighe	attaccabrighe	SP	O	_	_
,	comma	XPW	O	_	_
i	il	RP	O	_	_
quali	quale	DP	O	_	_
si	rifl	PN	O	_	_
facciano	fare	VI	O	_	_
salassare	salassare	VF	O	_	_
per	per	E	O	_	_
non	non	B	O	_	_
venire	venire	VF	O	_	_
alle	a/det	EP	O	_	_
mani	mano	SP	O	_	_
.	.	XPS	O	_	_

Gran	grande	SPN	O	_	_
bel	bello	AS	O	_	_
paese	paese	SS	O	_	_
la	il	RS	O	_	_
Francia	francia	SPN	O	_	_
.	.	XPS	O	_	_

Mannaggia	mannaggia	VI	O	_	_
la	il	RS	O	_	_
repubblica	repubblica	SS	O	_	_
e	e	C	O	_	_
tutta	tutto	DS	O	_	_
la	il	RS	O	_	_
democrazia	democrazia	SS	O	_	_
"!"	esclamation_mark	XPS	O	_	_

Ora	ora	B	O	_	_
che	che	CCHE	O	_	_
a	a	E	O	_	_
furia	furia	SS	O	_	_
di	di	E	O	_	_
paragoni	paragone	SP	O	_	_
e	e	C	O	_	_
di	di	E	O	_	_
richiami	richiamo	SP	O	_	_
ai	a/det	EP	O	_	_
paesi	paese	SP	O	_	_
progrediti	progredire	VPP	O	_	_
,	comma	XPW	O	_	_
s’	s’	PN	O	_	_
era	essere	VIY	O	_	_
arrivati	arrivare	VPP	O	_	_
a	a	E	O	_	_
darla	dare/pro	VF+E	O	_	_
da	da	E	O	_	_
capire	capire	VF	O	_	_
alle	a/det	EP	O	_	_
potenze	potenza	SP	O	_	_
militari	militare	AP	O	_	_
,	comma	XPW	O	_	_
i	il	RP	O	_	_
radicali	radicale	SP	O	_	_
tornano	tornare	VI	O	_	_
alla	a/det	ES	O	_	_
ferma	ferma	SS	O	_	_
di	di	E	O	_	_
tre	tre	N	O	_	_
anni	anno	SP	O	_	_
.	.	XPS	O	_	_

Vedrete	vedere	VI	O	_	_
che	che	CCHE	O	_	_
i	il	RP	O	_	_
francesi	francese	SP	O	_	_
faranno	fare	VI	O	_	_
scuola	scuola	SS	O	_	_
subito	subito	B	O	_	_
e	e	C	O	_	_
da	da	E	O	_	_
noi	noi	PP	O	_	_
si	rifl	PN	O	_	_
tornerà	tornare	VI	O	_	_
alla	a/det	ES	O	_	_
ferma	ferma	SS	O	_	_
di	di	E	O	_	_
otto	otto	N	O	_	_
"!"	esclamation_mark	XPS	O	_	_

In	in	E	O	_	_
Germania	germania	SPN	GPE	51.0834196	10.4234469
poi	poi	B	O	_	_
si	rifl	PN	O	_	_
vogliono	volere	VI	O	_	_
introdurre	introdurre	VF	O	_	_
le	il	RP	O	_	_
decime	decimo	AP	O	_	_
,	comma	XPW	O	_	_
senza	senza	E	O	_	_
il	il	RS	O	_	_
precetto	precetto	SS	O	_	_
della	di/det	ES	O	_	_
Chiesa	chiesa	SS	O	_	_
a	a	E	O	_	_
dir	dir	VF	O	_	_
vero	vero	AS	O	_	_
,	comma	XPW	O	_	_
ma	ma	C	O	_	_
con	con	E	O	_	_
la	il	RS	O	_	_
minaccia	minaccia	SS	O	_	_
dell’	di/det	ES	O	_	_
espropriazione	espropriazione	SS	O	_	_
forzosa	forzoso	AS	O	_	_
,	comma	XPW	O	_	_
ciò	ciò`	PS	O	_	_
che	che	CCHE	O	_	_
in	in	E	O	_	_
codesto	codesto	DS	O	_	_
secolo	secolo	AS	O	_	_
libero	libero	AS	O	_	_
da	da	E	O	_	_
ogni	ogni	DS	O	_	_
superstizione	superstizione	SS	O	_	_
,	comma	XPW	O	_	_
vale	valere	VI	O	_	_
di	di	E	O	_	_
più	più	B	O	_	_
.	.	XPS	O	_	_

Ormai	ormai	B	O	_	_
il	il	RS	O	_	_
corso	corso	SS	O	_	_
è	essere	VI	O	_	_
quello	quello	PS	O	_	_
che	che	CCHE	O	_	_
è	essere	VI	O	_	_
,	comma	XPW	O	_	_
inutile	inutile	AS	O	_	_
sottrarvisi	sottrarvisi	SN	O	_	_
.	.	XPS	O	_	_

Meglio	meglio	B	O	_	_
buttarsi	buttare/rifl	VF+E	O	_	_
nella	in/det	ES	O	_	_
corrente	corrente	SS	O	_	_
e	e	C	O	_	_
nuotare	nuotare	VF	O	_	_
a	a	E	O	_	_
fior	fior	SS	O	_	_
d’	di	E	O	_	_
acqua	acqua	SS	O	_	_
.	.	XPS	O	_	_

Se	se	C	O	_	_
avete	avere	VI	O	_	_
denari	denaro	SP	O	_	_
,	comma	XPW	O	_	_
comprate	comprare	VPP	O	_	_
Skoda	skoda	SPN	O	_	_
,	comma	XPW	O	_	_
Alpine	alpine	SPN	O	_	_
o	o	C	O	_	_
Creuzot	creuzot	SPN	O	_	_
e	e	C	O	_	_
se	se	C	O	_	_
ne	ne	PN	O	_	_
avete	avere	VI	O	_	_
molti	molto	DP	O	_	_
farete	farete	AP	O	_	_
affaroni	affarone	SP	O	_	_
con	con	E	O	_	_
i	il	RP	O	_	_
fucili	fucile	SP	O	_	_
vecchi	vecchio	AP	O	_	_
che	che	CCHE	O	_	_
il	il	RS	O	_	_
general	general	SS	O	_	_
Auffenberg	auffenberg	SPN	O	_	_
vende	vendere	VI	O	_	_
a	a	E	O	_	_
stralcio	stralcio	SS	O	_	_
.	.	XPS	O	_	_

Se	se	C	O	_	_
avete	avere	VI	O	_	_
figlioli	figliolo	SP	O	_	_
,	comma	XPW	O	_	_
educateli	educateli	SP	O	_	_
per	per	E	O	_	_
il	il	RS	O	_	_
mondo	mondo	SS	O	_	_
d’	di	E	O	_	_
oggi	oggi	B	O	_	_
e	e	C	O	_	_
per	per	E	O	_	_
quello	quello	PS	O	_	_
di	di	E	O	_	_
domani	domani	B	O	_	_
,	comma	XPW	O	_	_
che	che	CCHE	O	_	_
sarà	essere	VI	O	_	_
l’	il	RS	O	_	_
età	età	SN	O	_	_
del	di/det	ES	O	_	_
ferro	ferro	SS	O	_	_
.	.	XPS	O	_	_

Non	non	B	O	_	_
lasciateli	lasciateli	VI	O	_	_
impeciare	impeciare	VF	O	_	_
di	di	E	O	_	_
quelle	quello	PP	O	_	_
teorie	teoria	SP	O	_	_
cristiane	cristiano	AP	O	_	_
della	di/det	ES	O	_	_
carità	carità	SN	O	_	_
e	e	C	O	_	_
dell’	di/det	ES	O	_	_
amore	amore	SS	O	_	_
universale	universale	AS	O	_	_
,	comma	XPW	O	_	_
di	di	E	O	_	_
quelle	quello	DP	O	_	_
dottrine	dottrina	SP	O	_	_
umbre	umbro	AP	O	_	_
e	e	C	O	_	_
francescane	francescano	AP	O	_	_
,	comma	XPW	O	_	_
buone	buono	AP	O	_	_
per	per	E	O	_	_
il	il	RS	O	_	_
Medio	medio	SPN	O	_	_
Evo	evo	SPN	O	_	_
barbaro	barbaro	AS	O	_	_
ed	ed	C	O	_	_
incosciente	incosciente	AS	O	_	_
.	.	XPS	O	_	_

Riprendiamo	riprendere	VI	O	_	_
in	in	E	O	_	_
mano	mano	SS	O	_	_
l’	il	RS	O	_	_
Iliade	iliade	SPN	O	_	_
;	semicolon	XPS	O	_	_

ecco	ecco	B	O	_	_
il	il	RS	O	_	_
tuo	tuo	DS	O	_	_
poema	poema	SS	O	_	_
,	comma	XPW	O	_	_
gioventù	gioventù	SN	O	_	_
di	di	E	O	_	_
domani	domani	B	O	_	_
,	comma	XPW	O	_	_
quando	quando	CADV	O	_	_
Ettore	ettore	SPN	PER	_	_
scannava	scannare	VI	O	_	_
gli	il	RP	O	_	_
achei	acheo	SP	O	_	_
fin	fin	E	O	_	_
sotto	sotto	E	O	_	_
le	il	RP	O	_	_
navi	nave	SP	O	_	_
;	semicolon	XPS	O	_	_

ecco	ecco	B	O	_	_
i	il	RP	O	_	_
tuoi	tuo	DP	O	_	_
dei	di/det	EP	O	_	_
che	che	CCHE	O	_	_
scendono	scendere	VI	O	_	_
dall’	da/det	ES	O	_	_
Olimpo	olimpo	SPN	O	_	_
a	a	E	O	_	_
gettar	gettare	VF	O	_	_
quadrella	quadrella	SS	O	_	_
e	e	C	O	_	_
giavellotti	giavellotto	SP	O	_	_
ed	ed	C	O	_	_
a	a	E	O	_	_
far	fare	VF	O	_	_
traboccare	traboccare	VF	O	_	_
lo	il	RS	O	_	_
Scamandro	scamandro	SPN	O	_	_
per	per	E	O	_	_
l’	il	RS	O	_	_
immenso	immenso	AS	O	_	_
sangue	sangue	SS	O	_	_
e	e	C	O	_	_
le	il	RP	O	_	_
cervella	cervella	SP	O	_	_
sparse	sparso	AP	O	_	_
.	.	XPS	O	_	_

Gli	il	RP	O	_	_
altri	altro	PP	O	_	_
,	comma	XPW	O	_	_
per	per	E	O	_	_
conto	conto	SS	O	_	_
loro	loro	PP	O	_	_
,	comma	XPW	O	_	_
rileggeranno	rileggere	VI	O	_	_
l’	il	RS	O	_	_
Edda	edda	SPN	PER	_	_
,	comma	XPW	O	_	_
i	il	RP	O	_	_
fasti	fasti	SP	O	_	_
di	di	E	O	_	_
Krimhilde	krimhilde	SPN	O	_	_
e	e	C	O	_	_
Hagene	hagene	SPN	O	_	_
che	che	CCHE	O	_	_
,	comma	XPW	O	_	_
immerso	immergere	VSP	O	_	_
nel	in/det	ES	O	_	_
sangue	sangue	SS	O	_	_
fino	fino	E	O	_	_
alla	a/det	ES	O	_	_
cintura	cintura	SS	O	_	_
,	comma	XPW	O	_	_
mena	menare	VI	O	_	_
ancora	ancora	B	O	_	_
il	il	RS	O	_	_
brando	brando	SS	O	_	_
micidiale	micidiale	AS	O	_	_
e	e	C	O	_	_
doma	domare	VI	O	_	_
l’	il	RS	O	_	_
arsura	arsura	SS	O	_	_
ficcando	ficcare	VG	O	_	_
tratto	trarre	VSP	O	_	_
tratto	tratto	SS	O	_	_
nel	in/det	ES	O	_	_
lago	lago	SS	O	_	_
sanguigno	sanguigno	AS	O	_	_
il	il	RS	O	_	_
muso	muso	SS	O	_	_
feroce	feroce	AS	O	_	_
.	.	XPS	O	_	_

.	.	XPS	O	_	_

.	.	XPS	O	_	_

Con	con	E	O	_	_
sì	sì	B	O	_	_
torvi	torvi	VF+E	O	_	_
pensieri	pensiero	SP	O	_	_
il	il	RS	O	_	_
deputato	deputato	SS	O	_	_
attraversa	attraversare	VI	O	_	_
la	il	RS	O	_	_
piazza	piazza	SS	O	_	_
sotto	sotto	E	O	_	_
una	uno	RS	O	_	_
gloria	gloria	SS	O	_	_
di	di	E	O	_	_
sole	sole	SS	O	_	_
.	.	XPS	O	_	_

Tutta	tutto	DS	O	_	_
la	il	RS	O	_	_
grande	grande	AS	O	_	_
vita	vita	SS	O	_	_
moderna	moderno	AS	O	_	_
che	che	CCHE	O	_	_
gli	il	RP	O	_	_
si	rifl	PN	O	_	_
agitava	agitare	VI	O	_	_
d’	di	E	O	_	_
intorno	intorno	B	O	_	_
pareva	parere	VI	O	_	_
smentirlo	smentire/pro	VF+E	O	_	_
.	.	XPS	O	_	_

Ma	ma	C	O	_	_
voi	voi	PS	O	_	_
compatitelo	compatitelo	VI	O	_	_
.	.	XPS	O	_	_

L’	il	RS	O	_	_
hanno	avere	VIY	O	_	_
mandato	mandare	VSP	O	_	_
qua	qua	B	O	_	_
elettori	elettore	SP	O	_	_
delle	di/det	EP	O	_	_
nostre	nostro	DP	O	_	_
montagne	montagna	SP	O	_	_
,	comma	XPW	O	_	_
ingenui	ingenuo	AP	O	_	_
come	come	CADV	O	_	_
lui	lui	PS	O	_	_
,	comma	XPW	O	_	_
e	e	C	O	_	_
la	il	RS	O	_	_
semplicità	semplicità	SN	O	_	_
e	e	C	O	_	_
la	il	RS	O	_	_
dirittura	dirittura	SS	O	_	_
della	di/det	ES	O	_	_
nostra	nostro	DS	O	_	_
vita	vita	SS	O	_	_
lo	lo	PS	O	_	_
seducono	sedurre	VI	O	_	_
spesso	spesso	B	O	_	_
a	a	E	O	_	_
cercare	cercare	VF	O	_	_
anche	anche	C	O	_	_
nella	in/det	ES	O	_	_
complessa	complessa	SS	O	_	_
,	comma	XPW	O	_	_
contraddittoria	contraddittorio	AS	O	_	_
e	e	C	O	_	_
tumultuaria	tumultuario	AS	O	_	_
vita	vita	SS	O	_	_
sociale	sociale	AS	O	_	_
,	comma	XPW	O	_	_
fatta	fare	VSP	O	_	_
dai	da/det	EP	O	_	_
pochi	poco	PP	O	_	_
e	e	C	O	_	_
subita	subire	VSP	O	_	_
dai	da/det	EP	O	_	_
più	più	B	O	_	_
,	comma	XPW	O	_	_
un	uno	RS	O	_	_
indirizzo	indirizzo	SS	O	_	_
logico	logico	AS	O	_	_
e	e	C	O	_	_
le	il	RP	O	_	_
regole	regola	SP	O	_	_
del	di/det	ES	O	_	_
senso	senso	SS	O	_	_
comune	comune	SS	O	_	_
.	.	XPS	O	_	_

Ecco	ecco	B	O	_	_
il	il	RS	O	_	_
suo	suo	DS	O	_	_
errore	errore	SS	O	_	_
,	comma	XPW	O	_	_
ma	ma	C	O	_	_
ha	avere	VI	O	_	_
il	il	RS	O	_	_
proposito	proposito	SS	O	_	_
di	di	E	O	_	_
correggersi	correggere/rifl	VF+E	O	_	_
.	.	XPS	O	_	_
