# total number of persons:5, total number of gpes:9
In	in	E	O	_	_
teoria	teoria	SS	O	_	_
,	comma	XPW	O	_	_
nessun	nessun	DS	O	_	_
contrasto	contrasto	SS	O	_	_
maggiore	maggiore	AS	O	_	_
che	che	CCHE	O	_	_
fra	fra	E	O	_	_
il	il	RS	O	_	_
movimento	movimento	SS	O	_	_
socialista	socialista	AS	O	_	_
e	e	C	O	_	_
l’	il	RS	O	_	_
azione	azione	SS	O	_	_
della	di/det	ES	O	_	_
borghesia	borghesia	SS	O	_	_
;	semicolon	XPS	O	_	_

nella	in/det	ES	O	_	_
pratica	pratica	SS	O	_	_
quotidiana	quotidiano	AS	O	_	_
,	comma	XPW	O	_	_
nessun’	nessun’	AS	O	_	_
alleanza	alleanza	SS	O	_	_
più	più	B	O	_	_
ricercata	ricercato	AS	O	_	_
,	comma	XPW	O	_	_
più	più	B	O	_	_
verosimile	verosimile	AS	O	_	_
,	comma	XPW	O	_	_
più	più	B	O	_	_
frequente	frequente	AS	O	_	_
che	che	CCHE	O	_	_
fra	fra	E	O	_	_
il	il	RS	O	_	_
partito	partito	SS	O	_	_
socialista	socialista	AS	O	_	_
e	e	C	O	_	_
la	il	RS	O	_	_
borghesia	borghesia	SS	O	_	_
liberale	liberale	AS	O	_	_
.	.	XPS	O	_	_

Il	il	RS	O	_	_
programma	programma	SS	O	_	_
del	di/det	ES	O	_	_
partito	partito	SS	O	_	_
socialista	socialista	AS	O	_	_
è	essere	VI	O	_	_
rivoluzionario	rivoluzionario	AS	O	_	_
,	comma	XPW	O	_	_
la	il	RS	O	_	_
sua	suo	DS	O	_	_
azione	azione	SS	O	_	_
spesso	spesso	AS	O	_	_
di	di	E	O	_	_
connivenza	connivenza	SS	O	_	_
coll’	con/det	ES	O	_	_
odierno	odierno	SS	O	_	_
andare	andare	VF	O	_	_
della	di/det	ES	O	_	_
società	società	SN	O	_	_
civile	civile	AS	O	_	_
.	.	XPS	O	_	_

Sappiamo	sapere	VI	O	_	_
le	il	RP	O	_	_
ragioni	ragione	SP	O	_	_
di	di	E	O	_	_
tali	tale	AP	O	_	_
alleanze	alleanza	SP	O	_	_
ed	ed	C	O	_	_
affratellamenti	affratellamento	SP	O	_	_
e	e	C	O	_	_
le	il	RP	O	_	_
abbiamo	avere	VI	O	_	_
altra	altro	DS	O	_	_
volta	volta	SS	O	_	_
commentate	commentare	VPP	O	_	_
e	e	C	O	_	_
discusse	discutere	VI	O	_	_
.	.	XPS	O	_	_

Oggi	oggi	B	O	_	_
ci	ci	PP	O	_	_
limitiamo	limitare	VI	O	_	_
a	a	E	O	_	_
rilevare	rilevare	VF	O	_	_
l’	il	RS	O	_	_
assiduità	assiduità	SN	O	_	_
e	e	C	O	_	_
la	il	RS	O	_	_
continuità	continuità	SN	O	_	_
di	di	E	O	_	_
codesto	codesto	DS	O	_	_
fenomeno	fenomeno	SS	O	_	_
politico	politico	AS	O	_	_
per	per	E	O	_	_
giungere	giungere	VF	O	_	_
ad	ad	E	O	_	_
un’	uno	RS	O	_	_
altra	altro	DS	O	_	_
conclusione	conclusione	SS	O	_	_
.	.	XPS	O	_	_

Esso	esso	PS	O	_	_
ha	avere	VIY	O	_	_
creato	creare	VSP	O	_	_
nella	in/det	ES	O	_	_
borghesia	borghesia	SS	O	_	_
una	uno	RS	O	_	_
corrente	corrente	SS	O	_	_
,	comma	XPW	O	_	_
mista	misto	AS	O	_	_
d’	di	E	O	_	_
interesse	interesse	SS	O	_	_
e	e	C	O	_	_
d’	di	E	O	_	_
illusioni	illusione	SP	O	_	_
,	comma	XPW	O	_	_
la	il	RS	O	_	_
corrente	corrente	SS	O	_	_
dei	di/det	EP	O	_	_
socialistoidi	socialistoide	SP	O	_	_
,	comma	XPW	O	_	_
che	che	CCHE	O	_	_
in	in	E	O	_	_
qualche	qualche	DS	O	_	_
paese	paese	SS	O	_	_
ha	avere	VIY	O	_	_
trascinato	trascinare	VSP	O	_	_
con	con	E	O	_	_
sé	sé	PN	O	_	_
gran	grande	AS	O	_	_
parte	parte	SS	O	_	_
delle	di/det	EP	O	_	_
fazioni	fazione	SP	O	_	_
liberali	liberale	AP	O	_	_
e	e	C	O	_	_
,	comma	XPW	O	_	_
dappertutto	dappertutto	B	O	_	_
,	comma	XPW	O	_	_
ha	avere	VI	O	_	_
almeno	almeno	B	O	_	_
influito	influire	VSP	O	_	_
sull’	su/det	ES	O	_	_
atteggiamento	atteggiamento	SS	O	_	_
elettorale	elettorale	AS	O	_	_
del	di/det	ES	O	_	_
liberalismo	liberalismo	SS	O	_	_
.	.	XPS	O	_	_

Lasciamo	lasciare	VI	O	_	_
stare	stare	VF	O	_	_
le	il	RP	O	_	_
ragioni	ragione	SP	O	_	_
molto	molto	B	O	_	_
umane	umano	AP	O	_	_
che	che	CCHE	O	_	_
sulle	su/det	EP	O	_	_
relazioni	relazione	SP	O	_	_
rosso-bleu	rosso-bleu	AP	O	_	_
possono	potere	VI	O	_	_
aver	avere	VFY	O	_	_
influito	influire	VSP	O	_	_
per	per	E	O	_	_
forza	forza	SS	O	_	_
del	di/det	ES	O	_	_
danaro	danaro	SS	O	_	_
,	comma	XPW	O	_	_
della	di/det	ES	O	_	_
solidarietà	solidarietà	SN	O	_	_
massonica	massonico	AS	O	_	_
o	o	C	O	_	_
di	di	E	O	_	_
razza	razza	SS	O	_	_
,	comma	XPW	O	_	_
e	e	C	O	_	_
vediamo	vedere	VI	O	_	_
piuttosto	piuttosto	B	O	_	_
la	il	RS	O	_	_
parte	parte	SS	O	_	_
che	che	CCHE	O	_	_
vi	vi	B	O	_	_
giuocano	giuocare	VI	O	_	_
le	il	RP	O	_	_
illusioni	illusione	SP	O	_	_
della	di/det	ES	O	_	_
borghesia	borghesia	SS	O	_	_
.	.	XPS	O	_	_

La	il	RS	O	_	_
recente	recente	AS	O	_	_
campagna	campagna	SS	O	_	_
elettorale	elettorale	AS	O	_	_
in	in	E	O	_	_
Germania	germania	SPN	GPE	51.0834196	10.4234469
è	essere	VI	O	_	_
forse	forse	B	O	_	_
uno	uno	PS	O	_	_
degli	di/det	EP	O	_	_
episodi	episodio	SP	O	_	_
più	più	B	O	_	_
caratteristici	caratteristico	AP	O	_	_
del	di/det	ES	O	_	_
fenomeno	fenomeno	SS	O	_	_
.	.	XPS	O	_	_

L’	il	RS	O	_	_
alleanza	alleanza	SS	O	_	_
fu	essere	VI	O	_	_
perfetta	perfetto	AS	O	_	_
e	e	C	O	_	_
lunga	lungo	AS	O	_	_
.	.	XPS	O	_	_

Il	il	RS	O	_	_
patto	patto	SS	O	_	_
dell’	di/det	ES	O	_	_
urna	urna	SS	O	_	_
non	non	B	O	_	_
doveva	dovere	VI	O	_	_
essere	essere	VF	O	_	_
che	che	CCHE	O	_	_
una	uno	RS	O	_	_
prolusione	prolusione	SS	O	_	_
al	a/det	ES	O	_	_
compromesso	compromesso	SS	O	_	_
parlamentare	parlamentare	AS	O	_	_
di	di	E	O	_	_
una	uno	RS	O	_	_
maggioranza	maggioranza	SS	O	_	_
di	di	E	O	_	_
sinistra	sinistra	SS	O	_	_
.	.	XPS	O	_	_

Evidentemente	evidentemente	B	O	_	_
le	il	RP	O	_	_
frazioni	frazione	SP	O	_	_
liberali	liberale	AP	O	_	_
s’	s’	PN	O	_	_
illudevano	illudere	VI	O	_	_
che	che	CCHE	O	_	_
in	in	E	O	_	_
Germania	germania	SPN	GPE	51.0834196	10.4234469
fosse	essere	VI	O	_	_
possibile	possibile	AS	O	_	_
il	il	RS	O	_	_
governo	governo	SS	O	_	_
di	di	E	O	_	_
una	uno	RS	O	_	_
coalizione	coalizione	SS	O	_	_
libero-socialista	libero-socialista	AS	O	_	_
.	.	XPS	O	_	_

Invano	invano	B	O	_	_
cattolici	cattolico	AP	O	_	_
e	e	C	O	_	_
conservatori	conservatorio	SP	O	_	_
ricordavano	ricordare	VI	O	_	_
durante	durante	E	O	_	_
la	il	RS	O	_	_
campagna	campagna	SS	O	_	_
l’	il	RS	O	_	_
abisso	abisso	SS	O	_	_
che	che	CCHE	O	_	_
secondo	secondo	E	O	_	_
la	il	RS	O	_	_
dottrina	dottrina	SS	O	_	_
socialista	socialista	AS	O	_	_
,	comma	XPW	O	_	_
s’	s’	PN	O	_	_
apre	aprire	VI	O	_	_
fra	fra	E	O	_	_
liberali	liberale	SP	O	_	_
e	e	C	O	_	_
rossi	rosso	SP	O	_	_
.	.	XPS	O	_	_

La	il	RS	O	_	_
grande	grande	AS	O	_	_
stampa	stampa	SS	O	_	_
progressista	progressista	SS	O	_	_
rispondeva	rispondere	VI	O	_	_
con	con	E	O	_	_
un	uno	RS	O	_	_
sorriso	sorriso	SS	O	_	_
sprezzante	sprezzante	AS	O	_	_
.	.	XPS	O	_	_

Cose	cosa	SP	O	_	_
passate	passato	AP	O	_	_
,	comma	XPW	O	_	_
dottrine	dottrine	SS	O	_	_
sepolte	sepolto	AP	O	_	_
.	.	XPS	O	_	_

Messi	messe	SP	O	_	_
al	a/det	ES	O	_	_
punto	punto	SS	O	_	_
,	comma	XPW	O	_	_
i	il	RP	O	_	_
socialisti	socialista	SP	O	_	_
rinnegheranno	rinnegare	VI	O	_	_
anche	anche	C	O	_	_
la	il	RS	O	_	_
repubblica	repubblica	SS	O	_	_
"!"	esclamation_mark	XPS	O	_	_

Con	con	E	O	_	_
siffatte	siffatto	AP	O	_	_
illusioni	illusione	SP	O	_	_
si	rifl	PN	O	_	_
venne	venire	VI	O	_	_
ai	a/det	EP	O	_	_
voti	voto	SP	O	_	_
ed	ed	C	O	_	_
alla	a/det	ES	O	_	_
ricostituzione	ricostituzione	SS	O	_	_
della	di/det	ES	O	_	_
Camera	camera	SS	O	_	_
.	.	XPS	O	_	_

Ma	ma	C	O	_	_
qui	qui	B	O	_	_
incominciarono	incominciare	VI	O	_	_
le	il	RP	O	_	_
dolenti	dolenti	SP	O	_	_
note	noto	AP	O	_	_
.	.	XPS	O	_	_

Chi	chi	CCHI	O	_	_
ha	avere	VIY	O	_	_
seguito	seguire	VSP	O	_	_
nelle	in/det	EP	O	_	_
nostre	nostro	DP	O	_	_
relazioni	relazione	SP	O	_	_
telegrafiche	telegrafico	AP	O	_	_
le	il	RP	O	_	_
trattative	trattativa	SP	O	_	_
,	comma	XPW	O	_	_
i	il	RP	O	_	_
bisticci	bisticcio	SP	O	_	_
,	comma	XPW	O	_	_
le	il	RP	O	_	_
miserie	miseria	SP	O	_	_
dell’	di/det	ES	O	_	_
elezione	elezione	SS	O	_	_
presidenziale	presidenziale	AS	O	_	_
germanica	germanico	AS	O	_	_
avrà	avere	VIY	O	_	_
notato	notare	VSP	O	_	_
come	come	CADV	O	_	_
tutti	tutto	PP	O	_	_
quei	quello	DP	O	_	_
gran	grande	AP	O	_	_
geni	gene	SP	O	_	_
parlamentari	parlamentare	AP	O	_	_
di	di	E	O	_	_
sinistra	sinistra	SS	O	_	_
si	rifl	PN	O	_	_
annegarono	annegare	VI	O	_	_
in	in	E	O	_	_
un	uno	RS	O	_	_
bicchier	bicchier	SN	O	_	_
d’	di	E	O	_	_
acqua	acqua	SS	O	_	_
.	.	XPS	O	_	_

L’	il	RS	O	_	_
accordo	accordo	SS	O	_	_
fallì	fallire	VI	O	_	_
quantunque	quantunque	PS	O	_	_
i	il	RP	O	_	_
socialisti	socialista	SP	O	_	_
stessi	stesso	AP	O	_	_
tentassero	tentare	VI	O	_	_
di	di	E	O	_	_
giuocare	giuocare	VF	O	_	_
sull’	su/det	ES	O	_	_
equivoco	equivoco	SS	O	_	_
,	comma	XPW	O	_	_
di	di	E	O	_	_
strisciare	strisciare	VF	O	_	_
attorno	attorno	E	O	_	_
alle	a/det	EP	O	_	_
difficoltà	difficoltà	SN	O	_	_
nascondendole	nascondendole	AS	O	_	_
.	.	XPS	O	_	_

Esse	esse	PP	O	_	_
apparvero	apparire	VI	O	_	_
però	però	C	O	_	_
insormontabili	insormontabile	AP	O	_	_
quando	quando	CADV	O	_	_
la	il	RS	O	_	_
questione	questione	SS	O	_	_
venne	venire	VIY	O	_	_
posta	porre	VSP	O	_	_
in	in	E	O	_	_
modo	modo	SS	O	_	_
che	che	CCHE	O	_	_
i	il	RP	O	_	_
socialisti	socialista	SP	O	_	_
,	comma	XPW	O	_	_
sia	sia	C	O	_	_
pure	pure	C	O	_	_
in	in	E	O	_	_
una	uno	RS	O	_	_
semplice	semplice	AS	O	_	_
cerimonia	cerimonia	SS	O	_	_
,	comma	XPW	O	_	_
avrebbero	avere	VIY	O	_	_
dovuto	dovere	VSP	O	_	_
riconoscere	riconoscere	VF	O	_	_
la	il	RS	O	_	_
Monarchia	monarchia	SS	O	_	_
.	.	XPS	O	_	_

Ricordate	ricordare	VPP	O	_	_
?	?	XPS	O	_	_

Lo	il	RS	O	_	_
stesso	stesso	DS	O	_	_
episodio	episodio	SS	O	_	_
si	rifl	PN	O	_	_
è	essere	VIY	O	_	_
avuto	avere	VSP	O	_	_
a	a	E	O	_	_
Montecitorio	montecitorio	SPN	O	_	_
per	per	E	O	_	_
quella	quello	PS	O	_	_
cotal	cotal	AS	O	_	_
avversione	avversione	SS	O	_	_
dell’	di/det	ES	O	_	_
on	on	SN	O	_	_
.	.	XPS	O	_	_

Bissolati	bissolati	SPN	O	_	_
a	a	E	O	_	_
portare	portare	VF	O	_	_
la	il	RS	O	_	_
tuba	tuba	SS	O	_	_
e	e	C	O	_	_
la	il	RS	O	_	_
redingote	redingote	SS	O	_	_
.	.	XPS	O	_	_

Ed	ed	C	O	_	_
oggi	oggi	B	O	_	_
tocca	toccare	VI	O	_	_
proprio	proprio	B	O	_	_
all’on.	all’on.	SPN	O	_	_
Giolitti	giolitti	SPN	O	_	_
che	che	CCHE	O	_	_
aveva	avere	VIY	O	_	_
creduto	credere	VSP	O	_	_
di	di	E	O	_	_
ricacciare	ricacciare	VF	O	_	_
il	il	RS	O	_	_
vecchio	vecchio	AS	O	_	_
Marx	marx	SPN	PER	_	_
in	in	E	O	_	_
soffitta	soffitta	SS	O	_	_
,	comma	XPW	O	_	_
di	di	E	O	_	_
assistere	assistere	VF	O	_	_
al	a/det	ES	O	_	_
reciso	reciso	SS	O	_	_
distacco	distacco	AS	O	_	_
dei	di/det	EP	O	_	_
socialisti	socialista	SP	O	_	_
da	da	E	O	_	_
tutto	tutto	DS	O	_	_
il	il	RS	O	_	_
blocco	blocco	SS	O	_	_
dei	di/det	EP	O	_	_
rappresentanti	rappresentante	SP	O	_	_
la	il	RS	O	_	_
nazione	nazione	SS	O	_	_
italiana	italiano	AS	O	_	_
.	.	XPS	O	_	_

A	a	E	O	_	_
Montecitorio	montecitorio	SPN	O	_	_
,	comma	XPW	O	_	_
sotto	sotto	E	O	_	_
l’	il	RS	O	_	_
impressionante	impressionante	AS	O	_	_
dimostrazione	dimostrazione	SS	O	_	_
della	di/det	ES	O	_	_
Camera	camera	SS	O	_	_
,	comma	XPW	O	_	_
una	uno	RS	O	_	_
parte	parte	SS	O	_	_
dei	di/det	EP	O	_	_
socialisti	socialista	SP	O	_	_
cedette	cedette	AP	O	_	_
allo	a/det	ES	O	_	_
scatto	scatto	SS	O	_	_
del	di/det	ES	O	_	_
sentimento	sentimento	SS	O	_	_
e	e	C	O	_	_
fu	essere	VI	O	_	_
travolta	travolto	AS	O	_	_
dall’	da/det	ES	O	_	_
ondata	ondata	SS	O	_	_
d’	di	E	O	_	_
entusiasmo	entusiasmo	SS	O	_	_
,	comma	XPW	O	_	_
ma	ma	C	O	_	_
solo	solo	B	O	_	_
una	uno	RS	O	_	_
parte	parte	SS	O	_	_
;	semicolon	XPS	O	_	_

e	e	C	O	_	_
ad	ad	E	O	_	_
ogni	ogni	DS	O	_	_
modo	modo	SS	O	_	_
,	comma	XPW	O	_	_
il	il	RS	O	_	_
giorno	giorno	SS	O	_	_
dopo	dopo	C	O	_	_
furono	essere	VIY	O	_	_
tutti	tutto	PP	O	_	_
d’	di	E	O	_	_
accordo	accordo	SS	O	_	_
nel	in/det	ES	O	_	_
voto	voto	SS	O	_	_
contro	contro	E	O	_	_
l’	il	RS	O	_	_
impresa	impresa	SS	O	_	_
tripolina	tripolino	AS	O	_	_
.	.	XPS	O	_	_

La	il	RS	O	_	_
stampa	stampa	SS	O	_	_
socialista	socialista	AS	O	_	_
che	che	CCHE	O	_	_
in	in	E	O	_	_
questi	questo	DP	O	_	_
ultimi	ultimo	AP	O	_	_
giorni	giorno	SP	O	_	_
ha	avere	VIY	O	_	_
intensificati	intensificare	VPP	O	_	_
gli	il	RP	O	_	_
attacchi	attacco	SP	O	_	_
e	e	C	O	_	_
le	il	RP	O	_	_
invettive	invettiva	SP	O	_	_
,	comma	XPW	O	_	_
continuerà	continuare	VI	O	_	_
anche	anche	C	O	_	_
domani	domani	B	O	_	_
la	il	RS	O	_	_
sua	suo	DS	O	_	_
propaganda	propaganda	SS	O	_	_
.	.	XPS	O	_	_

Ne	ne	PN	O	_	_
è	essere	VI	O	_	_
preludio	preludio	AS	O	_	_
intanto	intanto	B	O	_	_
l’	il	RS	O	_	_
Avanti	avanti	SPN	O	_	_
che	che	CCHE	O	_	_
nel	in/det	ES	O	_	_
numero	numero	SS	O	_	_
di	di	E	O	_	_
ieri	ieri	B	O	_	_
così	così	B	O	_	_
scrive	scrivere	VI	O	_	_
della	di/det	ES	O	_	_
grande	grande	AS	O	_	_
dimostrazione	dimostrazione	SS	O	_	_
parlamentare	parlamentare	AS	O	_	_
:	:	XPS	O	_	_
«	«	XPO	O	_	_
Una	uno	RS	O	_	_
borghesia	borghesia	SS	O	_	_
come	come	CADV	O	_	_
quella	quello	PS	O	_	_
d’	di	E	O	_	_
Italia	italia	SPN	GPE	42.6384261	12.674297
,	comma	XPW	O	_	_
priva	privo	AS	O	_	_
di	di	E	O	_	_
fibra	fibra	SS	O	_	_
e	e	C	O	_	_
di	di	E	O	_	_
preparazione	preparazione	SS	O	_	_
morale	morale	AS	O	_	_
;	semicolon	XPS	O	_	_

una	uno	RS	O	_	_
borghesia	borghesia	SS	O	_	_
che	che	CCHE	O	_	_
si	rifl	PN	O	_	_
è	essere	VIY	O	_	_
esaltata	esaltare	VSP	O	_	_
e	e	C	O	_	_
ubbriacata	ubbriacata	VSP	O	_	_
,	comma	XPW	O	_	_
perdendo	perdere	VG	O	_	_
ogni	ogni	DS	O	_	_
austerità	austerità	SN	O	_	_
e	e	C	O	_	_
ogni	ogni	DS	O	_	_
fierezza	fierezza	SS	O	_	_
,	comma	XPW	O	_	_
in	in	E	O	_	_
un	uno	RS	O	_	_
nazionalismo	nazionalismo	SS	O	_	_
altrettanto	altrettanto	B	O	_	_
rumoroso	rumoroso	AS	O	_	_
e	e	C	O	_	_
ingenuamente	ingenuamente	AS	O	_	_
guascone	guascone	SS	O	_	_
contro	contro	E	O	_	_
la	il	RS	O	_	_
piccola	piccolo	AS	O	_	_
Turchia	turchia	SPN	GPE	38.9597594	34.9249653
quanto	quanto	B	O	_	_
umile	umile	AS	O	_	_
e	e	C	O	_	_
rassegnato	rassegnare	VSP	O	_	_
verso	verso	E	O	_	_
le	il	RP	O	_	_
ostilità	ostilità	SN	O	_	_
delle	di/det	EP	O	_	_
nazioni	nazione	SP	O	_	_
più	più	B	O	_	_
forti	forte	AP	O	_	_
,	comma	XPW	O	_	_
non	non	B	O	_	_
può	potere	VI	O	_	_
vivere	vivere	VF	O	_	_
che	che	CCHE	O	_	_
di	di	E	O	_	_
queste	questo	DP	O	_	_
galvanizzazioni	galvanizzazione	SP	O	_	_
»	»	XPO	O	_	_
.	.	XPS	O	_	_

«	«	XPO	O	_	_
La	il	RS	O	_	_
retorica	retorica	SS	O	_	_
inaugurale	inaugurale	AS	O	_	_
di	di	E	O	_	_
Montecitorio	montecitorio	SPN	O	_	_
e	e	C	O	_	_
più	più	B	O	_	_
la	il	RS	O	_	_
retorica	retorica	SS	O	_	_
dei	di/det	EP	O	_	_
commenti	commento	SP	O	_	_
non	non	B	O	_	_
costituiscono	costituire	VI	O	_	_
che	che	CCHE	O	_	_
un	uno	RS	O	_	_
altro	altro	DS	O	_	_
umiliante	umiliante	AS	O	_	_
spettacolo	spettacolo	SS	O	_	_
di	di	E	O	_	_
pochezza	pochezza	SS	O	_	_
morale	morale	AS	O	_	_
»	»	XPO	O	_	_
.	.	XPS	O	_	_

Che	che	CCHE	O	_	_
è	essere	VIY	O	_	_
accaduto	accadere	VSP	O	_	_
dunque	dunque	C	O	_	_
?	?	XPS	O	_	_

Non	non	B	O	_	_
era	essere	VI	O	_	_
proprio	proprio	B	O	_	_
vero	vero	AS	O	_	_
che	che	CCHE	O	_	_
Marx	marx	SPN	PER	_	_
era	essere	VIY	O	_	_
finito	finire	VSP	O	_	_
in	in	E	O	_	_
soffitta	soffitta	SS	O	_	_
?	?	XPS	O	_	_

No	no	B	O	_	_
,	comma	XPW	O	_	_
non	non	B	O	_	_
era	essere	VI	O	_	_
vero	vero	AS	O	_	_
.	.	XPS	O	_	_

In	in	E	O	_	_
Italia	italia	SPN	GPE	42.6384261	12.674297
c’	ci	B	O	_	_
è	essere	VIY	O	_	_
voluta	volere	VSP	O	_	_
la	il	RS	O	_	_
guerra	guerra	SS	O	_	_
per	per	E	O	_	_
smentire	smentire	VF	O	_	_
la	il	RS	O	_	_
politica	politica	SS	O	_	_
di	di	E	O	_	_
Giolitti	giolitti	SPN	PER	_	_
,	comma	XPW	O	_	_
in	in	E	O	_	_
Germania	germania	SPN	GPE	51.0834196	10.4234469
è	essere	VIY	O	_	_
bastato	bastare	VSP	O	_	_
un	uno	RS	O	_	_
gesto	gesto	SS	O	_	_
di	di	E	O	_	_
Guglielmo	guglielmo	SPN	PER	_	_
,	comma	XPW	O	_	_
in	in	E	O	_	_
Austria	austria	SPN	GPE	47.2000338	13.199959
fu	essere	VI	O	_	_
la	il	RS	O	_	_
discussione	discussione	SS	O	_	_
sul	su/det	ES	O	_	_
rincaro	rincaro	SS	O	_	_
.	.	XPS	O	_	_

Cosicché	cosicché	C	O	_	_
quei	quello	DP	O	_	_
liberali	liberale	SP	O	_	_
che	che	CCHE	O	_	_
disinteressatamente	disinteressatamente	B	O	_	_
s’	s’	PN	O	_	_
illusero	illudere	VI	O	_	_
(	open_parenthesis	XPB	O	_	_
ahi	ahi	SS	O	_	_
,	comma	XPW	O	_	_
come	come	CADV	O	_	_
sono	essere	VI	O	_	_
pochi	poco	DP	O	_	_
"!"	esclamation_mark	XPS	O	_	_

)	close_parenthesis	XPB	O	_	_
hanno	avere	VI	O	_	_
oggi	oggi	B	O	_	_
argomento	argomento	SS	O	_	_
di	di	E	O	_	_
rifarsi	rifare/rifl	VF+E	O	_	_
una	uno	RS	O	_	_
cognizione	cognizione	SS	O	_	_
più	più	B	O	_	_
esatta	esatto	AS	O	_	_
del	di/det	ES	O	_	_
momento	momento	SS	O	_	_
sociale	sociale	AS	O	_	_
.	.	XPS	O	_	_

E	e	C	O	_	_
dovranno	dovere	VI	O	_	_
concludere	concludere	VF	O	_	_
che	che	CCHE	O	_	_
può	potere	VI	O	_	_
benissimo	benissimo	B	O	_	_
accadere	accadere	VF	O	_	_
che	che	CCHE	O	_	_
la	il	RS	O	_	_
scuola	scuola	SS	O	_	_
socialista	socialista	AS	O	_	_
muti	muto	AP	O	_	_
nomi	noma	SP	O	_	_
e	e	C	O	_	_
dottrine	dottrine	SS	O	_	_
,	comma	XPW	O	_	_
che	che	CCHE	O	_	_
certi	certi	VI	O	_	_
dogmi	dogmi	SS	O	_	_
vengano	venire	VIY	O	_	_
riveduti	riveduti	VPP	O	_	_
o	o	C	O	_	_
rinnegati	rinnegare	VPP	O	_	_
,	comma	XPW	O	_	_
ma	ma	C	O	_	_
che	che	CCHE	O	_	_
tutto	tutto	DS	O	_	_
ciò	ciò`	PS	O	_	_
non	non	B	O	_	_
rappresenta	rappresentare	VI	O	_	_
l’	il	RS	O	_	_
essenziale	essenziale	SS	O	_	_
nelle	in/det	EP	O	_	_
relazioni	relazione	SP	O	_	_
fra	fra	E	O	_	_
il	il	RS	O	_	_
partito	partito	SS	O	_	_
socialista	socialista	AS	O	_	_
e	e	C	O	_	_
la	il	RS	O	_	_
borghesia	borghesia	SS	O	_	_
.	.	XPS	O	_	_

L’	il	RS	O	_	_
essenziale	essenziale	AS	O	_	_
sta	stare	VI	O	_	_
invece	invece	B	O	_	_
nella	in/det	ES	O	_	_
lotta	lotta	SS	O	_	_
di	di	E	O	_	_
classe	classe	SS	O	_	_
.	.	XPS	O	_	_

Fino	fino	E	O	_	_
a	a	E	O	_	_
tanto	tanto	PS	O	_	_
che	che	CCHE	O	_	_
questa	questo	PS	O	_	_
viene	venire	VIY	O	_	_
predicata	predicare	VSP	O	_	_
e	e	C	O	_	_
nei	in/det	EP	O	_	_
moti	moto	SP	O	_	_
operai	operaio	AP	O	_	_
attuata	attuare	VSP	O	_	_
,	comma	XPW	O	_	_
fino	fino	E	O	_	_
a	a	E	O	_	_
tanto	tanto	PS	O	_	_
che	che	CCHE	O	_	_
essa	essa	PS	O	_	_
viene	venire	VIY	O	_	_
propugnata	propugnare	VSP	O	_	_
col	con/det	ES	O	_	_
richiamo	richiamo	SS	O	_	_
alla	a/det	ES	O	_	_
concezione	concezione	SS	O	_	_
materialistica	materialistico	AS	O	_	_
della	di/det	ES	O	_	_
storia	storia	SS	O	_	_
e	e	C	O	_	_
della	di/det	ES	O	_	_
vita	vita	SS	O	_	_
,	comma	XPW	O	_	_
l’	il	RS	O	_	_
abisso	abisso	SS	O	_	_
rimane	rimanere	VI	O	_	_
spalancato	spalancato	AS	O	_	_
.	.	XPS	O	_	_

I	il	RP	O	_	_
tentativi	tentativo	SP	O	_	_
di	di	E	O	_	_
combinazioni	combinazioni	AP	O	_	_
parlamentari	parlamentare	SP	O	_	_
,	comma	XPW	O	_	_
di	di	E	O	_	_
connubi	connubio	SP	O	_	_
elettorali	elettorale	AP	O	_	_
,	comma	XPW	O	_	_
di	di	E	O	_	_
pasticci	pasticcio	SP	O	_	_
comunali	comunale	AP	O	_	_
,	comma	XPW	O	_	_
anche	anche	C	O	_	_
se	se	C	O	_	_
riusciti	riuscire	VPP	O	_	_
per	per	E	O	_	_
considerazioni	considerazione	SP	O	_	_
d’	di	E	O	_	_
interesse	interesse	SS	O	_	_
momentaneo	momentaneo	AS	O	_	_
,	comma	XPW	O	_	_
non	non	B	O	_	_
varranno	valere	VI	O	_	_
a	a	E	O	_	_
varcarlo	varcare/pro	VF+E	O	_	_
o	o	C	O	_	_
a	a	E	O	_	_
restringerlo	restringere/pro	VF+E	O	_	_
.	.	XPS	O	_	_

Verrà	venire	VI	O	_	_
il	il	RS	O	_	_
momento	momento	SS	O	_	_
decisivo	decisivo	AS	O	_	_
in	in	E	O	_	_
cui	cui	PN	O	_	_
ogni	ogni	DS	O	_	_
finzione	finzione	SS	O	_	_
sarà	essere	VI	O	_	_
inutile	inutile	AS	O	_	_
e	e	C	O	_	_
le	il	RP	O	_	_
combinazioni	combinazione	SP	O	_	_
posticce	posticce	AP	O	_	_
si	rifl	PN	O	_	_
sfasceranno	sfasciare	VI	O	_	_
sotto	sotto	B	O	_	_
i	il	RP	O	_	_
colpi	colpo	SP	O	_	_
del	di/det	ES	O	_	_
proletariato	proletariato	SS	O	_	_
educato	educare	VSP	O	_	_
alla	a/det	ES	O	_	_
lotta	lotta	SS	O	_	_
di	di	E	O	_	_
classe	classe	SS	O	_	_
.	.	XPS	O	_	_

Bissolati	bissolati	SPN	O	_	_
tenterà	tentare	VI	O	_	_
invano	invano	B	O	_	_
di	di	E	O	_	_
stendere	stendere	VF	O	_	_
un	uno	RS	O	_	_
velo	velo	SS	O	_	_
di	di	E	O	_	_
poesia	poesia	SS	O	_	_
e	e	C	O	_	_
sentimentalità	sentimentalità	SN	O	_	_
sopra	sopra	E	O	_	_
il	il	RS	O	_	_
rude	rude	AS	O	_	_
concetto	concetto	SS	O	_	_
socialista	socialista	AS	O	_	_
,	comma	XPW	O	_	_
in	in	E	O	_	_
rigido	rigido	AS	O	_	_
contrasto	contrasto	SS	O	_	_
colla	con/det	ES	O	_	_
psiche	psiche	SP	O	_	_
nazionale	nazionale	AS	O	_	_
.	.	XPS	O	_	_

Gli	il	RP	O	_	_
operai	operaio	SP	O	_	_
raccolti	raccogliere	VPP	O	_	_
nei	in/det	EP	O	_	_
comizi	comizio	SP	O	_	_
,	comma	XPW	O	_	_
i	il	RP	O	_	_
giornali	giornale	SP	O	_	_
rossi	rosso	AP	O	_	_
ed	ed	C	O	_	_
i	il	RP	O	_	_
deputati	deputato	SP	O	_	_
che	che	CCHE	O	_	_
ne	ne	PN	O	_	_
esprimono	esprimere	VI	O	_	_
più	più	B	O	_	_
direttamente	direttamente	B	O	_	_
il	il	RS	O	_	_
pensiero	pensiero	SS	O	_	_
concepiranno	concepire	VI	O	_	_
l’	il	RS	O	_	_
impresa	impresa	SS	O	_	_
tripolina	tripolino	AS	O	_	_
come	come	CADV	O	_	_
una	uno	RS	O	_	_
speculazione	speculazione	SS	O	_	_
della	di/det	ES	O	_	_
classe	classe	SS	O	_	_
borghese	borghese	AS	O	_	_
,	comma	XPW	O	_	_
come	come	CADV	O	_	_
una	uno	RS	O	_	_
conquista	conquista	SS	O	_	_
di	di	E	O	_	_
classe	classe	SS	O	_	_
.	.	XPS	O	_	_

E	e	C	O	_	_
l’	il	RS	O	_	_
Avanti	avanti	SPN	O	_	_
della	di/det	ES	O	_	_
memorabile	memorabile	AS	O	_	_
seduta	seduta	SS	O	_	_
dirà	dire	VI	O	_	_
che	che	CCHE	O	_	_
fu	essere	VI	O	_	_
«	«	XPO	O	_	_
una	uno	RS	O	_	_
grande	grande	AS	O	_	_
parata	parata	SS	O	_	_
coreografica	coreografico	AS	O	_	_
del	di/det	ES	O	_	_
nazionalismo	nazionalismo	SS	O	_	_
»	»	XPO	O	_	_
nel	in/det	ES	O	_	_
cui	cui	PN	O	_	_
sfondo	sfondo	SS	O	_	_
primeggiavano	primeggiare	VI	O	_	_
«	«	XPO	O	_	_
gli	gli	PS	O	_	_
eroi	eroe	SP	O	_	_
del	di/det	ES	O	_	_
Banco	banco	SPN	O	_	_
di	di	E	O	_	_
Roma	roma	SPN	GPE	41.8933439	12.4830718
»	»	XPO	O	_	_
.	.	XPS	O	_	_

C’	ci	B	O	_	_
è	essere	VI	O	_	_
dunque	dunque	C	O	_	_
,	comma	XPW	O	_	_
per	per	E	O	_	_
dirla	dire/pro	VF+E	O	_	_
con	con	E	O	_	_
Dante	dante	SPN	PER	_	_
,	comma	XPW	O	_	_
una	uno	RS	O	_	_
contradizion	contradizion	SS	O	_	_
che	che	CCHE	O	_	_
nol	nol	VI	O	_	_
consente	consentire	VI	O	_	_
.	.	XPS	O	_	_

Certo	certo	B	O	_	_
ch’	che	CCHE	O	_	_
essa	essa	PS	O	_	_
non	non	B	O	_	_
è	essere	VI	O	_	_
sempre	sempre	B	O	_	_
sentita	sentito	AS	O	_	_
,	comma	XPW	O	_	_
anzi	anzi	C	O	_	_
buona	buono	AS	O	_	_
parte	parte	SS	O	_	_
della	di/det	ES	O	_	_
borghesia	borghesia	SS	O	_	_
,	comma	XPW	O	_	_
per	per	E	O	_	_
interesse	interesse	SS	O	_	_
o	o	C	O	_	_
per	per	E	O	_	_
deficiente	deficiente	AS	O	_	_
educazione	educazione	SS	O	_	_
sociale	sociale	AS	O	_	_
,	comma	XPW	O	_	_
non	non	B	O	_	_
vuole	volere	VI	O	_	_
sentirla	sentire/pro	VF+E	O	_	_
ad	ad	E	O	_	_
ogni	ogni	DS	O	_	_
costo	costo	SS	O	_	_
.	.	XPS	O	_	_

A	a	E	O	_	_
Trento	trento	SPN	GPE	46.0664228	11.1257601
,	comma	XPW	O	_	_
per	per	E	O	_	_
esempio	esempio	SS	O	_	_
,	comma	XPW	O	_	_
tanto	tanto	B	O	_	_
per	per	E	O	_	_
dare	dare	VF	O	_	_
uno	uno	RS	O	_	_
sguardo	sguardo	SS	O	_	_
anche	anche	C	O	_	_
al	a/det	ES	O	_	_
nostro	nostro	DS	O	_	_
microcosmo	microcosmo	SS	O	_	_
politico	politico	AS	O	_	_
,	comma	XPW	O	_	_
parecchi	parecchio	AP	O	_	_
signori	signore	SP	O	_	_
liberali	liberale	AP	O	_	_
hanno	avere	VIY	O	_	_
sbarrato	sbarrare	VSP	O	_	_
tanto	tanto	PS	O	_	_
d’	di	E	O	_	_
occhi	occhio	SP	O	_	_
quando	quando	CADV	O	_	_
la	il	RS	O	_	_
minoranza	minoranza	SS	O	_	_
socialista	socialista	AS	O	_	_
ha	avere	VIY	O	_	_
dichiarato	dichiarare	VSP	O	_	_
in	in	E	O	_	_
Municipio	municipio	SS	O	_	_
di	di	E	O	_	_
non	non	B	O	_	_
poter	potere	VF	O	_	_
votare	votare	VF	O	_	_
il	il	RS	O	_	_
bilancio	bilancio	SS	O	_	_
per	per	E	O	_	_
ragione	ragione	SS	O	_	_
di	di	E	O	_	_
principio	principio	SS	O	_	_
.	.	XPS	O	_	_

Quale	quale	DS	O	_	_
principio	principio	SS	O	_	_
?	?	XPS	O	_	_

si	rifl	PN	O	_	_
sono	essere	VIY	O	_	_
chiesti	chiedere	VPP	O	_	_
meravigliando	meravigliare	VG	O	_	_
.	.	XPS	O	_	_

Quale	quale	PS	O	_	_
?	?	XPS	O	_	_

Ma	ma	C	O	_	_
sempre	sempre	B	O	_	_
quello	quello	PS	O	_	_
stesso	stesso	PS	O	_	_
,	comma	XPW	O	_	_
signori	signore	SP	O	_	_
miei	mio	AP	O	_	_
.	.	XPS	O	_	_

Il	il	RS	O	_	_
principio	principio	SS	O	_	_
della	di/det	ES	O	_	_
lotta	lotta	SS	O	_	_
di	di	E	O	_	_
classe	classe	SS	O	_	_
che	che	CCHE	O	_	_
impedisce	impedire	VI	O	_	_
i	il	RP	O	_	_
rappresentanti	rappresentante	SP	O	_	_
del	di/det	ES	O	_	_
proletariato	proletariato	SS	O	_	_
di	di	E	O	_	_
dare	dare	VF	O	_	_
il	il	RS	O	_	_
voto	voto	SS	O	_	_
a	a	E	O	_	_
un	uno	RS	O	_	_
bilancio	bilancio	SS	O	_	_
borghese	borghese	AS	O	_	_
.	.	XPS	O	_	_

In	in	E	O	_	_
quel	quello	DS	O	_	_
momento	momento	SS	O	_	_
qualcuno	qualcuno	PS	O	_	_
s’	s’	PN	O	_	_
è	essere	VI	O	_	_
forse	forse	B	O	_	_
messo	mettere	VSP	O	_	_
il	il	RS	O	_	_
capo	capo	SS	O	_	_
tra	tra	E	O	_	_
le	il	RP	O	_	_
mani	mano	SP	O	_	_
ed	ed	C	O	_	_
ha	avere	VIY	O	_	_
tentato	tentare	VSP	O	_	_
un	uno	RS	O	_	_
piccolo	piccolo	AS	O	_	_
esame	esame	SS	O	_	_
di	di	E	O	_	_
coscienza	coscienza	SS	O	_	_
.	.	XPS	O	_	_

Come	come	CADV	O	_	_
si	rifl	PN	O	_	_
spiega	spiegare	VI	O	_	_
allora	allora	B	O	_	_
la	il	RS	O	_	_
collaborazione	collaborazione	SS	O	_	_
elettorale	elettorale	AS	O	_	_
libero-socialista	libero-socialista	AS	O	_	_
,	comma	XPW	O	_	_
quando	quando	CADV	O	_	_
nel	in/det	ES	O	_	_
comune	comune	SS	O	_	_
interesse	interesse	SS	O	_	_
essa	essa	PS	O	_	_
abbia	avere	VI	O	_	_
per	per	E	O	_	_
effetto	effetto	SS	O	_	_
la	il	RS	O	_	_
lotta	lotta	SS	O	_	_
di	di	E	O	_	_
classe	classe	SS	O	_	_
?	?	XPS	O	_	_

Come	come	CADV	O	_	_
si	rifl	PN	O	_	_
spiega	spiegare	VI	O	_	_
il	il	RS	O	_	_
fenomeno	fenomeno	SS	O	_	_
dei	di/det	EP	O	_	_
socialistoidi	socialistoide	SP	O	_	_
che	che	CCHE	O	_	_
stabiliscono	stabilire	VI	O	_	_
la	il	RS	O	_	_
costellazione	costellazione	SS	O	_	_
parlamentare	parlamentare	AS	O	_	_
e	e	C	O	_	_
fanno	fare	VI	O	_	_
il	il	RS	O	_	_
deputato	deputato	SS	O	_	_
?	?	XPS	O	_	_

E	e	C	O	_	_
forse	forse	B	O	_	_
dopo	dopo	E	O	_	_
l’	il	RS	O	_	_
esame	esame	SS	O	_	_
sarà	essere	VIY	O	_	_
venuta	venire	VSP	O	_	_
a	a	E	O	_	_
queste	questo	PP	O	_	_
ed	ed	C	O	_	_
altrettali	altrettale	AP	O	_	_
domande	domanda	SP	O	_	_
una	uno	RS	O	_	_
logica	logica	SS	O	_	_
risposta	risposta	SS	O	_	_
.	.	XPS	O	_	_

Ma	ma	C	O	_	_
sarà	essere	VIY	O	_	_
stata	essere	VSP	O	_	_
una	uno	RS	O	_	_
resipiscenza	resipiscenza	SS	O	_	_
breve	breve	AS	O	_	_
.	.	XPS	O	_	_

Il	il	RS	O	_	_
liberalismo	liberalismo	SS	O	_	_
nostrano	nostrano	AS	O	_	_
vive	vivere	VI	O	_	_
nell’	in/det	ES	O	_	_
equivoco	equivoco	SS	O	_	_
.	.	XPS	O	_	_

Per	per	E	O	_	_
uscirne	uscire/part	VF+E	O	_	_
dovrebbe	dovere	VI	O	_	_
fare	fare	VF	O	_	_
uno	uno	RS	O	_	_
sforzo	sforzo	SS	O	_	_
erculeo	erculeo	AS	O	_	_
.	.	XPS	O	_	_

E	e	C	O	_	_
questo	questo	DS	O	_	_
sforzo	sforzo	SS	O	_	_
è	essere	VI	O	_	_
contrario	contrario	AS	O	_	_
alle	a/det	EP	O	_	_
sue	suo	DP	O	_	_
tradizioni	tradizione	SP	O	_	_
,	comma	XPW	O	_	_
al	a/det	ES	O	_	_
suo	suo	DS	O	_	_
comodo	comodo	SS	O	_	_
ed	ed	C	O	_	_
ai	a/det	EP	O	_	_
suoi	suo	DP	O	_	_
interessi	interesse	SP	O	_	_
.	.	XPS	O	_	_
