# total number of persons:4, total number of gpes:23
La	il	RS	O	_	_
campagna	campagna	SS	O	_	_
elettorale	elettorale	AS	O	_	_
ha	avere	VIY	O	_	_
aperto	aprire	VSP	O	_	_
ferite	ferita	SP	O	_	_
che	che	CCHE	O	_	_
non	non	B	O	_	_
rimargineranno	rimarginare	VI	O	_	_
presto	presto	B	O	_	_
.	.	XPS	O	_	_

Nella	in/det	ES	O	_	_
stampa	stampa	SS	O	_	_
avversaria	avversario	AS	O	_	_
l’	il	RS	O	_	_
acredine	acredine	SS	O	_	_
,	comma	XPW	O	_	_
l’	il	RS	O	_	_
asprezza	asprezza	SS	O	_	_
dell’	di/det	ES	O	_	_
offesa	offesa	SS	O	_	_
,	comma	XPW	O	_	_
l’	il	RS	O	_	_
ingiustizia	ingiustizia	SS	O	_	_
dell’	di/det	ES	O	_	_
attacco	attacco	SS	O	_	_
,	comma	XPW	O	_	_
la	il	RS	O	_	_
viltà	viltà	SN	O	_	_
dell’	di/det	ES	O	_	_
insulto	insulto	SS	O	_	_
continuano	continuare	VI	O	_	_
.	.	XPS	O	_	_

Con	con	E	O	_	_
una	uno	RS	O	_	_
presunzione	presunzione	SS	O	_	_
senza	senza	E	O	_	_
pari	pari	AN	O	_	_
i	il	RP	O	_	_
giornali	giornale	SP	O	_	_
malfattiani	malfattiani	AP	O	_	_
parlano	parlare	VI	O	_	_
dello	di/det	ES	O	_	_
«	«	XPO	O	_	_
stocco	stocco	SS	O	_	_
di	di	E	O	_	_
zucche	zucca	SP	O	_	_
»	»	XPO	O	_	_
che	che	CCHE	O	_	_
il	il	RS	O	_	_
partito	partito	SS	O	_	_
popolare	popolare	AS	O	_	_
manda	mandare	VI	O	_	_
al	a/det	ES	O	_	_
Parlamento	parlamento	SS	O	_	_
,	comma	XPW	O	_	_
degli	di/det	EP	O	_	_
inevitabili	inevitabile	AP	O	_	_
fiaschi	fiasco	SP	O	_	_
che	che	CCHE	O	_	_
i	il	RP	O	_	_
nostri	nostro	DP	O	_	_
deputati	deputato	SP	O	_	_
–	–	XPO	O	_	_
gente	gente	SS	O	_	_
da	da	E	O	_	_
nulla	nulla	PS	O	_	_
–	–	XPO	O	_	_
dovranno	dovere	VI	O	_	_
fare	fare	VF	O	_	_
,	comma	XPW	O	_	_
e	e	C	O	_	_
un	uno	RS	O	_	_
gazzettiere	gazzettiere	SS	O	_	_
del	di/det	ES	O	_	_
Messaggero	messaggero	SPN	O	_	_
prende	prendere	VI	O	_	_
già	già	B	O	_	_
la	il	RS	O	_	_
posa	posa	SS	O	_	_
di	di	E	O	_	_
controllare	controllare	VF	O	_	_
le	il	RP	O	_	_
«	«	XPO	O	_	_
castronerie	castroneria	SP	O	_	_
»	»	XPO	O	_	_
di	di	E	O	_	_
cui	cui	PN	O	_	_
i	il	RP	O	_	_
«	«	XPO	O	_	_
nostri	nostro	DP	O	_	_
carneadi	carneade	SP	O	_	_
»	»	XPO	O	_	_
incominceranno	incominciare	VI	O	_	_
presto	presto	B	O	_	_
la	il	RS	O	_	_
serie	serie	SN	O	_	_
.	.	XPS	O	_	_

Impossibile	impossibile	AS	O	_	_
,	comma	XPW	O	_	_
inutile	inutile	AS	O	_	_
forse	forse	B	O	_	_
raccogliere	raccogliere	VF	O	_	_
codesti	codesto	DP	O	_	_
avanzi	avanzare	VI	O	_	_
di	di	E	O	_	_
rancore	rancore	SS	O	_	_
;	semicolon	XPS	O	_	_

meglio	meglio	B	O	_	_
aspettare	aspettare	VF	O	_	_
e	e	C	O	_	_
i	il	RP	O	_	_
nostri	nostro	DP	O	_	_
e	e	C	O	_	_
i	il	RP	O	_	_
loro	loro	DP	O	_	_
alla	a/det	ES	O	_	_
prova	prova	SS	O	_	_
dei	di/det	EP	O	_	_
fatti	fatto	SP	O	_	_
,	comma	XPW	O	_	_
sapendo	sapere	VG	O	_	_
a	a	E	O	_	_
tempo	tempo	SS	O	_	_
ricordare	ricordare	VF	O	_	_
i	il	RP	O	_	_
meriti	merito	SP	O	_	_
e	e	C	O	_	_
le	il	RP	O	_	_
conquiste	conquista	SP	O	_	_
di	di	E	O	_	_
codesti	codesto	DP	O	_	_
liberali	liberale	AP	O	_	_
,	comma	XPW	O	_	_
e	e	C	O	_	_
sfidando	sfidare	VG	O	_	_
il	il	RS	O	_	_
confronto	confronto	SS	O	_	_
della	di/det	ES	O	_	_
loro	loro	PP	O	_	_
gloriosa	glorioso	AS	O	_	_
attività	attività	SN	O	_	_
passata	passato	AS	O	_	_
coi	con/det	EP	O	_	_
fiaschi	fiasco	SP	O	_	_
avvenire	avvenire	VF	O	_	_
dei	di/det	EP	O	_	_
nostri	nostro	DP	O	_	_
.	.	XPS	O	_	_

Ma	ma	C	O	_	_
peggio	peggio	B	O	_	_
ancora	ancora	B	O	_	_
vennero	venire	VIY	O	_	_
trattati	trattare	VPP	O	_	_
gli	il	RP	O	_	_
elettori	elettore	SP	O	_	_
.	.	XPS	O	_	_

I	il	RP	O	_	_
preti	prete	SP	O	_	_
,	comma	XPW	O	_	_
intriganti	intrigante	SP	O	_	_
,	comma	XPW	O	_	_
imbroglioni	imbroglione	SP	O	_	_
,	comma	XPW	O	_	_
agitatori	agitatore	SP	O	_	_
ricorrenti	ricorrente	AP	O	_	_
ad	ad	E	O	_	_
ogni	ogni	DS	O	_	_
arma	arma	SS	O	_	_
,	comma	XPW	O	_	_
illegalmente	illegalmente	B	O	_	_
,	comma	XPW	O	_	_
disonestamente	disonestamente	B	O	_	_
,	comma	XPW	O	_	_
fino	fino	E	O	_	_
all’	a/det	ES	O	_	_
abuso	abuso	SS	O	_	_
delle	di/det	EP	O	_	_
cose	cosa	SP	O	_	_
più	più	B	O	_	_
sacre	sacre	AS	O	_	_
,	comma	XPW	O	_	_
fino	fino	E	O	_	_
all’	a/det	ES	O	_	_
abiezione	abiezione	SS	O	_	_
del	di/det	ES	O	_	_
loro	loro	DP	O	_	_
carattere	carattere	SS	O	_	_
sacerdotale	sacerdotale	AS	O	_	_
,	comma	XPW	O	_	_
ecco	ecco	B	O	_	_
le	il	RP	O	_	_
accuse	accusa	SP	O	_	_
lanciate	lanciare	VPP	O	_	_
unanimemente	unanimemente	B	O	_	_
dalla	da/det	ES	O	_	_
stampa	stampa	SS	O	_	_
anticlericale	anticlericale	AS	O	_	_
di	di	E	O	_	_
tutte	tutto	DP	O	_	_
le	il	RP	O	_	_
tinte	tinta	SP	O	_	_
.	.	XPS	O	_	_

Invano	invano	B	O	_	_
si	rifl	PN	O	_	_
elevò	elevare	VI	O	_	_
la	il	RS	O	_	_
nostra	nostro	DS	O	_	_
protesta	protesta	SS	O	_	_
:	:	XPS	O	_	_
la	il	RS	O	_	_
rabbia	rabbia	SS	O	_	_
dei	di/det	EP	O	_	_
vinti	vinto	SP	O	_	_
inventò	inventare	VI	O	_	_
le	il	RP	O	_	_
mene	mena	SP	O	_	_
secrete	secreto	AP	O	_	_
del	di/det	ES	O	_	_
confessionale	confessionale	SS	O	_	_
e	e	C	O	_	_
le	il	RP	O	_	_
sostenne	sostenne	SP	O	_	_
,	comma	XPW	O	_	_
senza	senza	C	O	_	_
poterle	potere/pro	VF+E	O	_	_
provare	provare	VF	O	_	_
e	e	C	O	_	_
sapendo	sapere	VG	O	_	_
di	di	E	O	_	_
elevare	elevare	VF	O	_	_
un’	uno	RS	O	_	_
accusa	accusa	SS	O	_	_
gravissima	grave	AS	O	_	_
contro	contro	E	O	_	_
i	il	RP	O	_	_
sacerdoti	sacerdote	SP	O	_	_
e	e	C	O	_	_
contro	contro	E	O	_	_
la	il	RS	O	_	_
coscienza	coscienza	SS	O	_	_
cristiana	cristiano	AS	O	_	_
del	di/det	ES	O	_	_
nostro	nostro	DS	O	_	_
popolo	popolo	SS	O	_	_
.	.	XPS	O	_	_

E	e	C	O	_	_
gli	il	RP	O	_	_
elettori	elettore	SP	O	_	_
in	in	E	O	_	_
genere	genere	SS	O	_	_
?	?	XPS	O	_	_

Vennero	venire	VIY	O	_	_
divisi	dividere	VPP	O	_	_
in	in	E	O	_	_
due	due	N	O	_	_
classi	classe	SP	O	_	_
e	e	C	O	_	_
il	il	RS	O	_	_
criterio	criterio	SS	O	_	_
di	di	E	O	_	_
divisione	divisione	SS	O	_	_
fu	essere	VI	O	_	_
molto	molto	B	O	_	_
semplice	semplice	AS	O	_	_
:	:	XPS	O	_	_
gli	il	RP	O	_	_
elettori	elettore	SP	O	_	_
del	di/det	ES	O	_	_
partito	partito	SS	O	_	_
popolare	popolare	AS	O	_	_
vennero	venire	VIY	O	_	_
bollati	bollare	VPP	O	_	_
d’	di	E	O	_	_
ignoranza	ignoranza	SS	O	_	_
,	comma	XPW	O	_	_
di	di	E	O	_	_
incoscienza	incoscienza	SS	O	_	_
,	comma	XPW	O	_	_
di	di	E	O	_	_
pecoraggine	pecoraggine	SS	O	_	_
,	comma	XPW	O	_	_
gli	il	RP	O	_	_
altri	altro	PP	O	_	_
rappresentano	rappresentare	VI	O	_	_
l’	il	RS	O	_	_
intellettualità	intellettualità	SN	O	_	_
,	comma	XPW	O	_	_
la	il	RS	O	_	_
libera	libero	AS	O	_	_
coscienza	coscienza	SS	O	_	_
,	comma	XPW	O	_	_
l’	il	RS	O	_	_
educazione	educazione	SS	O	_	_
politica	politico	AS	O	_	_
.	.	XPS	O	_	_

I	il	RP	O	_	_
voti	voto	SP	O	_	_
dei	di/det	EP	O	_	_
clericali	clericale	SP	O	_	_
furono	essere	VI	O	_	_
semplicemente	semplicemente	B	O	_	_
timbrati	timbrati	AP	O	_	_
,	comma	XPW	O	_	_
imposti	imporre	VPP	O	_	_
si	rifl	PN	O	_	_
vuol	volere	VI	O	_	_
dire	dire	VF	O	_	_
,	comma	XPW	O	_	_
gli	il	RP	O	_	_
altri	altro	PP	O	_	_
furono	essere	VI	O	_	_
libera	libero	AS	O	_	_
espressione	espressione	SS	O	_	_
di	di	E	O	_	_
un’	uno	RS	O	_	_
idea	idea	SS	O	_	_
.	.	XPS	O	_	_

E	e	C	O	_	_
specialmente	specialmente	B	O	_	_
agli	a/det	EP	O	_	_
elettori	elettore	SP	O	_	_
delle	di/det	EP	O	_	_
vallate	vallata	SP	O	_	_
la	il	RS	O	_	_
stampa	stampa	SS	O	_	_
anticlericale	anticlericale	AS	O	_	_
lanciò	lanciare	VI	O	_	_
l’	il	RS	O	_	_
accusa	accusa	SS	O	_	_
«	«	XPO	O	_	_
montanari	montanaro	AP	O	_	_
incoscienti	incosciente	SP	O	_	_
e	e	C	O	_	_
tenebrosi	tenebrosi	VG+E	O	_	_
»	»	XPO	O	_	_
.	.	XPS	O	_	_

Nella	in/det	ES	O	_	_
foga	foga	SS	O	_	_
la	il	RS	O	_	_
stampa	stampa	SS	O	_	_
anticlericale	anticlericale	AS	O	_	_
non	non	B	O	_	_
ha	avere	VIY	O	_	_
forse	forse	B	O	_	_
pensato	pensare	VSP	O	_	_
che	che	CCHE	O	_	_
con	con	E	O	_	_
ciò	ciò`	PS	O	_	_
negava	negare	VI	O	_	_
i	il	RP	O	_	_
caratteri	carattere	SP	O	_	_
di	di	E	O	_	_
liberi	libero	SP	O	_	_
,	comma	XPW	O	_	_
coscienti	cosciente	AP	O	_	_
cittadini	cittadino	SP	O	_	_
all’	a/det	ES	O	_	_
enorme	enorme	AS	O	_	_
maggioranza	maggioranza	SS	O	_	_
degli	di/det	EP	O	_	_
abitanti	abitante	SP	O	_	_
del	di/det	ES	O	_	_
Trentino	trentino	SPN	GPE	46.102869	11.12961993
e	e	C	O	_	_
che	che	CCHE	O	_	_
veniva	venire	VI	O	_	_
a	a	E	O	_	_
disonorare	disonorare	VF	O	_	_
,	comma	XPW	O	_	_
a	a	E	O	_	_
denigrare	denigrare	VF	O	_	_
il	il	RS	O	_	_
Trentino	trentino	SPN	GPE	46.102869	11.12961993
nella	in/det	ES	O	_	_
maggioranza	maggioranza	SS	O	_	_
dei	di/det	EP	O	_	_
suoi	suo	DP	O	_	_
figli	figlio	SP	O	_	_
.	.	XPS	O	_	_

O	o	C	O	_	_
forse	forse	B	O	_	_
che	che	CCHE	O	_	_
il	il	RS	O	_	_
Trentino	trentino	SPN	GPE	46.102869	11.12961993
sta	stare	VI	O	_	_
nel	in/det	ES	O	_	_
campo	campo	SS	O	_	_
dei	di/det	EP	O	_	_
6000	6000	N	O	_	_
liberali	liberale	SP	O	_	_
o	o	C	O	_	_
in	in	E	O	_	_
quello	quello	PS	O	_	_
dei	di/det	EP	O	_	_
6000	6000	N	O	_	_
socialisti	socialista	SP	O	_	_
?	?	XPS	O	_	_

Stiamo	stare	VI	O	_	_
a	a	E	O	_	_
vedere	vedere	VF	O	_	_
.	.	XPS	O	_	_

I	il	RP	O	_	_
40.000	40.000	N	O	_	_
sono	essere	VI	O	_	_
la	il	RS	O	_	_
maggioranza	maggioranza	SS	O	_	_
ed	ed	C	O	_	_
hanno	avere	VI	O	_	_
la	il	RS	O	_	_
coscienza	coscienza	SS	O	_	_
di	di	E	O	_	_
esserlo	esserlo	YF	O	_	_
"!"	esclamation_mark	XPS	O	_	_

Lo	lo	PS	O	_	_
sappiamo	sapere	VI	O	_	_
,	comma	XPW	O	_	_
vi	vi	B	O	_	_
pesa	pesare	VI	O	_	_
,	comma	XPW	O	_	_
vi	vi	B	O	_	_
pare	parere	VI	O	_	_
un	uno	RS	O	_	_
sogno	sogno	SS	O	_	_
orribile	orribile	AS	O	_	_
,	comma	XPW	O	_	_
inaudita	inaudito	AS	O	_	_
voi	voi	PS	O	_	_
dite	dire	VI	O	_	_
questa	questo	DS	O	_	_
realtà	realtà	SN	O	_	_
.	.	XPS	O	_	_

.	.	XPS	O	_	_

.	.	XPS	O	_	_

Eravate	essere	VI	O	_	_
tanto	tanto	B	O	_	_
avvezzi	avvezzi	SP	O	_	_
a	a	E	O	_	_
dire	dire	VF	O	_	_
:	:	XPS	O	_	_
«	«	XPO	O	_	_
il	il	RS	O	_	_
Trentino	trentino	SPN	GPE	46.102869	11.12961993
siamo	essere	VI	O	_	_
noi	noi	PP	O	_	_
"!"	esclamation_mark	XPS	O	_	_

»	»	XPO	O	_	_
.	.	XPS	O	_	_

E	e	C	O	_	_
quando	quando	CADV	O	_	_
agli	a/det	EP	O	_	_
avversari	avversario	SP	O	_	_
volevate	volevate	VPP	O	_	_
chiudere	chiudere	VF	O	_	_
la	il	RS	O	_	_
bocca	bocca	SS	O	_	_
opponevate	opponevate	VPP	O	_	_
:	:	XPS	O	_	_
facciamo	fare	VI	O	_	_
appello	appello	SS	O	_	_
al	a/det	ES	O	_	_
paese	paese	SS	O	_	_
,	comma	XPW	O	_	_
e	e	C	O	_	_
il	il	RS	O	_	_
paese	paese	SS	O	_	_
eravate	essere	VI	O	_	_
naturalmente	naturalmente	B	O	_	_
voi	voi	PS	O	_	_
,	comma	XPW	O	_	_
oppure	oppure	C	O	_	_
:	:	XPS	O	_	_
questa	questo	PS	O	_	_
è	essere	VI	O	_	_
la	il	RS	O	_	_
voce	voce	SS	O	_	_
della	di/det	ES	O	_	_
patria	patria	SS	O	_	_
,	comma	XPW	O	_	_
e	e	C	O	_	_
la	il	RS	O	_	_
patria	patria	SS	O	_	_
eravate	essere	VI	O	_	_
sempre	sempre	B	O	_	_
voi	voi	PS	O	_	_
.	.	XPS	O	_	_

Il	il	RS	O	_	_
suffragio	suffragio	SS	O	_	_
universale	universale	AS	O	_	_
ha	avere	VIY	O	_	_
distrutto	distruggere	VSP	O	_	_
ai	a/det	EP	O	_	_
14	14	N	O	_	_
il	il	RS	O	_	_
vostro	vostro	DS	O	_	_
monopolio	monopolio	SS	O	_	_
,	comma	XPW	O	_	_
il	il	RS	O	_	_
verdetto	verdetto	SS	O	_	_
popolare	popolare	AS	O	_	_
si	rifl	PN	O	_	_
è	essere	VIY	O	_	_
pronunciato	pronunciare	VSP	O	_	_
contro	contro	E	O	_	_
quel	quello	DS	O	_	_
paese	paese	SS	O	_	_
che	che	CCHE	O	_	_
voi	voi	PS	O	_	_
avevate	avere	VIY	O	_	_
identificato	identificare	VSP	O	_	_
col	con/det	ES	O	_	_
partito	partito	SS	O	_	_
e	e	C	O	_	_
cogli	cogli	VF+E	O	_	_
uomini	uomo	SP	O	_	_
vostri	vostro	AP	O	_	_
,	comma	XPW	O	_	_
ma	ma	C	O	_	_
col	con/det	ES	O	_	_
crollo	crollo	SS	O	_	_
del	di/det	ES	O	_	_
vostro	vostro	DS	O	_	_
partito	partito	SS	O	_	_
non	non	B	O	_	_
è	essere	VIY	O	_	_
crollata	crollare	VSP	O	_	_
la	il	RS	O	_	_
patria	patria	SS	O	_	_
,	comma	XPW	O	_	_
non	non	B	O	_	_
è	essere	VI	O	_	_
morto	morto	AS	O	_	_
lo	il	RS	O	_	_
spirito	spirito	SS	O	_	_
nazionale	nazionale	AS	O	_	_
,	comma	XPW	O	_	_
che	che	CCHE	O	_	_
vive	vivere	VI	O	_	_
di	di	E	O	_	_
vita	vita	SS	O	_	_
sua	suo	DS	O	_	_
e	e	C	O	_	_
non	non	B	O	_	_
della	di/det	ES	O	_	_
vostra	vostro	AS	O	_	_
.	.	XPS	O	_	_

La	il	RS	O	_	_
patria	patria	SS	O	_	_
è	essere	VI	O	_	_
là	là	B	O	_	_
grande	grande	AS	O	_	_
ancora	ancora	B	O	_	_
,	comma	XPW	O	_	_
grande	grande	AS	O	_	_
nella	in/det	ES	O	_	_
nostra	nostro	DS	O	_	_
coscienza	coscienza	SS	O	_	_
,	comma	XPW	O	_	_
grande	grande	AS	O	_	_
,	comma	XPW	O	_	_
benché	benché	C	O	_	_
combattuta	combattere	VSP	O	_	_
,	comma	XPW	O	_	_
oppressa	oppresso	AS	O	_	_
talvolta	talvolta	B	O	_	_
,	comma	XPW	O	_	_
e	e	C	O	_	_
il	il	RS	O	_	_
Trentino	trentino	SPN	GPE	46.102869	11.12961993
non	non	B	O	_	_
è	essere	VIY	O	_	_
crollato	crollare	VSP	O	_	_
.	.	XPS	O	_	_

No	no	B	O	_	_
,	comma	XPW	O	_	_
esso	esso	PS	O	_	_
è	essere	VIY	O	_	_
risorto	risorgere	VSP	O	_	_
a	a	E	O	_	_
vita	vita	SS	O	_	_
migliore	migliore	AS	O	_	_
,	comma	XPW	O	_	_
è	essere	VIY	O	_	_
fuggito	fuggire	VSP	O	_	_
dai	da/det	EP	O	_	_
vostri	vostro	DP	O	_	_
caffè	caffè	SP	O	_	_
,	comma	XPW	O	_	_
a	a	E	O	_	_
vita	vita	SS	O	_	_
più	più	B	O	_	_
ampia	ampio	AS	O	_	_
e	e	C	O	_	_
più	più	B	O	_	_
libera	libero	AS	O	_	_
ed	ed	C	O	_	_
ha	avere	VIY	O	_	_
rianimato	rianimare	VSP	O	_	_
le	il	RP	O	_	_
valli	vallo	SP	O	_	_
più	più	B	O	_	_
remote	remoto	AP	O	_	_
:	:	XPS	O	_	_
«	«	XPO	O	_	_
Trentino	trentino	SPN	GPE	46.102869	11.12961993
»	»	XPO	O	_	_
noi	noi	PP	O	_	_
abbiamo	avere	VIY	O	_	_
scritto	scrivere	VSP	O	_	_
sui	su/det	EP	O	_	_
nostri	nostro	DP	O	_	_
proclami	proclama	SP	O	_	_
dall’	da/det	ES	O	_	_
uno	uno	PS	O	_	_
all’	a/det	ES	O	_	_
altro	altro	DS	O	_	_
confine	confine	SS	O	_	_
di	di	E	O	_	_
nostra	nostro	DS	O	_	_
tetra	tetra	SS	O	_	_
e	e	C	O	_	_
il	il	RS	O	_	_
«	«	XPO	O	_	_
Trentino	trentino	SPN	GPE	46.102869	11.12961993
»	»	XPO	O	_	_
è	essere	VI	O	_	_
scritto	scrivere	VSP	O	_	_
sulla	su/det	ES	O	_	_
nostra	nostro	DS	O	_	_
bandiera	bandiera	SS	O	_	_
vittoriosa	vittorioso	AS	O	_	_
.	.	XPS	O	_	_

Voi	voi	PS	O	_	_
non	non	B	O	_	_
volete	volere	VI	O	_	_
concederci	concedere/pro/loc	VF+E	O	_	_
il	il	RS	O	_	_
titolo	titolo	SS	O	_	_
di	di	E	O	_	_
italiani	italiano	SP	O	_	_
,	comma	XPW	O	_	_
voi	voi	PS	O	_	_
ci	ci	PP	O	_	_
negate	negare	VI	O	_	_
la	il	RS	O	_	_
piena	pieno	AS	O	_	_
cittadinanza	cittadinanza	SS	O	_	_
trentina	trentino	AS	O	_	_
,	comma	XPW	O	_	_
e	e	C	O	_	_
sia	essere	VI	O	_	_
pure	pure	B	O	_	_
"!"	esclamation_mark	XPS	O	_	_

Chiudete	chiudere	VI	O	_	_
gli	il	RP	O	_	_
occhi	occhio	SP	O	_	_
alla	a/det	ES	O	_	_
verità	verità	SN	O	_	_
e	e	C	O	_	_
tirate	tirare	VPP	O	_	_
innanzi	innanzi	E	O	_	_
per	per	E	O	_	_
la	il	RS	O	_	_
vostra	vostro	AS	O	_	_
via	via	SS	O	_	_
.	.	XPS	O	_	_

D’	di	E	O	_	_
una	uno	RS	O	_	_
cosa	cosa	SS	O	_	_
sola	solo	AS	O	_	_
vi	vi	B	O	_	_
avvertiamo	avvertire	VI	O	_	_
però	però	C	O	_	_
,	comma	XPW	O	_	_
che	che	CCHE	O	_	_
la	il	RS	O	_	_
vostra	vostra	SS	O	_	_
posa	posa	AS	O	_	_
di	di	E	O	_	_
monopolizzatori	monopolizzatore	SP	O	_	_
oltre	oltre	B	O	_	_
che	che	CCHE	O	_	_
ridicola	ridicola	VI	O	_	_
diventa	diventare	VI	O	_	_
anche	anche	C	O	_	_
pericolosa	pericoloso	AS	O	_	_
alla	a/det	ES	O	_	_
patria	patria	SS	O	_	_
che	che	CCHE	O	_	_
dite	dire	VI	O	_	_
d’	di	E	O	_	_
amare	amare	VF	O	_	_
.	.	XPS	O	_	_

Negate	negare	VPP	O	_	_
il	il	RS	O	_	_
patriottismo	patriottismo	SS	O	_	_
,	comma	XPW	O	_	_
lo	il	RS	O	_	_
spirito	spirito	SS	O	_	_
nazionale	nazionale	AS	O	_	_
ai	a/det	EP	O	_	_
clericali	clericale	SP	O	_	_
,	comma	XPW	O	_	_
e	e	C	O	_	_
voi	voi	PS	O	_	_
lo	lo	PS	O	_	_
negherete	negare	VI	O	_	_
al	a/det	ES	O	_	_
70	70	N	O	_	_
%	%	XPO	O	_	_
dei	di/det	EP	O	_	_
cittadini	cittadino	SP	O	_	_
elettori	elettore	SP	O	_	_
del	di/det	ES	O	_	_
Trentino	trentino	SPN	GPE	46.102869	11.12961993
e	e	C	O	_	_
voi	voi	PS	O	_	_
ammetterete	ammettere	VI	O	_	_
che	che	CCHE	O	_	_
il	il	RS	O	_	_
«	«	XPO	O	_	_
Trentino	trentino	SPN	GPE	46.102869	11.12961993
non	non	B	O	_	_
esiste	esistere	VI	O	_	_
»	»	XPO	O	_	_
.	.	XPS	O	_	_

E	e	C	O	_	_
questa	questo	PS	O	_	_
se	se	C	O	_	_
non	non	B	O	_	_
erriamo	errare	VI	O	_	_
,	comma	XPW	O	_	_
è	essere	VI	O	_	_
la	il	RS	O	_	_
tesi	tesi	SN	O	_	_
del	di/det	ES	O	_	_
Volksbund	volksbund	SPN	O	_	_
.	.	XPS	O	_	_

Sappiamo	sapere	VI	O	_	_
che	che	CCHE	O	_	_
un	uno	RS	O	_	_
tempo	tempo	SS	O	_	_
,	comma	XPW	O	_	_
la	il	RS	O	_	_
tattica	tattica	SS	O	_	_
vostra	vostro	AS	O	_	_
di	di	E	O	_	_
monopolizzatori	monopolizzatore	SP	O	_	_
e	e	C	O	_	_
distributori	distributore	SP	O	_	_
di	di	E	O	_	_
patenti	patente	SP	O	_	_
ingannava	ingannare	VI	O	_	_
qualche	qualche	DS	O	_	_
uomo	uomo	SS	O	_	_
di	di	E	O	_	_
buona	buono	AS	O	_	_
volontà	volontà	SN	O	_	_
;	semicolon	XPS	O	_	_

ora	ora	B	O	_	_
la	il	RS	O	_	_
verità	verità	SN	O	_	_
è	essere	VI	O	_	_
in	in	E	O	_	_
marcia	marcia	SS	O	_	_
,	comma	XPW	O	_	_
ha	avere	VIY	O	_	_
già	già	B	O	_	_
fatto	fare	VSP	O	_	_
gran	grande	AS	O	_	_
strada	strada	SS	O	_	_
.	.	XPS	O	_	_

Lo	il	RS	O	_	_
sviluppo	sviluppo	SS	O	_	_
dei	di/det	EP	O	_	_
partiti	partito	SP	O	_	_
ha	avere	VIY	O	_	_
dimostrato	dimostrare	VSP	O	_	_
che	che	CCHE	O	_	_
voi	voi	PP	O	_	_
siete	essere	VI	O	_	_
anzitutto	anzitutto	B	O	_	_
liberali	liberale	AP	O	_	_
e	e	C	O	_	_
anticlericali	anticlericale	AP	O	_	_
,	comma	XPW	O	_	_
la	il	RS	O	_	_
crisi	crisi	SN	O	_	_
delle	di/det	EP	O	_	_
coscienze	coscienza	SP	O	_	_
si	rifl	PN	O	_	_
è	essere	VIY	O	_	_
evoluta	evolvere	VSP	O	_	_
in	in	E	O	_	_
aperto	aperto	SS	O	_	_
,	comma	XPW	O	_	_
profondo	profondo	AS	O	_	_
dissidio	dissidio	SS	O	_	_
;	semicolon	XPS	O	_	_

anche	anche	C	O	_	_
nelle	in/det	EP	O	_	_
nostre	nostro	DP	O	_	_
città	città	SN	O	_	_
come	come	CADV	O	_	_
altrove	altrove	B	O	_	_
l’	il	RS	O	_	_
idea	idea	SS	O	_	_
laica	laico	AS	O	_	_
contro	contro	E	O	_	_
la	il	RS	O	_	_
Chiesa	chiesa	SS	O	_	_
cattolica	cattolico	AS	O	_	_
s’	s’	PN	O	_	_
è	essere	VIY	O	_	_
affermata	affermare	VSP	O	_	_
,	comma	XPW	O	_	_
e	e	C	O	_	_
nonostante	nonostante	E	O	_	_
gli	il	RP	O	_	_
sforzi	sforzo	SP	O	_	_
degli	di/det	EP	O	_	_
eterni	eterno	AP	O	_	_
conciliatori	conciliatore	SP	O	_	_
delle	di/det	EP	O	_	_
forme	forma	SP	O	_	_
,	comma	XPW	O	_	_
la	il	RS	O	_	_
divisione	divisione	SS	O	_	_
sostanziale	sostanziale	AS	O	_	_
è	essere	VIY	O	_	_
avvenuta	avvenire	VSP	O	_	_
e	e	C	O	_	_
si	rifl	PN	O	_	_
è	essere	VIY	O	_	_
anche	anche	C	O	_	_
manifestata	manifestare	VSP	O	_	_
nella	in/det	ES	O	_	_
vita	vita	SS	O	_	_
pubblica	pubblico	AS	O	_	_
.	.	XPS	O	_	_

Furono	essere	VI	O	_	_
sfoghi	sfogo	SP	O	_	_
anticlericali	anticlericale	AP	O	_	_
isolati	isolare	VPP	O	_	_
prima	prima	B	O	_	_
,	comma	XPW	O	_	_
mosse	muovere	VI	O	_	_
fuori	fuori	B	O	_	_
di	di	E	O	_	_
linea	linea	SS	O	_	_
dei	di/det	EP	O	_	_
più	più	B	O	_	_
giovani	giovane	AP	O	_	_
,	comma	XPW	O	_	_
dei	di/det	EP	O	_	_
meno	meno	B	O	_	_
prudenti	prudente	AP	O	_	_
,	comma	XPW	O	_	_
ma	ma	C	O	_	_
il	il	RS	O	_	_
libero	libero	AS	O	_	_
pensiero	pensiero	SS	O	_	_
e	e	C	O	_	_
l’	il	RS	O	_	_
opposizione	opposizione	SS	O	_	_
alla	a/det	ES	O	_	_
«	«	XPO	O	_	_
schiavitù	schiavitù	SS	O	_	_
del	di/det	ES	O	_	_
dogma	dogma	SS	O	_	_
»	»	XPO	O	_	_
ebbero	avere	VI	O	_	_
le	il	RP	O	_	_
loro	loro	DP	O	_	_
affermazioni	affermazione	SP	O	_	_
solenni	solenne	AP	O	_	_
.	.	XPS	O	_	_

I	il	RP	O	_	_
più	più	B	O	_	_
vecchi	vecchio	AP	O	_	_
e	e	C	O	_	_
i	il	RP	O	_	_
più	più	B	O	_	_
furbi	furbi	AS	O	_	_
si	rifl	PN	O	_	_
sbracciarono	sbracciare	VI	O	_	_
talvolta	talvolta	B	O	_	_
a	a	E	O	_	_
rattoppare	rattoppare	VF	O	_	_
il	il	RS	O	_	_
bandierone	bandierone	SS	O	_	_
,	comma	XPW	O	_	_
a	a	E	O	_	_
rimettere	rimettere	VF	O	_	_
i	il	RP	O	_	_
ranghi	rango	SP	O	_	_
.	.	XPS	O	_	_

Il	il	RS	O	_	_
programma	programma	SS	O	_	_
secondo	secondo	E	O	_	_
loro	loro	PP	O	_	_
doveva	dovere	VI	O	_	_
essere	essere	VF	O	_	_
nazionale	nazionale	AS	O	_	_
anzitutto	anzitutto	B	O	_	_
,	comma	XPW	O	_	_
e	e	C	O	_	_
poi	poi	B	O	_	_
liberale	liberale	AS	O	_	_
:	:	XPS	O	_	_
due	due	N	O	_	_
parallele	parallela	SP	O	_	_
o	o	C	O	_	_
due	due	N	O	_	_
convergenti	convergenti	SP	O	_	_
alla	a/det	ES	O	_	_
più	più	B	O	_	_
.	.	XPS	O	_	_

Ma	ma	C	O	_	_
gli	il	RP	O	_	_
sforzi	sforzo	SP	O	_	_
furono	essere	VI	O	_	_
vani	vano	AP	O	_	_
.	.	XPS	O	_	_

Era	essere	VI	O	_	_
destino	destino	SS	O	_	_
che	che	CCHE	O	_	_
il	il	RS	O	_	_
mutamento	mutamento	SS	O	_	_
avvenuto	avvenire	VSP	O	_	_
nelle	in/det	EP	O	_	_
coscienze	coscienza	SP	O	_	_
private	privato	AP	O	_	_
dei	di/det	EP	O	_	_
cosiddetti	cosiddetti	SP	O	_	_
intellettuali	intellettuale	AP	O	_	_
si	rifl	PN	O	_	_
manifestasse	manifestare	VI	O	_	_
anche	anche	C	O	_	_
nella	in/det	ES	O	_	_
coscienza	coscienza	SS	O	_	_
del	di/det	ES	O	_	_
partito	partito	SS	O	_	_
:	:	XPS	O	_	_
e	e	C	O	_	_
la	il	RS	O	_	_
metamorfosi	metamorfosi	SN	O	_	_
avvenne	avvenire	VI	O	_	_
,	comma	XPW	O	_	_
si	rifl	PN	O	_	_
dimostrò	dimostrare	VI	O	_	_
,	comma	XPW	O	_	_
e	e	C	O	_	_
noi	noi	PP	O	_	_
ebbimo	ebbimo	AS	O	_	_
occasione	occasione	SS	O	_	_
di	di	E	O	_	_
notarla	notare/pro	VF+E	O	_	_
più	più	B	O	_	_
volte	volta	SP	O	_	_
.	.	XPS	O	_	_

Nell’	in/det	ES	O	_	_
ultima	ultimo	AS	O	_	_
campagna	campagna	SS	O	_	_
si	rifl	PN	O	_	_
tentò	tentare	VI	O	_	_
l’	il	RS	O	_	_
ultimo	ultimo	AS	O	_	_
trucco	trucco	SS	O	_	_
e	e	C	O	_	_
il	il	RS	O	_	_
partito	partito	SS	O	_	_
liberale	liberale	AS	O	_	_
accentuò	accentuare	VI	O	_	_
il	il	RS	O	_	_
suo	suo	DS	O	_	_
nazionalismo	nazionalismo	SS	O	_	_
,	comma	XPW	O	_	_
in	in	E	O	_	_
cui	cui	PN	O	_	_
solo	solo	B	O	_	_
volle	volle	SP	O	_	_
si	rifl	PN	O	_	_
vedesse	vedere	VI	O	_	_
la	il	RS	O	_	_
sua	suo	DS	O	_	_
ragion	ragion	SS	O	_	_
d’	di	E	O	_	_
essere	essere	VF	O	_	_
;	semicolon	XPS	O	_	_

per	per	E	O	_	_
il	il	RS	O	_	_
resto	resto	SS	O	_	_
in	in	E	O	_	_
nome	nome	SS	O	_	_
di	di	E	O	_	_
molti	molto	DP	O	_	_
miscredenti	miscredente	SP	O	_	_
ribelli	ribelle	AP	O	_	_
alle	a/det	EP	O	_	_
dottrine	dottrina	SP	O	_	_
e	e	C	O	_	_
alle	a/det	EP	O	_	_
pratiche	pratica	SP	O	_	_
della	di/det	ES	O	_	_
Chiesa	chiesa	SS	O	_	_
si	rifl	PN	O	_	_
parlò	parlare	VI	O	_	_
di	di	E	O	_	_
«	«	XPO	O	_	_
attaccamento	attaccamento	SS	O	_	_
alla	a/det	ES	O	_	_
religione	religione	SS	O	_	_
»	»	XPO	O	_	_
,	comma	XPW	O	_	_
di	di	E	O	_	_
«	«	XPO	O	_	_
vicari	vicario	SP	O	_	_
di	di	E	O	_	_
Cristo	cristo	SPN	PER	_	_
»	»	XPO	O	_	_
,	comma	XPW	O	_	_
e	e	C	O	_	_
questa	questo	DS	O	_	_
ipocrisia	ipocrisia	SS	O	_	_
,	comma	XPW	O	_	_
codesto	codesto	DS	O	_	_
camuffamento	camuffamento	SS	O	_	_
doveva	dovere	VI	O	_	_
essere	essere	VF	O	_	_
l’	il	RS	O	_	_
onta	onta	SS	O	_	_
più	più	B	O	_	_
grande	grande	AS	O	_	_
del	di/det	ES	O	_	_
partito	partito	SS	O	_	_
liberale	liberale	AS	O	_	_
.	.	XPS	O	_	_

Dopo	dopo	E	O	_	_
il	il	RS	O	_	_
14	14	N	O	_	_
però	però	C	O	_	_
il	il	RS	O	_	_
trucco	trucco	SS	O	_	_
diviene	divenire	VI	O	_	_
inutile	inutile	AS	O	_	_
e	e	C	O	_	_
con	con	E	O	_	_
la	il	RS	O	_	_
faccia	faccia	SS	O	_	_
tosta	tosto	AS	O	_	_
di	di	E	O	_	_
commedianti	commediante	SP	O	_	_
di	di	E	O	_	_
professione	professione	SS	O	_	_
,	comma	XPW	O	_	_
i	il	RP	O	_	_
liberali	liberale	SP	O	_	_
presero	prendere	VI	O	_	_
diversa	diverso	AS	O	_	_
via	via	B	O	_	_
.	.	XPS	O	_	_

Il	il	RS	O	_	_
nazionalismo	nazionalismo	SS	O	_	_
passò	passare	VI	O	_	_
in	in	E	O	_	_
seconda	secondo	AS	O	_	_
linea	linea	SS	O	_	_
,	comma	XPW	O	_	_
l’	il	RS	O	_	_
anticlericalismo	anticlericalismo	SS	O	_	_
,	comma	XPW	O	_	_
il	il	RS	O	_	_
liberalismo	liberalismo	SS	O	_	_
puro	puro	AS	O	_	_
si	rifl	PN	O	_	_
manifestò	manifestare	VI	O	_	_
anche	anche	C	O	_	_
ai	a/det	EP	O	_	_
ciechi	cieco	SP	O	_	_
come	come	CADV	O	_	_
la	il	RS	O	_	_
vera	vero	AS	O	_	_
ragion	ragion	SS	O	_	_
d’	di	E	O	_	_
essere	essere	VF	O	_	_
dei	di/det	EP	O	_	_
liberali	liberale	SP	O	_	_
.	.	XPS	O	_	_

I	il	RP	O	_	_
nemici	nemico	SP	O	_	_
erano	essere	VI	O	_	_
e	e	C	O	_	_
sono	essere	VI	O	_	_
i	il	RP	O	_	_
preti	prete	SP	O	_	_
,	comma	XPW	O	_	_
i	il	RP	O	_	_
clericali	clericale	SP	O	_	_
,	comma	XPW	O	_	_
il	il	RS	O	_	_
maggior	maggior	AS	O	_	_
pericolo	pericolo	SS	O	_	_
è	essere	VI	O	_	_
il	il	RS	O	_	_
clericalismo	clericalismo	SS	O	_	_
.	.	XPS	O	_	_

Ai	a/det	EP	O	_	_
23	23	N	O	_	_
conveniva	convenire	VI	O	_	_
correre	correre	VF	O	_	_
tutti	tutto	DP	O	_	_
e	e	C	O	_	_
dimostrare	dimostrare	VF	O	_	_
ai	a/det	EP	O	_	_
preti	prete	SP	O	_	_
tutto	tutto	DS	O	_	_
il	il	RS	O	_	_
vero	vero	AS	O	_	_
liberalismo	liberalismo	SS	O	_	_
che	che	CCHE	O	_	_
li	li	PP	O	_	_
animava	animare	VI	O	_	_
.	.	XPS	O	_	_

Se	se	C	O	_	_
ai	a/det	EP	O	_	_
14	14	N	O	_	_
molti	molto	DP	O	_	_
liberali	liberale	SP	O	_	_
pur	pur	C	O	_	_
di	di	E	O	_	_
fare	fare	VF	O	_	_
una	uno	RS	O	_	_
dimostrazione	dimostrazione	SS	O	_	_
anticlericale	anticlericale	AS	O	_	_
avevano	avere	VIY	O	_	_
votato	votare	VSP	O	_	_
per	per	E	O	_	_
il	il	RS	O	_	_
candidato	candidato	SS	O	_	_
socialista	socialista	AS	O	_	_
internazionale	internazionale	AS	O	_	_
,	comma	XPW	O	_	_
lasciando	lasciare	VG	O	_	_
cadere	cadere	VF	O	_	_
Antonio	antonio	SPN	PER	_	_
Tambosi	tambosi	SPN	PER	_	_
,	comma	XPW	O	_	_
presidente	presidente	SS	O	_	_
della	di/det	ES	O	_	_
Lega	lega	SS	O	_	_
Nazionale	nazionale	AS	O	_	_
,	comma	XPW	O	_	_
ai	a/det	EP	O	_	_
23	23	N	O	_	_
si	rifl	PN	O	_	_
doveva	dovere	VI	O	_	_
dimostrare	dimostrare	VF	O	_	_
ancora	ancora	B	O	_	_
di	di	E	O	_	_
più	più	B	O	_	_
l’	il	RS	O	_	_
odio	odio	SS	O	_	_
contro	contro	E	O	_	_
il	il	RS	O	_	_
prete	prete	SS	O	_	_
e	e	C	O	_	_
che	che	CCHE	O	_	_
Trento	trento	SPN	GPE	46.0664228	11.1257601
,	comma	XPW	O	_	_
malgrado	malgrado	E	O	_	_
le	il	RP	O	_	_
tenebre	tenebra	SP	O	_	_
delle	di/det	EP	O	_	_
vallate	vallata	SP	O	_	_
poteva	potere	VI	O	_	_
ridivenire	ridivenire	VF	O	_	_
,	comma	XPW	O	_	_
sia	sia	C	O	_	_
pure	pure	C	O	_	_
con	con	E	O	_	_
fiamma	fiamma	SS	O	_	_
rossa	rosso	AS	O	_	_
,	comma	XPW	O	_	_
un	uno	RS	O	_	_
faro	faro	SS	O	_	_
di	di	E	O	_	_
luce	luce	SS	O	_	_
.	.	XPS	O	_	_

Non	non	B	O	_	_
giovò	giovare	VI	O	_	_
ricordare	ricordare	VF	O	_	_
che	che	CCHE	O	_	_
il	il	RS	O	_	_
dr.	dottore	SS	O	_	_
Conci	conci	SPN	PER	_	_
aveva	avere	VI	O	_	_
combattuto	combattuto	AS	O	_	_
fino	fino	E	O	_	_
a	a	E	O	_	_
ieri	ieri	B	O	_	_
le	il	RP	O	_	_
campagne	campagna	SP	O	_	_
nazionali	nazionale	AP	O	_	_
;	semicolon	XPS	O	_	_

no	no	B	O	_	_
,	comma	XPW	O	_	_
conveniva	convenire	VI	O	_	_
dare	dare	VF	O	_	_
una	uno	RS	O	_	_
degna	degno	AS	O	_	_
risposta	risposta	SS	O	_	_
ai	a/det	EP	O	_	_
preti	prete	SP	O	_	_
.	.	XPS	O	_	_

Che	che	CCHE	O	_	_
importa	importare	VI	O	_	_
se	se	C	O	_	_
fra	fra	E	O	_	_
questi	questo	DP	O	_	_
preti	prete	SP	O	_	_
molti	molto	PP	O	_	_
difendono	difendere	VI	O	_	_
la	il	RS	O	_	_
patria	patria	SS	O	_	_
dall’	da/det	ES	O	_	_
ingordigia	ingordigia	SS	O	_	_
degli	di/det	EP	O	_	_
stranieri	straniero	SP	O	_	_
,	comma	XPW	O	_	_
se	se	C	O	_	_
molti	molto	PP	O	_	_
di	di	E	O	_	_
loro	loro	PP	O	_	_
sono	essere	VI	O	_	_
milites	milites	SP	O	_	_
confinarii	confinarii	AP	O	_	_
della	di/det	ES	O	_	_
nostra	nostro	DS	O	_	_
difesa	difesa	SS	O	_	_
nazionale	nazionale	AS	O	_	_
?	?	XPS	O	_	_

Nulla	nulla	PS	O	_	_
.	.	XPS	O	_	_

I	il	RP	O	_	_
nemici	nemico	SP	O	_	_
sono	essere	VI	O	_	_
i	il	RP	O	_	_
preti	prete	SP	O	_	_
e	e	C	O	_	_
bisogna	bisognare	VI	O	_	_
dar	dare	VF	O	_	_
loro	loro	PP	O	_	_
uno	uno	RS	O	_	_
schiaffo	schiaffo	SS	O	_	_
.	.	XPS	O	_	_

Fu	fu	SPN	O	_	_
accennato	accennare	VSP	O	_	_
che	che	CCHE	O	_	_
la	il	RS	O	_	_
risposta	risposta	SS	O	_	_
del	di/det	ES	O	_	_
dr.	dottore	SS	O	_	_
Conci	conci	SPN	PER	_	_
avrebbe	avere	VI	O	_	_
anche	anche	C	O	_	_
significato	significato	SS	O	_	_
un	uno	RS	O	_	_
programma	programma	SS	O	_	_
in	in	E	O	_	_
cui	cui	PN	O	_	_
ciò	ciò`	PS	O	_	_
era	essere	VI	O	_	_
espressamente	espressamente	B	O	_	_
detto	dire	VSP	O	_	_
.	.	XPS	O	_	_

Che	che	CCHE	O	_	_
importa	importare	VI	O	_	_
?	?	XPS	O	_	_

Conveniva	convenire	VI	O	_	_
dare	dare	VF	O	_	_
lo	il	RS	O	_	_
schiaffo	schiaffo	SS	O	_	_
ai	a/det	EP	O	_	_
preti	prete	SP	O	_	_
.	.	XPS	O	_	_

E	e	C	O	_	_
questo	questo	PS	O	_	_
schiaffo	schiaffo	SS	O	_	_
fu	essere	VIY	O	_	_
dato	dare	VSP	O	_	_
,	comma	XPW	O	_	_
non	non	B	O	_	_
ai	a/det	EP	O	_	_
preti	prete	SP	O	_	_
soltanto	soltanto	B	O	_	_
,	comma	XPW	O	_	_
ma	ma	C	O	_	_
a	a	E	O	_	_
tutto	tutto	DS	O	_	_
il	il	RS	O	_	_
popolo	popolo	SS	O	_	_
cristiano	cristiano	AS	O	_	_
trentino	trentino	AS	O	_	_
,	comma	XPW	O	_	_
al	a/det	ES	O	_	_
Trentino	trentino	SPN	GPE	46.102869	11.12961993
cattolico	cattolico	AS	O	_	_
e	e	C	O	_	_
credente	credente	AS	O	_	_
.	.	XPS	O	_	_

Bebel	bebel	SPN	O	_	_
ha	avere	VIY	O	_	_
detto	dire	VSP	O	_	_
:	:	XPS	O	_	_
Cristianesimo	cristianesimo	SPN	O	_	_
e	e	C	O	_	_
socialismo	socialismo	SS	O	_	_
stanno	stare	VI	O	_	_
bene	bene	B	O	_	_
fra	fra	E	O	_	_
loro	loro	PP	O	_	_
come	come	CADV	O	_	_
acqua	acqua	SS	O	_	_
e	e	C	O	_	_
fuoco	fuoco	SS	O	_	_
.	.	XPS	O	_	_

Ebbene	ebbene	C	O	_	_
,	comma	XPW	O	_	_
i	il	RP	O	_	_
liberali	liberale	SP	O	_	_
di	di	E	O	_	_
Trento	trento	SPN	GPE	46.0664228	11.1257601
sostennero	sostenere	VI	O	_	_
,	comma	XPW	O	_	_
appoggiarono	appoggiare	VI	O	_	_
,	comma	XPW	O	_	_
diedero	dare	VI	O	_	_
la	il	RS	O	_	_
vittoria	vittoria	SS	O	_	_
al	a/det	ES	O	_	_
socialismo	socialismo	SS	O	_	_
,	comma	XPW	O	_	_
con	con	E	O	_	_
estrema	estremo	AS	O	_	_
offesa	offesa	SS	O	_	_
a	a	E	O	_	_
quanti	quanto	QNP	O	_	_
lo	lo	PS	O	_	_
devono	dovere	VI	O	_	_
combattere	combattere	VF	O	_	_
in	in	E	O	_	_
nome	nome	SS	O	_	_
di	di	E	O	_	_
altissimi	altissimo	AP	O	_	_
principii	principii	SP	O	_	_
e	e	C	O	_	_
per	per	E	O	_	_
recare	recare	VF	O	_	_
quest’	questo	DS	O	_	_
offesa	offesa	SS	O	_	_
ai	a/det	EP	O	_	_
cattolici	cattolico	SP	O	_	_
si	rifl	PN	O	_	_
soffocarono	soffocare	VI	O	_	_
anche	anche	C	O	_	_
gli	il	RP	O	_	_
scrupoli	scrupolo	SP	O	_	_
nazionali	nazionale	AP	O	_	_
.	.	XPS	O	_	_

E	e	C	O	_	_
i	il	RP	O	_	_
liberali	liberale	SP	O	_	_
di	di	E	O	_	_
altri	altro	DP	O	_	_
luoghi	luogo	SP	O	_	_
batterono	battere	VI	O	_	_
le	il	RP	O	_	_
mani	mano	SP	O	_	_
.	.	XPS	O	_	_

Ebbene	ebbene	C	O	_	_
.	.	XPS	O	_	_

Il	il	RS	O	_	_
23	23	N	O	_	_
rimarrà	rimanere	VI	O	_	_
una	uno	RS	O	_	_
data	data	SS	O	_	_
memorabile	memorabile	AS	O	_	_
:	:	XPS	O	_	_
in	in	E	O	_	_
quel	quello	DS	O	_	_
giorno	giorno	SS	O	_	_
si	rifl	PN	O	_	_
è	essere	VIY	O	_	_
stabilito	stabilire	VSP	O	_	_
che	che	CCHE	O	_	_
anche	anche	C	O	_	_
a	a	E	O	_	_
Trento	trento	SPN	GPE	46.0664228	11.1257601
non	non	B	O	_	_
vi	vi	B	O	_	_
sono	essere	VI	O	_	_
che	che	CCHE	O	_	_
due	due	N	O	_	_
concezioni	concezione	SP	O	_	_
della	di/det	ES	O	_	_
vita	vita	SS	O	_	_
pubblica	pubblico	AS	O	_	_
nella	in/det	ES	O	_	_
coscienza	coscienza	SS	O	_	_
dei	di/det	EP	O	_	_
cittadini	cittadino	SP	O	_	_
:	:	XPS	O	_	_
la	il	RS	O	_	_
cristiana	cristiana	SS	O	_	_
e	e	C	O	_	_
la	il	RS	O	_	_
socialista	socialista	SS	O	_	_
,	comma	XPW	O	_	_
ossia	ossia	C	O	_	_
l’	il	RS	O	_	_
anticristiana	anticristiano	AS	O	_	_
.	.	XPS	O	_	_

In	in	E	O	_	_
quel	quello	DS	O	_	_
giorno	giorno	SS	O	_	_
è	essere	VIY	O	_	_
caduta	cadere	VSP	O	_	_
per	per	E	O	_	_
sempre	sempre	B	O	_	_
un’	uno	RS	O	_	_
altra	altro	DS	O	_	_
finzione	finzione	SS	O	_	_
:	:	XPS	O	_	_
che	che	CCHE	O	_	_
il	il	RS	O	_	_
partito	partito	SS	O	_	_
liberale	liberale	AS	O	_	_
avesse	avere	VI	O	_	_
la	il	RS	O	_	_
sua	suo	DS	O	_	_
ragion	ragion	SS	O	_	_
d’	di	E	O	_	_
essere	essere	VF	O	_	_
nella	in/det	ES	O	_	_
questione	questione	SS	O	_	_
nazionale	nazionale	AS	O	_	_
più	più	B	O	_	_
che	che	CCHE	O	_	_
nel	in/det	ES	O	_	_
liberalismo	liberalismo	SS	O	_	_
.	.	XPS	O	_	_

In	in	E	O	_	_
quel	quello	DS	O	_	_
giorno	giorno	SS	O	_	_
Trento	trento	SPN	GPE	46.0664228	11.1257601
non	non	B	O	_	_
fu	essere	VI	O	_	_
la	il	RS	O	_	_
capitale	capitale	SS	O	_	_
morale	morale	AS	O	_	_
del	di/det	ES	O	_	_
Trentino	trentino	SPN	GPE	46.102869	11.12961993
,	comma	XPW	O	_	_
fu	essere	VI	O	_	_
anzi	anzi	B	O	_	_
meno	meno	B	O	_	_
trentina	trentino	AS	O	_	_
che	che	CCHE	O	_	_
mai	mai	B	O	_	_
.	.	XPS	O	_	_

Ed	ed	C	O	_	_
ora	ora	B	O	_	_
l’	il	RS	O	_	_
Alto	alto	SPN	GPE	46.65596895	11.22964387
Adige	adige	SPN	GPE	46.65596895	11.22964387
fa	fare	VI	O	_	_
l’	il	RS	O	_	_
offeso	offeso	SS	O	_	_
perché	perché	C	O	_	_
trenta	trenta	N	O	_	_
elettori	elettore	SP	O	_	_
,	comma	XPW	O	_	_
colpiti	colpire	VPP	O	_	_
nella	in/det	ES	O	_	_
loro	loro	DP	O	_	_
sacra	sacro	AS	O	_	_
dignità	dignità	SN	O	_	_
di	di	E	O	_	_
uomini	uomo	SP	O	_	_
dagli	da/det	EP	O	_	_
insulti	insulto	SP	O	_	_
della	di/det	ES	O	_	_
stampa	stampa	SS	O	_	_
anticlericale	anticlericale	AS	O	_	_
che	che	CCHE	O	_	_
li	li	PP	O	_	_
chiamò	chiamare	VI	O	_	_
«	«	XPO	O	_	_
incoscienti	incosciente	AP	O	_	_
e	e	C	O	_	_
pecore	pecore	SS	O	_	_
matte	matte	VI	O	_	_
»	»	XPO	O	_	_
esprimono	esprimere	VI	O	_	_
il	il	RS	O	_	_
loro	loro	DP	O	_	_
risentimento	risentimento	SS	O	_	_
col	con/det	ES	O	_	_
dire	dire	VF	O	_	_
che	che	CCHE	O	_	_
avrebbero	avere	VI	O	_	_
voglia	voglia	SS	O	_	_
di	di	E	O	_	_
separarsi	separare/rifl	VF+E	O	_	_
da	da	E	O	_	_
Trento	trento	SPN	GPE	46.0664228	11.1257601
,	comma	XPW	O	_	_
se	se	C	O	_	_
non	non	B	O	_	_
vi	vi	B	O	_	_
fosse	essere	VI	O	_	_
il	il	RS	O	_	_
Vescovo	vescovo	SS	O	_	_
.	.	XPS	O	_	_

Eh	eh	I	O	_	_
"!"	esclamation_mark	XPS	O	_	_

Voi	voi	PS	O	_	_
avete	avere	VI	O	_	_
ben	ben	B	O	_	_
compiuto	compiere	VSP	O	_	_
altro	altro	PS	O	_	_
e	e	C	O	_	_
peggio	peggio	B	O	_	_
,	comma	XPW	O	_	_
messeri	messere	SP	O	_	_
"!"	esclamation_mark	XPS	O	_	_

Voi	voi	PS	O	_	_
vi	vi	B	O	_	_
siete	essere	VI	O	_	_
separati	separato	AP	O	_	_
di	di	E	O	_	_
fatto	fatto	SS	O	_	_
dalle	da/det	EP	O	_	_
vallate	vallata	SP	O	_	_
,	comma	XPW	O	_	_
le	il	RP	O	_	_
avete	avere	VIY	O	_	_
insultate	insultare	VPP	O	_	_
,	comma	XPW	O	_	_
avete	avere	VIY	O	_	_
voluto	volere	VSP	O	_	_
rotto	rompere	VSP	O	_	_
il	il	RS	O	_	_
sacro	sacro	AS	O	_	_
legame	legame	SS	O	_	_
per	per	E	O	_	_
cui	cui	PN	O	_	_
solo	solo	B	O	_	_
Trento	trento	SPN	O	_	_
può	potere	VI	O	_	_
essere	essere	VF	O	_	_
capitale	capitale	SS	O	_	_
.	.	XPS	O	_	_

Ma	ma	C	O	_	_
quietatevi	quietatevi	VI	O	_	_
,	comma	XPW	O	_	_
mimose	mimose	VI	O	_	_
pudiche	pudico	AP	O	_	_
"!"	esclamation_mark	XPS	O	_	_

Non	non	B	O	_	_
sarà	essere	VI	O	_	_
il	il	RS	O	_	_
partito	partito	SS	O	_	_
popolare	popolare	AS	O	_	_
quello	quello	PS	O	_	_
che	che	CCHE	O	_	_
tenterà	tentare	VI	O	_	_
di	di	E	O	_	_
isolare	isolare	VF	O	_	_
Trento	trento	SPN	GPE	46.0664228	11.1257601
.	.	XPS	O	_	_

Trento	trento	SPN	O	_	_
sarà	essere	VI	O	_	_
sempre	sempre	B	O	_	_
per	per	E	O	_	_
noi	noi	PP	O	_	_
il	il	RS	O	_	_
centro	centro	SS	O	_	_
del	di/det	ES	O	_	_
paese	paese	SS	O	_	_
.	.	XPS	O	_	_

Trento	trento	SPN	O	_	_
la	il	RS	O	_	_
capitale	capitale	SS	O	_	_
della	di/det	ES	O	_	_
diocesi	diocesi	SP	O	_	_
,	comma	XPW	O	_	_
Trento	trento	SPN	GPE	46.0664228	11.1257601
il	il	RS	O	_	_
nodo	nodo	SS	O	_	_
delle	di/det	EP	O	_	_
nostre	nostro	DP	O	_	_
forze	forza	SP	O	_	_
economiche	economico	AP	O	_	_
e	e	C	O	_	_
i	il	RP	O	_	_
nostri	nostro	DP	O	_	_
deputati	deputato	SP	O	_	_
vorranno	volere	VI	O	_	_
essere	essere	VF	O	_	_
i	il	RP	O	_	_
rappresentanti	rappresentante	SP	O	_	_
di	di	E	O	_	_
tutto	tutto	DS	O	_	_
il	il	RS	O	_	_
Trentino	trentino	SPN	GPE	46.102869	11.12961993
,	comma	XPW	O	_	_
promuovere	promuovere	VF	O	_	_
gli	il	RP	O	_	_
interessi	interesse	SP	O	_	_
nazionali	nazionale	AP	O	_	_
ed	ed	C	O	_	_
economici	economico	AP	O	_	_
di	di	E	O	_	_
tutto	tutto	DS	O	_	_
intiero	intiero	VI	O	_	_
il	il	RS	O	_	_
paese	paese	SS	O	_	_
.	.	XPS	O	_	_

Che	che	CCHE	O	_	_
importa	importare	VI	O	_	_
se	se	C	O	_	_
oggi	oggi	B	O	_	_
intorno	intorno	E	O	_	_
al	a/det	ES	O	_	_
sass	sass	SS	O	_	_
si	rifl	PN	O	_	_
disprezza	disprezzare	VI	O	_	_
,	comma	XPW	O	_	_
si	rifl	PN	O	_	_
respinge	respingere	VI	O	_	_
l’	il	RS	O	_	_
opera	opera	SS	O	_	_
nostra	nostro	AS	O	_	_
,	comma	XPW	O	_	_
ci	ci	PP	O	_	_
si	rifl	PN	O	_	_
chiama	chiamare	VI	O	_	_
il	il	RS	O	_	_
nemico	nemico	SS	O	_	_
più	più	B	O	_	_
pericoloso	pericoloso	AS	O	_	_
?	?	XPS	O	_	_

Guardiamo	guardare	VI	O	_	_
in	in	E	O	_	_
alto	alto	SS	O	_	_
ai	a/det	EP	O	_	_
monumenti	monumento	SP	O	_	_
di	di	E	O	_	_
nostra	nostro	DS	O	_	_
fede	fede	SS	O	_	_
e	e	C	O	_	_
di	di	E	O	_	_
nostra	nostro	DS	O	_	_
italianità	italianità	SN	O	_	_
:	:	XPS	O	_	_
la	il	RS	O	_	_
facile	facile	AS	O	_	_
folla	folla	SS	O	_	_
d’	di	E	O	_	_
oggi	oggi	B	O	_	_
che	che	CCHE	O	_	_
vi	voi	PP	O	_	_
si	rifl	PN	O	_	_
agita	agitare	VI	O	_	_
d’	di	E	O	_	_
attorno	attorno	B	O	_	_
rinsavirà	rinsavire	VI	O	_	_
domani	domani	B	O	_	_
e	e	C	O	_	_
comprenderà	comprendere	VI	O	_	_
che	che	CCHE	O	_	_
offendere	offendere	VF	O	_	_
i	il	RP	O	_	_
fratelli	fratello	SP	O	_	_
,	comma	XPW	O	_	_
staccarsi	staccare/rifl	VF+E	O	_	_
da	da	E	O	_	_
loro	loro	PP	O	_	_
è	essere	VI	O	_	_
opera	opera	SS	O	_	_
deleteria	deleterio	AS	O	_	_
alla	a/det	ES	O	_	_
patria	patria	SS	O	_	_
.	.	XPS	O	_	_

Lavoriamo	lavorare	VI	O	_	_
malgrado	malgrado	E	O	_	_
certi	certo	DP	O	_	_
trentini	trentino	SP	O	_	_
per	per	E	O	_	_
il	il	RS	O	_	_
Trentino	trentino	SPN	GPE	46.102869	11.12961993
uno	uno	PS	O	_	_
e	e	C	O	_	_
forte	forte	AS	O	_	_
,	comma	XPW	O	_	_
nazionalmente	nazionalmente	B	O	_	_
,	comma	XPW	O	_	_
moralmente	moralmente	B	O	_	_
progredito	progredire	VSP	O	_	_
.	.	XPS	O	_	_

L’	il	RS	O	_	_
opera	opera	SS	O	_	_
nostra	nostro	DS	O	_	_
finirà	finire	VI	O	_	_
col	con/det	ES	O	_	_
convertire	convertire	VF	O	_	_
i	il	RP	O	_	_
più	più	B	O	_	_
onesti	onesto	AP	O	_	_
tra	tra	E	O	_	_
i	il	RP	O	_	_
nostri	nostro	DP	O	_	_
avversari	avversario	SP	O	_	_
.	.	XPS	O	_	_

Lavoriamo	lavorare	VI	O	_	_
,	comma	XPW	O	_	_
ché	ché	YF	O	_	_
lo	lo	PS	O	_	_
straniero	straniero	VI	O	_	_
non	non	B	O	_	_
approfitti	approfitti	VPP	O	_	_
dell’	di/det	ES	O	_	_
interno	interno	SS	O	_	_
dissidio	dissidio	SS	O	_	_
.	.	XPS	O	_	_

E	e	C	O	_	_
oggi	oggi	B	O	_	_
,	comma	XPW	O	_	_
dopo	dopo	E	O	_	_
la	il	RS	O	_	_
grande	grande	AS	O	_	_
campagna	campagna	SS	O	_	_
,	comma	XPW	O	_	_
dopo	dopo	E	O	_	_
la	il	RS	O	_	_
grande	grande	AS	O	_	_
vittoria	vittoria	SS	O	_	_
,	comma	XPW	O	_	_
malgrado	malgrado	E	O	_	_
l’	il	RS	O	_	_
offesa	offesa	SS	O	_	_
di	di	E	O	_	_
Trento	trento	SPN	GPE	46.0664228	11.1257601
,	comma	XPW	O	_	_
alziamo	alzare	VI	O	_	_
la	il	RS	O	_	_
nostra	nostro	DS	O	_	_
bandiera	bandiera	SS	O	_	_
cattolica	cattolico	AS	O	_	_
ed	ed	C	O	_	_
italiana	italiano	AS	O	_	_
e	e	C	O	_	_
di	di	E	O	_	_
fronte	fronte	SS	O	_	_
ai	a/det	EP	O	_	_
nemici	nemico	SP	O	_	_
ed	ed	C	O	_	_
agli	a/det	EP	O	_	_
avversari	avversario	SP	O	_	_
interni	interno	AP	O	_	_
leviamo	levare	VI	O	_	_
tutti	tutto	PP	O	_	_
e	e	C	O	_	_
forte	forte	AS	O	_	_
la	il	RS	O	_	_
voce	voce	SS	O	_	_
:	:	XPS	O	_	_
Evviva	evviva	I	O	_	_
il	il	RS	O	_	_
Trentino	trentino	SPN	GPE	46.102869	11.12961993
.	.	XPS	O	_	_
