# total number of persons:0, total number of gpes:12
Il	il	RS	O	_	_
signor	signore	SS	O	_	_
Gamma	gamma	SPN	O	_	_
oppone	opporre	VI	O	_	_
alcune	alcuni	DP	O	_	_
osservazioni	osservazione	SP	O	_	_
al	a/det	ES	O	_	_
mio	mio	DS	O	_	_
articolo	articolo	SS	O	_	_
«	«	XPO	O	_	_
le	il	RP	O	_	_
cose	cosa	SP	O	_	_
a	a	E	O	_	_
posto	posto	SS	O	_	_
»	»	XPO	O	_	_
.	.	XPS	O	_	_

Ma	ma	C	O	_	_
esse	esse	PP	O	_	_
sono	essere	VI	O	_	_
in	in	E	O	_	_
fondo	fondo	SS	O	_	_
delle	di/det	EP	O	_	_
attenuazioni	attenuazione	SP	O	_	_
e	e	C	O	_	_
delle	di/det	EP	O	_	_
ammissioni	ammissione	SP	O	_	_
contro	contro	E	O	_	_
quanto	quanto	QNS	O	_	_
,	comma	XPW	O	_	_
scrivendo	scrivere	VG	O	_	_
la	il	RS	O	_	_
prima	primo	AS	O	_	_
volta	volta	SS	O	_	_
,	comma	XPW	O	_	_
affermava	affermare	VI	O	_	_
con	con	E	O	_	_
tanta	tanto	DS	O	_	_
sicurezza	sicurezza	SS	O	_	_
.	.	XPS	O	_	_

In	in	E	O	_	_
ogni	ogni	DS	O	_	_
caso	caso	SS	O	_	_
io	io	PS	O	_	_
non	non	B	O	_	_
ho	avere	VI	O	_	_
nulla	nulla	PS	O	_	_
da	da	E	O	_	_
ritirare	ritirare	VF	O	_	_
e	e	C	O	_	_
nemmanco	nemmanco	VI	O	_	_
una	uno	RS	O	_	_
parola	parola	SS	O	_	_
da	da	E	O	_	_
modificare	modificare	VF	O	_	_
.	.	XPS	O	_	_

La	il	RS	O	_	_
mia	mio	DS	O	_	_
proposta	proposta	SS	O	_	_
era	essere	VI	O	_	_
quella	quello	PS	O	_	_
conciliativa	conciliativo	AS	O	_	_
,	comma	XPW	O	_	_
offerta	offrire	VSP	O	_	_
invano	invano	B	O	_	_
ai	a/det	EP	O	_	_
delegati	delegato	SP	O	_	_
di	di	E	O	_	_
Cavalese	cavalese	SPN	GPE	46.2912	11.4604332
.	.	XPS	O	_	_

Il	il	RS	O	_	_
D.r	d.r	YA	O	_	_
Cappelletti	cappelletti	SPN	O	_	_
ha	avere	VIY	O	_	_
dichiarato	dichiarare	VSP	O	_	_
che	che	CCHE	O	_	_
s’	s’	PN	O	_	_
opporrebbe	opporre	VI	O	_	_
ad	ad	E	O	_	_
oltranza	oltranza	SS	O	_	_
alla	a/det	ES	O	_	_
costruzione	costruzione	SS	O	_	_
della	di/det	ES	O	_	_
sola	solo	AS	O	_	_
linea	linea	SS	O	_	_
di	di	E	O	_	_
Egna	egna	SPN	GPE	46.3169161	11.2725698
;	semicolon	XPS	O	_	_

e	e	C	O	_	_
quindi	quindi	C	O	_	_
non	non	B	O	_	_
è	essere	VI	O	_	_
affatto	affatto	B	O	_	_
in	in	E	O	_	_
contradizione	contradizione	SS	O	_	_
se	se	C	O	_	_
trova	trovare	VI	O	_	_
discutibile	discutibile	AS	O	_	_
la	il	RS	O	_	_
base	base	SS	O	_	_
proposta	proposta	SS	O	_	_
dal	da/det	ES	O	_	_
governo	governo	SS	O	_	_
Egna	egna	SPN	GPE	46.3169161	11.2725698
-	-	XPO	O	_	_
Predazzo	predazzo	SPN	GPE	46.3123698	11.6027345
e	e	C	O	_	_
Lavis	lavis	SPN	GPE	46.1397416	11.1102267
Cembra	cembra	SPN	O	_	_
.	.	XPS	O	_	_

Gamma	gamma	SPN	O	_	_
riduce	ridurre	VI	O	_	_
ora	ora	B	O	_	_
le	il	RP	O	_	_
«	«	XPO	O	_	_
trattative	trattativa	SP	O	_	_
segrete	segreto	AP	O	_	_
»	»	XPO	O	_	_
fra	fra	E	O	_	_
Giacomelli	giacomelli	SPN	O	_	_
e	e	C	O	_	_
Degasperi	degasperi	SPN	O	_	_
ad	ad	E	O	_	_
un	uno	RS	O	_	_
«	«	XPO	O	_	_
lavorio	lavorio	SS	O	_	_
tenuto	tenere	VSP	O	_	_
segreto	segreto	AS	O	_	_
,	comma	XPW	O	_	_
fino	fino	E	O	_	_
a	a	E	O	_	_
pochi	poco	DP	O	_	_
giorni	giorno	SP	O	_	_
or	or	B	O	_	_
sono	essere	VI	O	_	_
»	»	XPO	O	_	_
.	.	XPS	O	_	_

Ripeto	ripetere	VI	O	_	_
ch’	che	CCHE	O	_	_
io	io	PS	O	_	_
non	non	B	O	_	_
ho	avere	VIY	O	_	_
fatto	fare	VSP	O	_	_
segreti	segreto	SP	O	_	_
di	di	E	O	_	_
sorta	sorta	SS	O	_	_
e	e	C	O	_	_
che	che	CCHE	O	_	_
non	non	B	O	_	_
ho	avere	VI	O	_	_
nulla	nulla	PS	O	_	_
da	da	E	O	_	_
nascondere	nascondere	VF	O	_	_
:	:	XPS	O	_	_
tutte	tutto	DP	O	_	_
le	il	RP	O	_	_
lettere	lettera	SP	O	_	_
e	e	C	O	_	_
i	il	RP	O	_	_
telegrammi	telegramma	SP	O	_	_
ho	avere	VIY	O	_	_
diretto	dirigere	VSP	O	_	_
alla	a/det	ES	O	_	_
Comunità	comunità	SN	O	_	_
in	in	E	O	_	_
Cavalese	cavalese	SPN	O	_	_
,	comma	XPW	O	_	_
e	e	C	O	_	_
solo	solo	B	O	_	_
una	uno	RS	O	_	_
volta	volta	SS	O	_	_
telegrafai	telegrafare	VI	O	_	_
al	a/det	ES	O	_	_
presidente	presidente	SS	O	_	_
in	in	E	O	_	_
Predazzo	predazzo	SPN	GPE	46.3123698	11.6027345
,	comma	XPW	O	_	_
per	per	E	O	_	_
avvertirlo	avvertire/pro	VF+E	O	_	_
che	che	CCHE	O	_	_
venisse	venire	VI	O	_	_
a	a	E	O	_	_
Cavalese	cavalese	SPN	GPE	46.2912	11.4604332
per	per	E	O	_	_
prendere	prendere	VF	O	_	_
notizia	notizia	SS	O	_	_
di	di	E	O	_	_
un	uno	RS	O	_	_
importante	importante	AS	O	_	_
telegramma	telegramma	SS	O	_	_
spedito	spedire	VSP	O	_	_
alla	a/det	ES	O	_	_
Comunità	comunità	SN	O	_	_
.	.	XPS	O	_	_

Questo	questo	PS	O	_	_
secondo	secondo	E	O	_	_
era	essere	VI	O	_	_
precisamente	precisamente	B	O	_	_
il	il	RS	O	_	_
telegramma	telegramma	SS	O	_	_
sulla	su/det	ES	O	_	_
conferenza	conferenza	SS	O	_	_
col	con/det	ES	O	_	_
Ministro	ministro	SS	O	_	_
.	.	XPS	O	_	_

Di	di	E	O	_	_
ciò	ciò`	PS	O	_	_
potevano	potere	VI	O	_	_
avere	avere	VF	O	_	_
esatta	esatto	AS	O	_	_
conoscenza	conoscenza	SS	O	_	_
i	il	RP	O	_	_
membri	membro	SP	O	_	_
della	di/det	ES	O	_	_
Presidenza	presidenza	SPN	O	_	_
,	comma	XPW	O	_	_
del	di/det	ES	O	_	_
comitato	comitato	SS	O	_	_
tramviario	tramviario	AS	O	_	_
,	comma	XPW	O	_	_
del	di/det	ES	O	_	_
consesso	consesso	SS	O	_	_
e	e	C	O	_	_
se	se	C	O	_	_
tuttavia	tuttavia	B	O	_	_
queste	questo	DP	O	_	_
notizie	notizia	SP	O	_	_
non	non	B	O	_	_
si	rifl	PN	O	_	_
poterono	potere	VI	O	_	_
raccontare	raccontare	VF	O	_	_
per	per	E	O	_	_
filo	filo	SS	O	_	_
e	e	C	O	_	_
per	per	E	O	_	_
segno	segno	SS	O	_	_
al	a/det	ES	O	_	_
caffè	caffè	SS	O	_	_
,	comma	XPW	O	_	_
io	io	PS	O	_	_
non	non	B	O	_	_
ci	ci	PP	O	_	_
ho	avere	VIY	O	_	_
colpa	colpa	SS	O	_	_
.	.	XPS	O	_	_

Delle	di/det	EP	O	_	_
relazioni	relazione	SP	O	_	_
fra	fra	E	O	_	_
caffè	caffè	SS	O	_	_
e	e	C	O	_	_
comunità	comunità	SN	O	_	_
non	non	B	O	_	_
sono	essere	VI	O	_	_
responsabile	responsabile	AS	O	_	_
.	.	XPS	O	_	_

Premesso	premettere	VSP	O	_	_
questo	questo	PS	O	_	_
,	comma	XPW	O	_	_
ripeto	ripetere	VI	O	_	_
per	per	E	O	_	_
l’	il	RS	O	_	_
ultima	ultimo	AS	O	_	_
volta	volta	SS	O	_	_
:	:	XPS	O	_	_
1.	1.	N	O	_	_
Parlai	parlai	SPN	O	_	_
e	e	C	O	_	_
scrissi	scrivere	VI	O	_	_
sempre	sempre	B	O	_	_
della	di/det	ES	O	_	_
contemporanea	contemporaneo	AS	O	_	_
costruzione	costruzione	SS	O	_	_
della	di/det	ES	O	_	_
linea	linea	SS	O	_	_
di	di	E	O	_	_
S.	s.	YA	O	_	_
Lugano	lugano	SPN	GPE	46.0050102	8.9520281
e	e	C	O	_	_
della	di/det	ES	O	_	_
Lavis	lavis	SPN	GPE	46.1397416	11.1102267
-	-	XPO	O	_	_
Cembra	cembra	SPN	O	_	_
e	e	C	O	_	_
non	non	B	O	_	_
della	di/det	ES	O	_	_
sola	solo	AS	O	_	_
Egna	egna	SPN	GPE	46.3169161	11.2725698
-	-	XPO	O	_	_
Predazzo	predazzo	SPN	GPE	46.3123698	11.6027345
.	.	XPS	O	_	_

2.	2.	N	O	_	_
Nell’	in/det	ES	O	_	_
opera	opera	SS	O	_	_
di	di	E	O	_	_
sollecitare	sollecitare	VF	O	_	_
dal	da/det	ES	O	_	_
governo	governo	SS	O	_	_
una	uno	RS	O	_	_
proposta	proposta	SS	O	_	_
concreta	concreto	AS	O	_	_
per	per	E	O	_	_
il	il	RS	O	_	_
prossimo	prossimo	AS	O	_	_
progetto	progetto	SS	O	_	_
delle	di/det	EP	O	_	_
ferrovie	ferrovia	SP	O	_	_
locali	locale	AP	O	_	_
,	comma	XPW	O	_	_
non	non	B	O	_	_
feci	fare	VI	O	_	_
che	che	CCHE	O	_	_
collaborare	collaborare	VF	O	_	_
con	con	E	O	_	_
deputati	deputato	SP	O	_	_
più	più	B	O	_	_
esperti	esperto	AP	O	_	_
di	di	E	O	_	_
me	io	PS	O	_	_
,	comma	XPW	O	_	_
cioè	cioe`	B	O	_	_
l’	il	RS	O	_	_
on	on	SN	O	_	_
.	.	XPS	O	_	_

Conci	conciare	VI	O	_	_
,	comma	XPW	O	_	_
il	il	RS	O	_	_
d.r	d.r	YA	O	_	_
Gentili	gentili	SPN	O	_	_
,	comma	XPW	O	_	_
Mons.	mons.	SPN	O	_	_
Delugan	delugan	SPN	O	_	_
;	semicolon	XPS	O	_	_

e	e	C	O	_	_
mi	io	PS	O	_	_
mossi	muovere	VI	O	_	_
sempre	sempre	B	O	_	_
sulla	su/det	ES	O	_	_
base	base	SS	O	_	_
proposta	proposta	SS	O	_	_
dalla	da/det	ES	O	_	_
deputazione	deputazione	SS	O	_	_
trentina	trentino	AS	O	_	_
alla	a/det	ES	O	_	_
dieta	dieta	SS	O	_	_
,	comma	XPW	O	_	_
liberale	liberale	AS	O	_	_
e	e	C	O	_	_
popolare	popolare	AS	O	_	_
.	.	XPS	O	_	_

Cercai	cercare	VI	O	_	_
sempre	sempre	B	O	_	_
un	uno	RS	O	_	_
possibile	possibile	AS	O	_	_
accordo	accordo	SS	O	_	_
con	con	E	O	_	_
Trento	trento	SPN	O	_	_
e	e	C	O	_	_
ne	ne	PN	O	_	_
favorii	favorire	VI	O	_	_
la	il	RS	O	_	_
cooperazione	cooperazione	SS	O	_	_
coi	con/det	EP	O	_	_
fiemmesi	fiemmesi	SP	O	_	_
;	semicolon	XPS	O	_	_

e	e	C	O	_	_
creda	credere	VI	O	_	_
il	il	RS	O	_	_
signor	signore	SS	O	_	_
Gamma	gamma	SPN	O	_	_
che	che	CCHE	O	_	_
in	in	E	O	_	_
argomento	argomento	SS	O	_	_
sono	essere	VI	O	_	_
abbastanza	abbastanza	B	O	_	_
informato	informare	VSP	O	_	_
.	.	XPS	O	_	_

3.	3.	N	O	_	_
La	il	RS	O	_	_
deputazione	deputazione	SS	O	_	_
popolare	popolare	AS	O	_	_
non	non	B	O	_	_
intende	intendere	VI	O	_	_
fare	fare	VF	O	_	_
il	il	RS	O	_	_
nuvolo	nuvolo	SS	O	_	_
o	o	C	O	_	_
il	il	RS	O	_	_
sereno	sereno	SS	O	_	_
in	in	E	O	_	_
Fiemme	fiemme	SPN	O	_	_
.	.	XPS	O	_	_

Tutt’	tutt’	SPN	O	_	_
altro	altro	PS	O	_	_
"!"	esclamation_mark	XPS	O	_	_

Essa	essa	PS	O	_	_
si	rifl	PN	O	_	_
rimette	rimettere	VI	O	_	_
anzi	anzi	B	O	_	_
ai	a/det	EP	O	_	_
fiemmazzi	fiemmazzi	SP	O	_	_
stessi	stesso	AP	O	_	_
,	comma	XPW	O	_	_
ai	a/det	EP	O	_	_
quali	quale	PP	O	_	_
sarà	essere	VIY	O	_	_
grata	grata	VSP	O	_	_
,	comma	XPW	O	_	_
se	se	C	O	_	_
,	comma	XPW	O	_	_
rinunziando	rinunziare	VG	O	_	_
per	per	E	O	_	_
ora	ora	B	O	_	_
alla	a/det	ES	O	_	_
ferrovia	ferrovia	SS	O	_	_
,	comma	XPW	O	_	_
la	la	PS	O	_	_
liberano	liberare	VI	O	_	_
da	da	E	O	_	_
una	uno	RS	O	_	_
costruzione	costruzione	SS	O	_	_
che	che	CCHE	O	_	_
inceppava	inceppare	VI	O	_	_
l’	il	RS	O	_	_
attività	attività	SN	O	_	_
dietale	dietale	AS	O	_	_
.	.	XPS	O	_	_

Il	il	RS	O	_	_
deputato	deputato	SS	O	_	_
della	di/det	ES	O	_	_
valle	valle	SS	O	_	_
a	a	E	O	_	_
sgravio	sgravio	SS	O	_	_
della	di/det	ES	O	_	_
sua	suo	DS	O	_	_
coscienza	coscienza	SS	O	_	_
e	e	C	O	_	_
degli	di/det	EP	O	_	_
impegni	impegno	SP	O	_	_
presi	prendere	VPP	O	_	_
dinanzi	dinanzi	B	O	_	_
agli	a/det	EP	O	_	_
elettori	elettore	SP	O	_	_
doveva	dovere	VI	O	_	_
però	però	C	O	_	_
avvertire	avvertire	VF	O	_	_
che	che	CCHE	O	_	_
la	il	RS	O	_	_
proposta	proposta	SS	O	_	_
del	di/det	ES	O	_	_
governo	governo	SS	O	_	_
rappresentava	rappresentare	VI	O	_	_
rispetto	rispetto	SS	O	_	_
al	a/det	ES	O	_	_
prossimo	prossimo	AS	O	_	_
progetto	progetto	SS	O	_	_
delle	di/det	EP	O	_	_
ferrovie	ferrovia	SP	O	_	_
locali	locale	AP	O	_	_
l’	il	RS	O	_	_
ultima	ultimo	AS	O	_	_
parola	parola	SS	O	_	_
e	e	C	O	_	_
che	che	CCHE	O	_	_
quindi	quindi	B	O	_	_
o	o	C	O	_	_
bisognava	bisognare	VI	O	_	_
trattare	trattare	VF	O	_	_
su	su	E	O	_	_
tale	tale	DS	O	_	_
base	base	SS	O	_	_
o	o	C	O	_	_
rinunziare	rinunziare	VF	O	_	_
frattanto	frattanto	C	O	_	_
alla	a/det	ES	O	_	_
soluzione	soluzione	SS	O	_	_
della	di/det	ES	O	_	_
questione	questione	SS	O	_	_
tramviaria	tramviaria	AS	O	_	_
.	.	XPS	O	_	_

Con	con	E	O	_	_
ciò	ciò`	PS	O	_	_
ciascuno	ciascuno	DS	O	_	_
si	rifl	PN	O	_	_
assume	assumere	VI	O	_	_
innanzi	innanzi	E	O	_	_
all’	a/det	ES	O	_	_
avvenire	avvenire	SS	O	_	_
la	il	RS	O	_	_
parte	parte	SS	O	_	_
di	di	E	O	_	_
responsabilità	responsabilità	SN	O	_	_
che	che	CCHE	O	_	_
gli	gli	PS	O	_	_
spetta	spettare	VI	O	_	_
.	.	XPS	O	_	_

E	e	C	O	_	_
se	se	C	O	_	_
il	il	RS	O	_	_
signor	signore	SS	O	_	_
Gamma	gamma	SPN	O	_	_
accenna	accennare	VI	O	_	_
con	con	E	O	_	_
ironia	ironia	SS	O	_	_
al	a/det	ES	O	_	_
mio	mio	DS	O	_	_
trionfo	trionfo	SS	O	_	_
di	di	E	O	_	_
Cavalese	cavalese	SPN	GPE	46.2912	11.4604332
,	comma	XPW	O	_	_
io	io	PS	O	_	_
gli	gli	PS	O	_	_
rispondo	rispondere	VI	O	_	_
che	che	CCHE	O	_	_
aspetti	aspettare	VI	O	_	_
tranquillamente	tranquillamente	B	O	_	_
in	in	E	O	_	_
3	3	N	O	_	_
,	comma	XPW	O	_	_
4	4	N	O	_	_
,	comma	XPW	O	_	_
5	5	N	O	_	_
,	comma	XPW	O	_	_
10	10	N	O	_	_
anni	anno	SP	O	_	_
il	il	RS	O	_	_
trionfo	trionfo	SS	O	_	_
di	di	E	O	_	_
coloro	colui	PP	O	_	_
che	che	CCHE	O	_	_
intendevano	intendere	VI	O	_	_
fare	fare	VF	O	_	_
un	uno	RS	O	_	_
grande	grande	AS	O	_	_
rifiuto	rifiuto	SS	O	_	_
.	.	XPS	O	_	_

Partigiano	partigiano	VI	O	_	_
dell’	di/det	ES	O	_	_
avisiana	avisiana	SS	O	_	_
come	come	CADV	O	_	_
soluzione	soluzione	SS	O	_	_
ideale	ideale	AS	O	_	_
,	comma	XPW	O	_	_
propugnatore	propugnatore	SS	O	_	_
delle	di/det	EP	O	_	_
due	due	N	O	_	_
linee	linea	SP	O	_	_
del	di/det	ES	O	_	_
compromesso	compromesso	SS	O	_	_
,	comma	XPW	O	_	_
impostoci	impostoci	VG+E	O	_	_
dalla	da/det	ES	O	_	_
realtà	realtà	SN	O	_	_
della	di/det	ES	O	_	_
vita	vita	SS	O	_	_
politica	politico	AS	O	_	_
,	comma	XPW	O	_	_
credo	credere	VI	O	_	_
che	che	CCHE	O	_	_
la	il	RS	O	_	_
tattica	tattica	SS	O	_	_
del	di/det	ES	O	_	_
«	«	XPO	O	_	_
tutto	tutto	PS	O	_	_
o	o	C	O	_	_
nulla	nulla	PS	O	_	_
»	»	XPO	O	_	_
è	essere	VI	O	_	_
fatale	fatale	AS	O	_	_
e	e	C	O	_	_
ci	ci	PP	O	_	_
conduce	condurre	VI	O	_	_
al	a/det	ES	O	_	_
disastro	disastro	SS	O	_	_
economico	economico	AS	O	_	_
e	e	C	O	_	_
nazionale	nazionale	AS	O	_	_
.	.	XPS	O	_	_

M’	m’	B	O	_	_
auguro	augurare	VI	O	_	_
d’	di	E	O	_	_
essere	essere	VF	O	_	_
cattivo	cattivo	AS	O	_	_
profeta	profeta	SS	O	_	_
;	semicolon	XPS	O	_	_

ma	ma	C	O	_	_
non	non	B	O	_	_
so	sapere	VI	O	_	_
cacciare	cacciare	VF	O	_	_
indietro	indietro	B	O	_	_
i	il	RP	O	_	_
più	più	B	O	_	_
tristi	tristo	AP	O	_	_
presentimenti	presentimento	SP	O	_	_
,	comma	XPW	O	_	_
i	il	RP	O	_	_
quali	quale	PP	O	_	_
pesano	pesare	VI	O	_	_
del	di/det	ES	O	_	_
resto	resto	SS	O	_	_
anche	anche	C	O	_	_
sull’	su/det	ES	O	_	_
animo	animo	SS	O	_	_
di	di	E	O	_	_
persone	persona	SP	O	_	_
invecchiate	invecchiare	VPP	O	_	_
nella	in/det	ES	O	_	_
questione	questione	SS	O	_	_
fiemmese	fiemmese	AS	O	_	_
,	comma	XPW	O	_	_
persone	persona	SP	O	_	_
che	che	CCHE	O	_	_
hanno	avere	VIY	O	_	_
dato	dare	VSP	O	_	_
ad	ad	E	O	_	_
essa	essa	PS	O	_	_
entusiasmo	entusiasmo	SS	O	_	_
ed	ed	C	O	_	_
opere	opera	SP	O	_	_
e	e	C	O	_	_
fatiche	fatica	SP	O	_	_
da	da	E	O	_	_
più	più	B	O	_	_
di	di	E	O	_	_
un	uno	RS	O	_	_
ventennio	ventennio	SS	O	_	_
.	.	XPS	O	_	_

Sarò	essere	VI	O	_	_
tuttavia	tuttavia	B	O	_	_
lieto	lieto	AS	O	_	_
se	se	C	O	_	_
per	per	E	O	_	_
opera	opera	SS	O	_	_
dei	di/det	EP	O	_	_
miei	mio	DP	O	_	_
avversari	avversario	SP	O	_	_
d’	di	E	O	_	_
oggi	oggi	B	O	_	_
il	il	RS	O	_	_
mio	mio	DS	O	_	_
pessimismo	pessimismo	SS	O	_	_
si	rifl	PN	O	_	_
mostrasse	mostrare	VIY	O	_	_
ingiustificato	ingiustificato	VSP	O	_	_
e	e	C	O	_	_
se	se	C	O	_	_
chi	chi	CCHI	O	_	_
si	rifl	PN	O	_	_
è	essere	VIY	O	_	_
assunta	assumere	VSP	O	_	_
la	il	RS	O	_	_
responsabilità	responsabilità	SN	O	_	_
di	di	E	O	_	_
distruggere	distruggere	VF	O	_	_
,	comma	XPW	O	_	_
domani	domani	B	O	_	_
sarà	essere	VI	O	_	_
capace	capace	AS	O	_	_
di	di	E	O	_	_
edificare	edificare	VF	O	_	_
.	.	XPS	O	_	_

Frattanto	frattanto	C	O	_	_
il	il	RS	O	_	_
consesso	consesso	SS	O	_	_
della	di/det	ES	O	_	_
Comunità	comunità	SN	O	_	_
complicando	complicare	VG	O	_	_
il	il	RS	O	_	_
problema	problema	SS	O	_	_
colla	con/det	ES	O	_	_
questione	questione	SS	O	_	_
della	di/det	ES	O	_	_
partecipazione	partecipazione	SS	O	_	_
del	di/det	ES	O	_	_
capitale	capitale	SS	O	_	_
lasciava	lasciare	VI	O	_	_
adito	adire	VSP	O	_	_
a	a	E	O	_	_
qualunque	qualunque	DS	O	_	_
altro	altro	DS	O	_	_
tentativo	tentativo	SS	O	_	_
di	di	E	O	_	_
soluzione	soluzione	SS	O	_	_
,	comma	XPW	O	_	_
poichè	poichè	B	O	_	_
il	il	RS	O	_	_
tempo	tempo	SS	O	_	_
,	comma	XPW	O	_	_
passato	passare	VSP	O	_	_
una	uno	RS	O	_	_
volta	volta	SS	O	_	_
il	il	RS	O	_	_
progetto	progetto	SS	O	_	_
delle	di/det	EP	O	_	_
ferrovie	ferrovia	SP	O	_	_
locali	locale	AP	O	_	_
,	comma	XPW	O	_	_
non	non	B	O	_	_
preme	premere	VI	O	_	_
.	.	XPS	O	_	_

Chi	chi	CCHI	O	_	_
più	più	B	O	_	_
che	che	CCHE	O	_	_
alla	a/det	ES	O	_	_
risposta	risposta	SS	O	_	_
negativa	negativo	AS	O	_	_
del	di/det	ES	O	_	_
Ministero	ministero	SPN	O	_	_
vuole	volere	VI	O	_	_
dar	dare	VF	O	_	_
valore	valore	SS	O	_	_
ad	ad	E	O	_	_
un	uno	RS	O	_	_
deliberato	deliberato	SS	O	_	_
formale	formale	AS	O	_	_
del	di/det	ES	O	_	_
consesso	consesso	SS	O	_	_
,	comma	XPW	O	_	_
ha	avere	VIY	O	_	_
tutto	tutto	DS	O	_	_
l’	il	RS	O	_	_
agio	agio	SS	O	_	_
di	di	E	O	_	_
provocarlo	provocare/pro	VF+E	O	_	_
.	.	XPS	O	_	_

A	a	E	O	_	_
cose	cosa	SP	O	_	_
finite	finito	AP	O	_	_
,	comma	XPW	O	_	_
quando	quando	CADV	O	_	_
non	non	B	O	_	_
si	rifl	PN	O	_	_
potrà	potere	VI	O	_	_
attribuire	attribuire	VF	O	_	_
alla	a/det	ES	O	_	_
mia	mio	DS	O	_	_
parola	parola	SS	O	_	_
nessun’	nessun’	AS	O	_	_
altra	altro	DS	O	_	_
intenzione	intenzione	SS	O	_	_
che	che	CCHE	O	_	_
quella	quello	PS	O	_	_
di	di	E	O	_	_
un	uno	RS	O	_	_
doveroso	doveroso	AS	O	_	_
rendiconto	rendiconto	SS	O	_	_
ai	a/det	EP	O	_	_
miei	mio	DP	O	_	_
elettori	elettore	SP	O	_	_
,	comma	XPW	O	_	_
uscirò	uscire	VI	O	_	_
dalla	da/det	ES	O	_	_
mia	mio	DS	O	_	_
posizione	posizione	SS	O	_	_
riservata	riservare	VSP	O	_	_
e	e	C	O	_	_
mi	io	PS	O	_	_
conforterà	confortare	VI	O	_	_
il	il	RS	O	_	_
ritrovarmi	ritrovare/io	VF+E	O	_	_
cogli	cogli	SP	O	_	_
avversari	avversario	AP	O	_	_
di	di	E	O	_	_
oggi	oggi	B	O	_	_
in	in	E	O	_	_
campo	campo	SS	O	_	_
aperto	aperto	AS	O	_	_
per	per	E	O	_	_
discutere	discutere	VF	O	_	_
,	comma	XPW	O	_	_
deliberare	deliberare	VF	O	_	_
e	e	C	O	_	_
forse	forse	B	O	_	_
–	–	XPO	O	_	_
chi	chi	CCHI	O	_	_
sa	sapere	VI	O	_	_
?	?	XPS	O	_	_

–	–	XPO	O	_	_
a	a	E	O	_	_
lavorare	lavorare	VF	O	_	_
insieme	insieme	E	O	_	_
.	.	XPS	O	_	_

a.d.	a.d.	YA	O	_	_
