# total number of persons:7, total number of gpes:3
Di	di	E	O	_	_
solito	solito	SS	O	_	_
i	il	RP	O	_	_
liberali	liberale	SP	O	_	_
non	non	B	O	_	_
limano	limare	VI	O	_	_
molto	molto	B	O	_	_
i	il	RP	O	_	_
pavimenti	pavimento	SP	O	_	_
delle	di/det	EP	O	_	_
chiese	chiesa	SP	O	_	_
.	.	XPS	O	_	_

La	il	RS	O	_	_
cosa	cosa	SS	O	_	_
però	però	C	O	_	_
cambia	cambiare	VI	O	_	_
aspetto	aspetto	SS	O	_	_
in	in	E	O	_	_
tempo	tempo	SS	O	_	_
elettorale	elettorale	AS	O	_	_
.	.	XPS	O	_	_

Allora	allora	C	O	_	_
aguzzano	aguzzare	VI	O	_	_
gli	il	RP	O	_	_
orecchi	orecchio	SP	O	_	_
sotto	sotto	E	O	_	_
i	il	RP	O	_	_
pulpiti	pulpite	SP	O	_	_
,	comma	XPW	O	_	_
per	per	E	O	_	_
pigliare	pigliare	VF	O	_	_
il	il	RS	O	_	_
prete	prete	SS	O	_	_
in	in	E	O	_	_
flagrante	flagrante	AS	O	_	_
delitto	delitto	SS	O	_	_
di	di	E	O	_	_
«	«	XPO	O	_	_
agitazione	agitazione	SS	O	_	_
politica	politico	AS	O	_	_
»	»	XPO	O	_	_
.	.	XPS	O	_	_

Di	di	E	O	_	_
solito	solito	SS	O	_	_
,	comma	XPW	O	_	_
non	non	B	O	_	_
ci	ci	B	O	_	_
tengono	tenere	VI	O	_	_
nemmeno	nemmeno	B	O	_	_
a	a	E	O	_	_
passare	passare	VF	O	_	_
ed	ed	C	O	_	_
essere	essere	VFY	O	_	_
riconosciuti	riconoscere	VPP	O	_	_
come	come	CADV	O	_	_
cristiani	cristiano	SP	O	_	_
cattolici	cattolico	AP	O	_	_
apostolici	apostolico	AP	O	_	_
romani	romano	SP	O	_	_
senza	senza	E	O	_	_
restrizioni	restrizione	SP	O	_	_
di	di	E	O	_	_
sorta	sorta	SS	O	_	_
,	comma	XPW	O	_	_
senza	senza	E	O	_	_
clausole	clausola	SP	O	_	_
,	comma	XPW	O	_	_
tutti	tutto	PP	O	_	_
di	di	E	O	_	_
un	uno	RS	O	_	_
pezzo	pezzo	SS	O	_	_
;	semicolon	XPS	O	_	_

in	in	E	O	_	_
tempo	tempo	SS	O	_	_
elettorale	elettorale	AS	O	_	_
però	però	C	O	_	_
guai	guai	SS	O	_	_
a	a	E	O	_	_
chi	chi	CCHI	O	_	_
non	non	B	O	_	_
mostra	mostrare	VI	O	_	_
di	di	E	O	_	_
tenerli	tenere/pro	VF+E	O	_	_
magari	magari	B	O	_	_
in	in	E	O	_	_
concetto	concetto	SS	O	_	_
di	di	E	O	_	_
santità	santità	SN	O	_	_
.	.	XPS	O	_	_

Di	di	E	O	_	_
solito	solito	SS	O	_	_
si	rifl	PN	O	_	_
divertono	divertire	VI	O	_	_
un	uno	RS	O	_	_
mondo	mondo	SS	O	_	_
a	a	E	O	_	_
parlare	parlare	VF	O	_	_
della	di/det	ES	O	_	_
«	«	XPO	O	_	_
scopa	scopa	SS	O	_	_
di	di	E	O	_	_
Francia	francia	SPN	GPE	46.603354	1.8883335
»	»	XPO	O	_	_
,	comma	XPW	O	_	_
a	a	E	O	_	_
battere	battere	VF	O	_	_
le	il	RP	O	_	_
mani	mano	SP	O	_	_
ai	a/det	EP	O	_	_
Waldeck	waldeck	SPN	PER	_	_
-	-	XPO	O	_	_
Rousseau	rousseau	SPN	PER	_	_
,	comma	XPW	O	_	_
ai	a/det	EP	O	_	_
Combes	combes	SPN	PER	_	_
,	comma	XPW	O	_	_
ai	a/det	EP	O	_	_
Briand	briand	SPN	PER	_	_
,	comma	XPW	O	_	_
ai	a/det	EP	O	_	_
Canalejas	canalejas	SPN	O	_	_
e	e	C	O	_	_
ad	ad	E	O	_	_
ogni	ogni	DS	O	_	_
eroe	eroe	SS	O	_	_
in	in	E	O	_	_
sessantaquattresimo	sessantaquattresimo	SS	O	_	_
che	che	CCHE	O	_	_
fa	fare	VI	O	_	_
la	il	RS	O	_	_
guerra	guerra	SS	O	_	_
ai	a/det	EP	O	_	_
preti	prete	SP	O	_	_
,	comma	XPW	O	_	_
ai	a/det	EP	O	_	_
frati	frate	SP	O	_	_
,	comma	XPW	O	_	_
alle	a/det	EP	O	_	_
monache	monaca	SP	O	_	_
,	comma	XPW	O	_	_
ai	a/det	EP	O	_	_
vescovi	vescovo	SP	O	_	_
,	comma	XPW	O	_	_
al	a/det	ES	O	_	_
Papa	papa	SPN	O	_	_
;	semicolon	XPS	O	_	_

in	in	E	O	_	_
tempo	tempo	SS	O	_	_
elettorale	elettorale	AS	O	_	_
predicano	predicare	VI	O	_	_
che	che	CCHE	O	_	_
la	il	RS	O	_	_
Chiesa	chiesa	SS	O	_	_
e	e	C	O	_	_
la	il	RS	O	_	_
religione	religione	SS	O	_	_
non	non	B	O	_	_
c’	ci	B	O	_	_
entrano	entrare	VI	O	_	_
,	comma	XPW	O	_	_
e	e	C	O	_	_
che	che	CCHE	O	_	_
ad	ad	E	O	_	_
ogni	ogni	DS	O	_	_
modo	modo	SS	O	_	_
essi	essi	PP	O	_	_
sono	essere	VI	O	_	_
rispettosi	rispettoso	AP	O	_	_
di	di	E	O	_	_
tutte	tutto	DP	O	_	_
le	il	RP	O	_	_
credenze	credenza	SP	O	_	_
religiose	religioso	AP	O	_	_
,	comma	XPW	O	_	_
anche	anche	C	O	_	_
della	di/det	ES	O	_	_
cattolica	cattolica	SS	O	_	_
.	.	XPS	O	_	_

Quanta	quanto	DS	O	_	_
generosità	generosità	SN	O	_	_
"!"	esclamation_mark	XPS	O	_	_

Ma	ma	C	O	_	_
,	comma	XPW	O	_	_
di	di	E	O	_	_
grazia	grazia	SS	O	_	_
dov’	dov’	B	O	_	_
è	essere	VI	O	_	_
che	che	CCHE	O	_	_
si	rifl	PN	O	_	_
fanno	fare	VI	O	_	_
le	il	RP	O	_	_
leggi	leggio	SP	O	_	_
contro	contro	E	O	_	_
la	il	RS	O	_	_
Chiesa	chiesa	SS	O	_	_
e	e	C	O	_	_
gli	il	RP	O	_	_
ordini	ordine	SP	O	_	_
religiosi	religioso	AP	O	_	_
?	?	XPS	O	_	_

Dov’	dov’	SPN	O	_	_
è	essere	VI	O	_	_
che	che	CCHE	O	_	_
si	rifl	PN	O	_	_
parla	parlare	VI	O	_	_
di	di	E	O	_	_
scuola	scuola	SS	O	_	_
laica	laico	AS	O	_	_
e	e	C	O	_	_
divorzio	divorzio	SS	O	_	_
?	?	XPS	O	_	_

Non	non	B	O	_	_
è	essere	VI	O	_	_
forse	forse	B	O	_	_
in	in	E	O	_	_
seno	seno	SS	O	_	_
ai	a/det	EP	O	_	_
Parlamenti	parlamenti	SPN	O	_	_
?	?	XPS	O	_	_

E	e	C	O	_	_
poi	poi	B	O	_	_
si	rifl	PN	O	_	_
dice	dire	VI	O	_	_
che	che	CCHE	O	_	_
le	il	RP	O	_	_
questioni	questione	SP	O	_	_
religiose	religioso	AP	O	_	_
non	non	B	O	_	_
c’	ci	B	O	_	_
entrano	entrare	VI	O	_	_
nelle	in/det	EP	O	_	_
elezioni	elezione	SP	O	_	_
?	?	XPS	O	_	_

E	e	C	O	_	_
poi	poi	B	O	_	_
si	rifl	PN	O	_	_
vuole	volere	VI	O	_	_
che	che	CCHE	O	_	_
gli	il	RP	O	_	_
elettori	elettore	SP	O	_	_
si	rifl	PN	O	_	_
fidino	fidare	VI	O	_	_
dei	di/det	EP	O	_	_
candidati	candidato	SP	O	_	_
raccomandati	raccomandare	VPP	O	_	_
da	da	E	O	_	_
quei	quello	DP	O	_	_
giornali	giornale	SP	O	_	_
che	che	CCHE	O	_	_
fino	fino	E	O	_	_
a	a	E	O	_	_
pochi	poco	DP	O	_	_
giorni	giorno	SP	O	_	_
fa	fa	B	O	_	_
plaudirono	plaudire	VI	O	_	_
agli	a/det	EP	O	_	_
anticlericali	anticlericale	SP	O	_	_
francesi	francese	AP	O	_	_
e	e	C	O	_	_
spagnuoli	spagnuoli	AP	O	_	_
,	comma	XPW	O	_	_
da	da	E	O	_	_
quei	quello	DP	O	_	_
giornali	giornale	SP	O	_	_
che	che	CCHE	O	_	_
chiamarono	chiamare	VI	O	_	_
«	«	XPO	O	_	_
sciagurata	sciagurato	AS	O	_	_
»	»	XPO	O	_	_
l’	il	RS	O	_	_
enciclica	enciclica	SS	O	_	_
del	di/det	ES	O	_	_
Papa	papa	SS	O	_	_
su	su	E	O	_	_
san	san	SS	O	_	_
Carlo	carlo	SPN	O	_	_
Borromeo	borromeo	SPN	O	_	_
,	comma	XPW	O	_	_
che	che	CCHE	O	_	_
trovarono	trovare	VI	O	_	_
«	«	XPO	O	_	_
esilarante	esilarante	B	O	_	_
»	»	XPO	O	_	_
la	il	RS	O	_	_
scomunica	scomunica	SS	O	_	_
del	di/det	ES	O	_	_
Murri	murri	SPN	O	_	_
,	comma	XPW	O	_	_
che	che	CCHE	O	_	_
fecero	fare	VI	O	_	_
la	il	RS	O	_	_
réclame	réclame	SS	O	_	_
alle	a/det	EP	O	_	_
conferenze	conferenza	SP	O	_	_
di	di	E	O	_	_
questo	questo	DS	O	_	_
misero	misero	SS	O	_	_
apostata	apostata	VSP	O	_	_
,	comma	XPW	O	_	_
che	che	CCHE	O	_	_
ospitarono	ospitare	VI	O	_	_
la	il	RS	O	_	_
prosa	prosa	SS	O	_	_
in	in	E	O	_	_
cui	cui	PN	O	_	_
si	rifl	PN	O	_	_
parlava	parlare	VI	O	_	_
di	di	E	O	_	_
«	«	XPO	O	_	_
pallidi	pallido	AP	O	_	_
dogmi	dogma	SP	O	_	_
»	»	XPO	O	_	_
e	e	C	O	_	_
di	di	E	O	_	_
«	«	XPO	O	_	_
potente	potente	AS	O	_	_
materialismo	materialismo	SS	O	_	_
vivificatore	vivificatore	AS	O	_	_
d’	di	E	O	_	_
ogni	ogni	DS	O	_	_
cosa	cosa	SS	O	_	_
»	»	XPO	O	_	_
?	?	XPS	O	_	_

Cari	caro	AP	O	_	_
signori	signore	SP	O	_	_
"!"	esclamation_mark	XPS	O	_	_

che	che	CCHE	O	_	_
le	il	RP	O	_	_
questioni	questione	SP	O	_	_
religiose	religioso	AP	O	_	_
e	e	C	O	_	_
morali	morale	AP	O	_	_
non	non	B	O	_	_
abbiano	avere	VI	O	_	_
nulla	nulla	PS	O	_	_
da	da	E	O	_	_
fare	fare	VF	O	_	_
colle	con/det	EP	O	_	_
elezioni	elezione	SP	O	_	_
e	e	C	O	_	_
col	con/det	ES	O	_	_
Parlamento	parlamento	SS	O	_	_
,	comma	XPW	O	_	_
nessuno	nessuno	PS	O	_	_
ve	ve	PS	O	_	_
lo	lo	PS	O	_	_
crede	credere	VI	O	_	_
e	e	C	O	_	_
non	non	B	O	_	_
lo	lo	PS	O	_	_
crederete	credere	VI	O	_	_
nemmeno	nemmeno	B	O	_	_
voi	voi	PP	O	_	_
.	.	XPS	O	_	_

Tutti	tutto	PP	O	_	_
sanno	sapere	VI	O	_	_
che	che	CCHE	O	_	_
nel	in/det	ES	O	_	_
Parlamento	parlamento	SS	O	_	_
cessato	cessare	VSP	O	_	_
liberali	liberale	AP	O	_	_
e	e	C	O	_	_
socialisti	socialista	SP	O	_	_
fecero	fare	VI	O	_	_
un	uno	RS	O	_	_
pandemonio	pandemonio	SS	O	_	_
contro	contro	E	O	_	_
il	il	RS	O	_	_
Lueger	lueger	SPN	PER	_	_
,	comma	XPW	O	_	_
perché	perché	C	O	_	_
questi	questo	DP	O	_	_
espresse	esprimere	VI	O	_	_
il	il	RS	O	_	_
voto	voto	SS	O	_	_
che	che	CCHE	O	_	_
il	il	RS	O	_	_
popolo	popolo	SS	O	_	_
cristiano	cristiano	AS	O	_	_
riconquistasse	riconquistare	VI	O	_	_
le	il	RP	O	_	_
università	università	SN	O	_	_
,	comma	XPW	O	_	_
e	e	C	O	_	_
«	«	XPO	O	_	_
L’	il	RS	O	_	_
Alto	alto	SPN	GPE	46.65596895	11.22964387
Adige	adige	SPN	GPE	46.65596895	11.22964387
»	»	XPO	O	_	_
e	e	C	O	_	_
«	«	XPO	O	_	_
Il	il	RS	O	_	_
Popolo	popolo	SPN	O	_	_
»	»	XPO	O	_	_
facevano	fare	VI	O	_	_
eco	eco	SN	O	_	_
alla	a/det	ES	O	_	_
gazzarra	gazzarra	SS	O	_	_
contro	contro	E	O	_	_
il	il	RS	O	_	_
Lueger	lueger	SPN	PER	_	_
;	semicolon	XPS	O	_	_

tutti	tutto	PP	O	_	_
sanno	sapere	VI	O	_	_
che	che	CCHE	O	_	_
al	a/det	ES	O	_	_
Parlamento	parlamento	SS	O	_	_
si	rifl	PN	O	_	_
tentò	tentare	VI	O	_	_
di	di	E	O	_	_
liberare	liberare	VF	O	_	_
dalla	da/det	ES	O	_	_
confisca	confisca	SS	O	_	_
l’	il	RS	O	_	_
opuscolo	opuscolo	SS	O	_	_
del	di/det	ES	O	_	_
noto	noto	AS	O	_	_
Wahrmund	wahrmund	SPN	O	_	_
colle	con/det	EP	O	_	_
sue	suo	DP	O	_	_
bestemmie	bestemmia	SP	O	_	_
ed	ed	C	O	_	_
empietà	empietà	SN	O	_	_
,	comma	XPW	O	_	_
e	e	C	O	_	_
«	«	XPO	O	_	_
L’	il	RS	O	_	_
Alto	alto	SPN	GPE	46.65596895	11.22964387
Adige	adige	SPN	GPE	46.65596895	11.22964387
»	»	XPO	O	_	_
e	e	C	O	_	_
«	«	XPO	O	_	_
Il	il	RS	O	_	_
Popolo	popolo	SPN	O	_	_
»	»	XPO	O	_	_
non	non	B	O	_	_
erano	essere	VI	O	_	_
certo	certo	B	O	_	_
fra	fra	E	O	_	_
gli	il	RP	O	_	_
oppositori	oppositore	SP	O	_	_
del	di/det	ES	O	_	_
Wahrmund	wahrmund	SPN	O	_	_
;	semicolon	XPS	O	_	_

tutti	tutto	PP	O	_	_
sanno	sapere	VI	O	_	_
che	che	CCHE	O	_	_
i	il	RP	O	_	_
socialisti	socialista	SP	O	_	_
tentarono	tentare	VI	O	_	_
di	di	E	O	_	_
immunizzare	immunizzare	VF	O	_	_
anche	anche	C	O	_	_
pubblicazioni	pubblicazione	SP	O	_	_
confiscate	confiscare	VPP	O	_	_
per	per	E	O	_	_
oscenità	oscenità	SN	O	_	_
,	comma	XPW	O	_	_
tutti	tutto	PP	O	_	_
sanno	sapere	VI	O	_	_
che	che	CCHE	O	_	_
il	il	RS	O	_	_
ministro	ministro	SS	O	_	_
della	di/det	ES	O	_	_
giustizia	giustizia	SS	O	_	_
si	rifl	PN	O	_	_
dichiarò	dichiarare	VI	O	_	_
favorevole	favorevole	AS	O	_	_
al	a/det	ES	O	_	_
divorzio	divorzio	SS	O	_	_
.	.	XPS	O	_	_

Se	se	C	O	_	_
al	a/det	ES	O	_	_
Parlamento	parlamento	SS	O	_	_
non	non	B	O	_	_
vi	vi	B	O	_	_
fosse	essere	VIY	O	_	_
stato	essere	VSP	O	_	_
un	uno	RS	O	_	_
forte	forte	AS	O	_	_
numero	numero	SS	O	_	_
di	di	E	O	_	_
deputati	deputato	SP	O	_	_
cattolici	cattolico	AP	O	_	_
,	comma	XPW	O	_	_
che	che	CCHE	O	_	_
cosa	cosa	SS	O	_	_
sarebbe	essere	VIY	O	_	_
avvenuto	avvenire	VSP	O	_	_
?	?	XPS	O	_	_

Finché	finché	C	O	_	_
vi	vi	B	O	_	_
sono	essere	VI	O	_	_
molti	molto	DP	O	_	_
cattolici	cattolico	SP	O	_	_
,	comma	XPW	O	_	_
questi	questo	PP	O	_	_
,	comma	XPW	O	_	_
piaccia	piacere	VI	O	_	_
o	o	C	O	_	_
non	non	B	O	_	_
piaccia	piacere	VI	O	_	_
,	comma	XPW	O	_	_
si	rifl	PN	O	_	_
fanno	fare	VI	O	_	_
rispettare	rispettare	VF	O	_	_
;	semicolon	XPS	O	_	_

se	se	C	O	_	_
fossero	essere	VI	O	_	_
pochi	poco	DP	O	_	_
e	e	C	O	_	_
deboli	debole	AP	O	_	_
,	comma	XPW	O	_	_
in	in	E	O	_	_
omaggio	omaggio	SS	O	_	_
alla	a/det	ES	O	_	_
libertà	libertà	SN	O	_	_
di	di	E	O	_	_
pensiero	pensiero	SS	O	_	_
e	e	C	O	_	_
di	di	E	O	_	_
stampa	stampa	SS	O	_	_
e	e	C	O	_	_
per	per	E	O	_	_
«	«	XPO	O	_	_
rispetto	rispetto	SS	O	_	_
a	a	E	O	_	_
tutte	tutto	DP	O	_	_
le	il	RP	O	_	_
credenze	credenza	SP	O	_	_
religiose	religioso	AP	O	_	_
»	»	XPO	O	_	_
,	comma	XPW	O	_	_
i	il	RP	O	_	_
cattolici	cattolico	SP	O	_	_
verrebbero	venire	VIY	O	_	_
conculcati	conculcare	VPP	O	_	_
,	comma	XPW	O	_	_
e	e	C	O	_	_
gli	il	RP	O	_	_
scrittori	scrittorio	SP	O	_	_
anticattolici	anticattolico	AP	O	_	_
o	o	C	O	_	_
pornografici	pornografico	AP	O	_	_
troverebbero	trovare	VI	O	_	_
sempre	sempre	B	O	_	_
chi	chi	CCHI	O	_	_
con	con	E	O	_	_
un’	uno	RS	O	_	_
interpellanza	interpellanza	SS	O	_	_
ne	ne	PN	O	_	_
salva	salvare	VI	O	_	_
dalla	da/det	ES	O	_	_
confisca	confisca	SS	O	_	_
e	e	C	O	_	_
ne	ne	PN	O	_	_
diffonde	diffondere	VI	O	_	_
le	il	RP	O	_	_
bestemmie	bestemmia	SP	O	_	_
e	e	C	O	_	_
i	il	RP	O	_	_
turpiloqui	turpiloquio	SP	O	_	_
.	.	XPS	O	_	_

Perciò	perciò	C	O	_	_
i	il	RP	O	_	_
cattolici	cattolico	SP	O	_	_
stanno	stare	VI	O	_	_
e	e	C	O	_	_
devono	dovere	VI	O	_	_
stare	stare	VF	O	_	_
all’	a/det	ES	O	_	_
erta	erta	SS	O	_	_
per	per	E	O	_	_
mantenere	mantenere	VF	O	_	_
il	il	RS	O	_	_
loro	loro	DP	O	_	_
possesso	possesso	SS	O	_	_
e	e	C	O	_	_
mettere	mettere	VF	O	_	_
al	a/det	ES	O	_	_
sicuro	sicuro	AS	O	_	_
i	il	RP	O	_	_
loro	loro	DP	O	_	_
supremi	supremi	SP	O	_	_
interessi	interessi	AP	O	_	_
.	.	XPS	O	_	_

In	in	E	O	_	_
questo	questo	DS	O	_	_
riguardo	riguardo	SS	O	_	_
i	il	RP	O	_	_
cattolici	cattolico	SP	O	_	_
sono	essere	VI	O	_	_
molto	molto	B	O	_	_
esigenti	esigente	AP	O	_	_
,	comma	XPW	O	_	_
e	e	C	O	_	_
non	non	B	O	_	_
cedono	cedere	VI	O	_	_
di	di	E	O	_	_
un	uno	RS	O	_	_
punto	punto	SS	O	_	_
.	.	XPS	O	_	_

Di	di	E	O	_	_
liberali	liberale	SP	O	_	_
,	comma	XPW	O	_	_
di	di	E	O	_	_
qualsiasi	qualsiasi	DN	O	_	_
colore	colore	SS	O	_	_
e	e	C	O	_	_
gradazione	gradazione	SS	O	_	_
,	comma	XPW	O	_	_
non	non	B	O	_	_
vogliono	volere	VI	O	_	_
saperne	sapere/part	VF+E	O	_	_
,	comma	XPW	O	_	_
e	e	C	O	_	_
le	il	RP	O	_	_
raccomandazioni	raccomandazione	SP	O	_	_
dei	di/det	EP	O	_	_
giornali	giornale	SP	O	_	_
dai	da/det	EP	O	_	_
«	«	XPO	O	_	_
pallidi	pallidi	SP	O	_	_
dogmi	dogmi	AP	O	_	_
»	»	XPO	O	_	_
,	comma	XPW	O	_	_
dal	da/det	ES	O	_	_
«	«	XPO	O	_	_
potente	potente	AS	O	_	_
materialismo	materialismo	SS	O	_	_
vivificatore	vivificatore	AS	O	_	_
d’	di	E	O	_	_
ogni	ogni	DS	O	_	_
cosa	cosa	SS	O	_	_
»	»	XPO	O	_	_
,	comma	XPW	O	_	_
dalla	da/det	ES	O	_	_
«	«	XPO	O	_	_
sciagurata	sciagurato	AS	O	_	_
enciclica	enciclico	AS	O	_	_
»	»	XPO	O	_	_
ecc.	ecc.	YA	O	_	_
ecc.	ecc.	YA	O	_	_
non	non	B	O	_	_
sono	essere	VI	O	_	_
certo	certo	B	O	_	_
atte	atto	AP	O	_	_
a	a	E	O	_	_
guadagnare	guadagnare	VF	O	_	_
la	il	RS	O	_	_
fiducia	fiducia	SS	O	_	_
a	a	E	O	_	_
chi	chi	CCHI	O	_	_
per	per	E	O	_	_
loro	loro	PP	O	_	_
mezzo	mezzo	AS	O	_	_
chiede	chiedere	VI	O	_	_
il	il	RS	O	_	_
voto	voto	SS	O	_	_
del	di/det	ES	O	_	_
nostro	nostro	DS	O	_	_
popolo	popolo	SS	O	_	_
.	.	XPS	O	_	_

Questo	questo	PS	O	_	_
vuole	volere	VI	O	_	_
uomini	uomo	SP	O	_	_
che	che	CCHE	O	_	_
professino	professare	VI	O	_	_
non	non	B	O	_	_
il	il	RS	O	_	_
«	«	XPO	O	_	_
rispetto	rispetto	SS	O	_	_
a	a	E	O	_	_
tutte	tutto	DP	O	_	_
le	il	RP	O	_	_
credenze	credenza	SP	O	_	_
religiose	religioso	AP	O	_	_
»	»	XPO	O	_	_
,	comma	XPW	O	_	_
ma	ma	C	O	_	_
pieno	pieno	AS	O	_	_
attaccamento	attaccamento	SS	O	_	_
alla	a/det	ES	O	_	_
Chiesa	chiesa	SS	O	_	_
di	di	E	O	_	_
Cristo	cristo	SPN	PER	_	_
;	semicolon	XPS	O	_	_

e	e	C	O	_	_
non	non	B	O	_	_
solo	solo	B	O	_	_
nella	in/det	ES	O	_	_
vita	vita	SS	O	_	_
privata	privato	AS	O	_	_
,	comma	XPW	O	_	_
ma	ma	C	O	_	_
anche	anche	C	O	_	_
nella	in/det	ES	O	_	_
pubblica	pubblico	AS	O	_	_
;	semicolon	XPS	O	_	_

così	così	B	O	_	_
da	da	E	O	_	_
essere	essere	VFY	O	_	_
certo	certo	B	O	_	_
in	in	E	O	_	_
ogni	ogni	DS	O	_	_
caso	caso	SS	O	_	_
,	comma	XPW	O	_	_
in	in	E	O	_	_
ogni	ogni	DS	O	_	_
circostanza	circostanza	SS	O	_	_
che	che	CCHE	O	_	_
i	il	RP	O	_	_
suoi	suo	DP	O	_	_
rappresentanti	rappresentante	SP	O	_	_
non	non	B	O	_	_
saranno	essere	VI	O	_	_
né	né	B	O	_	_
avversari	avversario	SP	O	_	_
,	comma	XPW	O	_	_
né	né	B	O	_	_
conniventi	connivente	AP	O	_	_
,	comma	XPW	O	_	_
né	né	C	O	_	_
tiepidi	tiepido	AP	O	_	_
,	comma	XPW	O	_	_
né	né	C	O	_	_
deboli	debole	AP	O	_	_
,	comma	XPW	O	_	_
né	né	C	O	_	_
disposti	disporre	VPP	O	_	_
a	a	E	O	_	_
distinzioni	distinzione	SP	O	_	_
sofistiche	sofistico	AP	O	_	_
,	comma	XPW	O	_	_
a	a	E	O	_	_
sdoppiamenti	sdoppiamento	SP	O	_	_
di	di	E	O	_	_
coscienza	coscienza	SS	O	_	_
,	comma	XPW	O	_	_
a	a	E	O	_	_
compromessi	compromesso	SP	O	_	_
,	comma	XPW	O	_	_
ma	ma	C	O	_	_
si	rifl	PN	O	_	_
troveranno	trovare	VI	O	_	_
al	a/det	ES	O	_	_
posto	posto	SS	O	_	_
di	di	E	O	_	_
battaglia	battaglia	SS	O	_	_
contro	contro	E	O	_	_
ogni	ogni	DS	O	_	_
assalto	assalto	SS	O	_	_
e	e	C	O	_	_
non	non	B	O	_	_
poseranno	posare	VI	O	_	_
finché	finché	C	O	_	_
non	non	B	O	_	_
sia	essere	VIY	O	_	_
rintuzzato	rintuzzare	VSP	O	_	_
.	.	XPS	O	_	_
