# total number of persons:4, total number of gpes:14
Il	il	RS	O	_	_
giornale	giornale	SS	O	_	_
diretto	dirigere	VSP	O	_	_
dal	da/det	ES	O	_	_
sottoscritto	sottoscritto	SS	O	_	_
,	comma	XPW	O	_	_
può	potere	VI	O	_	_
vantarsi	vantare/rifl	VF+E	O	_	_
d’	di	E	O	_	_
aver	avere	VFY	O	_	_
discusso	discutere	VSP	O	_	_
e	e	C	O	_	_
lasciato	lasciare	VSP	O	_	_
discutere	discutere	VF	O	_	_
più	più	B	O	_	_
ampiamente	ampiamente	B	O	_	_
e	e	C	O	_	_
più	più	B	O	_	_
liberamente	liberamente	B	O	_	_
che	che	CCHE	O	_	_
altri	altro	PP	O	_	_
le	il	RP	O	_	_
questioni	questione	SP	O	_	_
eterne	eterno	AP	O	_	_
di	di	E	O	_	_
Fiemme	fiemme	SPN	O	_	_
;	semicolon	XPS	O	_	_

e	e	C	O	_	_
lo	lo	PS	O	_	_
ha	avere	VIY	O	_	_
fatto	fare	VSP	O	_	_
,	comma	XPW	O	_	_
prima	prima	C	O	_	_
coll’	con/det	ES	O	_	_
intento	intento	SS	O	_	_
di	di	E	O	_	_
informare	informare	VF	O	_	_
tutti	tutto	PP	O	_	_
quelli	quello	PP	O	_	_
che	che	CCHE	O	_	_
volevano	volere	VI	O	_	_
intendere	intendere	VF	O	_	_
,	comma	XPW	O	_	_
sui	su/det	EP	O	_	_
veri	vero	AP	O	_	_
sensi	senso	SP	O	_	_
e	e	C	O	_	_
sulle	su/det	EP	O	_	_
condizioni	condizione	SP	O	_	_
del	di/det	ES	O	_	_
popolo	popolo	SS	O	_	_
fiemmese	fiemmese	AS	O	_	_
;	semicolon	XPS	O	_	_

poi	poi	B	O	_	_
,	comma	XPW	O	_	_
perché	perché	C	O	_	_
Fiemme	fiemme	SPN	O	_	_
non	non	B	O	_	_
è	essere	VI	O	_	_
solo	solo	B	O	_	_
di	di	E	O	_	_
per	per	E	O	_	_
sé	sé	PN	O	_	_
una	uno	PS	O	_	_
valle	valle	SP	O	_	_
degna	degno	AS	O	_	_
di	di	E	O	_	_
un	uno	RS	O	_	_
avvenire	avvenire	SS	O	_	_
migliore	migliore	AS	O	_	_
,	comma	XPW	O	_	_
ma	ma	C	O	_	_
è	essere	VI	O	_	_
la	il	RS	O	_	_
porta	porta	SS	O	_	_
settentrionale	settentrionale	AS	O	_	_
della	di/det	ES	O	_	_
nazione	nazione	SS	O	_	_
nostra	nostro	DS	O	_	_
di	di	E	O	_	_
tutto	tutto	DS	O	_	_
quel	quello	DS	O	_	_
territorio	territorio	SS	O	_	_
italo-latino	italo-latino	AS	O	_	_
che	che	CCHE	O	_	_
da	da	E	O	_	_
Moena	moena	SPN	GPE	46.3768554	11.6591816
va	andare	VI	O	_	_
fino	fino	E	O	_	_
nei	in/det	EP	O	_	_
pressi	presso	SP	O	_	_
di	di	E	O	_	_
Toblach	toblach	SPN	O	_	_
.	.	XPS	O	_	_

Solo	solo	B	O	_	_
chi	chi	CCHI	O	_	_
considera	considerare	VI	O	_	_
la	il	RS	O	_	_
valle	valle	SS	O	_	_
di	di	E	O	_	_
Fiemme	fiemme	SPN	O	_	_
come	come	CADV	O	_	_
posizione	posizione	SS	O	_	_
strategica	strategico	AS	O	_	_
sulla	su/det	ES	O	_	_
scacchiera	scacchiera	SS	O	_	_
nazionale	nazionale	AS	O	_	_
comprende	comprendere	VI	O	_	_
appieno	appieno	B	O	_	_
il	il	RS	O	_	_
dovere	dovere	SS	O	_	_
dell’	di/det	ES	O	_	_
intervento	intervento	SS	O	_	_
del	di/det	ES	O	_	_
Trentino	trentino	SPN	GPE	46.102869	11.12961993
in	in	E	O	_	_
questioni	questione	SP	O	_	_
,	comma	XPW	O	_	_
che	che	CCHE	O	_	_
a	a	E	O	_	_
prima	primo	AS	O	_	_
vista	vista	SS	O	_	_
,	comma	XPW	O	_	_
si	rifl	PN	O	_	_
direbbero	dire	VI	O	_	_
locali	locale	AP	O	_	_
,	comma	XPW	O	_	_
solo	solo	B	O	_	_
chi	chi	CCHI	O	_	_
ha	avere	VI	O	_	_
l’	il	RS	O	_	_
occhio	occhio	SS	O	_	_
a	a	E	O	_	_
considerazioni	considerazione	SP	O	_	_
più	più	B	O	_	_
vaste	vasto	AP	O	_	_
e	e	C	O	_	_
più	più	B	O	_	_
generali	generale	AP	O	_	_
,	comma	XPW	O	_	_
possiede	possedere	VI	O	_	_
le	il	RP	O	_	_
premesse	premessa	SP	O	_	_
necessarie	necessario	AP	O	_	_
per	per	E	O	_	_
sciogliere	sciogliere	VF	O	_	_
anche	anche	C	O	_	_
la	il	RS	O	_	_
questione	questione	SS	O	_	_
tramviaria	tramviaria	AS	O	_	_
.	.	XPS	O	_	_

Riguardo	riguardo	SS	O	_	_
alla	a/det	ES	O	_	_
quale	quale	PS	O	_	_
,	comma	XPW	O	_	_
io	io	PS	O	_	_
accedo	accedere	VI	O	_	_
pienamente	pienamente	B	O	_	_
all’	a/det	ES	O	_	_
opinione	opinione	SS	O	_	_
del	di/det	ES	O	_	_
dr.	dottore	SS	O	_	_
Lanzerotti	lanzerotti	SPN	PER	_	_
che	che	CCHE	O	_	_
il	il	RS	O	_	_
nocciolo	nocciolo	SS	O	_	_
del	di/det	ES	O	_	_
problema	problema	SS	O	_	_
sta	stare	VI	O	_	_
,	comma	XPW	O	_	_
non	non	B	O	_	_
nel	in/det	ES	O	_	_
noto	noto	AS	O	_	_
dilemma	dilemma	SS	O	_	_
delle	di/det	EP	O	_	_
due	due	N	O	_	_
vie	via	SP	O	_	_
,	comma	XPW	O	_	_
ma	ma	C	O	_	_
in	in	E	O	_	_
quello	quello	PS	O	_	_
della	di/det	ES	O	_	_
costruzione	costruzione	SS	O	_	_
e	e	C	O	_	_
della	di/det	ES	O	_	_
proprietà	proprietà	SN	O	_	_
della	di/det	ES	O	_	_
ferrovia	ferrovia	SS	O	_	_
.	.	XPS	O	_	_

Purtroppo	purtroppo	B	O	_	_
da	da	E	O	_	_
tempo	tempo	SS	O	_	_
un	uno	RS	O	_	_
problema	problema	SS	O	_	_
così	così	B	O	_	_
vitale	vitale	AS	O	_	_
è	essere	VI	O	_	_
ridotto	ridotto	AS	O	_	_
ad	ad	E	O	_	_
una	uno	RS	O	_	_
pura	puro	AS	O	_	_
discussione	discussione	SS	O	_	_
teoretica	teoretico	AS	O	_	_
,	comma	XPW	O	_	_
senza	senza	E	O	_	_
contatti	contatto	SP	O	_	_
continui	continuo	AP	O	_	_
con	con	E	O	_	_
la	il	RS	O	_	_
realtà	realtà	SN	O	_	_
.	.	XPS	O	_	_

E	e	C	O	_	_
a	a	E	O	_	_
troncare	troncare	VF	O	_	_
tale	tale	DS	O	_	_
contatto	contatto	SS	O	_	_
contribuì	contribuire	VI	O	_	_
ben	ben	B	O	_	_
principalmente	principalmente	B	O	_	_
la	il	RS	O	_	_
rinascita	rinascita	SS	O	_	_
della	di/det	ES	O	_	_
questione	questione	SS	O	_	_
vicinale	vicinale	AS	O	_	_
in	in	E	O	_	_
quello	quello	PS	O	_	_
che	che	CCHE	O	_	_
,	comma	XPW	O	_	_
secondo	secondo	E	O	_	_
il	il	RS	O	_	_
mio	mio	DS	O	_	_
debole	debole	AS	O	_	_
parere	parere	SS	O	_	_
,	comma	XPW	O	_	_
si	rifl	PN	O	_	_
può	potere	VI	O	_	_
chiamare	chiamare	VF	O	_	_
il	il	RS	O	_	_
malaugurato	malaugurato	AS	O	_	_
comizio	comizio	SS	O	_	_
ferroviario	ferroviario	AS	O	_	_
di	di	E	O	_	_
Cavalese	cavalese	SPN	GPE	46.2912	11.4604332
.	.	XPS	O	_	_

Lì	lì	B	O	_	_
furono	essere	VIY	O	_	_
evocati	evocare	VPP	O	_	_
quelli	quello	PP	O	_	_
spiriti	spiriti	VPP	O	_	_
che	che	CCHE	O	_	_
taluno	taluno	PS	O	_	_
poi	poi	B	O	_	_
invano	invano	B	O	_	_
volle	volere	VI	O	_	_
bandire	bandire	VF	O	_	_
.	.	XPS	O	_	_

Da	da	E	O	_	_
quel	quello	DS	O	_	_
giorno	giorno	SS	O	_	_
data	dare	VSP	O	_	_
l’	il	RS	O	_	_
energica	energico	AS	O	_	_
riscossa	riscossa	SS	O	_	_
popolare	popolare	AS	O	_	_
in	in	E	O	_	_
Fiemme	fiemme	SPN	O	_	_
.	.	XPS	O	_	_

Ebbene	ebbene	C	O	_	_
?	?	XPS	O	_	_

Il	il	RS	O	_	_
popolo	popolo	SS	O	_	_
era	essere	VIY	O	_	_
stato	essere	VSPY	O	_	_
chiamato	chiamare	VSP	O	_	_
in	in	E	O	_	_
aiuto	aiuto	SS	O	_	_
e	e	C	O	_	_
col	con/det	ES	O	_	_
popolo	popolo	SS	O	_	_
si	rifl	PN	O	_	_
doveva	dovere	VI	O	_	_
trattare	trattare	VF	O	_	_
.	.	XPS	O	_	_

Ma	ma	C	O	_	_
perché	perché	C	O	_	_
si	rifl	PN	O	_	_
vide	vedere	VI	O	_	_
che	che	CCHE	O	_	_
non	non	B	O	_	_
era	essere	VI	O	_	_
un	uno	RS	O	_	_
popolo	popolo	SS	O	_	_
da	da	E	O	_	_
comparsa	comparsa	SS	O	_	_
,	comma	XPW	O	_	_
né	né	C	O	_	_
una	uno	RS	O	_	_
semplice	semplice	AS	O	_	_
claque	claque	SS	O	_	_
da	da	E	O	_	_
teatro	teatro	SS	O	_	_
,	comma	XPW	O	_	_
perché	perché	C	O	_	_
si	rifl	PN	O	_	_
vide	vedere	VI	O	_	_
che	che	CCHE	O	_	_
il	il	RS	O	_	_
popolo	popolo	SS	O	_	_
intendeva	intendere	VI	O	_	_
la	il	RS	O	_	_
cosa	cosa	SS	O	_	_
sul	su/det	ES	O	_	_
serio	serio	SS	O	_	_
e	e	C	O	_	_
non	non	B	O	_	_
badava	badare	VI	O	_	_
ai	a/det	EP	O	_	_
burattini	burattino	SP	O	_	_
,	comma	XPW	O	_	_
allora	allora	C	O	_	_
,	comma	XPW	O	_	_
codesto	codesto	DS	O	_	_
popolo	popolo	SS	O	_	_
diventò	diventare	VI	O	_	_
«	«	XPO	O	_	_
plebe	plebe	SS	O	_	_
violenta	violento	AS	O	_	_
»	»	XPO	O	_	_
,	comma	XPW	O	_	_
pecorame	pecorame	SS	O	_	_
in	in	E	O	_	_
balia	balia	SS	O	_	_
di	di	E	O	_	_
quelli	quello	PP	O	_	_
che	che	CCHE	O	_	_
ancora	ancora	B	O	_	_
ier	ier	VI	O	_	_
l’	il	RS	O	_	_
altro	altro	DS	O	_	_
l’	il	RS	O	_	_
Alto	alto	SPN	GPE	46.65596895	11.22964387
Adige	adige	SPN	GPE	46.65596895	11.22964387
chiama	chiamare	VI	O	_	_
«	«	XPO	O	_	_
agitatori	agitatore	SP	O	_	_
fanatici	fanatico	AP	O	_	_
od	od	C	O	_	_
ignoranti	ignorante	AP	O	_	_
»	»	XPO	O	_	_
.	.	XPS	O	_	_

Siamo	essere	VI	O	_	_
franchi	franco	AP	O	_	_
,	comma	XPW	O	_	_
signori	signore	SP	O	_	_
,	comma	XPW	O	_	_
e	e	C	O	_	_
diciamo	dire	VI	O	_	_
tutta	tutto	DS	O	_	_
la	il	RS	O	_	_
verità	verità	SN	O	_	_
e	e	C	O	_	_
nient’	nient’	SS	O	_	_
altro	altro	PS	O	_	_
che	che	CCHE	O	_	_
la	il	RS	O	_	_
verità	verità	SN	O	_	_
.	.	XPS	O	_	_

I	il	RP	O	_	_
fiemmesi	fiemmesi	SP	O	_	_
hanno	avere	VI	O	_	_
ragione	ragione	SS	O	_	_
di	di	E	O	_	_
lagnarsi	lagnare/rifl	VF+E	O	_	_
,	comma	XPW	O	_	_
hanno	avere	VI	O	_	_
ragione	ragione	SS	O	_	_
di	di	E	O	_	_
essere	essere	VFY	O	_	_
sfiduciati	sfiduciare	VPP	O	_	_
.	.	XPS	O	_	_

Qual	qual	SPN	O	_	_
valle	valle	SP	O	_	_
è	essere	VIY	O	_	_
stata	essere	VSPY	O	_	_
più	più	B	O	_	_
menata	menata	AS	O	_	_
a	a	E	O	_	_
naso	naso	SS	O	_	_
,	comma	XPW	O	_	_
qual	qual	SS	O	_	_
valle	valle	SP	O	_	_
ebbe	avere	VI	O	_	_
meno	meno	B	O	_	_
successi	successo	SP	O	_	_
in	in	E	O	_	_
tutte	tutto	DP	O	_	_
le	il	RP	O	_	_
vicende	vicenda	SP	O	_	_
politico-economiche	politico-economiche	AP	O	_	_
degli	di/det	EP	O	_	_
ultimi	ultimo	AP	O	_	_
anni	anno	SP	O	_	_
?	?	XPS	O	_	_

Ad	ad	E	O	_	_
Innsbruck	innsbruck	SPN	GPE	47.2654296	11.3927685
si	rifl	PN	O	_	_
ha	avere	VI	O	_	_
un	uno	RS	O	_	_
concetto	concetto	SS	O	_	_
falso	falso	AS	O	_	_
della	di/det	ES	O	_	_
popolazione	popolazione	SS	O	_	_
di	di	E	O	_	_
Fiemme	fiemme	SPN	O	_	_
,	comma	XPW	O	_	_
a	a	E	O	_	_
Trento	trento	SPN	GPE	46.0664228	11.1257601
si	rifl	PN	O	_	_
ritiene	ritenere	VI	O	_	_
di	di	E	O	_	_
poterla	potere/pro	VF+E	O	_	_
pascere	pascere	VF	O	_	_
di	di	E	O	_	_
ciarle	ciarle	VF+E	O	_	_
.	.	XPS	O	_	_

Vedete	vedere	VI	O	_	_
un	uno	RS	O	_	_
po’	poco	B	O	_	_
la	il	RS	O	_	_
questione	questione	SS	O	_	_
vicinale	vicinale	AS	O	_	_
.	.	XPS	O	_	_

Ad	ad	E	O	_	_
Innsbruck	innsbruck	SPN	GPE	47.2654296	11.3927685
si	rifl	PN	O	_	_
sono	essere	VIY	O	_	_
esumati	esumare	VPP	O	_	_
documenti	documento	SP	O	_	_
,	comma	XPW	O	_	_
finora	finora	B	O	_	_
sconosciuti	sconoscere	VPP	O	_	_
al	a/det	ES	O	_	_
pubblico	pubblico	SS	O	_	_
e	e	C	O	_	_
su	su	E	O	_	_
questi	questo	PP	O	_	_
si	rifl	PN	O	_	_
basano	basare	VI	O	_	_
le	il	RP	O	_	_
ultime	ultimo	AP	O	_	_
decisioni	decisione	SP	O	_	_
giuridiche	giuridico	AP	O	_	_
.	.	XPS	O	_	_

E	e	C	O	_	_
sia	essere	VI	O	_	_
;	semicolon	XPS	O	_	_

nei	in/det	EP	O	_	_
rapporti	rapporto	SP	O	_	_
del	di/det	ES	O	_	_
giudice	giudice	SS	O	_	_
i	il	RP	O	_	_
vicini	vicino	SP	O	_	_
non	non	B	O	_	_
esisteranno	esistere	VI	O	_	_
,	comma	XPW	O	_	_
nella	in/det	ES	O	_	_
storia	storia	SS	O	_	_
delle	di/det	EP	O	_	_
vicende	vicenda	SP	O	_	_
politiche	politico	AP	O	_	_
,	comma	XPW	O	_	_
perché	perché	C	O	_	_
un	uno	RS	O	_	_
governo	governo	SS	O	_	_
si	rifl	PN	O	_	_
assunse	assumere	VI	O	_	_
le	il	RP	O	_	_
affrettate	affrettato	AP	O	_	_
innovazioni	innovazione	SP	O	_	_
di	di	E	O	_	_
un	uno	RS	O	_	_
altro	altro	PS	O	_	_
,	comma	XPW	O	_	_
avranno	avere	VIY	O	_	_
perduto	perduto	VSP	O	_	_
il	il	RS	O	_	_
loro	loro	DP	O	_	_
diritto	diritto	SS	O	_	_
d’	di	E	O	_	_
esistenza	esistenza	SS	O	_	_
,	comma	XPW	O	_	_
ma	ma	C	O	_	_
in	in	E	O	_	_
realtà	realtà	SN	O	_	_
essi	essi	PP	O	_	_
esistono	esistere	VI	O	_	_
di	di	E	O	_	_
fatto	fatto	SS	O	_	_
,	comma	XPW	O	_	_
e	e	C	O	_	_
nella	in/det	ES	O	_	_
coscienza	coscienza	SS	O	_	_
tradizionale	tradizionale	AS	O	_	_
del	di/det	ES	O	_	_
popolo	popolo	SS	O	_	_
.	.	XPS	O	_	_

E	e	C	O	_	_
da	da	E	O	_	_
quando	quando	CADV	O	_	_
in	in	E	O	_	_
qua	qua	B	O	_	_
voi	voi	PS	O	_	_
,	comma	XPW	O	_	_
politici	politico	AP	O	_	_
,	comma	XPW	O	_	_
voi	voi	B	O	_	_
,	comma	XPW	O	_	_
amministratori	amministratore	SP	O	_	_
provinciali	provinciale	AP	O	_	_
,	comma	XPW	O	_	_
applicate	applicare	VPP	O	_	_
il	il	RS	O	_	_
principio	principio	SS	O	_	_
che	che	CCHE	O	_	_
per	per	E	O	_	_
la	il	RS	O	_	_
lettera	lettera	SS	O	_	_
della	di/det	ES	O	_	_
legge	legge	SS	O	_	_
debba	dovere	VI	O	_	_
esserne	esserne	YF	O	_	_
ucciso	uccidere	VSP	O	_	_
lo	il	RS	O	_	_
spirito	spirito	SS	O	_	_
?	?	XPS	O	_	_

Nessuno	nessuno	PS	O	_	_
potrà	potere	VI	O	_	_
porre	porre	VF	O	_	_
in	in	E	O	_	_
dubbio	dubbio	SS	O	_	_
che	che	CCHE	O	_	_
certi	certo	DP	O	_	_
diritti	diritto	SP	O	_	_
consuetudinari	consuetudinario	AP	O	_	_
,	comma	XPW	O	_	_
per	per	E	O	_	_
quanto	quanto	B	O	_	_
parziali	parziale	AP	O	_	_
,	comma	XPW	O	_	_
esistono	esistere	VI	O	_	_
ininterrottamente	ininterrottamente	B	O	_	_
.	.	XPS	O	_	_

E	e	C	O	_	_
questi	questo	PP	O	_	_
non	non	B	O	_	_
giovano	giovare	VI	O	_	_
proprio	proprio	B	O	_	_
a	a	E	O	_	_
nulla	nulla	PS	O	_	_
;	semicolon	XPS	O	_	_

sono	essere	VI	O	_	_
anche	anche	C	O	_	_
questi	questo	DP	O	_	_
cosidetti	cosidetti	AP	O	_	_
diritti	diritto	SP	O	_	_
che	che	CCHE	O	_	_
voi	voi	PS	O	_	_
,	comma	XPW	O	_	_
legulei	legulei	AS	O	_	_
,	comma	XPW	O	_	_
con	con	E	O	_	_
un	uno	RS	O	_	_
tratto	tratto	SS	O	_	_
di	di	E	O	_	_
penna	penna	SS	O	_	_
avete	avere	VIY	O	_	_
cancellato	cancellare	VSP	O	_	_
?	?	XPS	O	_	_

Evidentemente	evidentemente	B	O	_	_
ad	ad	E	O	_	_
lnnsbruck	lnnsbruck	SS	O	_	_
o	o	C	O	_	_
si	rifl	PN	O	_	_
gioca	giocare	VI	O	_	_
d’	di	E	O	_	_
azzardo	azzardo	SS	O	_	_
o	o	C	O	_	_
non	non	B	O	_	_
si	rifl	PN	O	_	_
conosce	conoscere	VI	O	_	_
la	il	RS	O	_	_
situazione	situazione	SS	O	_	_
.	.	XPS	O	_	_

Se	se	C	O	_	_
non	non	B	O	_	_
erro	errare	VI	O	_	_
,	comma	XPW	O	_	_
il	il	RS	O	_	_
deputato	deputato	SS	O	_	_
di	di	E	O	_	_
Fiemme	fiemme	SPN	O	_	_
,	comma	XPW	O	_	_
Bonfiglio	bonfiglio	SPN	PER	_	_
Paolazzi	paolazzi	SPN	PER	_	_
,	comma	XPW	O	_	_
dopo	dopo	C	O	_	_
aver	avere	VFY	O	_	_
sentito	sentire	VSP	O	_	_
il	il	RS	O	_	_
parere	parere	SS	O	_	_
dei	di/det	EP	O	_	_
signori	signore	SP	O	_	_
superiori	superiore	AP	O	_	_
di	di	E	O	_	_
Innsbruck	innsbruck	SPN	GPE	47.2654296	11.3927685
,	comma	XPW	O	_	_
s’	s’	PN	O	_	_
intrattenne	intrattenere	VI	O	_	_
per	per	E	O	_	_
quattro	quattro	N	O	_	_
ore	ora	SP	O	_	_
a	a	E	O	_	_
Tesero	tesero	SPN	GPE	46.290416	11.511977
coi	con/det	EP	O	_	_
comitati	comitato	SP	O	_	_
dei	di/det	EP	O	_	_
vicini	vicino	SP	O	_	_
per	per	E	O	_	_
discutere	discutere	VF	O	_	_
con	con	E	O	_	_
loro	loro	PP	O	_	_
circa	circa	B	O	_	_
i	il	RP	O	_	_
modi	modio	SP	O	_	_
legali	legale	AP	O	_	_
di	di	E	O	_	_
sciogliere	sciogliere	VF	O	_	_
la	il	RS	O	_	_
vertenza	vertenza	SS	O	_	_
,	comma	XPW	O	_	_
senza	senza	E	O	_	_
far	fare	VF	O	_	_
torto	torto	SS	O	_	_
a	a	E	O	_	_
nessuno	nessuno	PS	O	_	_
.	.	XPS	O	_	_

Alla	a/det	ES	O	_	_
Luogotenenza	luogotenenza	SPN	O	_	_
gli	il	RP	O	_	_
si	rifl	PN	O	_	_
aveva	avere	VIY	O	_	_
detto	dire	VSP	O	_	_
che	che	CCHE	O	_	_
l’	il	RS	O	_	_
autorità	autorità	SN	O	_	_
si	rifl	PN	O	_	_
limiterebbe	limitare	VI	O	_	_
a	a	E	O	_	_
trarre	trarre	VF	O	_	_
le	il	RP	O	_	_
logiche	logico	AP	O	_	_
conseguenze	conseguenza	SP	O	_	_
dalle	da/det	EP	O	_	_
decisioni	decisione	SP	O	_	_
tribunalizie	tribunalizie	AP	O	_	_
,	comma	XPW	O	_	_
che	che	CCHE	O	_	_
sarebbero	essere	VIY	O	_	_
stati	essere	VPP	O	_	_
i	il	RP	O	_	_
vicini	vicino	SP	O	_	_
quelli	quello	PP	O	_	_
che	che	CCHE	O	_	_
eventualmente	eventualmente	B	O	_	_
avrebbero	avere	VIY	O	_	_
dovuto	dovere	VSP	O	_	_
fare	fare	VF	O	_	_
delle	di/det	EP	O	_	_
proposte	proposta	SP	O	_	_
.	.	XPS	O	_	_

Ebbene	ebbene	C	O	_	_
,	comma	XPW	O	_	_
a	a	E	O	_	_
Tesero	tesero	SPN	GPE	46.290416	11.511977
si	rifl	PN	O	_	_
discusse	discutere	VI	O	_	_
,	comma	XPW	O	_	_
e	e	C	O	_	_
quei	quello	DP	O	_	_
signori	signore	SP	O	_	_
che	che	CCHE	O	_	_
parlano	parlare	VI	O	_	_
di	di	E	O	_	_
«	«	XPO	O	_	_
spartioisti	spartioisti	SP	O	_	_
»	»	XPO	O	_	_
e	e	C	O	_	_
di	di	E	O	_	_
«	«	XPO	O	_	_
fanatici	fanatico	AP	O	_	_
agitatori	agitatore	SP	O	_	_
»	»	XPO	O	_	_
avrebbero	avere	VIY	O	_	_
avuto	avere	VSP	O	_	_
da	da	E	O	_	_
imparare	imparare	VF	O	_	_
dalla	da/det	ES	O	_	_
calma	calma	SS	O	_	_
e	e	C	O	_	_
la	il	RS	O	_	_
serenità	serenità	SN	O	_	_
con	con	E	O	_	_
cui	cui	PN	O	_	_
i	il	RP	O	_	_
capi	capo	SP	O	_	_
dei	di/det	EP	O	_	_
vicini	vicino	SP	O	_	_
parteciparono	partecipare	VI	O	_	_
alla	a/det	ES	O	_	_
discussione	discussione	SS	O	_	_
.	.	XPS	O	_	_

S’	s’	PN	O	_	_
era	essere	VIY	O	_	_
convenuto	convenire	VSP	O	_	_
che	che	CCHE	O	_	_
i	il	RP	O	_	_
comitati	comitato	SP	O	_	_
avrebbero	avere	VIY	O	_	_
poi	poi	B	O	_	_
riferito	riferire	VSP	O	_	_
agli	a/det	EP	O	_	_
altri	altro	PP	O	_	_
,	comma	XPW	O	_	_
ma	ma	C	O	_	_
che	che	CCHE	O	_	_
è	essere	VI	O	_	_
,	comma	XPW	O	_	_
che	che	CCHE	O	_	_
non	non	B	O	_	_
è	essere	VI	O	_	_
,	comma	XPW	O	_	_
le	il	RP	O	_	_
riunioni	riunione	SP	O	_	_
furono	essere	VIY	O	_	_
proibite	proibire	VPP	O	_	_
per	per	E	O	_	_
misure	misura	SP	O	_	_
d’	di	E	O	_	_
ordine	ordine	SS	O	_	_
.	.	XPS	O	_	_

Ma	ma	C	O	_	_
che	che	CCHE	O	_	_
pasticcio	pasticcio	SS	O	_	_
è	essere	VI	O	_	_
questo	questo	PS	O	_	_
?	?	XPS	O	_	_

Se	se	C	O	_	_
le	il	RP	O	_	_
autorità	autorità	SN	O	_	_
prendono	prendere	VI	O	_	_
tali	tale	AP	O	_	_
provvedimenti	provvedimento	SP	O	_	_
,	comma	XPW	O	_	_
un	uno	RS	O	_	_
bell’	bello	AS	O	_	_
aiuto	aiuto	SS	O	_	_
che	che	CCHE	O	_	_
danno	dare	VI	O	_	_
al	a/det	ES	O	_	_
deputato	deputato	SS	O	_	_
che	che	CCHE	O	_	_
cerca	cercare	VI	O	_	_
di	di	E	O	_	_
conciliare	conciliare	VF	O	_	_
le	il	RP	O	_	_
opposizioni	opposizione	SP	O	_	_
e	e	C	O	_	_
di	di	E	O	_	_
venire	venire	VF	O	_	_
ad	ad	E	O	_	_
un’	uno	RS	O	_	_
intesa	intesa	SS	O	_	_
legale	legale	AS	O	_	_
"!"	esclamation_mark	XPS	O	_	_

Si	rifl	PN	O	_	_
crede	credere	VI	O	_	_
proprio	proprio	B	O	_	_
che	che	CCHE	O	_	_
i	il	RP	O	_	_
fiemmesi	fiemmesi	SP	O	_	_
siano	essere	VI	O	_	_
dei	di/det	EP	O	_	_
pecoroni	pecorone	SP	O	_	_
?	?	XPS	O	_	_

Con	con	E	O	_	_
tali	tale	AP	O	_	_
sistemi	sistema	SP	O	_	_
non	non	B	O	_	_
si	rifl	PN	O	_	_
farà	fare	VI	O	_	_
che	che	CCHE	O	_	_
dare	dare	VF	O	_	_
la	il	RS	O	_	_
cosa	cosa	SS	O	_	_
in	in	E	O	_	_
mano	mano	SS	O	_	_
agli	a/det	EP	O	_	_
elementi	elemento	SP	O	_	_
torbidi	torbido	AP	O	_	_
che	che	CCHE	O	_	_
sono	essere	VI	O	_	_
in	in	E	O	_	_
ogni	ogni	DS	O	_	_
partito	partito	SS	O	_	_
.	.	XPS	O	_	_

Non	non	B	O	_	_
basta	bastare	VI	O	_	_
.	.	XPS	O	_	_

Come	come	CADV	O	_	_
rilevo	rilevare	VI	O	_	_
dall’	da/det	ES	O	_	_
Alto	alto	SPN	GPE	46.65596895	11.22964387
Adige	adige	SPN	GPE	46.65596895	11.22964387
,	comma	XPW	O	_	_
si	rifl	PN	O	_	_
pubblicò	pubblicare	VI	O	_	_
in	in	E	O	_	_
questi	questo	DP	O	_	_
giorni	giorno	SP	O	_	_
un	uno	RS	O	_	_
decreto	decreto	SS	O	_	_
capitanale	capitanale	AS	O	_	_
,	comma	XPW	O	_	_
il	il	RS	O	_	_
quale	quale	PS	O	_	_
per	per	E	O	_	_
la	il	RS	O	_	_
crudezza	crudezza	SS	O	_	_
con	con	E	O	_	_
cui	cui	PN	O	_	_
sono	essere	VIY	O	_	_
esposte	esporre	VPP	O	_	_
le	il	RP	O	_	_
cose	cosa	SP	O	_	_
non	non	B	O	_	_
lascia	lasciare	VI	O	_	_
nulla	nulla	PS	O	_	_
a	a	E	O	_	_
desiderare	desiderare	VF	O	_	_
.	.	XPS	O	_	_

Bel	bello	SPN	O	_	_
modo	modo	SS	O	_	_
davvero	davvero	B	O	_	_
di	di	E	O	_	_
conciliare	conciliare	VF	O	_	_
gli	il	RP	O	_	_
animi	animo	SP	O	_	_
.	.	XPS	O	_	_

Oh	oh	I	O	_	_
,	comma	XPW	O	_	_
insomma	insomma	C	O	_	_
,	comma	XPW	O	_	_
si	rifl	PN	O	_	_
vuole	volere	VI	O	_	_
fabbricare	fabbricare	VF	O	_	_
l’	il	RS	O	_	_
astratto	astratto	SS	O	_	_
a	a	E	O	_	_
forza	forza	SS	O	_	_
di	di	E	O	_	_
paragrafi	paragrafi	SS	O	_	_
o	o	C	O	_	_
il	il	RS	O	_	_
concreto	concreto	SS	O	_	_
,	comma	XPW	O	_	_
giovandosi	giovare/rifl	VG+E	O	_	_
dei	di/det	EP	O	_	_
fattori	fattore	SP	O	_	_
reali	reale	AP	O	_	_
e	e	C	O	_	_
delle	di/det	EP	O	_	_
condizioni	condizione	SP	O	_	_
come	come	CADV	O	_	_
sono	essere	VI	O	_	_
?	?	XPS	O	_	_

La	il	RS	O	_	_
s’	s’	PN	O	_	_
intenda	intendere	VI	O	_	_
una	uno	RS	O	_	_
volta	volta	SS	O	_	_
ad	ad	E	O	_	_
Innsbruck	innsbruck	SPN	GPE	47.2654296	11.3927685
.	.	XPS	O	_	_

I	il	RP	O	_	_
vicini	vicino	SP	O	_	_
,	comma	XPW	O	_	_
ossia	ossia	C	O	_	_
,	comma	XPW	O	_	_
per	per	E	O	_	_
non	non	B	O	_	_
ferire	ferire	VF	O	_	_
i	il	RP	O	_	_
troppo	troppo	B	O	_	_
giuridici	giuridico	AP	O	_	_
orecchi	orecchio	SP	O	_	_
,	comma	XPW	O	_	_
quel	quel	PS	O	_	_
partito	partito	SS	O	_	_
economico	economico	AS	O	_	_
il	il	RS	O	_	_
quale	quale	PS	O	_	_
,	comma	XPW	O	_	_
per	per	E	O	_	_
referendum	referendum	SN	O	_	_
,	comma	XPW	O	_	_
s’	s’	PN	O	_	_
è	essere	VIY	O	_	_
constatato	constatare	VSP	O	_	_
superare	superare	VF	O	_	_
il	il	RS	O	_	_
90	90	N	O	_	_
%	%	XPO	O	_	_
della	di/det	ES	O	_	_
popolazione	popolazione	SS	O	_	_
,	comma	XPW	O	_	_
non	non	B	O	_	_
sono	essere	VI	O	_	_
fanatici	fanatico	AP	O	_	_
,	comma	XPW	O	_	_
né	né	B	O	_	_
violenti	violento	AP	O	_	_
.	.	XPS	O	_	_

No	no	B	O	_	_
,	comma	XPW	O	_	_
nella	in/det	ES	O	_	_
grande	grande	AS	O	_	_
maggioranza	maggioranza	SS	O	_	_
sono	essere	VI	O	_	_
gente	gente	SS	O	_	_
onesta	onesto	AS	O	_	_
che	che	CCHE	O	_	_
vuole	volere	VI	O	_	_
non	non	B	O	_	_
l’	il	RS	O	_	_
illegalità	illegalità	SN	O	_	_
,	comma	XPW	O	_	_
ma	ma	C	O	_	_
un	uno	RS	O	_	_
componimento	componimento	SS	O	_	_
,	comma	XPW	O	_	_
un	uno	RS	O	_	_
compromesso	compromesso	SS	O	_	_
giusto	giusto	AS	O	_	_
.	.	XPS	O	_	_

Questo	questo	PS	O	_	_
è	essere	VI	O	_	_
possibile	possibile	AS	O	_	_
anche	anche	C	O	_	_
sulla	su/det	ES	O	_	_
base	base	SS	O	_	_
del	di/det	ES	O	_	_
regolamento	regolamento	SS	O	_	_
comunale	comunale	AS	O	_	_
;	semicolon	XPS	O	_	_

ma	ma	C	O	_	_
a	a	E	O	_	_
tale	tale	DS	O	_	_
compromesso	compromesso	SS	O	_	_
non	non	B	O	_	_
vengono	venire	VIY	O	_	_
certo	certo	B	O	_	_
conciliati	conciliare	VPP	O	_	_
gli	il	RP	O	_	_
animi	animo	SP	O	_	_
con	con	E	O	_	_
simili	simile	AP	O	_	_
misure	misura	SP	O	_	_
draconiane	draconiano	AP	O	_	_
.	.	XPS	O	_	_

Che	che	CCHE	O	_	_
se	se	C	O	_	_
su	su	E	O	_	_
tale	tale	DS	O	_	_
base	base	SS	O	_	_
non	non	B	O	_	_
si	rifl	PN	O	_	_
raggiungerà	raggiungere	VI	O	_	_
un	uno	RS	O	_	_
risultato	risultato	SS	O	_	_
soddisfacente	soddisfacente	AS	O	_	_
,	comma	XPW	O	_	_
rimane	rimanere	VI	O	_	_
ancora	ancora	B	O	_	_
la	il	RS	O	_	_
via	via	SS	O	_	_
aperta	aperto	AS	O	_	_
della	di/det	ES	O	_	_
legislazione	legislazione	SS	O	_	_
,	comma	XPW	O	_	_
e	e	C	O	_	_
la	il	RS	O	_	_
prossima	prossimo	AS	O	_	_
Dieta	dieta	SPN	O	_	_
dovrà	dovere	VI	O	_	_
occuparsene	occupare/rifl/part	VF+E	O	_	_
.	.	XPS	O	_	_

Sicuro	sicuro	AS	O	_	_
,	comma	XPW	O	_	_
dovrà	dovere	VI	O	_	_
occuparsene	occupare/rifl/part	VF+E	O	_	_
–	–	XPO	O	_	_
e	e	C	O	_	_
tutti	tutto	DP	O	_	_
i	il	RP	O	_	_
deputati	deputato	SP	O	_	_
del	di/det	ES	O	_	_
popolo	popolo	SS	O	_	_
dovranno	dovere	VI	O	_	_
prendere	prendere	VF	O	_	_
la	il	RS	O	_	_
questione	questione	SS	O	_	_
in	in	E	O	_	_
mano	mano	SS	O	_	_
,	comma	XPW	O	_	_
col	con/det	ES	O	_	_
serio	serio	AS	O	_	_
proposito	proposito	SS	O	_	_
di	di	E	O	_	_
scioglierla	sciogliere/pro	VF+E	O	_	_
.	.	XPS	O	_	_

Scioglierla	sciogliere/pro	VF+E	O	_	_
,	comma	XPW	O	_	_
intendiamoci	intendiamoci	VI	O	_	_
,	comma	XPW	O	_	_
non	non	B	O	_	_
sulla	su/det	ES	O	_	_
carta	carta	SS	O	_	_
,	comma	XPW	O	_	_
ma	ma	C	O	_	_
in	in	E	O	_	_
modo	modo	SS	O	_	_
che	che	CCHE	O	_	_
ne	ne	PN	O	_	_
venga	venire	VI	O	_	_
la	il	RS	O	_	_
pace	pace	SS	O	_	_
di	di	E	O	_	_
fatto	fatto	SS	O	_	_
.	.	XPS	O	_	_

Dopo	dopo	C	O	_	_
di	di	E	O	_	_
che	che	CCHE	O	_	_
,	comma	XPW	O	_	_
si	rifl	PN	O	_	_
metta	mettere	VI	O	_	_
mano	mano	SS	O	_	_
alla	a/det	ES	O	_	_
questione	questione	SS	O	_	_
ferroviaria	ferroviario	AS	O	_	_
.	.	XPS	O	_	_

È	essere	VI	O	_	_
una	uno	RS	O	_	_
vergogna	vergogna	SS	O	_	_
che	che	CCHE	O	_	_
la	il	RS	O	_	_
Val	val	SPN	O	_	_
di	di	E	O	_	_
Fiemme	fiemme	SPN	O	_	_
serva	servire	VI	O	_	_
di	di	E	O	_	_
canale	canale	SS	O	_	_
d’	di	E	O	_	_
esperimento	esperimento	SS	O	_	_
per	per	E	O	_	_
il	il	RS	O	_	_
Governo	governo	SS	O	_	_
che	che	CCHE	O	_	_
vuole	volere	VI	O	_	_
trasportare	trasportare	VF	O	_	_
i	il	RP	O	_	_
berlinesi	berlinese	SP	O	_	_
a	a	E	O	_	_
San	san	SPN	O	_	_
Martino	martino	SPN	O	_	_
"!"	esclamation_mark	XPS	O	_	_

È	essere	VI	O	_	_
un	uno	RS	O	_	_
disastro	disastro	SS	O	_	_
per	per	E	O	_	_
noi	noi	PP	O	_	_
,	comma	XPW	O	_	_
del	di/det	ES	O	_	_
Trentino	trentino	SPN	GPE	46.102869	11.12961993
,	comma	XPW	O	_	_
che	che	CCHE	O	_	_
lasciamo	lasciare	VI	O	_	_
andare	andare	VF	O	_	_
le	il	RP	O	_	_
cose	cosa	SP	O	_	_
sino	sino	B	O	_	_
che	che	CCHE	O	_	_
i	il	RP	O	_	_
nostri	nostro	DP	O	_	_
avversari	avversario	SP	O	_	_
economici	economico	AP	O	_	_
avranno	avere	VIY	O	_	_
preparate	preparare	VPP	O	_	_
tutte	tutto	DP	O	_	_
–	–	XPO	O	_	_
è	essere	VI	O	_	_
una	uno	RS	O	_	_
cecità	cecità	SN	O	_	_
pericolosa	pericoloso	AS	O	_	_
quella	quello	PS	O	_	_
–	–	XPO	O	_	_
le	il	RP	O	_	_
premesse	premessa	SP	O	_	_
per	per	E	O	_	_
costringerci	costringere/loc/pro	VF+E	O	_	_
a	a	E	O	_	_
cedere	cedere	VF	O	_	_
,	comma	XPW	O	_	_
di	di	E	O	_	_
coloro	colui	PP	O	_	_
che	che	CCHE	O	_	_
persistono	persistere	VI	O	_	_
nella	in/det	ES	O	_	_
politica	politica	SS	O	_	_
puramente	puramente	B	O	_	_
negativa	negativo	AS	O	_	_
e	e	C	O	_	_
dicono	dire	VI	O	_	_
:	:	XPS	O	_	_
piuttosto	piuttosto	B	O	_	_
che	che	CCHE	O	_	_
una	uno	RS	O	_	_
ferrovia	ferrovia	SS	O	_	_
a	a	E	O	_	_
questo	questo	DS	O	_	_
verso	verso	SS	O	_	_
,	comma	XPW	O	_	_
meglio	meglio	B	O	_	_
nulla	nulla	PS	O	_	_
.	.	XPS	O	_	_

Ma	ma	C	O	_	_
sì	sì	B	O	_	_
,	comma	XPW	O	_	_
tenete	tenere	VI	O	_	_
le	il	RP	O	_	_
mani	mano	SP	O	_	_
in	in	E	O	_	_
panciolle	panciolle	SP	O	_	_
,	comma	XPW	O	_	_
ed	ed	C	O	_	_
aspettate	aspettare	VPP	O	_	_
che	che	CCHE	O	_	_
i	il	RP	O	_	_
bolzanini	bolzanino	SP	O	_	_
vengano	venire	VIY	O	_	_
fino	fino	E	O	_	_
a	a	E	O	_	_
Leifers	leifers	SPN	O	_	_
,	comma	XPW	O	_	_
e	e	C	O	_	_
più	più	B	O	_	_
giù	giù	B	O	_	_
,	comma	XPW	O	_	_
aspettate	aspettare	VPP	O	_	_
che	che	CCHE	O	_	_
sulla	su/det	ES	O	_	_
via	via	SS	O	_	_
dolomitica	dolomitico	AS	O	_	_
mettano	mettere	VI	O	_	_
il	il	RS	O	_	_
tram	tram	AS	O	_	_
Ampezzo	ampezzo	SPN	GPE	46.4170855	12.7902735
-	-	XPO	O	_	_
Gardena	gardena	SPN	O	_	_
e	e	C	O	_	_
poi	poi	B	O	_	_
lagnatevi	lagnatevi	VI	O	_	_
,	comma	XPW	O	_	_
poi	poi	B	O	_	_
imprecate	imprecare	VPP	O	_	_
"!"	esclamation_mark	XPS	O	_	_

È	essere	VI	O	_	_
ora	ora	B	O	_	_
di	di	E	O	_	_
finirla	finire/pro	VF+E	O	_	_
"!"	esclamation_mark	XPS	O	_	_

Diciamo	dire	VI	O	_	_
le	il	RP	O	_	_
cose	cosa	SP	O	_	_
come	come	CADV	O	_	_
sono	essere	VI	O	_	_
,	comma	XPW	O	_	_
e	e	C	O	_	_
punto	punto	SS	O	_	_
.	.	XPS	O	_	_

Non	non	B	O	_	_
ho	avere	VIY	O	_	_
preso	prendere	VSP	O	_	_
la	il	RS	O	_	_
parola	parola	SS	O	_	_
per	per	E	O	_	_
scopi	scopo	SP	O	_	_
elettorali	elettorale	AP	O	_	_
;	semicolon	XPS	O	_	_

quando	quando	CADV	O	_	_
arriverà	arrivare	VI	O	_	_
in	in	E	O	_	_
Fiemme	fiemme	SPN	O	_	_
questo	questo	DS	O	_	_
articolo	articolo	SS	O	_	_
,	comma	XPW	O	_	_
le	il	RP	O	_	_
elezioni	elezione	SP	O	_	_
saranno	essere	VIY	O	_	_
già	già	B	O	_	_
fatte	fare	VPP	O	_	_
e	e	C	O	_	_
i	il	RP	O	_	_
fiemmesi	fiemmesi	SP	O	_	_
avranno	avere	VIY	O	_	_
già	già	B	O	_	_
deciso	decidere	VSP	O	_	_
circa	circa	B	O	_	_
l’	il	RS	O	_	_
empiastro	empiastro	SS	O	_	_
che	che	CCHE	O	_	_
anche	anche	C	O	_	_
per	per	E	O	_	_
la	il	RS	O	_	_
comunità	comunità	SN	O	_	_
tiene	tenere	VI	O	_	_
pronto	pronto	AS	O	_	_
l’	il	RS	O	_	_
avvocato	avvocato	SS	O	_	_
Morandini	morandini	SPN	PER	_	_
.	.	XPS	O	_	_

Ma	ma	C	O	_	_
chi	chi	CCHI	O	_	_
scrive	scrivere	VI	O	_	_
ha	avere	VIY	O	_	_
parlato	parlare	VSP	O	_	_
col	con/det	ES	O	_	_
cuore	cuore	SS	O	_	_
in	in	E	O	_	_
mano	mano	SS	O	_	_
,	comma	XPW	O	_	_
senza	senza	E	O	_	_
fronzoli	fronzolo	SP	O	_	_
letterari	letterario	AP	O	_	_
ed	ed	C	O	_	_
involucri	involucri	VI	O	_	_
di	di	E	O	_	_
periodi	periodo	SP	O	_	_
dirigendosi	dirigendosi	AP	O	_	_
più	più	B	O	_	_
a	a	E	O	_	_
chi	chi	CCHI	O	_	_
sta	stare	VI	O	_	_
fuori	fuori	B	O	_	_
che	che	CCHE	O	_	_
dentro	dentro	E	O	_	_
Fiemme	fiemme	SPN	O	_	_
.	.	XPS	O	_	_

E	e	C	O	_	_
perché	perché	C	O	_	_
di	di	E	O	_	_
tali	tale	AP	O	_	_
opinioni	opinione	SP	O	_	_
,	comma	XPW	O	_	_
per	per	E	O	_	_
quanto	quanto	B	O	_	_
si	rifl	PN	O	_	_
proponga	proporre	VI	O	_	_
di	di	E	O	_	_
far	fare	VF	O	_	_
loro	loro	PP	O	_	_
largo	largo	AS	O	_	_
nel	in/det	ES	O	_	_
partito	partito	SS	O	_	_
popolare	popolare	AS	O	_	_
,	comma	XPW	O	_	_
assume	assumere	VI	O	_	_
solo	solo	B	O	_	_
una	uno	RS	O	_	_
responsabilità	responsabilità	SN	O	_	_
personale	personale	AS	O	_	_
,	comma	XPW	O	_	_
si	rifl	PN	O	_	_
firma	firmare	VI	O	_	_
col	con/det	ES	O	_	_
nome	nome	SS	O	_	_
e	e	C	O	_	_
cognome	cognome	SS	O	_	_
.	.	XPS	O	_	_

Dixi	dixi	SPN	O	_	_
et	et	B	O	_	_
servavi	servavi	VI	O	_	_
animam	animam	SS	O	_	_
meam	meam	AS	O	_	_
"!"	esclamation_mark	XPS	O	_	_
