# total number of persons:2, total number of gpes:9
Abbiamo	avere	VI	O	_	_
ora	ora	B	O	_	_
sott’	sott’	AS	O	_	_
occhio	occhio	SS	O	_	_
tutta	tutto	DS	O	_	_
la	il	RS	O	_	_
trama	trama	SS	O	_	_
dei	di/det	EP	O	_	_
calunniatori	calunniatore	SP	O	_	_
e	e	C	O	_	_
dei	di/det	EP	O	_	_
falsari	falsario	SP	O	_	_
.	.	XPS	O	_	_

Le	il	RP	O	_	_
Innsbrucker	innsbrucker	SPN	O	_	_
Nachrichten	nachrichten	SPN	O	_	_
distendono	distendere	VI	O	_	_
in	in	E	O	_	_
una	uno	RS	O	_	_
colonna	colonna	SS	O	_	_
e	e	C	O	_	_
mezzo	mezzo	SS	O	_	_
quello	quello	PS	O	_	_
che	che	CCHE	O	_	_
la	la	PS	O	_	_
Presse	presse	SPN	O	_	_
di	di	E	O	_	_
ieri	ieri	B	O	_	_
riferiva	riferire	VI	O	_	_
in	in	E	O	_	_
un	uno	RS	O	_	_
breve	breve	AS	O	_	_
telegramma	telegramma	SS	O	_	_
.	.	XPS	O	_	_

Le	il	RP	O	_	_
Nachrichten	nachrichten	SPN	O	_	_
annunziano	annunziare	VI	O	_	_
nel	in/det	ES	O	_	_
tono	tono	SS	O	_	_
delle	di/det	EP	O	_	_
rivelazioni	rivelazione	SP	O	_	_
importanti	importante	AP	O	_	_
che	che	CCHE	O	_	_
l’	il	RS	O	_	_
ordinariato	ordinariato	SS	O	_	_
della	di/det	ES	O	_	_
diocesi	diocesi	SP	O	_	_
di	di	E	O	_	_
Trento	trento	SPN	GPE	46.0664228	11.1257601
ha	avere	VIY	O	_	_
diretto	dirigere	VSP	O	_	_
ai	a/det	EP	O	_	_
parroci	parroci	SP	O	_	_
italiani	italiano	AP	O	_	_
una	uno	RS	O	_	_
circolare	circolare	SS	O	_	_
confidenziale	confidenziale	AS	O	_	_
intorno	intorno	E	O	_	_
all’	a/det	ES	O	_	_
attività	attività	SN	O	_	_
del	di/det	ES	O	_	_
Tiroler	tiroler	SPN	O	_	_
Volksbund	volksbund	SPN	O	_	_
.	.	XPS	O	_	_

Le	il	RP	O	_	_
Nachrichten	nachrichten	SPN	O	_	_
pubblicano	pubblicare	VI	O	_	_
anche	anche	C	O	_	_
il	il	RS	O	_	_
testo	testo	SS	O	_	_
della	di/det	ES	O	_	_
circolare	circolare	SS	O	_	_
,	comma	XPW	O	_	_
ed	ed	C	O	_	_
è	essere	VI	O	_	_
bene	bene	B	O	_	_
,	comma	XPW	O	_	_
perché	perché	C	O	_	_
dal	da/det	ES	O	_	_
testo	testo	SS	O	_	_
della	di/det	ES	O	_	_
stessa	stesso	DS	O	_	_
per	per	E	O	_	_
ogni	ogni	DS	O	_	_
uomo	uomo	SS	O	_	_
onesto	onesto	AS	O	_	_
risulta	risultare	VI	O	_	_
con	con	E	O	_	_
documentata	documentato	AS	O	_	_
chiarezza	chiarezza	SS	O	_	_
che	che	CCHE	O	_	_
si	rifl	PN	O	_	_
tratta	trattare	VI	O	_	_
di	di	E	O	_	_
un’	uno	RS	O	_	_
inchiesta	inchiesta	SS	O	_	_
che	che	CCHE	O	_	_
l’	il	RS	O	_	_
autorità	autorità	SN	O	_	_
diocesana	diocesano	AS	O	_	_
ha	avere	VIY	O	_	_
inteso	intendere	VSP	O	_	_
avviare	avviare	VF	O	_	_
presso	presso	B	O	_	_
i	il	RP	O	_	_
propri	proprio	DP	O	_	_
organi	organo	SP	O	_	_
e	e	C	O	_	_
nella	in/det	ES	O	_	_
sua	suo	DS	O	_	_
sfera	sfera	SS	O	_	_
d’	di	E	O	_	_
azione	azione	SS	O	_	_
nell’	in/det	ES	O	_	_
interesse	interesse	SS	O	_	_
della	di/det	ES	O	_	_
verità	verità	SN	O	_	_
e	e	C	O	_	_
degli	di/det	EP	O	_	_
scopi	scopo	SP	O	_	_
altissimi	altissimo	AP	O	_	_
che	che	CCHE	O	_	_
l’	il	RS	O	_	_
autorità	autorità	SN	O	_	_
stessa	stesso	DS	O	_	_
nella	in/det	ES	O	_	_
sua	suo	DS	O	_	_
provvidenza	provvidenza	SS	O	_	_
pastorale	pastorale	AS	O	_	_
ha	avere	VI	O	_	_
il	il	RS	O	_	_
dovere	dovere	SS	O	_	_
di	di	E	O	_	_
perseguire	perseguire	VF	O	_	_
.	.	XPS	O	_	_

Il	il	RS	O	_	_
questionario	questionario	SS	O	_	_
domanda	domandare	VI	O	_	_
se	se	C	O	_	_
nella	in/det	ES	O	_	_
rispettiva	rispettivo	AS	O	_	_
cura	cura	SS	O	_	_
esista	esistere	VI	O	_	_
un	uno	RS	O	_	_
gruppo	gruppo	SS	O	_	_
del	di/det	ES	O	_	_
Volksbund	volksbund	SPN	O	_	_
e	e	C	O	_	_
come	come	CADV	O	_	_
religiosamente	religiosamente	AS	O	_	_
ed	ed	C	O	_	_
in	in	E	O	_	_
relazione	relazione	SS	O	_	_
col	con/det	ES	O	_	_
curatore	curatore	SS	O	_	_
d’	di	E	O	_	_
anime	anime	SS	O	_	_
si	rifl	PN	O	_	_
comporti	comportare	VI	O	_	_
,	comma	XPW	O	_	_
in	in	E	O	_	_
qual	quale	AS	O	_	_
modo	modo	SS	O	_	_
il	il	RS	O	_	_
gruppo	gruppo	SS	O	_	_
sia	essere	VIY	O	_	_
stato	essere	VSPY	O	_	_
fondato	fondare	VSP	O	_	_
,	comma	XPW	O	_	_
se	se	C	O	_	_
faccia	fare	VI	O	_	_
agitazione	agitazione	SS	O	_	_
per	per	E	O	_	_
scuole	scuola	SP	O	_	_
di	di	E	O	_	_
altra	altro	DS	O	_	_
nazionalità	nazionalità	SN	O	_	_
e	e	C	O	_	_
se	se	C	O	_	_
mostri	mostrare	VI	O	_	_
tendenze	tendenza	SP	O	_	_
protestanti	protestante	AP	O	_	_
.	.	XPS	O	_	_

Il	il	RS	O	_	_
questionario	questionario	SS	O	_	_
stesso	stesso	DS	O	_	_
si	rifl	PN	O	_	_
fa	fare	VI	O	_	_
cura	cura	SS	O	_	_
di	di	E	O	_	_
avvertire	avvertire	VF	O	_	_
che	che	CCHE	O	_	_
non	non	B	O	_	_
si	rifl	PN	O	_	_
limitino	limitare	VI	O	_	_
ad	ad	E	O	_	_
osservazioni	osservazione	SP	O	_	_
generiche	generico	AP	O	_	_
,	comma	XPW	O	_	_
ma	ma	C	O	_	_
si	rifl	PN	O	_	_
precisino	precisare	VI	O	_	_
eventuali	eventuale	AP	O	_	_
risultanze	risultanza	SP	O	_	_
concrete	concreto	AP	O	_	_
.	.	XPS	O	_	_

Nell’	in/det	ES	O	_	_
accompagnatoria	accompagnatoria	SS	O	_	_
poi	poi	B	O	_	_
viene	venire	VIY	O	_	_
fissato	fissare	VSP	O	_	_
che	che	CCHE	O	_	_
l’	il	RS	O	_	_
inchiesta	inchiesta	SS	O	_	_
ha	avere	VI	O	_	_
lo	il	RS	O	_	_
scopo	scopo	SS	O	_	_
di	di	E	O	_	_
assodare	assodare	VF	O	_	_
gli	il	RP	O	_	_
eventuali	eventuale	AP	O	_	_
danni	danno	SP	O	_	_
o	o	C	O	_	_
pericoli	pericolo	SP	O	_	_
che	che	CCHE	O	_	_
il	il	RS	O	_	_
Volksbund	volksbund	SPN	O	_	_
recasse	recare	VI	O	_	_
alla	a/det	ES	O	_	_
pace	pace	SS	O	_	_
religiosa	religioso	AS	O	_	_
e	e	C	O	_	_
nazionale	nazionale	AS	O	_	_
ed	ed	C	O	_	_
il	il	RS	O	_	_
rispettivo	rispettivo	AS	O	_	_
curatore	curatore	SS	O	_	_
di	di	E	O	_	_
anime	anima	SP	O	_	_
viene	venire	VIY	O	_	_
incaricato	incaricare	VSP	O	_	_
di	di	E	O	_	_
fare	fare	VF	O	_	_
esatti	esatti	SP	O	_	_
rilievi	rilievi	AP	O	_	_
,	comma	XPW	O	_	_
oggettivamente	oggettivamente	B	O	_	_
,	comma	XPW	O	_	_
sine	sine	SS	O	_	_
ira	ira	AS	O	_	_
et	et	B	O	_	_
studio	studio	SS	O	_	_
,	comma	XPW	O	_	_
raccomanda	raccomandare	VI	O	_	_
la	il	RS	O	_	_
circolare	circolare	SS	O	_	_
.	.	XPS	O	_	_

Ogni	ogni	DS	O	_	_
persona	persona	SS	O	_	_
equa	equo	AS	O	_	_
dovrà	dovere	VI	O	_	_
concedere	concedere	VF	O	_	_
che	che	CCHE	O	_	_
si	rifl	PN	O	_	_
tratta	trattare	VI	O	_	_
di	di	E	O	_	_
un’	uno	RS	O	_	_
inchiesta	inchiesta	SS	O	_	_
in	in	E	O	_	_
favore	favore	SS	O	_	_
della	di/det	ES	O	_	_
verità	verità	SN	O	_	_
.	.	XPS	O	_	_

Se	se	C	O	_	_
gli	il	RP	O	_	_
agitatori	agitatore	SP	O	_	_
del	di/det	ES	O	_	_
Volksbund	volksbund	SPN	O	_	_
nel	in/det	ES	O	_	_
nostro	nostro	DS	O	_	_
paese	paese	SS	O	_	_
non	non	B	O	_	_
si	rifl	PN	O	_	_
sentono	sentire	VIY	O	_	_
gravata	gravare	VSP	O	_	_
la	il	RS	O	_	_
coscienza	coscienza	SS	O	_	_
,	comma	XPW	O	_	_
perché	perché	C	O	_	_
tante	tanto	DP	O	_	_
inquietudini	inquietudine	SP	O	_	_
,	comma	XPW	O	_	_
perché	perché	C	O	_	_
tanta	tanto	DS	O	_	_
rabbia	rabbia	SS	O	_	_
?	?	XPS	O	_	_

Oltre	oltre	E	O	_	_
a	a	E	O	_	_
ciò	ciò`	PS	O	_	_
il	il	RS	O	_	_
testo	testo	SS	O	_	_
stesso	stesso	AS	O	_	_
della	di/det	ES	O	_	_
circolare	circolare	SS	O	_	_
è	essere	VI	O	_	_
la	il	RS	O	_	_
più	più	B	O	_	_
bella	bello	AS	O	_	_
prova	prova	SS	O	_	_
che	che	CCHE	O	_	_
si	rifl	PN	O	_	_
tratta	trattare	VI	O	_	_
di	di	E	O	_	_
un	uno	RS	O	_	_
atto	atto	SS	O	_	_
che	che	CCHE	O	_	_
si	rifl	PN	O	_	_
mantiene	mantenere	VI	O	_	_
entro	entro	E	O	_	_
la	il	RS	O	_	_
sfera	sfera	SS	O	_	_
e	e	C	O	_	_
le	il	RP	O	_	_
attribuzioni	attribuzione	SP	O	_	_
dell’	di/det	ES	O	_	_
autorità	autorità	SN	O	_	_
ecclesiastica	ecclesiastico	AS	O	_	_
,	comma	XPW	O	_	_
e	e	C	O	_	_
non	non	B	O	_	_
di	di	E	O	_	_
un’	uno	RS	O	_	_
azione	azione	SS	O	_	_
politica	politico	AS	O	_	_
.	.	XPS	O	_	_

Del	di/det	ES	O	_	_
resto	resto	SS	O	_	_
non	non	B	O	_	_
afferma	affermare	VI	O	_	_
il	il	RS	O	_	_
Volksbund	volksbund	SPN	O	_	_
stesso	stesso	DS	O	_	_
di	di	E	O	_	_
non	non	B	O	_	_
occuparsi	occupare/rifl	VF+E	O	_	_
affatto	affatto	B	O	_	_
di	di	E	O	_	_
politica	politica	SS	O	_	_
,	comma	XPW	O	_	_
ma	ma	C	O	_	_
solo	solo	B	O	_	_
di	di	E	O	_	_
problemi	problema	SP	O	_	_
di	di	E	O	_	_
cultura	cultura	SS	O	_	_
e	e	C	O	_	_
di	di	E	O	_	_
nazionalità	nazionalità	SN	O	_	_
?	?	XPS	O	_	_

Ebbene	ebbene	C	O	_	_
,	comma	XPW	O	_	_
vediamo	vedere	VI	O	_	_
che	che	CCHE	O	_	_
cosa	cosa	SS	O	_	_
hanno	avere	VIY	O	_	_
saputo	sapere	VSP	O	_	_
fare	fare	VF	O	_	_
gli	il	RP	O	_	_
ispiratori	ispiratore	SP	O	_	_
del	di/det	ES	O	_	_
Volksbund	volksbund	SPN	O	_	_
di	di	E	O	_	_
codesto	codesto	DS	O	_	_
innocente	innocente	AS	O	_	_
foglio	foglio	SS	O	_	_
richiesta	richiesta	SS	O	_	_
,	comma	XPW	O	_	_
capitato	capitare	VSP	O	_	_
nelle	in/det	EP	O	_	_
loro	loro	DP	O	_	_
mani	mano	SP	O	_	_
per	per	E	O	_	_
qualche	qualche	DS	O	_	_
disguido	disguido	SS	O	_	_
postale	postale	AS	O	_	_
o	o	C	O	_	_
per	per	E	O	_	_
chissà	chissà	B	O	_	_
quale	quale	DS	O	_	_
inavvertenza	inavvertenza	SS	O	_	_
.	.	XPS	O	_	_

Due	due	N	O	_	_
cose	cosa	SP	O	_	_
:	:	XPS	O	_	_
prima	prima	C	O	_	_
ne	ne	PN	O	_	_
derivarono	derivare	VI	O	_	_
una	uno	RS	O	_	_
delazione	delazione	SS	O	_	_
politica	politico	AS	O	_	_
in	in	E	O	_	_
tutta	tutto	DS	O	_	_
regola	regola	SS	O	_	_
,	comma	XPW	O	_	_
invitando	invitare	VG	O	_	_
il	il	RS	O	_	_
Governo	governo	SS	O	_	_
ad	ad	E	O	_	_
intervenire	intervenire	VF	O	_	_
contro	contro	E	O	_	_
mons.	mons.	SS	O	_	_
Endrici	endrici	SPN	PER	_	_
il	il	RS	O	_	_
quale	quale	PS	O	_	_
,	comma	XPW	O	_	_
essendo	essere	VG	O	_	_
Vescovo	vescovo	SS	O	_	_
di	di	E	O	_	_
Trento	trento	SPN	GPE	46.0664228	11.1257601
e	e	C	O	_	_
di	di	E	O	_	_
Bolzano	bolzano	SPN	GPE	46.4981125	11.3547801
,	comma	XPW	O	_	_
s’	s’	PN	O	_	_
è	essere	VIY	O	_	_
posto	porre	VSP	O	_	_
dalla	da/det	ES	O	_	_
parte	parte	SS	O	_	_
dei	di/det	EP	O	_	_
Landeszerreisser	landeszerreisser	SPN	O	_	_
,	comma	XPW	O	_	_
degli	di/det	EP	O	_	_
sbranatori	sbranatori	SP	O	_	_
del	di/det	ES	O	_	_
Tirolo	tirolo	SPN	GPE	47.223193	11.5261028
,	comma	XPW	O	_	_
aiutando	aiutare	VG	O	_	_
così	così	B	O	_	_
il	il	RS	O	_	_
movimento	movimento	SS	O	_	_
irredentista	irredentista	AS	O	_	_
.	.	XPS	O	_	_

«	«	XPO	O	_	_
Il	il	RS	O	_	_
Vescovo	vescovo	SS	O	_	_
di	di	E	O	_	_
Trento	trento	SPN	O	_	_
–	–	XPO	O	_	_
dice	dire	VI	O	_	_
il	il	RS	O	_	_
foglio	foglio	SS	O	_	_
enipontano	enipontano	VI	O	_	_
–	–	XPO	O	_	_
invece	invece	C	O	_	_
di	di	E	O	_	_
ricavare	ricavare	VF	O	_	_
dalle	da/det	EP	O	_	_
dimostrazioni	dimostrazione	SP	O	_	_
di	di	E	O	_	_
Bolzano	bolzano	SPN	GPE	46.4981125	11.3547801
l’	il	RS	O	_	_
ammaestramento	ammaestramento	SS	O	_	_
che	che	CCHE	O	_	_
la	il	RS	O	_	_
dignità	dignità	SN	O	_	_
della	di/det	ES	O	_	_
sua	suo	DS	O	_	_
posizione	posizione	SS	O	_	_
è	essere	VIY	O	_	_
già	già	B	O	_	_
in	in	E	O	_	_
pericolo	pericolo	SS	O	_	_
,	comma	XPW	O	_	_
ha	avere	VIY	O	_	_
invece	invece	B	O	_	_
mosso	muovere	VSP	O	_	_
un	uno	RS	O	_	_
altro	altro	DS	O	_	_
passo	passo	SS	O	_	_
gravissimo	grave	AS	O	_	_
contro	contro	E	O	_	_
i	il	RP	O	_	_
difensori	difensore	SP	O	_	_
dell’	di/det	ES	O	_	_
unità	unità	SN	O	_	_
provinciale	provinciale	AS	O	_	_
.	.	XPS	O	_	_

»	»	XPO	O	_	_
I	il	RP	O	_	_
germanizzatori	germanizzatori	SP	O	_	_
sfuggono	sfuggire	VI	O	_	_
dunque	dunque	C	O	_	_
la	il	RS	O	_	_
discussione	discussione	SS	O	_	_
sul	su/det	ES	O	_	_
loro	loro	DP	O	_	_
terreno	terreno	SS	O	_	_
per	per	E	O	_	_
ingannare	ingannare	VF	O	_	_
ancora	ancora	B	O	_	_
una	uno	RS	O	_	_
volta	volta	SS	O	_	_
,	comma	XPW	O	_	_
se	se	C	O	_	_
è	essere	VI	O	_	_
possibile	possibile	AS	O	_	_
,	comma	XPW	O	_	_
il	il	RS	O	_	_
popolo	popolo	SS	O	_	_
del	di/det	ES	O	_	_
Tirolo	tirolo	SPN	GPE	47.223193	11.5261028
.	.	XPS	O	_	_

Essi	essi	PP	O	_	_
tentano	tentare	VI	O	_	_
di	di	E	O	_	_
organizzare	organizzare	VF	O	_	_
per	per	E	O	_	_
i	il	RP	O	_	_
loro	loro	DP	O	_	_
scopi	scopo	SP	O	_	_
Governo	governo	SPN	O	_	_
e	e	C	O	_	_
tirolesi	tirolese	SP	O	_	_
,	comma	XPW	O	_	_
senza	senza	E	O	_	_
distinzione	distinzione	SS	O	_	_
di	di	E	O	_	_
parte	parte	SS	O	_	_
sotto	sotto	E	O	_	_
la	il	RS	O	_	_
bandiera	bandiera	SS	O	_	_
dell’	di/det	ES	O	_	_
unità	unità	SN	O	_	_
politica	politico	AS	O	_	_
,	comma	XPW	O	_	_
per	per	E	O	_	_
nascondere	nascondere	VF	O	_	_
che	che	CCHE	O	_	_
il	il	RS	O	_	_
Volksbund	volksbund	SPN	O	_	_
è	essere	VIY	O	_	_
combattuto	combattere	VSP	O	_	_
sopra	sopra	B	O	_	_
ogni	ogni	DS	O	_	_
altra	altro	DS	O	_	_
cosa	cosa	SS	O	_	_
e	e	C	O	_	_
,	comma	XPW	O	_	_
nei	in/det	EP	O	_	_
riguardi	riguardo	SP	O	_	_
pastorali	pastorale	AP	O	_	_
,	comma	XPW	O	_	_
solamente	solamente	B	O	_	_
in	in	E	O	_	_
quanto	quanto	B	O	_	_
la	il	RS	O	_	_
sua	suo	DS	O	_	_
azione	azione	SS	O	_	_
s’	s’	PN	O	_	_
è	essere	VIY	O	_	_
dimostrata	dimostrare	VSP	O	_	_
perniciosa	pernicioso	AS	O	_	_
alla	a/det	ES	O	_	_
pace	pace	SS	O	_	_
religiosa	religioso	AS	O	_	_
ed	ed	C	O	_	_
alla	a/det	ES	O	_	_
causa	causa	SS	O	_	_
dell’	di/det	ES	O	_	_
equità	equità	SN	O	_	_
nazionale	nazionale	AS	O	_	_
.	.	XPS	O	_	_

Vano	vano	SPN	O	_	_
tentativo	tentativo	AS	O	_	_
,	comma	XPW	O	_	_
speriamo	sperare	VI	O	_	_
ormai	ormai	B	O	_	_
.	.	XPS	O	_	_

La	il	RS	O	_	_
breccia	breccia	SS	O	_	_
s’	s’	PN	O	_	_
allarga	allargare	VI	O	_	_
sempre	sempre	B	O	_	_
più	più	B	O	_	_
,	comma	XPW	O	_	_
la	il	RS	O	_	_
verità	verità	SN	O	_	_
è	essere	VI	O	_	_
in	in	E	O	_	_
marcia	marcia	SS	O	_	_
"!"	esclamation_mark	XPS	O	_	_

I	il	RP	O	_	_
falsari	falsario	SP	O	_	_
l’	l’	PS	O	_	_
hanno	avere	VIY	O	_	_
forse	forse	B	O	_	_
intravisto	intravedere	VSP	O	_	_
e	e	C	O	_	_
perciò	perciò	C	O	_	_
credettero	credere	VI	O	_	_
necessario	necessario	AS	O	_	_
ricorrere	ricorrere	VF	O	_	_
ad	ad	E	O	_	_
un	uno	RS	O	_	_
altro	altro	DS	O	_	_
trucco	trucco	SS	O	_	_
.	.	XPS	O	_	_

Inventarono	inventare	VI	O	_	_
e	e	C	O	_	_
propalarono	propalare	VI	O	_	_
ai	a/det	EP	O	_	_
quattro	quattro	N	O	_	_
venti	venti	N	O	_	_
che	che	CCHE	O	_	_
parte	parte	SS	O	_	_
del	di/det	ES	O	_	_
clero	clero	SS	O	_	_
trentino	trentino	AS	O	_	_
«	«	XPO	O	_	_
quello	quello	PS	O	_	_
di	di	E	O	_	_
sentimenti	sentimento	SP	O	_	_
tirolesi	tirolese	AP	O	_	_
»	»	XPO	O	_	_
si	rifl	PN	O	_	_
ribellò	ribellare	VI	O	_	_
al	a/det	ES	O	_	_
Vescovo	vescovo	SS	O	_	_
ed	ed	C	O	_	_
incaricò	incaricare	VI	O	_	_
la	il	RS	O	_	_
stampa	stampa	SS	O	_	_
ebraico-liberale	ebraico-liberale	AS	O	_	_
di	di	E	O	_	_
farsi	fare/rifl	VF+E	O	_	_
banditrice	banditrice	SS	O	_	_
della	di/det	ES	O	_	_
loro	loro	DP	O	_	_
protesta	protesta	SS	O	_	_
.	.	XPS	O	_	_

La	il	RS	O	_	_
Presse	presse	SPN	O	_	_
parla	parlare	VI	O	_	_
di	di	E	O	_	_
una	uno	RS	O	_	_
conferenza	conferenza	SS	O	_	_
avuta	avere	VSP	O	_	_
da	da	E	O	_	_
alcuni	alcuni	DP	O	_	_
parroci	parroci	SP	O	_	_
,	comma	XPW	O	_	_
le	il	RP	O	_	_
Nachrichten	nachrichten	SPN	O	_	_
narrano	narrare	VI	O	_	_
già	già	B	O	_	_
di	di	E	O	_	_
parecchie	parecchio	AP	O	_	_
conferenze	conferenza	SP	O	_	_
"!"	esclamation_mark	XPS	O	_	_

(	open_parenthesis	XPB	O	_	_
Mehrfach	mehrfach	SPN	O	_	_
vertrauliche	vertrauliche	AP	O	_	_
Zusammenkünfte	zusammenkünfte	SPN	O	_	_
)	close_parenthesis	XPB	O	_	_
.	.	XPS	O	_	_

In	in	E	O	_	_
codesti	codesto	DP	O	_	_
segreti	segreto	AP	O	_	_
conciliaboli	conciliaboli	AP	O	_	_
i	il	RP	O	_	_
parroci	parroci	SP	O	_	_
italiani	italiano	AP	O	_	_
avrebbero	avere	VIY	O	_	_
votato	votare	VSP	O	_	_
un	uno	RS	O	_	_
ordine	ordine	SS	O	_	_
del	di/det	ES	O	_	_
giorno	giorno	SS	O	_	_
che	che	CCHE	O	_	_
pare	parere	VI	O	_	_
proprio	proprio	B	O	_	_
detto	dire	VSP	O	_	_
da	da	E	O	_	_
quel	quello	DS	O	_	_
nostro	nostro	DS	O	_	_
buon	buon	AS	O	_	_
conoscente	conoscente	SS	O	_	_
che	che	CCHE	O	_	_
è	essere	VI	O	_	_
il	il	RS	O	_	_
dr.	dottore	SS	O	_	_
Rohmeder	rohmeder	SPN	PER	_	_
.	.	XPS	O	_	_

I	il	RP	O	_	_
sullodati	sullodati	SP	O	_	_
parroci	parroci	AP	O	_	_
deplorano	deplorare	VI	O	_	_
vivissimamente	vivissimamente	B	O	_	_
che	che	CCHE	O	_	_
il	il	RS	O	_	_
loro	loro	DP	O	_	_
Vescovo	vescovo	SS	O	_	_
si	rifl	PN	O	_	_
sia	essere	VIY	O	_	_
mischiato	mischiare	VSP	O	_	_
in	in	E	O	_	_
cose	cosa	SP	O	_	_
politiche	politico	AP	O	_	_
,	comma	XPW	O	_	_
provocando	provocare	VG	O	_	_
una	uno	RS	O	_	_
crisi	crisi	SN	O	_	_
pericolosa	pericoloso	AS	O	_	_
fra	fra	E	O	_	_
il	il	RS	O	_	_
clero	clero	SS	O	_	_
stesso	stesso	DS	O	_	_
,	comma	XPW	O	_	_
si	rifl	PN	O	_	_
vergognano	vergognare	VI	O	_	_
di	di	E	O	_	_
dover	dovere	VF	O	_	_
fare	fare	VF	O	_	_
lo	il	RS	O	_	_
spionaggio	spionaggio	SS	O	_	_
contro	contro	E	O	_	_
il	il	RS	O	_	_
Volksbund	volksbund	SPN	O	_	_
,	comma	XPW	O	_	_
società	società	SN	O	_	_
patriottica	patriottico	AS	O	_	_
,	comma	XPW	O	_	_
rifiutano	rifiutare	VI	O	_	_
perciò	perciò	C	O	_	_
obbedire	obbedire	VF	O	_	_
,	comma	XPW	O	_	_
rispondendo	rispondere	VG	O	_	_
al	a/det	ES	O	_	_
questionario	questionario	SS	O	_	_
,	comma	XPW	O	_	_
ma	ma	C	O	_	_
per	per	E	O	_	_
tema	tema	SS	O	_	_
del	di/det	ES	O	_	_
terribile	terribile	AS	O	_	_
terrorismo	terrorismo	SS	O	_	_
che	che	CCHE	O	_	_
domina	dominare	VI	O	_	_
,	comma	XPW	O	_	_
si	rifl	PN	O	_	_
limitano	limitare	VI	O	_	_
a	a	E	O	_	_
confidare	confidare	VF	O	_	_
ad	ad	E	O	_	_
un	uno	RS	O	_	_
giornalista	giornalista	SS	O	_	_
codesti	codesto	DP	O	_	_
loro	loro	PP	O	_	_
sentimenti	sentimento	SP	O	_	_
(	open_parenthesis	XPB	O	_	_
unter	unter	SN	O	_	_
Diskretion	diskretion	SPN	O	_	_
)	close_parenthesis	XPB	O	_	_
«	«	XPO	O	_	_
affinché	affinché	C	O	_	_
venga	venire	VIY	O	_	_
richiamata	richiamare	VSP	O	_	_
l’	il	RS	O	_	_
attenzione	attenzione	SS	O	_	_
del	di/det	ES	O	_	_
Governo	governo	SS	O	_	_
e	e	C	O	_	_
influisca	influire	VI	O	_	_
sul	su/det	ES	O	_	_
Vescovo	vescovo	SS	O	_	_
»	»	XPO	O	_	_
.	.	XPS	O	_	_

Il	il	RS	O	_	_
falso	falso	SS	O	_	_
è	essere	VI	O	_	_
davvero	davvero	B	O	_	_
così	così	B	O	_	_
goffo	goffo	AS	O	_	_
che	che	CCHE	O	_	_
è	essere	VI	O	_	_
meraviglia	meraviglia	SS	O	_	_
ci	ci	B	O	_	_
sia	essere	VI	O	_	_
un	uno	RS	O	_	_
giornale	giornale	SS	O	_	_
qualsiasi	qualsiasi	DN	O	_	_
che	che	CCHE	O	_	_
si	rifl	PN	O	_	_
presti	prestare	VI	O	_	_
a	a	E	O	_	_
tali	tale	AP	O	_	_
invenzioni	invenzione	SP	O	_	_
.	.	XPS	O	_	_

Ma	ma	C	O	_	_
evidentemente	evidentemente	B	O	_	_
qui	qui	B	O	_	_
abbiamo	avere	VI	O	_	_
da	da	E	O	_	_
fare	fare	VF	O	_	_
con	con	E	O	_	_
una	uno	RS	O	_	_
banda	banda	SS	O	_	_
organizzata	organizzato	AS	O	_	_
di	di	E	O	_	_
calunniatori	calunniatore	SP	O	_	_
che	che	CCHE	O	_	_
non	non	B	O	_	_
sanno	sapere	VI	O	_	_
perdonare	perdonare	VF	O	_	_
al	a/det	ES	O	_	_
nostro	nostro	DS	O	_	_
Vescovo	vescovo	SS	O	_	_
la	il	RS	O	_	_
sua	suo	DS	O	_	_
pastorale	pastorale	AS	O	_	_
franchezza	franchezza	SS	O	_	_
e	e	C	O	_	_
vogliono	volere	VI	O	_	_
vendicarsi	vendicare/rifl	VF+E	O	_	_
con	con	E	O	_	_
tutti	tutto	PP	O	_	_
i	il	RP	O	_	_
mezzi	mezzo	SP	O	_	_
.	.	XPS	O	_	_

Agli	a/det	EP	O	_	_
insulti	insulto	SP	O	_	_
di	di	E	O	_	_
Bolzano	bolzano	SPN	GPE	46.4981125	11.3547801
è	essere	VIY	O	_	_
seguita	seguire	VSP	O	_	_
l’	il	RS	O	_	_
invenzione	invenzione	SS	O	_	_
delle	di/det	EP	O	_	_
cinquemila	cinquemila	N	O	_	_
corone	corona	SP	O	_	_
per	per	E	O	_	_
Tripoli	tripoli	SPN	GPE	32.896672	13.1777923
.	.	XPS	O	_	_

Ora	ora	B	O	_	_
l’	il	RS	O	_	_
energica	energico	AS	O	_	_
attitudine	attitudine	SS	O	_	_
assunta	assumere	VSP	O	_	_
da	da	E	O	_	_
tutto	tutto	DS	O	_	_
il	il	RS	O	_	_
clero	clero	SS	O	_	_
ed	ed	C	O	_	_
il	il	RS	O	_	_
popolo	popolo	SS	O	_	_
diocesano	diocesano	AS	O	_	_
,	comma	XPW	O	_	_
pienamente	pienamente	B	O	_	_
solidale	solidale	AS	O	_	_
col	con/det	ES	O	_	_
Vescovo	vescovo	SS	O	_	_
ha	avere	VIY	O	_	_
avuto	avere	VSP	O	_	_
l’	il	RS	O	_	_
effetto	effetto	SS	O	_	_
del	di/det	ES	O	_	_
drappo	drappo	SS	O	_	_
rosso	rosso	AS	O	_	_
sul	su/det	ES	O	_	_
toro	toro	SS	O	_	_
infuriato	infuriare	VSP	O	_	_
.	.	XPS	O	_	_

I	il	RP	O	_	_
falsari	falsario	SP	O	_	_
sono	essere	VIY	O	_	_
ricorsi	ricorrere	VPP	O	_	_
ad	ad	E	O	_	_
un’	uno	RS	O	_	_
altra	altro	DS	O	_	_
menzogna	menzogna	SS	O	_	_
,	comma	XPW	O	_	_
inventando	inventare	VG	O	_	_
cosa	cosa	SS	O	_	_
,	comma	XPW	O	_	_
personaggi	personaggio	SP	O	_	_
e	e	C	O	_	_
circostanze	circostanza	SP	O	_	_
,	comma	XPW	O	_	_
nella	in/det	ES	O	_	_
convinzione	convinzione	SS	O	_	_
che	che	CCHE	O	_	_
,	comma	XPW	O	_	_
anche	anche	C	O	_	_
dopo	dopo	E	O	_	_
una	uno	RS	O	_	_
postuma	postuma	SS	O	_	_
smentita	smentito	AS	O	_	_
,	comma	XPW	O	_	_
qualche	qualche	DS	O	_	_
cosa	cosa	SS	O	_	_
resterà	restare	VI	O	_	_
.	.	XPS	O	_	_

Per	per	E	O	_	_
conto	conto	SS	O	_	_
nostro	nostro	DS	O	_	_
infatti	infatti	C	O	_	_
qualche	qualche	DS	O	_	_
cosa	cosa	SS	O	_	_
rimane	rimanere	VI	O	_	_
davvero	davvero	B	O	_	_
.	.	XPS	O	_	_

Rimane	rimanere	VI	O	_	_
anzitutto	anzitutto	B	O	_	_
raffermato	raffermare	VSP	O	_	_
in	in	E	O	_	_
tutto	tutto	DS	O	_	_
il	il	RS	O	_	_
nostro	nostro	DS	O	_	_
clero	clero	SS	O	_	_
ed	ed	C	O	_	_
il	il	RS	O	_	_
nostro	nostro	DS	O	_	_
popolo	popolo	SS	O	_	_
l’	il	RS	O	_	_
attaccamento	attaccamento	SS	O	_	_
invincibile	invincibile	AS	O	_	_
al	a/det	ES	O	_	_
nostro	nostro	DS	O	_	_
principe	principe	SS	O	_	_
Vescovo	vescovo	SS	O	_	_
,	comma	XPW	O	_	_
padre	padre	SS	O	_	_
ed	ed	C	O	_	_
apostolo	apostolo	SS	O	_	_
della	di/det	ES	O	_	_
verità	verità	SN	O	_	_
e	e	C	O	_	_
della	di/det	ES	O	_	_
giustizia	giustizia	SS	O	_	_
,	comma	XPW	O	_	_
e	e	C	O	_	_
rimane	rimanere	VI	O	_	_
d’	di	E	O	_	_
altro	altro	DS	O	_	_
canto	canto	SS	O	_	_
rassodata	rassodare	VSP	O	_	_
la	il	RS	O	_	_
convinzione	convinzione	SS	O	_	_
che	che	CCHE	O	_	_
nei	in/det	EP	O	_	_
nostri	nostro	DP	O	_	_
paesi	paese	SP	O	_	_
trentini	trentino	AP	O	_	_
Volksbund	volksbund	SPN	O	_	_
est	est	VI	O	_	_
delendum	delendum	AS	O	_	_
"!"	esclamation_mark	XPS	O	_	_

Fuori	fuori	E	O	_	_
di	di	E	O	_	_
noi	noi	PP	O	_	_
non	non	B	O	_	_
sappiamo	sapere	VI	O	_	_
con	con	E	O	_	_
altrettanta	altrettanto	AS	O	_	_
sicurezza	sicurezza	SS	O	_	_
che	che	CCHE	O	_	_
cosa	cosa	SS	O	_	_
rimanga	rimanere	VI	O	_	_
.	.	XPS	O	_	_

Ma	ma	C	O	_	_
certo	certo	B	O	_	_
abbiamo	avere	VI	O	_	_
ormai	ormai	B	O	_	_
ragione	ragione	SS	O	_	_
di	di	E	O	_	_
confidare	confidare	VF	O	_	_
che	che	CCHE	O	_	_
gli	il	RP	O	_	_
indegni	indegno	SP	O	_	_
sistemi	sistemi	AP	O	_	_
dei	di/det	EP	O	_	_
detrattori	detrattore	SP	O	_	_
del	di/det	ES	O	_	_
nostro	nostro	DS	O	_	_
Vescovo	vescovo	SS	O	_	_
persuadano	persuadere	VI	O	_	_
sempre	sempre	B	O	_	_
più	più	B	O	_	_
i	il	RP	O	_	_
cattolici	cattolico	SP	O	_	_
e	e	C	O	_	_
la	il	RS	O	_	_
gente	gente	SS	O	_	_
onesta	onesto	AS	O	_	_
tirolese	tirolese	AS	O	_	_
dell’	di/det	ES	O	_	_
equità	equità	SN	O	_	_
delle	di/det	EP	O	_	_
mire	mira	SP	O	_	_
a	a	E	O	_	_
cui	cui	PN	O	_	_
i	il	RP	O	_	_
fanatici	fanatico	SP	O	_	_
germanizzatori	germanizzatori	AP	O	_	_
ormai	ormai	B	O	_	_
tendono	tendere	VI	O	_	_
e	e	C	O	_	_
che	che	CCHE	O	_	_
i	il	RP	O	_	_
buoni	buono	SP	O	_	_
isolino	isolare	VI	O	_	_
costoro	costui	PP	O	_	_
nella	in/det	ES	O	_	_
loro	loro	DP	O	_	_
perversità	perversità	SN	O	_	_
morale	morale	AS	O	_	_
e	e	C	O	_	_
sociale	sociale	AS	O	_	_
.	.	XPS	O	_	_

In	in	E	O	_	_
quanto	quanto	B	O	_	_
al	a/det	ES	O	_	_
Governo	governo	SS	O	_	_
,	comma	XPW	O	_	_
le	il	RP	O	_	_
nostre	nostro	DP	O	_	_
speranze	speranza	SP	O	_	_
devono	dovere	VI	O	_	_
essere	essere	VFY	O	_	_
limitate	limitare	VPP	O	_	_
.	.	XPS	O	_	_

È	essere	VI	O	_	_
in	in	E	O	_	_
grado	grado	SS	O	_	_
d’	di	E	O	_	_
imparare	imparare	VF	O	_	_
dagli	da/det	EP	O	_	_
avvenimenti	avvenimento	SP	O	_	_
qualche	qualche	DS	O	_	_
cosa	cosa	SS	O	_	_
di	di	E	O	_	_
più	più	B	O	_	_
che	che	CCHE	O	_	_
non	non	B	O	_	_
sia	essere	VI	O	_	_
una	uno	RS	O	_	_
malevola	malevolo	AS	O	_	_
passività	passività	SN	O	_	_
per	per	E	O	_	_
gli	il	RP	O	_	_
italiani	italiano	SP	O	_	_
?	?	XPS	O	_	_

Acquisterà	acquistare	VI	O	_	_
la	il	RS	O	_	_
forza	forza	SS	O	_	_
di	di	E	O	_	_
sentire	sentire	VF	O	_	_
una	uno	RS	O	_	_
convinzione	convinzione	SS	O	_	_
propria	propria	AS	O	_	_
ed	ed	C	O	_	_
il	il	RS	O	_	_
coraggio	coraggio	SS	O	_	_
di	di	E	O	_	_
dimostrarla	dimostrare/pro	VF+E	O	_	_
?	?	XPS	O	_	_

Se	se	C	O	_	_
non	non	B	O	_	_
erriamo	errare	VI	O	_	_
,	comma	XPW	O	_	_
si	rifl	PN	O	_	_
tratta	trattare	VI	O	_	_
di	di	E	O	_	_
sudditi	suddito	SP	O	_	_
austriaci	austriaci	AP	O	_	_
e	e	C	O	_	_
non	non	B	O	_	_
dei	di/det	EP	O	_	_
Manciù	manciù	SPN	O	_	_
,	comma	XPW	O	_	_
o	o	C	O	_	_
signori	signore	SP	O	_	_
del	di/det	ES	O	_	_
Governo	governo	SS	O	_	_
enipontano	enipontano	VI	O	_	_
.	.	XPS	O	_	_

Che	che	CCHE	O	_	_
cosa	cosa	SS	O	_	_
vi	vi	B	O	_	_
scuoterà	scuotere	VI	O	_	_
dal	da/det	ES	O	_	_
vostro	vostro	DS	O	_	_
sonno	sonno	SS	O	_	_
buddista	buddista	AS	O	_	_
?	?	XPS	O	_	_

O	o	C	O	_	_
forse	forse	B	O	_	_
sentite	sentire	VPP	O	_	_
la	il	RS	O	_	_
tentazione	tentazione	SS	O	_	_
di	di	E	O	_	_
credere	credere	VF	O	_	_
ai	a/det	EP	O	_	_
parroci	parroci	SP	O	_	_
di	di	E	O	_	_
lingua	lingua	SS	O	_	_
italiana	italiano	AS	O	_	_
e	e	C	O	_	_
cuore	cuore	SS	O	_	_
tirolese	tirolese	AS	O	_	_
,	comma	XPW	O	_	_
fabbricati	fabbricare	VPP	O	_	_
dalla	da/det	ES	O	_	_
fantasia	fantasia	SS	O	_	_
bolzanina	bolzanino	AS	O	_	_
?	?	XPS	O	_	_

Voi	voi	PS	O	_	_
sapete	sapere	VI	O	_	_
la	il	RS	O	_	_
nostra	nostro	DS	O	_	_
risposta	risposta	SS	O	_	_
:	:	XPS	O	_	_
Non	non	B	O	_	_
noi	noi	PP	O	_	_
,	comma	XPW	O	_	_
tutto	tutto	PS	O	_	_
il	il	RS	O	_	_
Trentino	trentino	SPN	GPE	46.102869	11.12961993
si	rifl	PN	O	_	_
solleverebbe	sollevare	VI	O	_	_
,	comma	XPW	O	_	_
come	come	CADV	O	_	_
un	uno	RS	O	_	_
sol	solo	AS	O	_	_
uomo	uomo	SS	O	_	_
.	.	XPS	O	_	_
