# total number of persons:4, total number of gpes:9
È	essere	VIY	O	_	_
rientrato	rientrare	VSP	O	_	_
in	in	E	O	_	_
redazione	redazione	SS	O	_	_
dell’	di/det	ES	O	_	_
Alto	alto	SPN	GPE	46.65596895	11.22964387
Adige	adige	SPN	GPE	46.65596895	11.22964387
il	il	RS	O	_	_
pseudo	pseudo	SS	O	_	_
frate	frate	VPP	O	_	_
del	di/det	ES	O	_	_
1907	1907	N	O	_	_
.	.	XPS	O	_	_

«	«	XPO	O	_	_
Ivi	ivi	SPN	O	_	_
si	rifl	PN	O	_	_
dilettano	dilettare	VI	O	_	_
ancora	ancora	B	O	_	_
dei	di/det	EP	O	_	_
manicaretti	manicaretto	SP	O	_	_
fatti	fare	VPP	O	_	_
in	in	E	O	_	_
famiglia	famiglia	SS	O	_	_
e	e	C	O	_	_
si	rifl	PN	O	_	_
conservano	conservare	VI	O	_	_
certi	certo	AP	O	_	_
metodi	metodo	SP	O	_	_
di	di	E	O	_	_
attacco	attacco	SS	O	_	_
e	e	C	O	_	_
di	di	E	O	_	_
polemica	polemica	SS	O	_	_
che	che	CCHE	O	_	_
dai	da/det	EP	O	_	_
giornali	giornale	SP	O	_	_
che	che	CCHE	O	_	_
si	rifl	PN	O	_	_
rispettano	rispettare	VI	O	_	_
sono	essere	VIY	O	_	_
abbandonati	abbandonare	VPP	O	_	_
da	da	E	O	_	_
un	uno	RS	O	_	_
pezzo	pezzo	SS	O	_	_
,	comma	XPW	O	_	_
perché	perché	C	O	_	_
costituiscono	costituire	VI	O	_	_
una	uno	RS	O	_	_
mancanza	mancanza	SS	O	_	_
di	di	E	O	_	_
riguardo	riguardo	SS	O	_	_
ai	a/det	EP	O	_	_
lettori	lettore	SP	O	_	_
e	e	C	O	_	_
una	uno	RS	O	_	_
turlupinatura	turlupinatura	SS	O	_	_
al	a/det	ES	O	_	_
pubblico	pubblico	SS	O	_	_
»	»	XPO	O	_	_
–	–	XPO	O	_	_
(	open_parenthesis	XPB	O	_	_
Alto	alto	SPN	GPE	46.65596895	11.22964387
Adige	adige	SPN	GPE	46.65596895	11.22964387
di	di	E	O	_	_
mercoledì	mercoledì	SN	O	_	_
)	close_parenthesis	XPB	O	_	_
.	.	XPS	O	_	_

Invero	inverare	VI	O	_	_
le	il	RP	O	_	_
disquisizioni	disquisizione	SP	O	_	_
del	di/det	ES	O	_	_
frate	frate	SS	O	_	_
non	non	B	O	_	_
ci	ci	PP	O	_	_
fanno	fare	VI	O	_	_
né	né	B	O	_	_
freddo	freddo	AS	O	_	_
né	né	B	O	_	_
caldo	caldo	AS	O	_	_
come	come	CADV	O	_	_
è	essere	VIY	O	_	_
riuscita	riuscire	VSP	O	_	_
a	a	E	O	_	_
poco	poco	DS	O	_	_
la	il	RS	O	_	_
quaresima	quaresima	AS	O	_	_
predicata	predicata	SS	O	_	_
dal	da/det	ES	O	_	_
foglio	foglio	SS	O	_	_
di	di	E	O	_	_
via	via	SS	O	_	_
Dordi	dordi	SPN	O	_	_
nel	in/det	ES	O	_	_
1907	1907	N	O	_	_
.	.	XPS	O	_	_

In	in	E	O	_	_
specie	specie	B	O	_	_
le	il	RP	O	_	_
dottrine	dottrina	SP	O	_	_
al	a/det	ES	O	_	_
clero	clero	SS	O	_	_
sul	su/det	ES	O	_	_
contegno	contegno	SS	O	_	_
che	che	CCHE	O	_	_
deve	dovere	VI	O	_	_
seguire	seguire	VF	O	_	_
nelle	in/det	EP	O	_	_
elezioni	elezione	SP	O	_	_
,	comma	XPW	O	_	_
dopo	dopo	E	O	_	_
le	il	RP	O	_	_
chiare	chiaro	AP	O	_	_
istruzioni	istruzione	SP	O	_	_
dei	di/det	EP	O	_	_
pontefici	pontefice	SP	O	_	_
e	e	C	O	_	_
del	di/det	ES	O	_	_
vescovo	vescovo	SS	O	_	_
diocesano	diocesano	AS	O	_	_
.	.	XPS	O	_	_

Ma	ma	C	O	_	_
poiché	poiché	C	O	_	_
il	il	RS	O	_	_
signor	signore	SS	O	_	_
frate	frate	VPP	O	_	_
,	comma	XPW	O	_	_
uscendo	uscire	VG	O	_	_
questa	questo	DS	O	_	_
volta	volta	SS	O	_	_
un	uno	RS	O	_	_
pochino	pochino	SS	O	_	_
dalla	da/det	ES	O	_	_
vecchia	vecchio	AS	O	_	_
biblioteca	biblioteca	SS	O	_	_
dello	di/det	ES	O	_	_
zio	zio	SS	O	_	_
prete	prete	SS	O	_	_
,	comma	XPW	O	_	_
cita	citare	VI	O	_	_
una	uno	RS	O	_	_
pastorale	pastorale	SS	O	_	_
di	di	E	O	_	_
Mons.	mons.	SPN	O	_	_
Bonomelli	bonomelli	SPN	O	_	_
,	comma	XPW	O	_	_
e	e	C	O	_	_
la	la	PS	O	_	_
vorrebbe	volere	VI	O	_	_
mettere	mettere	VF	O	_	_
in	in	E	O	_	_
campo	campo	SS	O	_	_
contro	contro	E	O	_	_
di	di	E	O	_	_
noi	noi	PP	O	_	_
,	comma	XPW	O	_	_
applicandola	applicare/pro	VG+E	O	_	_
alle	a/det	EP	O	_	_
condizioni	condizione	SP	O	_	_
nostre	nostro	DP	O	_	_
e	e	C	O	_	_
ci	ci	PP	O	_	_
potrebb’	potrebb’	VI	O	_	_
essere	essere	VF	O	_	_
,	comma	XPW	O	_	_
non	non	B	O	_	_
tra	tra	E	O	_	_
i	il	RP	O	_	_
cattolici	cattolico	SP	O	_	_
ma	ma	C	O	_	_
nel	in/det	ES	O	_	_
mondo	mondo	SS	O	_	_
equivoco	equivoco	AS	O	_	_
del	di/det	ES	O	_	_
liberalismo	liberalismo	SS	O	_	_
,	comma	XPW	O	_	_
qualche	qualche	DS	O	_	_
buon	buon	AS	O	_	_
uomo	uomo	SS	O	_	_
che	che	CCHE	O	_	_
crede	credere	VI	O	_	_
avere	avere	VF	O	_	_
il	il	RS	O	_	_
venerando	venerando	SS	O	_	_
prelato	prelato	VSP	O	_	_
di	di	E	O	_	_
Cremona	cremona	SPN	GPE	45.1346168	10.0251103
dalla	da/det	ES	O	_	_
sua	suo	DS	O	_	_
,	comma	XPW	O	_	_
abbiamo	avere	VI	O	_	_
stamane	stamane	B	O	_	_
sfogliata	sfogliato	AS	O	_	_
la	il	RS	O	_	_
raccolta	raccolta	SS	O	_	_
delle	di/det	EP	O	_	_
pastorali	pastorale	SP	O	_	_
bonomelliane	bonomelliane	AP	O	_	_
e	e	C	O	_	_
vi	vi	B	O	_	_
cogliamo	cogliamo	VI	O	_	_
per	per	E	O	_	_
oggi	oggi	B	O	_	_
tra	tra	E	O	_	_
le	il	RP	O	_	_
moltissime	molto	AP	O	_	_
che	che	CCHE	O	_	_
farebbero	fare	VI	O	_	_
al	a/det	ES	O	_	_
caso	caso	SS	O	_	_
nostro	nostro	DS	O	_	_
,	comma	XPW	O	_	_
tre	tre	N	O	_	_
citazioni	citazione	SP	O	_	_
.	.	XPS	O	_	_

L’	il	RS	O	_	_
Alto	alto	SPN	GPE	46.65596895	11.22964387
Adige	adige	SPN	GPE	46.65596895	11.22964387
è	essere	VI	O	_	_
organo	organo	SS	O	_	_
del	di/det	ES	O	_	_
liberalismo	liberalismo	SS	O	_	_
nostrano	nostrano	AS	O	_	_
.	.	XPS	O	_	_

Ebbene	ebbene	C	O	_	_
,	comma	XPW	O	_	_
che	che	CCHE	O	_	_
cosa	cosa	SS	O	_	_
pensa	pensare	VI	O	_	_
il	il	RS	O	_	_
Bonomelli	bonomelli	SPN	O	_	_
del	di/det	ES	O	_	_
liberalismo	liberalismo	SS	O	_	_
?	?	XPS	O	_	_

Leggete	leggere	VI	O	_	_
:	:	XPS	O	_	_
«	«	XPO	O	_	_
È	essere	VI	O	_	_
cosa	cosa	SS	O	_	_
manifesta	manifesto	AS	O	_	_
che	che	CCHE	O	_	_
il	il	RS	O	_	_
Liberalismo	liberalismo	SS	O	_	_
,	comma	XPW	O	_	_
equivale	equivalere	VI	O	_	_
perfettamente	perfettamente	B	O	_	_
all’	a/det	ES	O	_	_
ateismo	ateismo	SS	O	_	_
della	di/det	ES	O	_	_
società	società	SN	O	_	_
in	in	E	O	_	_
quanto	quanto	B	O	_	_
società	società	SN	O	_	_
cioè	cioe`	B	O	_	_
quanto	quanto	B	O	_	_
alle	a/det	EP	O	_	_
leggi	leggio	SP	O	_	_
,	comma	XPW	O	_	_
alle	a/det	EP	O	_	_
istituzioni	istituzione	SP	O	_	_
,	comma	XPW	O	_	_
al	a/det	ES	O	_	_
governo	governo	SS	O	_	_
,	comma	XPW	O	_	_
e	e	C	O	_	_
a	a	E	O	_	_
tutti	tutto	DP	O	_	_
gli	il	RP	O	_	_
atti	atto	SP	O	_	_
emanati	emanare	VPP	O	_	_
dall’	da/det	ES	O	_	_
autorità	autorità	SN	O	_	_
pubblica	pubblico	AS	O	_	_
.	.	XPS	O	_	_

Ben	ben	B	O	_	_
è	essere	VI	O	_	_
vero	vero	AS	O	_	_
,	comma	XPW	O	_	_
che	che	CCHE	O	_	_
per	per	E	O	_	_
bocca	bocca	SS	O	_	_
dei	di/det	EP	O	_	_
suoi	suo	DP	O	_	_
più	più	B	O	_	_
autorevoli	autorevole	AP	O	_	_
rappresentanti	rappresentante	SP	O	_	_
esso	esso	PS	O	_	_
nega	negare	VI	O	_	_
altamente	altamente	B	O	_	_
e	e	C	O	_	_
sdegnosamente	sdegnosamente	B	O	_	_
di	di	E	O	_	_
volere	volere	VF	O	_	_
l’	il	RS	O	_	_
ateismo	ateismo	SS	O	_	_
e	e	C	O	_	_
protesta	protesta	SS	O	_	_
di	di	E	O	_	_
lasciare	lasciare	VF	O	_	_
pienissima	pieno	AS	O	_	_
libertà	libertà	SN	O	_	_
ad	ad	E	O	_	_
ogni	ogni	DS	O	_	_
cittadino	cittadino	SS	O	_	_
di	di	E	O	_	_
credere	credere	VF	O	_	_
e	e	C	O	_	_
praticare	praticare	VF	O	_	_
la	il	RS	O	_	_
sua	suo	DS	O	_	_
religione	religione	SS	O	_	_
:	:	XPS	O	_	_
anzi	anzi	C	O	_	_
non	non	B	O	_	_
è	essere	VI	O	_	_
raro	raro	AS	O	_	_
il	il	RS	O	_	_
vedere	vedere	VF	O	_	_
gli	il	RP	O	_	_
uomini	uomo	SP	O	_	_
stessi	stesso	AP	O	_	_
di	di	E	O	_	_
stato	stato	SS	O	_	_
,	comma	XPW	O	_	_
banditori	banditore	SP	O	_	_
del	di/det	ES	O	_	_
Liberalismo	liberalismo	SS	O	_	_
più	più	B	O	_	_
largo	largo	AS	O	_	_
,	comma	XPW	O	_	_
adempiere	adempiere	VF	O	_	_
pubblicamente	pubblicamente	B	O	_	_
gli	il	RP	O	_	_
atti	atto	SP	O	_	_
religiosi	religioso	AP	O	_	_
,	comma	XPW	O	_	_
ma	ma	C	O	_	_
in	in	E	O	_	_
pari	pari	AN	O	_	_
tempo	tempo	SS	O	_	_
dichiarare	dichiarare	VF	O	_	_
di	di	E	O	_	_
far	fare	VF	O	_	_
ciò	ciò`	PS	O	_	_
come	come	CADV	O	_	_
individui	individui	SS	O	_	_
,	comma	XPW	O	_	_
come	come	CADV	O	_	_
liberi	libero	AP	O	_	_
cittadini	cittadino	SP	O	_	_
,	comma	XPW	O	_	_
ma	ma	C	O	_	_
non	non	B	O	_	_
mai	mai	B	O	_	_
come	come	CADV	O	_	_
uomini	uomo	SP	O	_	_
investiti	investire	VPP	O	_	_
dei	di/det	EP	O	_	_
pubblici	pubblico	AP	O	_	_
poteri	potere	SP	O	_	_
.	.	XPS	O	_	_

La	il	RS	O	_	_
parola	parola	SS	O	_	_
ateismo	ateismo	SS	O	_	_
dello	di/det	ES	O	_	_
Stato	stato	SS	O	_	_
naturalmente	naturalmente	B	O	_	_
fa	fare	VI	O	_	_
ancora	ancora	B	O	_	_
qualche	qualche	DS	O	_	_
ribrezzo	ribrezzo	SS	O	_	_
e	e	C	O	_	_
perciò	perciò	C	O	_	_
gli	il	RP	O	_	_
apostoli	apostolo	SP	O	_	_
e	e	C	O	_	_
i	il	RP	O	_	_
seguaci	seguace	SP	O	_	_
del	di/det	ES	O	_	_
Liberalismo	liberalismo	SS	O	_	_
hanno	avere	VIY	O	_	_
molto	molto	B	O	_	_
destramente	destramente	B	O	_	_
sostituita	sostituire	VSP	O	_	_
un’	uno	RS	O	_	_
altra	altro	DS	O	_	_
parola	parola	SS	O	_	_
,	comma	XPW	O	_	_
che	che	CCHE	O	_	_
significa	significare	VI	O	_	_
la	il	RS	O	_	_
stessa	stesso	DS	O	_	_
cosa	cosa	SS	O	_	_
,	comma	XPW	O	_	_
ma	ma	C	O	_	_
più	più	B	O	_	_
garbatamente	garbatamente	B	O	_	_
:	:	XPS	O	_	_
è	essere	VI	O	_	_
la	il	RS	O	_	_
parola	parola	SS	O	_	_
separazione	separazione	SS	O	_	_
»	»	XPO	O	_	_
.	.	XPS	O	_	_

Non	non	B	O	_	_
basta	bastare	VI	O	_	_
.	.	XPS	O	_	_

L’	il	RS	O	_	_
Alto	alto	SPN	GPE	46.65596895	11.22964387
Adige	adige	SPN	GPE	46.65596895	11.22964387
anche	anche	C	O	_	_
recentemente	recentemente	B	O	_	_
riassumendo	riassumere	VG	O	_	_
i	il	RP	O	_	_
principi	principio	SP	O	_	_
cavouriani	cavouriano	AP	O	_	_
si	rifl	PN	O	_	_
è	essere	VIY	O	_	_
sempre	sempre	B	O	_	_
mantenuto	mantenere	VSP	O	_	_
sull’	su/det	ES	O	_	_
antica	antico	AS	O	_	_
base	base	SS	O	_	_
del	di/det	ES	O	_	_
liberalismo	liberalismo	SS	O	_	_
colle	con/det	EP	O	_	_
tre	tre	N	O	_	_
famose	famoso	AP	O	_	_
libertà	libertà	SN	O	_	_
.	.	XPS	O	_	_

Ebbene	ebbene	C	O	_	_
,	comma	XPW	O	_	_
mons.	mons.	YF	O	_	_
Bonomelli	bonomelli	SPN	PER	_	_
scrive	scrivere	VI	O	_	_
:	:	XPS	O	_	_
«	«	XPO	O	_	_
Tutti	tutto	PP	O	_	_
quelli	quello	PP	O	_	_
,	comma	XPW	O	_	_
i	il	RP	O	_	_
quali	quale	PP	O	_	_
affermano	affermare	VI	O	_	_
come	come	CADV	O	_	_
principio	principio	SS	O	_	_
teorico	teorico	AS	O	_	_
,	comma	XPW	O	_	_
assoluto	assoluto	AS	O	_	_
,	comma	XPW	O	_	_
universale	universale	AS	O	_	_
,	comma	XPW	O	_	_
vero	vero	AS	O	_	_
per	per	E	O	_	_
se	rifl	PN	O	_	_
stesso	stesso	DS	O	_	_
immutabile	immutabile	AS	O	_	_
,	comma	XPW	O	_	_
la	il	RS	O	_	_
libertà	libertà	SN	O	_	_
di	di	E	O	_	_
pensare	pensare	VF	O	_	_
e	e	C	O	_	_
di	di	E	O	_	_
coscienza	coscienza	SS	O	_	_
,	comma	XPW	O	_	_
la	il	RS	O	_	_
libertà	libertà	SN	O	_	_
di	di	E	O	_	_
culto	culto	SS	O	_	_
,	comma	XPW	O	_	_
o	o	C	O	_	_
di	di	E	O	_	_
religione	religione	SS	O	_	_
,	comma	XPW	O	_	_
la	il	RS	O	_	_
libertà	libertà	SN	O	_	_
di	di	E	O	_	_
stampa	stampa	SS	O	_	_
e	e	C	O	_	_
parola	parola	SS	O	_	_
,	comma	XPW	O	_	_
la	il	RS	O	_	_
separazione	separazione	SS	O	_	_
della	di/det	ES	O	_	_
Chiesa	chiesa	SS	O	_	_
dallo	da/det	ES	O	_	_
Stato	stato	SS	O	_	_
,	comma	XPW	O	_	_
ossia	ossia	C	O	_	_
l’	il	RS	O	_	_
ateismo	ateismo	SS	O	_	_
sociale	sociale	AS	O	_	_
,	comma	XPW	O	_	_
tutti	tutto	PP	O	_	_
costoro	costui	PP	O	_	_
cadono	cadere	VI	O	_	_
evidentemente	evidentemente	B	O	_	_
nel	in/det	ES	O	_	_
liberalismo	liberalismo	SS	O	_	_
,	comma	XPW	O	_	_
condannato	condannare	VSP	O	_	_
dalla	da/det	ES	O	_	_
Chiesa	chiesa	SS	O	_	_
,	comma	XPW	O	_	_
contrario	contrario	AS	O	_	_
non	non	B	O	_	_
solo	solo	B	O	_	_
alla	a/det	ES	O	_	_
fede	fede	SS	O	_	_
cristiana	cristiano	AS	O	_	_
e	e	C	O	_	_
cattolica	cattolico	AS	O	_	_
,	comma	XPW	O	_	_
ma	ma	C	O	_	_
alla	a/det	ES	O	_	_
stessa	stesso	DS	O	_	_
retta	retto	AS	O	_	_
ragione	ragione	SS	O	_	_
naturale	naturale	AS	O	_	_
e	e	C	O	_	_
a	a	E	O	_	_
qualunque	qualunque	DS	O	_	_
principio	principio	SS	O	_	_
religioso	religioso	AS	O	_	_
»	»	XPO	O	_	_
.	.	XPS	O	_	_

Ancora	ancora	B	O	_	_
:	:	XPS	O	_	_
l’	il	RS	O	_	_
Alto	alto	SPN	GPE	46.65596895	11.22964387
Adige	adige	SPN	GPE	46.65596895	11.22964387
s’	s’	PN	O	_	_
impanca	impancare	VI	O	_	_
spesso	spesso	B	O	_	_
a	a	E	O	_	_
criticare	criticare	VF	O	_	_
Papa	papa	SPN	O	_	_
e	e	C	O	_	_
vescovi	vescovo	SP	O	_	_
anche	anche	C	O	_	_
quando	quando	CADV	O	_	_
si	rifl	PN	O	_	_
tratta	trattare	VI	O	_	_
di	di	E	O	_	_
dottrine	dottrine	SS	O	_	_
,	comma	XPW	O	_	_
di	di	E	O	_	_
encicliche	enciclica	SP	O	_	_
e	e	C	O	_	_
di	di	E	O	_	_
pastorali	pastorale	SP	O	_	_
.	.	XPS	O	_	_

Che	che	CCHE	O	_	_
ne	ne	PN	O	_	_
pensa	pensare	VI	O	_	_
mons.	mons.	AS	O	_	_
Bonomelli	bonomelli	SPN	PER	_	_
.	.	XPS	O	_	_

Egli	egli	PS	O	_	_
scrive	scrivere	VI	O	_	_
:	:	XPS	O	_	_
«	«	XPO	O	_	_
Questi	questo	PP	O	_	_
che	che	CCHE	O	_	_
si	rifl	PN	O	_	_
atteggiano	atteggiare	VI	O	_	_
a	a	E	O	_	_
giudici	giudice	SP	O	_	_
del	di/det	ES	O	_	_
Pontefice	pontefice	SS	O	_	_
e	e	C	O	_	_
dei	di/det	EP	O	_	_
vescovi	vescovo	SP	O	_	_
chi	chi	CCHI	O	_	_
son	son	VI	O	_	_
essi	essi	PP	O	_	_
?	?	XPS	O	_	_

Sono	essere	VI	O	_	_
loro	loro	DP	O	_	_
sudditi	suddito	SP	O	_	_
.	.	XPS	O	_	_

Secondo	secondo	E	O	_	_
l’	il	RS	O	_	_
ordine	ordine	SS	O	_	_
naturale	naturale	AS	O	_	_
ma	ma	C	O	_	_
molto	molto	B	O	_	_
più	più	B	O	_	_
secondo	secondo	E	O	_	_
l’	il	RS	O	_	_
ordine	ordine	SS	O	_	_
divino	divino	AS	O	_	_
stabilito	stabilire	VSP	O	_	_
da	da	E	O	_	_
Cristo	cristo	SPN	PER	_	_
,	comma	XPW	O	_	_
chi	chi	CCHI	O	_	_
può	potere	VI	O	_	_
e	e	C	O	_	_
deve	dovere	VI	O	_	_
giudicare	giudicare	VF	O	_	_
?	?	XPS	O	_	_

Solo	solo	B	O	_	_
il	il	RS	O	_	_
superiore	superiore	SS	O	_	_
può	potere	VI	O	_	_
giudicare	giudicare	VF	O	_	_
l’	il	RS	O	_	_
inferiore	inferiore	SS	O	_	_
ed	ed	C	O	_	_
è	essere	VI	O	_	_
principio	principio	SS	O	_	_
eminentemente	eminentemente	B	O	_	_
rivoluzionario	rivoluzionario	AS	O	_	_
che	che	CCHE	O	_	_
l’	il	RS	O	_	_
inferiore	inferiore	SS	O	_	_
giudichi	giudicare	VI	O	_	_
il	il	RS	O	_	_
superiore	superiore	SS	O	_	_
.	.	XPS	O	_	_

Costoro	costui	PP	O	_	_
adunque	adunque	VI	O	_	_
,	comma	XPW	O	_	_
che	che	CCHE	O	_	_
si	rifl	PN	O	_	_
fanno	fare	VI	O	_	_
giudici	giudice	SP	O	_	_
dell’	di/det	ES	O	_	_
autorità	autorità	SN	O	_	_
pontificia	pontificia	VI	O	_	_
ed	ed	C	O	_	_
episcopale	episcopale	AS	O	_	_
mostrano	mostrare	VI	O	_	_
col	con/det	ES	O	_	_
fatto	fatto	SS	O	_	_
d’	di	E	O	_	_
essere	essere	VFY	O	_	_
imbevuti	imbevere	VPP	O	_	_
del	di/det	ES	O	_	_
liberalismo	liberalismo	SS	O	_	_
nella	in/det	ES	O	_	_
sua	suo	DS	O	_	_
forma	forma	SS	O	_	_
più	più	B	O	_	_
pericolosa	pericoloso	AS	O	_	_
»	»	XPO	O	_	_
.	.	XPS	O	_	_

E	e	C	O	_	_
ci	ci	PP	O	_	_
pare	parere	VI	O	_	_
che	che	CCHE	O	_	_
basti	bastare	VI	O	_	_
e	e	C	O	_	_
che	che	CCHE	O	_	_
i	il	RP	O	_	_
signori	signore	SP	O	_	_
dell’	di/det	ES	O	_	_
Alto	alto	SPN	GPE	46.65596895	11.22964387
Adige	adige	SPN	GPE	46.65596895	11.22964387
siano	essere	VI	O	_	_
ben	ben	B	O	_	_
serviti	servire	VPP	O	_	_
.	.	XPS	O	_	_

Se	se	C	O	_	_
non	non	B	O	_	_
fosse	essere	VI	O	_	_
il	il	RS	O	_	_
caso	caso	SS	O	_	_
,	comma	XPW	O	_	_
li	li	PP	O	_	_
serviremo	servire	VI	O	_	_
meglio	meglio	B	O	_	_
,	comma	XPW	O	_	_
tanto	tanto	B	O	_	_
per	per	E	O	_	_
dimostrare	dimostrare	VF	O	_	_
come	come	CADV	O	_	_
codesti	codesto	DP	O	_	_
signori	signori	AP	O	_	_
,	comma	XPW	O	_	_
pur	pur	C	O	_	_
essendo	essere	VGY	O	_	_
liberali	liberale	AP	O	_	_
,	comma	XPW	O	_	_
vogliano	volere	VI	O	_	_
sfruttare	sfruttare	VF	O	_	_
le	il	RP	O	_	_
dottrine	dottrina	SP	O	_	_
cattoliche	cattolico	AP	O	_	_
ed	ed	C	O	_	_
i	il	RP	O	_	_
vescovi	vescovo	SP	O	_	_
per	per	E	O	_	_
i	il	RP	O	_	_
loro	loro	DP	O	_	_
scopi	scopo	SP	O	_	_
di	di	E	O	_	_
partito	partito	SS	O	_	_
,	comma	XPW	O	_	_
incorrendo	incorrere	VG	O	_	_
nel	in/det	ES	O	_	_
più	più	B	O	_	_
ributtante	ributtante	AS	O	_	_
e	e	C	O	_	_
nel	in/det	ES	O	_	_
più	più	B	O	_	_
vero	vero	AS	O	_	_
clericalismo	clericalismo	SS	O	_	_
.	.	XPS	O	_	_

L’	il	RS	O	_	_
Alto	alto	SPN	GPE	46.65596895	11.22964387
Adige	adige	SPN	GPE	46.65596895	11.22964387
quindi	quindi	C	O	_	_
si	rifl	PN	O	_	_
rassegni	rassegnare	VI	O	_	_
:	:	XPS	O	_	_
il	il	RS	O	_	_
vescovo	vescovo	SS	O	_	_
di	di	E	O	_	_
Cremona	cremona	SPN	GPE	45.1346168	10.0251103
non	non	B	O	_	_
può	potere	VI	O	_	_
essere	essere	VFY	O	_	_
invocato	invocare	VSP	O	_	_
come	come	CADV	O	_	_
una	uno	RS	O	_	_
specie	specie	SN	O	_	_
di	di	E	O	_	_
cappellano	cappellano	SS	O	_	_
della	di/det	ES	O	_	_
concentrazione	concentrazione	SS	O	_	_
liberale	liberale	AS	O	_	_
con	con	E	O	_	_
conubbio	conubbio	SS	O	_	_
socialista	socialista	AS	O	_	_
.	.	XPS	O	_	_

Per	per	E	O	_	_
intanto	intanto	B	O	_	_
converrà	convenire	VI	O	_	_
s’	s’	PN	O	_	_
accontentino	accontentare	VI	O	_	_
dello	di/det	ES	O	_	_
scomunicato	scomunicato	AS	O	_	_
don	don	SN	O	_	_
Romolo	romolo	SPN	PER	_	_
Murri	murri	SPN	PER	_	_
.	.	XPS	O	_	_
