# total number of persons:0, total number of gpes:4
L’	il	RS	O	_	_
Alto	alto	SPN	GPE	46.65596895	11.22964387
Adige	adige	SPN	GPE	46.65596895	11.22964387
di	di	E	O	_	_
ieri	ieri	B	O	_	_
sera	sera	SS	O	_	_
apre	aprire	VI	O	_	_
la	il	RS	O	_	_
campagna	campagna	SS	O	_	_
per	per	E	O	_	_
l’	il	RS	O	_	_
elezione	elezione	SS	O	_	_
suppletoria	suppletorio	AS	O	_	_
per	per	E	O	_	_
la	il	RS	O	_	_
Dieta	dieta	SPN	O	_	_
che	che	CCHE	O	_	_
prossimamente	prossimamente	B	O	_	_
dovrà	dovere	VI	O	_	_
farsi	fare/rifl	VF+E	O	_	_
nelle	in/det	EP	O	_	_
Giudicarie	giudicarie	SPN	O	_	_
.	.	XPS	O	_	_

L’	il	RS	O	_	_
organo	organo	SS	O	_	_
radicale	radicale	AS	O	_	_
mette	mettere	VI	O	_	_
subito	subito	B	O	_	_
fuori	fuori	E	O	_	_
di	di	E	O	_	_
discussione	discussione	SS	O	_	_
l’	l’	PS	O	_	_
on	on	PN	O	_	_
.	.	XPS	O	_	_

Mons.	mons.	SPN	O	_	_
B.	b.	YA	O	_	_
Delugan	delugan	SPN	O	_	_
,	comma	XPW	O	_	_
del	di/det	ES	O	_	_
quale	quale	PS	O	_	_
ammette	ammettere	VI	O	_	_
la	il	RS	O	_	_
rispettabilità	rispettabilità	SN	O	_	_
,	comma	XPW	O	_	_
ma	ma	C	O	_	_
nega	negare	VI	O	_	_
che	che	CCHE	O	_	_
possa	potere	VI	O	_	_
sentire	sentire	VF	O	_	_
e	e	C	O	_	_
rappresentare	rappresentare	VF	O	_	_
i	il	RP	O	_	_
bisogni	bisogno	SP	O	_	_
e	e	C	O	_	_
gli	il	RP	O	_	_
interessi	interesse	SP	O	_	_
della	di/det	ES	O	_	_
vallata	vallata	SS	O	_	_
,	comma	XPW	O	_	_
perché	perché	C	O	_	_
ad	ad	E	O	_	_
essa	essa	PS	O	_	_
estraneo	estraneo	AS	O	_	_
.	.	XPS	O	_	_

La	il	RS	O	_	_
candidatura	candidatura	SS	O	_	_
dell’	di/det	ES	O	_	_
on	on	SN	O	_	_
.	.	XPS	O	_	_

Mons.	mons.	SPN	O	_	_
B.	b.	YA	O	_	_
Delugan	delugan	SPN	O	_	_
non	non	B	O	_	_
è	essere	VI	O	_	_
ancora	ancora	B	O	_	_
proclamata	proclamare	VSP	O	_	_
dall’	da/det	ES	O	_	_
Unione	unione	SS	O	_	_
popolare	popolare	AS	O	_	_
trentina	trentina	SS	O	_	_
d’	di	E	O	_	_
accordo	accordo	SS	O	_	_
con	con	E	O	_	_
i	il	RP	O	_	_
fiduciari	fiduciario	SP	O	_	_
del	di/det	ES	O	_	_
collegio	collegio	SS	O	_	_
:	:	XPS	O	_	_
è	essere	VI	O	_	_
quindi	quindi	C	O	_	_
fuori	fuori	E	O	_	_
di	di	E	O	_	_
luogo	luogo	SS	O	_	_
d’	di	E	O	_	_
accettare	accettare	VF	O	_	_
la	il	RS	O	_	_
discussione	discussione	SS	O	_	_
su	su	E	O	_	_
di	di	E	O	_	_
un	uno	RS	O	_	_
terreno	terreno	SS	O	_	_
che	che	CCHE	O	_	_
non	non	B	O	_	_
è	essere	VI	O	_	_
ancora	ancora	B	O	_	_
dato	dare	VSP	O	_	_
.	.	XPS	O	_	_

Solo	solo	B	O	_	_
osserviamo	osservare	VI	O	_	_
che	che	CCHE	O	_	_
l’	il	RS	O	_	_
obiezione	obiezione	SS	O	_	_
dell’	di/det	ES	O	_	_
Alto	alto	SPN	GPE	46.65596895	11.22964387
Adige	adige	SPN	GPE	46.65596895	11.22964387
è	essere	VIY	O	_	_
molto	molto	B	O	_	_
debole	debole	AS	O	_	_
.	.	XPS	O	_	_

L’	il	RS	O	_	_
on	on	SN	O	_	_
.	.	XPS	O	_	_

Mons.	mons.	SPN	O	_	_
Delugan	delugan	SPN	O	_	_
è	essere	VI	O	_	_
ora	ora	B	O	_	_
deputato	deputare	VSP	O	_	_
della	di/det	ES	O	_	_
V	v	SPN	O	_	_
curia	curia	SS	O	_	_
parlamentare	parlamentare	AS	O	_	_
,	comma	XPW	O	_	_
rappresenta	rappresentare	VI	O	_	_
quindi	quindi	C	O	_	_
una	uno	RS	O	_	_
larga	largo	AS	O	_	_
cerchia	cerchia	SS	O	_	_
d’	di	E	O	_	_
interessi	interesse	SP	O	_	_
del	di/det	ES	O	_	_
Trentino	trentino	SPN	GPE	46.102869	11.12961993
intiero	intiero	AS	O	_	_
,	comma	XPW	O	_	_
comprese	comprendere	VPP	O	_	_
le	il	RP	O	_	_
Giudicarie	giudicarie	SPN	O	_	_
.	.	XPS	O	_	_

In	in	E	O	_	_
via	via	SS	O	_	_
di	di	E	O	_	_
fatto	fatto	SS	O	_	_
l’	l’	PS	O	_	_
on	on	PN	O	_	_
.	.	XPS	O	_	_

Delugan	delugan	SPN	O	_	_
ha	avere	VIY	O	_	_
sempre	sempre	B	O	_	_
corrisposto	corrispondere	VSP	O	_	_
a	a	E	O	_	_
questo	questo	DS	O	_	_
suo	suo	DS	O	_	_
compito	compito	SS	O	_	_
,	comma	XPW	O	_	_
non	non	B	O	_	_
solo	solo	B	O	_	_
propugnando	propugnare	VG	O	_	_
interessi	interesse	SP	O	_	_
d’	di	E	O	_	_
indole	indole	SP	O	_	_
generale	generale	AS	O	_	_
,	comma	XPW	O	_	_
ma	ma	C	O	_	_
occupandosi	occupare/rifl	VG+E	O	_	_
anche	anche	C	O	_	_
dei	di/det	EP	O	_	_
bisogni	bisogno	SP	O	_	_
locali	locale	AP	O	_	_
dei	di/det	EP	O	_	_
singoli	singolo	AP	O	_	_
collegi	collegio	SP	O	_	_
.	.	XPS	O	_	_

E	e	C	O	_	_
fra	fra	E	O	_	_
questi	questo	PP	O	_	_
le	il	RP	O	_	_
Giudicarie	giudicarie	SPN	O	_	_
non	non	B	O	_	_
rimasero	rimanere	VI	O	_	_
certo	certo	B	O	_	_
addietro	addietro	B	O	_	_
.	.	XPS	O	_	_

Riteniamo	ritenere	VI	O	_	_
del	di/det	ES	O	_	_
resto	resto	SS	O	_	_
che	che	CCHE	O	_	_
i	il	RP	O	_	_
giudicariesi	giudicariesi	SP	O	_	_
sarebbero	essere	VI	O	_	_
ben	ben	B	O	_	_
lieti	lieto	AP	O	_	_
d’	di	E	O	_	_
avere	avere	VF	O	_	_
un	uno	RS	O	_	_
deputato	deputato	SS	O	_	_
così	così	B	O	_	_
solerte	solerte	AP	O	_	_
;	semicolon	XPS	O	_	_

così	così	B	O	_	_
attivo	attivo	AS	O	_	_
come	come	CADV	O	_	_
l’	l’	PS	O	_	_
on	on	B	O	_	_
.	.	XPS	O	_	_

Mons.	mons.	SPN	O	_	_
Delugan	delugan	SPN	O	_	_
.	.	XPS	O	_	_

L’	il	RS	O	_	_
altra	altro	DS	O	_	_
obiezione	obiezione	SS	O	_	_
dell’	di/det	ES	O	_	_
Alto	alto	SPN	GPE	46.65596895	11.22964387
Adige	adige	SPN	GPE	46.65596895	11.22964387
trattarsi	trattare/rifl	VF+E	O	_	_
di	di	E	O	_	_
un	uno	RS	O	_	_
clericale	clericale	SS	O	_	_
e	e	C	O	_	_
del	di/det	ES	O	_	_
presidente	presidente	SS	O	_	_
dell’	di/det	ES	O	_	_
unione	unione	SS	O	_	_
clericale	clericale	AS	O	_	_
non	non	B	O	_	_
farà	fare	VI	O	_	_
più	più	B	O	_	_
paura	paura	SS	O	_	_
a	a	E	O	_	_
nessuno	nessuno	PS	O	_	_
.	.	XPS	O	_	_

I	il	RP	O	_	_
cosiddetti	cosiddetti	SP	O	_	_
clericali	clericale	AP	O	_	_
hanno	avere	VIY	O	_	_
dimostrato	dimostrare	VSP	O	_	_
coi	con/det	EP	O	_	_
fatti	fatto	SP	O	_	_
d’	di	E	O	_	_
essere	essere	VF	O	_	_
un	uno	RS	O	_	_
partito	partito	SS	O	_	_
del	di/det	ES	O	_	_
lavoro	lavoro	SS	O	_	_
,	comma	XPW	O	_	_
del	di/det	ES	O	_	_
progresso	progresso	SS	O	_	_
,	comma	XPW	O	_	_
della	di/det	ES	O	_	_
democrazia	democrazia	SS	O	_	_
e	e	C	O	_	_
di	di	E	O	_	_
fronte	fronte	SS	O	_	_
ai	a/det	EP	O	_	_
fatti	fatto	SP	O	_	_
le	il	RP	O	_	_
vecchie	vecchio	AP	O	_	_
frasi	frase	SP	O	_	_
hanno	avere	VIY	O	_	_
perso	perdere	VSP	O	_	_
il	il	RS	O	_	_
loro	loro	DP	O	_	_
prestigio	prestigio	SS	O	_	_
e	e	C	O	_	_
il	il	RS	O	_	_
loro	loro	DP	O	_	_
vigore	vigore	SS	O	_	_
.	.	XPS	O	_	_
