# total number of persons:0, total number of gpes:1
Per	per	E	O	_	_
le	il	RP	O	_	_
elezioni	elezione	SP	O	_	_
di	di	E	O	_	_
ballottaggio	ballottaggio	SS	O	_	_
in	in	E	O	_	_
Germania	germania	SPN	GPE	51.0834196	10.4234469
i	il	RP	O	_	_
partiti	partito	SP	O	_	_
liberali	liberale	AP	O	_	_
radicali	radicale	AP	O	_	_
e	e	C	O	_	_
moderati	moderato	AP	O	_	_
hanno	avere	VIY	O	_	_
ordinata	ordinare	VSP	O	_	_
la	il	RS	O	_	_
conversione	conversione	SS	O	_	_
a	a	E	O	_	_
sinistra	sinistra	SS	O	_	_
:	:	XPS	O	_	_
sostenere	sostenere	VF	O	_	_
,	comma	XPW	O	_	_
ove	ove	B	O	_	_
si	rifl	PN	O	_	_
presentasse	presentare	VI	O	_	_
l’	il	RS	O	_	_
occasione	occasione	SS	O	_	_
,	comma	XPW	O	_	_
i	il	RP	O	_	_
socialisti	socialista	SP	O	_	_
,	comma	XPW	O	_	_
e	e	C	O	_	_
in	in	E	O	_	_
ogni	ogni	DS	O	_	_
caso	caso	SS	O	_	_
non	non	B	O	_	_
dare	dare	VF	O	_	_
i	il	RP	O	_	_
voti	voto	SP	O	_	_
ai	a/det	EP	O	_	_
conservatori	conservatorio	SP	O	_	_
o	o	C	O	_	_
al	a/det	ES	O	_	_
Centro	centro	SS	O	_	_
.	.	XPS	O	_	_

A	a	E	O	_	_
dissuadere	dissuadere	VF	O	_	_
i	il	RP	O	_	_
capi	capo	SP	O	_	_
liberali	liberale	AP	O	_	_
da	da	E	O	_	_
una	uno	RS	O	_	_
tattica	tattica	SS	O	_	_
così	così	B	O	_	_
disastrosa	disastroso	AS	O	_	_
,	comma	XPW	O	_	_
non	non	B	O	_	_
sono	essere	VI	O	_	_
valsi	valsi	SP	O	_	_
né	né	B	O	_	_
gli	il	RP	O	_	_
argomenti	argomento	SP	O	_	_
di	di	E	O	_	_
principio	principio	SS	O	_	_
,	comma	XPW	O	_	_
né	né	C	O	_	_
le	il	RP	O	_	_
pressione	pressione	SS	O	_	_
del	di/det	ES	O	_	_
governo	governo	SS	O	_	_
.	.	XPS	O	_	_

I	il	RP	O	_	_
liberali	liberale	SP	O	_	_
speravano	speravano	AS	O	_	_
infatti	infatti	C	O	_	_
di	di	E	O	_	_
ricavare	ricavare	VF	O	_	_
dall’	da/det	ES	O	_	_
appoggio	appoggio	SS	O	_	_
ai	a/det	EP	O	_	_
socialisti	socialista	SP	O	_	_
i	il	RP	O	_	_
mandati	mandato	SP	O	_	_
che	che	CCHE	O	_	_
,	comma	XPW	O	_	_
in	in	E	O	_	_
ballottaggio	ballottaggio	SS	O	_	_
,	comma	XPW	O	_	_
dipendevano	dipendere	VI	O	_	_
dal	da/det	ES	O	_	_
voto	voto	SS	O	_	_
di	di	E	O	_	_
questi	questo	DP	O	_	_
ultimi	ultimo	AP	O	_	_
e	e	C	O	_	_
di	di	E	O	_	_
riuscire	riuscire	VF	O	_	_
anche	anche	C	O	_	_
nei	in/det	EP	O	_	_
ballottaggi	ballottaggio	SP	O	_	_
contro	contro	E	O	_	_
i	il	RP	O	_	_
socialisti	socialista	SP	O	_	_
coll’	con/det	ES	O	_	_
aiuto	aiuto	SS	O	_	_
dei	di/det	EP	O	_	_
partiti	partito	SP	O	_	_
di	di	E	O	_	_
destra	destra	SS	O	_	_
;	semicolon	XPS	O	_	_

i	il	RP	O	_	_
quali	quale	PP	O	_	_
per	per	E	O	_	_
il	il	RS	O	_	_
principio	principio	SS	O	_	_
del	di/det	ES	O	_	_
male	male	AS	O	_	_
minore	minore	SS	O	_	_
,	comma	XPW	O	_	_
avrebbero	avere	VIY	O	_	_
certo	certo	B	O	_	_
dovuto	dovere	VSP	O	_	_
evitare	evitare	VF	O	_	_
il	il	RS	O	_	_
trionfo	trionfo	SS	O	_	_
del	di/det	ES	O	_	_
socialismo	socialismo	SS	O	_	_
.	.	XPS	O	_	_

I	il	RP	O	_	_
liberali	liberale	SP	O	_	_
,	comma	XPW	O	_	_
cioè	cioe`	B	O	_	_
,	comma	XPW	O	_	_
mentre	mentre	C	O	_	_
per	per	E	O	_	_
se	se	C	O	_	_
stessi	stare	VI	O	_	_
reclamano	reclamare	VI	O	_	_
il	il	RS	O	_	_
diritto	diritto	SS	O	_	_
di	di	E	O	_	_
regolarsi	regolare/rifl	VF+E	O	_	_
nei	in/det	EP	O	_	_
ballottaggi	ballottaggio	SP	O	_	_
secondo	secondo	E	O	_	_
il	il	RS	O	_	_
puro	puro	AS	O	_	_
criterio	criterio	SS	O	_	_
dell’	di/det	ES	O	_	_
opportunità	opportunità	SN	O	_	_
e	e	C	O	_	_
dell’	di/det	ES	O	_	_
egoismo	egoismo	SS	O	_	_
,	comma	XPW	O	_	_
oppure	oppure	C	O	_	_
di	di	E	O	_	_
sfogare	sfogare	VF	O	_	_
a	a	E	O	_	_
capriccio	capriccio	SS	O	_	_
il	il	RS	O	_	_
loro	loro	DP	O	_	_
spirito	spirito	SS	O	_	_
anticlericale	anticlericale	AS	O	_	_
sorpassando	sorpassare	VG	O	_	_
tutte	tutto	DP	O	_	_
le	il	RP	O	_	_
altre	altro	DP	O	_	_
differenze	differenza	SP	O	_	_
,	comma	XPW	O	_	_
tentando	tentare	VG	O	_	_
d’	di	E	O	_	_
altra	altro	DS	O	_	_
pare	pare	SS	O	_	_
di	di	E	O	_	_
sfruttare	sfruttare	VF	O	_	_
la	il	RS	O	_	_
programmatica	programmatico	AS	O	_	_
avversione	avversione	SS	O	_	_
che	che	CCHE	O	_	_
nutrono	nutrono	VI	O	_	_
i	il	RP	O	_	_
partiti	partito	SP	O	_	_
conservativi	conservativo	AP	O	_	_
contro	contro	E	O	_	_
il	il	RS	O	_	_
socialismo	socialismo	SS	O	_	_
per	per	E	O	_	_
ottenere	ottenere	VF	O	_	_
il	il	RS	O	_	_
voto	voto	SS	O	_	_
per	per	E	O	_	_
il	il	RS	O	_	_
male	male	AS	O	_	_
minore	minore	SS	O	_	_
,	comma	XPW	O	_	_
cioè	cioe`	B	O	_	_
per	per	E	O	_	_
il	il	RS	O	_	_
proprio	proprio	DS	O	_	_
partito	partito	SS	O	_	_
.	.	XPS	O	_	_

Questa	questo	DS	O	_	_
situazione	situazione	SS	O	_	_
si	rifl	PN	O	_	_
è	essere	VIY	O	_	_
presentata	presentare	VSP	O	_	_
e	e	C	O	_	_
potrà	potere	VI	O	_	_
ripetersi	ripetere/rifl	VF+E	O	_	_
anche	anche	C	O	_	_
nel	in/det	ES	O	_	_
nostro	nostro	DS	O	_	_
paese	paese	SS	O	_	_
.	.	XPS	O	_	_

Abbiamo	avere	VI	O	_	_
quindi	quindi	B	O	_	_
un	uno	RS	O	_	_
certo	certo	DS	O	_	_
interesse	interesse	SS	O	_	_
ad	ad	E	O	_	_
esaminare	esaminare	VF	O	_	_
quale	quale	PS	O	_	_
fu	essere	VI	O	_	_
,	comma	XPW	O	_	_
di	di	E	O	_	_
fronte	fronte	SS	O	_	_
alla	a/det	ES	O	_	_
tattica	tattica	SS	O	_	_
liberale	liberale	AS	O	_	_
la	il	RS	O	_	_
parola	parola	SS	O	_	_
d’	di	E	O	_	_
ordine	ordine	SS	O	_	_
dei	di/det	EP	O	_	_
conservatori	conservatorio	SP	O	_	_
ed	ed	C	O	_	_
in	in	E	O	_	_
particolare	particolare	SS	O	_	_
del	di/det	ES	O	_	_
Centro	centro	SS	O	_	_
.	.	XPS	O	_	_

Molto	molto	B	O	_	_
semplice	semplice	AS	O	_	_
e	e	C	O	_	_
molto	molto	B	O	_	_
pratica	pratico	AS	O	_	_
:	:	XPS	O	_	_
non	non	B	O	_	_
votare	votare	VF	O	_	_
per	per	E	O	_	_
i	il	RP	O	_	_
socialisti	socialista	SP	O	_	_
in	in	E	O	_	_
ogni	ogni	DS	O	_	_
caso	caso	SS	O	_	_
,	comma	XPW	O	_	_
ma	ma	C	O	_	_
nemmeno	nemmeno	B	O	_	_
per	per	E	O	_	_
i	il	RP	O	_	_
liberali	liberale	SP	O	_	_
quando	quando	CADV	O	_	_
questi	questo	PP	O	_	_
non	non	B	O	_	_
diano	dare	VI	O	_	_
,	comma	XPW	O	_	_
di	di	E	O	_	_
volta	volta	SS	O	_	_
in	in	E	O	_	_
volta	volta	SS	O	_	_
,	comma	XPW	O	_	_
il	il	RS	O	_	_
compenso	compenso	SS	O	_	_
dei	di/det	EP	O	_	_
loro	loro	DP	O	_	_
voti	voto	SP	O	_	_
in	in	E	O	_	_
un	uno	RS	O	_	_
altro	altro	DS	O	_	_
collegio	collegio	SS	O	_	_
.	.	XPS	O	_	_

Ora	ora	B	O	_	_
la	il	RS	O	_	_
semplice	semplice	AS	O	_	_
astensione	astensione	SS	O	_	_
significò	significare	VI	O	_	_
in	in	E	O	_	_
parecchi	parecchio	AP	O	_	_
collegi	collegio	SP	O	_	_
la	il	RS	O	_	_
vittoria	vittoria	SS	O	_	_
dei	di/det	EP	O	_	_
socialisti	socialista	SP	O	_	_
.	.	XPS	O	_	_

Che	che	CCHE	O	_	_
importa	importare	VI	O	_	_
?	?	XPS	O	_	_

C’	ci	B	O	_	_
è	essere	VI	O	_	_
anche	anche	C	O	_	_
nella	in/det	ES	O	_	_
politica	politica	SS	O	_	_
elettorale	elettorale	AS	O	_	_
una	uno	RS	O	_	_
dignità	dignità	SN	O	_	_
da	da	E	O	_	_
salvare	salvare	VF	O	_	_
e	e	C	O	_	_
soprattutto	soprattutto	B	O	_	_
una	uno	RS	O	_	_
funzione	funzione	SS	O	_	_
di	di	E	O	_	_
giustizia	giustizia	SS	O	_	_
da	da	E	O	_	_
esercitare	esercitare	VF	O	_	_
.	.	XPS	O	_	_

Bisogna	bisognare	VI	O	_	_
educare	educare	VF	O	_	_
i	il	RP	O	_	_
liberali	liberale	SP	O	_	_
a	a	E	O	_	_
smettere	smettere	VF	O	_	_
le	il	RP	O	_	_
loro	loro	DP	O	_	_
egoistiche	egoistico	AP	O	_	_
speculazioni	speculazione	SP	O	_	_
sull’	su/det	ES	O	_	_
ingenuità	ingenuità	SN	O	_	_
e	e	C	O	_	_
sulle	su/det	EP	O	_	_
convinzioni	convinzione	SP	O	_	_
dei	di/det	EP	O	_	_
partiti	partito	SP	O	_	_
conservativi	conservativo	AP	O	_	_
.	.	XPS	O	_	_

Noi	noi	PP	O	_	_
i	il	RP	O	_	_
socialisti	socialista	SP	O	_	_
siamo	essere	VI	O	_	_
avvezzi	avvezzi	SP	O	_	_
a	a	E	O	_	_
prenderli	prendere/pro	VF+E	O	_	_
di	di	E	O	_	_
fronte	fronte	SS	O	_	_
ed	ed	C	O	_	_
a	a	E	O	_	_
combatterli	combattere/pro	VF+E	O	_	_
su	su	E	O	_	_
tutta	tutto	DS	O	_	_
la	il	RS	O	_	_
linea	linea	SS	O	_	_
:	:	XPS	O	_	_
non	non	B	O	_	_
abbiamo	avere	VI	O	_	_
quindi	quindi	B	O	_	_
infine	infine	B	O	_	_
un	uno	RS	O	_	_
grande	grande	AS	O	_	_
interesse	interesse	SS	O	_	_
a	a	E	O	_	_
sostenere	sostenere	VF	O	_	_
dei	di/det	EP	O	_	_
partiti	partito	SP	O	_	_
o	o	C	O	_	_
degli	di/det	EP	O	_	_
uomini-cuscinetto	uomini-cuscinetto	SS	O	_	_
i	il	RP	O	_	_
quali	quale	PP	O	_	_
nei	in/det	EP	O	_	_
migliori	migliore	AP	O	_	_
dei	di/det	EP	O	_	_
casi	caso	SP	O	_	_
attutiranno	attutire	VI	O	_	_
il	il	RS	O	_	_
cozzo	cozzo	SS	O	_	_
ancora	ancora	B	O	_	_
per	per	E	O	_	_
pochi	poco	DP	O	_	_
anni	anno	SP	O	_	_
ma	ma	C	O	_	_
non	non	B	O	_	_
potranno	potere	VI	O	_	_
né	né	C	O	_	_
diminuirlo	diminuire/pro	VF+E	O	_	_
,	comma	XPW	O	_	_
né	né	C	O	_	_
impedirlo	impedire/pro	VF+E	O	_	_
.	.	XPS	O	_	_

I	il	RP	O	_	_
liberali	liberale	SP	O	_	_
invece	invece	B	O	_	_
hanno	avere	VIY	O	_	_
riposte	riporre	VPP	O	_	_
tutte	tutto	DP	O	_	_
le	il	RP	O	_	_
loro	loro	DP	O	_	_
speranze	speranza	SP	O	_	_
in	in	E	O	_	_
codesti	codesto	DP	O	_	_
cuscini	cuscini	AP	O	_	_
;	semicolon	XPS	O	_	_

se	se	C	O	_	_
cadono	cadere	VI	O	_	_
,	comma	XPW	O	_	_
il	il	RS	O	_	_
partito	partito	SS	O	_	_
è	essere	VI	O	_	_
infranto	infranto	AS	O	_	_
.	.	XPS	O	_	_

Eppure	eppure	C	O	_	_
avviene	avvenire	VI	O	_	_
non	non	B	O	_	_
di	di	E	O	_	_
rado	rado	SS	O	_	_
che	che	CCHE	O	_	_
i	il	RP	O	_	_
liberali	liberale	SP	O	_	_
si	rifl	PN	O	_	_
dimostrino	dimostrare	VI	O	_	_
più	più	B	O	_	_
preoccupati	preoccupato	AP	O	_	_
della	di/det	ES	O	_	_
sconfitta	sconfitta	SS	O	_	_
clericale	clericale	AS	O	_	_
che	che	CCHE	O	_	_
della	di/det	ES	O	_	_
propria	propria	DS	O	_	_
esistenza	esistenza	SS	O	_	_
.	.	XPS	O	_	_

E	e	C	O	_	_
noi	noi	PP	O	_	_
dovremmo	dovere	VI	O	_	_
in	in	E	O	_	_
tali	tale	AP	O	_	_
casi	caso	SP	O	_	_
rianimare	rianimare	VF	O	_	_
un	uno	RS	O	_	_
corpo	corpo	SS	O	_	_
che	che	CCHE	O	_	_
si	rifl	PN	O	_	_
consacra	consacrare	VI	O	_	_
alla	a/det	ES	O	_	_
morte	morte	SS	O	_	_
?	?	XPS	O	_	_

La	il	RS	O	_	_
giustizia	giustizia	SS	O	_	_
distributiva	distributivo	AS	O	_	_
vuole	volere	VI	O	_	_
che	che	CCHE	O	_	_
in	in	E	O	_	_
questi	questo	DP	O	_	_
momenti	momento	SP	O	_	_
i	il	RP	O	_	_
cattolici	cattolico	SP	O	_	_
siano	essere	VI	O	_	_
inesorabili	inesorabile	AP	O	_	_
e	e	C	O	_	_
disciplinati	disciplinato	AP	O	_	_
;	semicolon	XPS	O	_	_

levandosi	levare/rifl	VG+E	O	_	_
sopra	sopra	E	O	_	_
le	il	RP	O	_	_
differenze	differenza	SP	O	_	_
personali	personale	AP	O	_	_
e	e	C	O	_	_
gli	il	RP	O	_	_
orizzonti	orizzonte	SP	O	_	_
locali	locale	AP	O	_	_
.	.	XPS	O	_	_

Così	così	B	O	_	_
hanno	avere	VIY	O	_	_
fatto	fare	VSP	O	_	_
i	il	RP	O	_	_
cattolici	cattolico	SP	O	_	_
germanici	germanico	AP	O	_	_
,	comma	XPW	O	_	_
e	e	C	O	_	_
per	per	E	O	_	_
questo	questo	DS	O	_	_
ieri	ieri	B	O	_	_
parecchi	parecchio	AP	O	_	_
capoccia	capoccia	SS	O	_	_
del	di/det	ES	O	_	_
liberalismo	liberalismo	SS	O	_	_
mordono	mordere	VI	O	_	_
la	il	RS	O	_	_
polvere	polvere	SS	O	_	_
di	di	E	O	_	_
una	uno	RS	O	_	_
sconfitta	sconfitta	SS	O	_	_
cercata	cercata	AS	O	_	_
e	e	C	O	_	_
voluta	volere	VSP	O	_	_
sul	su/det	ES	O	_	_
terreno	terreno	SS	O	_	_
stesso	stesso	DS	O	_	_
del	di/det	ES	O	_	_
radicalismo	radicalismo	SS	O	_	_
.	.	XPS	O	_	_

Già	già	B	O	_	_
codeste	codesto	DP	O	_	_
sconfitte	sconfitta	SP	O	_	_
,	comma	XPW	O	_	_
codesti	codesto	DP	O	_	_
castighi	castighi	AP	O	_	_
costringeranno	costringere	VI	O	_	_
un	uno	RS	O	_	_
po’	poco	B	O	_	_
elettori	elettori	AP	O	_	_
e	e	C	O	_	_
candidati	candidato	SP	O	_	_
a	a	E	O	_	_
riflettere	riflettere	VF	O	_	_
sulla	su/det	ES	O	_	_
loro	loro	DP	O	_	_
tattica	tattica	SS	O	_	_
disastrosa	disastroso	AS	O	_	_
e	e	C	O	_	_
li	li	PP	O	_	_
condurranno	condurre	VI	O	_	_
forse	forse	B	O	_	_
a	a	E	O	_	_
pentimento	pentimento	SS	O	_	_
.	.	XPS	O	_	_

Ma	ma	C	O	_	_
in	in	E	O	_	_
molti	molto	DP	O	_	_
altri	altro	DP	O	_	_
casi	caso	SP	O	_	_
la	il	RS	O	_	_
resipiscenza	resipiscenza	SS	O	_	_
venne	venire	VIY	O	_	_
ancora	ancora	B	O	_	_
a	a	E	O	_	_
tempo	tempo	SS	O	_	_
.	.	XPS	O	_	_

Sotto	sotto	E	O	_	_
la	il	RS	O	_	_
minaccia	minaccia	SS	O	_	_
di	di	E	O	_	_
una	uno	RS	O	_	_
sconfitta	sconfitta	SS	O	_	_
irreparabile	irreparabile	AS	O	_	_
gli	il	RP	O	_	_
elettori	elettore	SP	O	_	_
liberali	liberale	AP	O	_	_
di	di	E	O	_	_
alcuni	alcuni	DP	O	_	_
collegi	collegio	SP	O	_	_
si	rifl	PN	O	_	_
ribellarono	ribellare	VI	O	_	_
alla	a/det	ES	O	_	_
parola	parola	SS	O	_	_
d’	di	E	O	_	_
ordine	ordine	SS	O	_	_
dei	di/det	EP	O	_	_
capi	capo	SP	O	_	_
e	e	C	O	_	_
fecero	fare	VI	O	_	_
trattative	trattativa	SP	O	_	_
coi	con/det	EP	O	_	_
conservatori	conservatorio	SP	O	_	_
o	o	C	O	_	_
col	con/det	ES	O	_	_
centro	centro	SS	O	_	_
sulla	su/det	ES	O	_	_
base	base	SS	O	_	_
del	di/det	ES	O	_	_
do	do	SN	O	_	_
ut	ut	B	O	_	_
des	des	VI	O	_	_
.	.	XPS	O	_	_

La	il	RS	O	_	_
tattica	tattica	SS	O	_	_
del	di/det	ES	O	_	_
centro	centro	SS	O	_	_
ebbe	avere	VI	O	_	_
quindi	quindi	B	O	_	_
effetti	effetto	SP	O	_	_
immediati	immediato	AP	O	_	_
.	.	XPS	O	_	_

Gli	il	RP	O	_	_
elettori	elettore	SP	O	_	_
ritornarono	ritornare	VI	O	_	_
in	in	E	O	_	_
sé	sé	PN	O	_	_
prima	prima	E	O	_	_
dei	di/det	EP	O	_	_
corifei	corifeo	SP	O	_	_
.	.	XPS	O	_	_

Abbiamo	avere	VIY	O	_	_
così	così	B	O	_	_
già	già	B	O	_	_
nella	in/det	ES	O	_	_
prima	primo	AS	O	_	_
serie	serie	SN	O	_	_
di	di	E	O	_	_
ballottaggi	ballottaggio	SP	O	_	_
numerosi	numeroso	AP	O	_	_
compromessi	compromettere	VPP	O	_	_
fra	fra	E	O	_	_
liberali	liberale	SP	O	_	_
e	e	C	O	_	_
destra	destra	SS	O	_	_
e	e	C	O	_	_
quindi	quindi	C	O	_	_
non	non	B	O	_	_
poche	poco	DP	O	_	_
sconfitte	sconfitta	SP	O	_	_
socialiste	socialista	AP	O	_	_
.	.	XPS	O	_	_

S’	s’	PN	O	_	_
è	essere	VIY	O	_	_
fatto	fare	VSP	O	_	_
questo	questo	PS	O	_	_
cenno	cenno	VI	O	_	_
alla	a/det	ES	O	_	_
tattica	tattica	SS	O	_	_
germanica	germanico	AS	O	_	_
appunto	appunto	B	O	_	_
perché	perché	C	O	_	_
qualcuno	qualcuno	PS	O	_	_
dei	di/det	EP	O	_	_
nostri	nostro	DP	O	_	_
amici	amico	SP	O	_	_
patì	patire	VI	O	_	_
scandalo	scandalo	SS	O	_	_
per	per	E	O	_	_
la	il	RS	O	_	_
parola	parola	SS	O	_	_
d’	di	E	O	_	_
ordine	ordine	SS	O	_	_
data	dare	VSP	O	_	_
nei	in/det	EP	O	_	_
ballottaggi	ballottaggio	SP	O	_	_
di	di	E	O	_	_
giugno	giugno	SS	O	_	_
dalla	da/det	ES	O	_	_
direzione	direzione	SS	O	_	_
del	di/det	ES	O	_	_
partito	partito	SS	O	_	_
popolare	popolare	AS	O	_	_
.	.	XPS	O	_	_

La	il	RS	O	_	_
tattica	tattica	SS	O	_	_
del	di/det	ES	O	_	_
centro	centro	SS	O	_	_
conferma	confermare	VI	O	_	_
pienamente	pienamente	B	O	_	_
la	il	RS	O	_	_
giustezza	giustezza	SS	O	_	_
del	di/det	ES	O	_	_
nostro	nostro	DS	O	_	_
criterio	criterio	SS	O	_	_
.	.	XPS	O	_	_

Per	per	E	O	_	_
l’	il	RS	O	_	_
avvenire	avvenire	SS	O	_	_
non	non	B	O	_	_
attendiamo	attendare	VI	O	_	_
certo	certo	B	O	_	_
di	di	E	O	_	_
modificarlo	modificare/pro	VF+E	O	_	_
.	.	XPS	O	_	_

Nutriamo	nutrire	VI	O	_	_
anzi	anzi	B	O	_	_
la	il	RS	O	_	_
fiducia	fiducia	SS	O	_	_
che	che	CCHE	O	_	_
l’	il	RS	O	_	_
adesione	adesione	SS	O	_	_
ad	ad	E	O	_	_
esso	esso	PS	O	_	_
da	da	E	O	_	_
parte	parte	SS	O	_	_
dei	di/det	EP	O	_	_
consenzienti	consenzienti	SP	O	_	_
divenga	divenire	VI	O	_	_
più	più	B	O	_	_
tenace	tenace	AS	O	_	_
e	e	C	O	_	_
più	più	B	O	_	_
generale	generale	AS	O	_	_
.	.	XPS	O	_	_

Il	il	RS	O	_	_
liberalismo	liberalismo	SS	O	_	_
nelle	in/det	EP	O	_	_
nostre	nostro	DP	O	_	_
città	città	SN	O	_	_
deve	dovere	VI	O	_	_
risolversi	risolvere/rifl	VF+E	O	_	_
di	di	E	O	_	_
marciare	marciare	VF	O	_	_
a	a	E	O	_	_
sud-ovest	sud-ovest	SN	O	_	_
o	o	C	O	_	_
a	a	E	O	_	_
sud-est	sud-est	SN	O	_	_
,	comma	XPW	O	_	_
posto	porre	VSP	O	_	_
che	che	CCHE	O	_	_
l’	il	RS	O	_	_
ovest	ovest	SN	O	_	_
sia	sia	C	O	_	_
il	il	RS	O	_	_
socialismo	socialismo	SS	O	_	_
e	e	C	O	_	_
l’	il	RS	O	_	_
est	est	SS	O	_	_
la	il	RS	O	_	_
riforma	riforma	SS	O	_	_
cristiana	cristiano	AS	O	_	_
.	.	XPS	O	_	_

Se	se	C	O	_	_
marcerà	marciare	VI	O	_	_
verso	verso	E	O	_	_
est	est	SN	O	_	_
,	comma	XPW	O	_	_
noi	noi	PP	O	_	_
avremo	avere	VI	O	_	_
un	uno	RS	O	_	_
interesse	interesse	SS	O	_	_
ad	ad	E	O	_	_
incoraggiarlo	incoraggiare/pro	VF+E	O	_	_
in	in	E	O	_	_
questa	questo	DS	O	_	_
direzione	direzione	SS	O	_	_
,	comma	XPW	O	_	_
ma	ma	C	O	_	_
se	se	C	O	_	_
,	comma	XPW	O	_	_
come	come	CADV	O	_	_
ha	avere	VIY	O	_	_
fatto	fare	VSP	O	_	_
spesso	spesso	B	O	_	_
finora	finora	B	O	_	_
,	comma	XPW	O	_	_
volgerà	volgere	VI	O	_	_
ad	ad	E	O	_	_
ovest	ovest	SN	O	_	_
non	non	B	O	_	_
un	uno	RS	O	_	_
passo	passo	SS	O	_	_
,	comma	XPW	O	_	_
non	non	B	O	_	_
un	uno	RS	O	_	_
gesto	gesto	SS	O	_	_
da	da	E	O	_	_
parte	parte	SS	O	_	_
nostra	nostro	AS	O	_	_
per	per	E	O	_	_
impedirgli	impedire/pro	VF+E	O	_	_
di	di	E	O	_	_
camminare	camminare	VF	O	_	_
verso	verso	E	O	_	_
il	il	RS	O	_	_
suo	suo	DS	O	_	_
tramonto	tramonto	SS	O	_	_
.	.	XPS	O	_	_
