# total number of persons:2, total number of gpes:12
Una	uno	RS	O	_	_
notizia	notizia	SS	O	_	_
inaspettata	inaspettato	AS	O	_	_
e	e	C	O	_	_
curiosa	curioso	AS	O	_	_
,	comma	XPW	O	_	_
ci	ci	B	O	_	_
reca	recare	VI	O	_	_
da	da	E	O	_	_
Vienna	vienna	SPN	GPE	48.2083537	16.3725042
la	il	RS	O	_	_
Neue	neue	SPN	O	_	_
Freie	freie	SPN	O	_	_
Presse	presse	SPN	O	_	_
.	.	XPS	O	_	_

Essa	essa	PS	O	_	_
dice	dire	VI	O	_	_
,	comma	XPW	O	_	_
che	che	CCHE	O	_	_
il	il	RS	O	_	_
governo	governo	SS	O	_	_
ed	ed	C	O	_	_
i	il	RP	O	_	_
deputati	deputato	SP	O	_	_
trentini	trentino	AP	O	_	_
ultimamente	ultimamente	B	O	_	_
si	rifl	PN	O	_	_
sono	essere	VIY	O	_	_
riprese	riprendere	VPP	O	_	_
le	il	RP	O	_	_
trattative	trattativa	SP	O	_	_
;	semicolon	XPS	O	_	_

ma	ma	C	O	_	_
il	il	RS	O	_	_
novo	novo	SS	O	_	_
ed	ed	C	O	_	_
il	il	RS	O	_	_
curioso	curioso	SS	O	_	_
non	non	B	O	_	_
istanno	istanno	VI	O	_	_
per	per	E	O	_	_
nulla	nulla	PS	O	_	_
in	in	E	O	_	_
ciò	ciò`	PS	O	_	_
,	comma	XPW	O	_	_
sì	sì	B	O	_	_
bene	bene	B	O	_	_
in	in	E	O	_	_
questo	questo	PS	O	_	_
,	comma	XPW	O	_	_
che	che	CCHE	O	_	_
il	il	RS	O	_	_
d.r	d.r	YA	O	_	_
Koerber	koerber	SPN	O	_	_
vuole	volere	VI	O	_	_
trasportare	trasportare	VF	O	_	_
le	il	RP	O	_	_
basi	base	SP	O	_	_
delle	di/det	EP	O	_	_
trattative	trattativa	SP	O	_	_
dalla	da/det	ES	O	_	_
questione	questione	SS	O	_	_
dell’	di/det	ES	O	_	_
autonomia	autonomia	SS	O	_	_
,	comma	XPW	O	_	_
quelle	quello	PP	O	_	_
dei	di/det	EP	O	_	_
bisogni	bisogno	SP	O	_	_
economici	economico	AP	O	_	_
nel	in/det	ES	O	_	_
Trentino	trentino	SPN	GPE	46.102869	11.12961993
e	e	C	O	_	_
particolarmente	particolarmente	B	O	_	_
alla	a/det	ES	O	_	_
concessione	concessione	SS	O	_	_
di	di	E	O	_	_
un’	uno	RS	O	_	_
accademia	accademia	SS	O	_	_
di	di	E	O	_	_
diritto	diritto	SS	O	_	_
da	da	E	O	_	_
erigersi	erigere/rifl	VF+E	O	_	_
a	a	E	O	_	_
Trento	trento	SPN	GPE	46.0664228	11.1257601
,	comma	XPW	O	_	_
che	che	CCHE	O	_	_
il	il	RS	O	_	_
Governo	governo	SS	O	_	_
sarebbe	essere	VI	O	_	_
propenso	propenso	AS	O	_	_
a	a	E	O	_	_
concedere	concedere	VF	O	_	_
e	e	C	O	_	_
nella	in/det	ES	O	_	_
quale	quale	PS	O	_	_
si	rifl	PN	O	_	_
trasferirebbero	trasferire	VI	O	_	_
le	il	RP	O	_	_
parallele	parallela	SP	O	_	_
italiane	italiano	AP	O	_	_
già	già	B	O	_	_
erette	erigere	VPP	O	_	_
nella	in/det	ES	O	_	_
facoltà	facoltà	SN	O	_	_
legale	legale	AS	O	_	_
dell’	di/det	ES	O	_	_
Università	università	SN	O	_	_
di	di	E	O	_	_
Innsbruck	innsbruck	SPN	O	_	_
.	.	XPS	O	_	_

Scopo	scopo	SS	O	_	_
di	di	E	O	_	_
queste	questo	DP	O	_	_
trattative	trattativa	SP	O	_	_
e	e	C	O	_	_
di	di	E	O	_	_
queste	questo	DP	O	_	_
concessioni	concessione	SP	O	_	_
sarebbe	essere	VI	O	_	_
di	di	E	O	_	_
muovere	muovere	VF	O	_	_
i	il	RP	O	_	_
deputati	deputato	SP	O	_	_
trentini	trentino	AP	O	_	_
ad	ad	E	O	_	_
abbandonare	abbandonare	VF	O	_	_
l’	il	RS	O	_	_
ostruzione	ostruzione	SS	O	_	_
e	e	C	O	_	_
permettere	permettere	VF	O	_	_
alla	a/det	ES	O	_	_
nuova	nuovo	AS	O	_	_
Dieta	dieta	SPN	O	_	_
di	di	E	O	_	_
riprendere	riprendere	VF	O	_	_
il	il	RS	O	_	_
suo	suo	DS	O	_	_
lavoro	lavoro	SS	O	_	_
,	comma	XPW	O	_	_
«	«	XPO	O	_	_
desiderio	desiderio	SS	O	_	_
imperioso	imperioso	AS	O	_	_
del	di/det	ES	O	_	_
dott.	dott.	SS	O	_	_
Koerber	koerber	SPN	PER	_	_
»	»	XPO	O	_	_
.	.	XPS	O	_	_

E	e	C	O	_	_
la	il	RS	O	_	_
questione	questione	SS	O	_	_
dell’	di/det	ES	O	_	_
autonomia	autonomia	SS	O	_	_
verrebbe	venire	VIY	O	_	_
rimessa	rimettere	VSP	O	_	_
alle	a/det	EP	O	_	_
calende	calende	SP	O	_	_
greche	greco	AP	O	_	_
?	?	XPS	O	_	_

Ed	ed	C	O	_	_
a	a	E	O	_	_
che	che	CCHE	O	_	_
scopo	scopo	SS	O	_	_
allora	allora	C	O	_	_
si	rifl	PN	O	_	_
mandò	mandare	VI	O	_	_
lo	il	RS	O	_	_
Schwartzenau	schwartzenau	SPN	O	_	_
ad	ad	E	O	_	_
Innsbruck	innsbruck	SPN	GPE	47.2654296	11.3927685
?	?	XPS	O	_	_

La	il	RS	O	_	_
Neue	neue	SPN	O	_	_
Freje	freje	SPN	O	_	_
Presse	presse	SPN	O	_	_
dice	dire	VI	O	_	_
,	comma	XPW	O	_	_
che	che	CCHE	O	_	_
«	«	XPO	O	_	_
per	per	E	O	_	_
il	il	RS	O	_	_
momento	momento	SS	O	_	_
un’	uno	RS	O	_	_
intesa	intesa	SS	O	_	_
nella	in/det	ES	O	_	_
questione	questione	SS	O	_	_
dell’	di/det	ES	O	_	_
autonomia	autonomia	SS	O	_	_
non	non	B	O	_	_
ha	avere	VI	O	_	_
nessuna	nessun	DS	O	_	_
prospettiva	prospettiva	SS	O	_	_
di	di	E	O	_	_
essere	essere	VFY	O	_	_
raggiunta	raggiungere	VSP	O	_	_
»	»	XPO	O	_	_
.	.	XPS	O	_	_

E	e	C	O	_	_
perché	perché	C	O	_	_
?	?	XPS	O	_	_

Il	il	RS	O	_	_
giornale	giornale	SS	O	_	_
viennese	viennese	AS	O	_	_
pare	parere	VI	O	_	_
voglia	voglia	SS	O	_	_
attribuirne	attribuire/part	VF+E	O	_	_
la	il	RS	O	_	_
causa	causa	SS	O	_	_
alla	a/det	ES	O	_	_
circostanza	circostanza	SS	O	_	_
,	comma	XPW	O	_	_
che	che	CCHE	O	_	_
il	il	RS	O	_	_
nuovo	nuovo	AS	O	_	_
Luogotenente	luogotenente	SPN	O	_	_
,	comma	XPW	O	_	_
«	«	XPO	O	_	_
come	come	CADV	O	_	_
si	rifl	PN	O	_	_
dice	dire	VI	O	_	_
»	»	XPO	O	_	_
,	comma	XPW	O	_	_
si	rifl	PN	O	_	_
è	essere	VI	O	_	_
«	«	XPO	O	_	_
accinto	accinto	SS	O	_	_
allo	a/det	ES	O	_	_
studio	studio	SS	O	_	_
della	di/det	ES	O	_	_
questione	questione	SS	O	_	_
»	»	XPO	O	_	_
.	.	XPS	O	_	_

Questa	questo	DS	O	_	_
ragione	ragione	SS	O	_	_
però	però	C	O	_	_
non	non	B	O	_	_
tiene	tenere	VI	O	_	_
.	.	XPS	O	_	_

Non	non	B	O	_	_
si	rifl	PN	O	_	_
era	essere	VIY	O	_	_
già	già	B	O	_	_
determinato	determinare	VSP	O	_	_
fin	fin	E	O	_	_
da	da	E	O	_	_
un	uno	RS	O	_	_
anno	anno	SS	O	_	_
e	e	C	O	_	_
mezzo	mezzo	SS	O	_	_
fa	fare	VI	O	_	_
il	il	RS	O	_	_
Governo	governo	SS	O	_	_
centrale	centrale	AS	O	_	_
nella	in/det	ES	O	_	_
questione	questione	SS	O	_	_
dell’	di/det	ES	O	_	_
autonomia	autonomia	SS	O	_	_
,	comma	XPW	O	_	_
chiamando	chiamare	VG	O	_	_
a	a	E	O	_	_
Vienna	vienna	SPN	GPE	48.2083537	16.3725042
i	il	RP	O	_	_
membri	membro	SP	O	_	_
del	di/det	ES	O	_	_
sotto-comitato	sotto-comitato	SS	O	_	_
dietale	dietale	AS	O	_	_
per	per	E	O	_	_
la	il	RS	O	_	_
questione	questione	SS	O	_	_
dell’	di/det	ES	O	_	_
autonomia	autonomia	SS	O	_	_
,	comma	XPW	O	_	_
facendo	fare	VG	O	_	_
loro	loro	DP	O	_	_
rielaborare	rielaborare	VF	O	_	_
,	comma	XPW	O	_	_
col	con/det	ES	O	_	_
concorso	concorso	SS	O	_	_
di	di	E	O	_	_
impiegati	impiegato	SP	O	_	_
ministeriali	ministeriale	AP	O	_	_
il	il	RS	O	_	_
progetto	progetto	SS	O	_	_
della	di/det	ES	O	_	_
curie	curia	SP	O	_	_
nazionali	nazionale	AP	O	_	_
e	e	C	O	_	_
dando	dare	VG	O	_	_
con	con	E	O	_	_
ciò	ciò`	PS	O	_	_
a	a	E	O	_	_
questo	questo	PS	O	_	_
una	uno	RS	O	_	_
tal	tale	SS	O	_	_
quale	quale	DS	O	_	_
sanzione	sanzione	SS	O	_	_
preventiva	preventivo	AS	O	_	_
?	?	XPS	O	_	_

E	e	C	O	_	_
non	non	B	O	_	_
ci	ci	PP	O	_	_
aveva	avere	VIY	O	_	_
avuto	avere	VSP	O	_	_
parte	parte	SS	O	_	_
diretta	diretto	AS	O	_	_
lo	il	RS	O	_	_
stesso	stesso	DS	O	_	_
Schwartzenau	schwartzenau	SPN	O	_	_
nella	in/det	ES	O	_	_
rielaborazione	rielaborazione	SS	O	_	_
di	di	E	O	_	_
questo	questo	DS	O	_	_
progetto	progetto	SS	O	_	_
?	?	XPS	O	_	_

E	e	C	O	_	_
non	non	B	O	_	_
fu	essere	VI	O	_	_
sostituito	sostituito	AS	O	_	_
appunto	appunto	B	O	_	_
per	per	E	O	_	_
questo	questo	DS	O	_	_
lo	lo	PS	O	_	_
Schwartzenau	schwartzenau	SPN	O	_	_
al	a/det	ES	O	_	_
conte	conte	SS	O	_	_
Merweldt	merweldt	SPN	PER	_	_
nel	in/det	ES	O	_	_
governo	governo	SS	O	_	_
della	di/det	ES	O	_	_
provincia	provincia	SS	O	_	_
?	?	XPS	O	_	_

E	e	C	O	_	_
non	non	B	O	_	_
aveva	avere	VI	O	_	_
il	il	RS	O	_	_
governo	governo	SS	O	_	_
centrale	centrale	AS	O	_	_
lasciato	lasciare	VSP	O	_	_
capire	capire	VF	O	_	_
fino	fino	E	O	_	_
dall’	da/det	ES	O	_	_
ingresso	ingresso	SS	O	_	_
del	di/det	ES	O	_	_
nuovo	nuovo	AS	O	_	_
Luogotenente	luogotenente	SPN	O	_	_
nel	in/det	ES	O	_	_
suo	suo	DS	O	_	_
ufficio	ufficio	SS	O	_	_
che	che	CCHE	O	_	_
,	comma	XPW	O	_	_
all’	a/det	ES	O	_	_
aprirsi	aprire/rifl	VF+E	O	_	_
della	di/det	ES	O	_	_
nuova	nuovo	AS	O	_	_
Dieta	dieta	SPN	O	_	_
sarebbe	essere	VIY	O	_	_
stato	essere	VSPY	O	_	_
avanzato	avanzare	VSP	O	_	_
un	uno	RS	O	_	_
progetto	progetto	SS	O	_	_
governativo	governativo	AS	O	_	_
sulla	su/det	ES	O	_	_
questione	questione	SS	O	_	_
Trentina	trentina	SPN	O	_	_
,	comma	XPW	O	_	_
e	e	C	O	_	_
che	che	CCHE	O	_	_
il	il	RS	O	_	_
Governo	governo	SS	O	_	_
si	rifl	PN	O	_	_
sarebbe	essere	VIY	O	_	_
dato	dare	VSP	O	_	_
attorno	attorno	E	O	_	_
le	il	RP	O	_	_
mani	mano	SP	O	_	_
per	per	E	O	_	_
tempo	tempo	SS	O	_	_
per	per	E	O	_	_
accordare	accordare	VF	O	_	_
nella	in/det	ES	O	_	_
questione	questione	SS	O	_	_
i	il	RP	O	_	_
rappresentanti	rappresentante	SP	O	_	_
delle	di/det	EP	O	_	_
due	due	N	O	_	_
nazionalità	nazionalità	SN	O	_	_
?	?	XPS	O	_	_

Ed	ed	C	O	_	_
ora	ora	B	O	_	_
si	rifl	PN	O	_	_
dichiara	dichiarare	VI	O	_	_
di	di	E	O	_	_
punto	punto	SS	O	_	_
in	in	E	O	_	_
bianco	bianco	SS	O	_	_
(	open_parenthesis	XPB	O	_	_
giacché	giacché	C	O	_	_
crediamo	credere	VI	O	_	_
la	il	RS	O	_	_
Neue	neue	SPN	O	_	_
Freie	freie	SPN	O	_	_
Presse	presse	SPN	O	_	_
informata	informare	VSP	O	_	_
da	da	E	O	_	_
fonte	fonte	SS	O	_	_
autorevole	autorevole	AS	O	_	_
nella	in/det	ES	O	_	_
faccenda	faccenda	SS	O	_	_
)	close_parenthesis	XPB	O	_	_
che	che	CCHE	O	_	_
una	uno	PS	O	_	_
intesa	intendere	VSP	O	_	_
nella	in/det	ES	O	_	_
questione	questione	SS	O	_	_
per	per	E	O	_	_
ora	ora	B	O	_	_
non	non	B	O	_	_
è	essere	VI	O	_	_
sperabile	sperabile	AS	O	_	_
,	comma	XPW	O	_	_
e	e	C	O	_	_
si	rifl	PN	O	_	_
giustifica	giustificare	VI	O	_	_
tale	tale	DS	O	_	_
abbandono	abbandono	SS	O	_	_
,	comma	XPW	O	_	_
sia	sia	C	O	_	_
pure	pure	C	O	_	_
interinale	interinale	AS	O	_	_
della	di/det	ES	O	_	_
questione	questione	SS	O	_	_
dell’	di/det	ES	O	_	_
autonomia	autonomia	SS	O	_	_
con	con	E	O	_	_
un	uno	RS	O	_	_
«	«	XPO	O	_	_
si	rifl	PN	O	_	_
dice	dire	VI	O	_	_
»	»	XPO	O	_	_
che	che	CCHE	O	_	_
il	il	RS	O	_	_
bar	bar	SN	O	_	_
.	.	XPS	O	_	_

Schwartzenau	schwartzenau	SPN	O	_	_
si	rifl	PN	O	_	_
sia	essere	VIY	O	_	_
appena	appena	B	O	_	_
posto	porre	VSP	O	_	_
allo	a/det	ES	O	_	_
studio	studio	SS	O	_	_
della	di/det	ES	O	_	_
questione	questione	SS	O	_	_
.	.	XPS	O	_	_

Il	il	RS	O	_	_
«	«	XPO	O	_	_
si	rifl	PN	O	_	_
dice	dire	VI	O	_	_
»	»	XPO	O	_	_
non	non	B	O	_	_
tiene	tenere	VI	O	_	_
affatto	affatto	B	O	_	_
;	semicolon	XPS	O	_	_

quello	quello	PS	O	_	_
che	che	CCHE	O	_	_
si	rifl	PN	O	_	_
capisce	capire	VI	O	_	_
è	essere	VI	O	_	_
solo	solo	B	O	_	_
questo	questo	PS	O	_	_
,	comma	XPW	O	_	_
che	che	CCHE	O	_	_
per	per	E	O	_	_
una	uno	RS	O	_	_
soluzione	soluzione	SS	O	_	_
prossima	prossimo	AS	O	_	_
della	di/det	ES	O	_	_
questione	questione	SS	O	_	_
trentina	trentino	AS	O	_	_
sono	essere	VI	O	_	_
sorti	sorte	SP	O	_	_
degli	di/det	EP	O	_	_
impedimenti	impedimento	SP	O	_	_
gravi	grave	AP	O	_	_
,	comma	XPW	O	_	_
che	che	CCHE	O	_	_
il	il	RS	O	_	_
governo	governo	SS	O	_	_
per	per	E	O	_	_
ora	ora	B	O	_	_
li	li	PP	O	_	_
crede	credere	VI	O	_	_
insormontabili	insormontabile	AP	O	_	_
.	.	XPS	O	_	_

Quali	quale	PP	O	_	_
saranno	essere	VI	O	_	_
o	o	C	O	_	_
donde	donde	B	O	_	_
sono	essere	VIY	O	_	_
sorti	sorgere	VPP	O	_	_
?	?	XPS	O	_	_

A	a	E	O	_	_
Vienna	vienna	SPN	GPE	48.2083537	16.3725042
,	comma	XPW	O	_	_
a	a	E	O	_	_
Innsbruck	innsbruck	SPN	GPE	47.2654296	11.3927685
,	comma	XPW	O	_	_
da	da	E	O	_	_
parte	parte	SS	O	_	_
dei	di/det	EP	O	_	_
deputati	deputato	SP	O	_	_
tedeschi	tedesco	AP	O	_	_
o	o	C	O	_	_
d’	di	E	O	_	_
altronde	altronde	B	O	_	_
?	?	XPS	O	_	_

Non	non	B	O	_	_
si	rifl	PN	O	_	_
dice	dire	VI	O	_	_
nulla	nulla	PS	O	_	_
o	o	C	O	_	_
solo	solo	B	O	_	_
potremo	potere	VI	O	_	_
saperlo	sapere/pro	VF+E	O	_	_
in	in	E	O	_	_
seguito	seguito	SS	O	_	_
.	.	XPS	O	_	_

Intanto	intanto	B	O	_	_
il	il	RS	O	_	_
Governo	governo	SS	O	_	_
vista	vedere	VSP	O	_	_
la	il	RS	O	_	_
impossibilità	impossibilità	SN	O	_	_
di	di	E	O	_	_
un	uno	RS	O	_	_
accordo	accordo	SS	O	_	_
,	comma	XPW	O	_	_
per	per	E	O	_	_
ora	ora	B	O	_	_
cerca	cercare	VI	O	_	_
di	di	E	O	_	_
indurre	indurre	VF	O	_	_
i	il	RP	O	_	_
deputati	deputato	SP	O	_	_
trentini	trentino	AP	O	_	_
a	a	E	O	_	_
togliere	togliere	VF	O	_	_
l’	il	RS	O	_	_
ostruzione	ostruzione	SS	O	_	_
offrendo	offrire	VG	O	_	_
delle	di/det	EP	O	_	_
concessioni	concessione	SP	O	_	_
lusinghiere	lusinghiero	AP	O	_	_
,	comma	XPW	O	_	_
giacché	giacché	C	O	_	_
la	il	RS	O	_	_
concessione	concessione	SS	O	_	_
di	di	E	O	_	_
un’	uno	RS	O	_	_
accademia	accademia	SS	O	_	_
di	di	E	O	_	_
diritto	diritto	SS	O	_	_
a	a	E	O	_	_
Trento	trento	SPN	GPE	46.0664228	11.1257601
non	non	B	O	_	_
è	essere	VI	O	_	_
certo	certo	DS	O	_	_
nei	in/det	EP	O	_	_
presenti	presente	AP	O	_	_
momenti	momento	SP	O	_	_
di	di	E	O	_	_
lotte	lotta	SP	O	_	_
e	e	C	O	_	_
difficoltà	difficoltà	SN	O	_	_
nazionali	nazionale	AP	O	_	_
una	uno	RS	O	_	_
cosa	cosa	SS	O	_	_
indifferente	indifferente	AS	O	_	_
.	.	XPS	O	_	_

Un	uno	RS	O	_	_
impedimento	impedimento	SS	O	_	_
sorge	sorgere	VI	O	_	_
a	a	E	O	_	_
difficoltare	difficoltare	VF	O	_	_
l’	il	RS	O	_	_
accettazione	accettazione	SS	O	_	_
di	di	E	O	_	_
questa	questo	DS	O	_	_
offerta	offerta	SS	O	_	_
governativa	governativo	AS	O	_	_
:	:	XPS	O	_	_
la	il	RS	O	_	_
promessa	promessa	SS	O	_	_
dei	di/det	EP	O	_	_
deputati	deputato	SP	O	_	_
trentini	trentino	AP	O	_	_
,	comma	XPW	O	_	_
ai	a/det	EP	O	_	_
deputati	deputato	SP	O	_	_
triestini	triestino	AP	O	_	_
ed	ed	C	O	_	_
istriani	istriano	AP	O	_	_
di	di	E	O	_	_
insistere	insistere	VF	O	_	_
per	per	E	O	_	_
l’	il	RS	O	_	_
Università	università	SN	O	_	_
italiana	italiano	AS	O	_	_
a	a	E	O	_	_
Trieste	trieste	SPN	GPE	45.6500335	13.7706559
.	.	XPS	O	_	_

La	il	RS	O	_	_
Neue	neue	SPN	O	_	_
Freie	freie	SPN	O	_	_
Presse	presse	SPN	O	_	_
sbarazza	sbarazzare	VI	O	_	_
i	il	RP	O	_	_
trentini	trentino	SP	O	_	_
da	da	E	O	_	_
questa	questo	DS	O	_	_
difficoltà	difficoltà	SN	O	_	_
,	comma	XPW	O	_	_
protestando	protestare	VG	O	_	_
che	che	CCHE	O	_	_
il	il	RS	O	_	_
Governo	governo	SS	O	_	_
non	non	B	O	_	_
accorderà	accordare	VI	O	_	_
mai	mai	B	O	_	_
un’	uno	RS	O	_	_
Università	università	SN	O	_	_
italiana	italiano	AS	O	_	_
a	a	E	O	_	_
Trieste	trieste	SPN	GPE	45.6500335	13.7706559
.	.	XPS	O	_	_

Crediamo	credere	VI	O	_	_
anche	anche	C	O	_	_
noi	noi	PP	O	_	_
che	che	CCHE	O	_	_
nelle	in/det	EP	O	_	_
presenti	presente	AP	O	_	_
circostanze	circostanza	SP	O	_	_
politiche	politico	AP	O	_	_
e	e	C	O	_	_
parlamentari	parlamentare	AP	O	_	_
non	non	B	O	_	_
si	rifl	PN	O	_	_
può	potere	VI	O	_	_
sperare	sperare	VF	O	_	_
la	il	RS	O	_	_
erezione	erezione	SS	O	_	_
di	di	E	O	_	_
una	uno	RS	O	_	_
Università	università	SN	O	_	_
italiana	italiano	AS	O	_	_
a	a	E	O	_	_
Trieste	trieste	SPN	GPE	45.6500335	13.7706559
,	comma	XPW	O	_	_
perché	perché	C	O	_	_
a	a	E	O	_	_
questa	questo	DS	O	_	_
erezione	erezione	SS	O	_	_
si	rifl	PN	O	_	_
oppongono	opporre	VI	O	_	_
inesorabilmente	inesorabilmente	B	O	_	_
gli	il	RP	O	_	_
elementi	elemento	SP	O	_	_
slavi	slavo	AP	O	_	_
ed	ed	C	O	_	_
i	il	RP	O	_	_
tedeschi	tedesco	SP	O	_	_
più	più	B	O	_	_
o	o	C	O	_	_
meno	meno	B	O	_	_
nazionali	nazionale	AP	O	_	_
del	di/det	ES	O	_	_
Parlamento	parlamento	SS	O	_	_
e	e	C	O	_	_
senza	senza	E	O	_	_
il	il	RS	O	_	_
consenso	consenso	SS	O	_	_
del	di/det	ES	O	_	_
Parlamento	parlamento	SS	O	_	_
Università	università	SN	O	_	_
non	non	B	O	_	_
se	rifl	PN	O	_	_
ne	ne	PN	O	_	_
fondano	fondare	VI	O	_	_
.	.	XPS	O	_	_

Ma	ma	C	O	_	_
bisogna	bisognare	VI	O	_	_
vedere	vedere	VF	O	_	_
se	se	C	O	_	_
i	il	RP	O	_	_
deputati	deputato	SP	O	_	_
istriani	istriano	AP	O	_	_
e	e	C	O	_	_
triestini	triestino	AP	O	_	_
pur	pur	C	O	_	_
vedendo	vedere	VG	O	_	_
questa	questo	DS	O	_	_
difficoltà	difficoltà	SN	O	_	_
,	comma	XPW	O	_	_
hanno	avere	VIY	O	_	_
abbandonate	abbandonare	VPP	O	_	_
le	il	RP	O	_	_
speranze	speranza	SP	O	_	_
anche	anche	C	O	_	_
per	per	E	O	_	_
il	il	RS	O	_	_
futuro	futuro	SS	O	_	_
,	comma	XPW	O	_	_
e	e	C	O	_	_
se	se	C	O	_	_
non	non	B	O	_	_
credono	credere	VI	O	_	_
pregiudicate	pregiudicato	AP	O	_	_
queste	questo	DP	O	_	_
speranze	speranza	SP	O	_	_
dall’	da/det	ES	O	_	_
erezione	erezione	SS	O	_	_
di	di	E	O	_	_
un’	uno	RS	O	_	_
accademia	accademia	SS	O	_	_
legale	legale	AS	O	_	_
a	a	E	O	_	_
Trento	trento	SPN	GPE	46.0664228	11.1257601
.	.	XPS	O	_	_

In	in	E	O	_	_
ogni	ogni	DS	O	_	_
modo	modo	SS	O	_	_
saranno	essere	VI	O	_	_
i	il	RP	O	_	_
trentini	trentino	SP	O	_	_
costretti	costringere	VPP	O	_	_
dai	da/det	EP	O	_	_
loro	loro	PP	O	_	_
precedenti	precedente	AP	O	_	_
a	a	E	O	_	_
passare	passare	VF	O	_	_
parola	parola	SS	O	_	_
coi	con/det	EP	O	_	_
loro	loro	DP	O	_	_
colleghi	collega	SP	O	_	_
del	di/det	ES	O	_	_
Litorale	litorale	SPN	O	_	_
.	.	XPS	O	_	_

S’	s’	PN	O	_	_
intende	intendere	VI	O	_	_
da	da	E	O	_	_
sé	sé	PN	O	_	_
,	comma	XPW	O	_	_
che	che	CCHE	O	_	_
l’	il	RS	O	_	_
accettazione	accettazione	SS	O	_	_
di	di	E	O	_	_
questa	questo	DS	O	_	_
offerta	offerta	SS	O	_	_
del	di/det	ES	O	_	_
Governo	governo	SS	O	_	_
non	non	B	O	_	_
potrà	potere	VI	O	_	_
e	e	C	O	_	_
non	non	B	O	_	_
dovrà	dovere	VI	O	_	_
in	in	E	O	_	_
ogni	ogni	DS	O	_	_
caso	caso	SS	O	_	_
importare	importare	VF	O	_	_
un	uno	RS	O	_	_
abbandono	abbandono	SS	O	_	_
della	di/det	ES	O	_	_
questione	questione	SS	O	_	_
dell’	di/det	ES	O	_	_
autonomia	autonomia	SS	O	_	_
.	.	XPS	O	_	_
