# total number of persons:0, total number of gpes:0
Ad	ad	E	O	_	_
§	§	XPO	O	_	_
8.	8.	N	O	_	_
Ammesso	ammesso	SPN	O	_	_
che	che	CCHE	O	_	_
una	uno	RS	O	_	_
scuola	scuola	SS	O	_	_
ad	ad	E	O	_	_
una	uno	RS	O	_	_
sola	solo	AS	O	_	_
classe	classe	SS	O	_	_
promiscua	promiscuo	AS	O	_	_
possa	potere	VI	O	_	_
avere	avere	VF	O	_	_
fino	fino	E	O	_	_
ad	ad	E	O	_	_
80	80	N	O	_	_
ragazzi	ragazzo	SP	O	_	_
è	essere	VIY	O	_	_
certo	certo	B	O	_	_
cosa	cosa	SS	O	_	_
prudente	prudere	VSP	O	_	_
l’	il	RS	O	_	_
affidare	affidare	VF	O	_	_
ad	ad	E	O	_	_
un	uno	RS	O	_	_
maestro	maestro	SS	O	_	_
un	uno	RS	O	_	_
numero	numero	SS	O	_	_
così	così	B	O	_	_
grande	grande	AS	O	_	_
di	di	E	O	_	_
ragazzi	ragazzo	SP	O	_	_
.	.	XPS	O	_	_

Però	però	C	O	_	_
è	essere	VI	O	_	_
ammissibile	ammissibile	AS	O	_	_
che	che	CCHE	O	_	_
una	uno	RS	O	_	_
classe	classe	SS	O	_	_
promiscua	promiscuo	AS	O	_	_
di	di	E	O	_	_
40-50	40-50	N	O	_	_
scolari	scolaro	SP	O	_	_
possa	potere	VI	O	_	_
esser	esser	YF	O	_	_
condotta	condurre	VSP	O	_	_
con	con	E	O	_	_
lode	lode	SS	O	_	_
anche	anche	C	O	_	_
ad	ad	E	O	_	_
una	uno	RS	O	_	_
maestra	maestra	SS	O	_	_
senza	senza	E	O	_	_
gravi	grave	AP	O	_	_
sforzi	sforzo	SP	O	_	_
,	comma	XPW	O	_	_
e	e	C	O	_	_
così	così	B	O	_	_
sarebbe	essere	VIY	O	_	_
assicurata	assicurare	VSP	O	_	_
anche	anche	C	O	_	_
per	per	E	O	_	_
le	il	RP	O	_	_
ragazze	ragazza	SP	O	_	_
l’	il	RS	O	_	_
istruzione	istruzione	SS	O	_	_
regolare	regolare	AS	O	_	_
nei	in/det	EP	O	_	_
lavori	lavoro	SP	O	_	_
femminili	femminile	AP	O	_	_
.	.	XPS	O	_	_

Perciò	perciò	C	O	_	_
sarebbe	essere	VI	O	_	_
a	a	E	O	_	_
desiderarsi	desiderare/rifl	VF+E	O	_	_
che	che	CCHE	O	_	_
il	il	RS	O	_	_
terzo	terzo	AS	O	_	_
capoverso	capoverso	SS	O	_	_
di	di	E	O	_	_
questo	questo	PS	O	_	_
§	§	XPO	O	_	_
suonasse	suonare	VI	O	_	_
almeno	almeno	B	O	_	_
così	così	B	O	_	_
:	:	XPS	O	_	_
Le	il	RP	O	_	_
scuole	scuola	SP	O	_	_
promiscue	promiscuo	AP	O	_	_
di	di	E	O	_	_
una	uno	RS	O	_	_
sola	solo	AS	O	_	_
classe	classe	SS	O	_	_
verranno	venire	VI	O	_	_
di	di	E	O	_	_
regola	regola	SS	O	_	_
coperte	coprire	VPP	O	_	_
con	con	E	O	_	_
maestri	maestro	SP	O	_	_
.	.	XPS	O	_	_

Però	però	C	O	_	_
su	su	E	O	_	_
proposta	proposta	SS	O	_	_
del	di/det	ES	O	_	_
Consiglio	consiglio	SS	O	_	_
provinciale	provinciale	AS	O	_	_
accordare	accordare	VF	O	_	_
per	per	E	O	_	_
tali	tale	AP	O	_	_
scuole	scuola	SP	O	_	_
una	uno	RS	O	_	_
maestra	maestra	SS	O	_	_
fino	fino	E	O	_	_
a	a	E	O	_	_
tanto	tanto	PS	O	_	_
che	che	CCHE	O	_	_
la	il	RS	O	_	_
media	media	SS	O	_	_
triennale	triennale	AS	O	_	_
dei	di/det	EP	O	_	_
fanciulli	fanciullo	SP	O	_	_
obbligativi	obbligativi	AP	O	_	_
non	non	B	O	_	_
sorpassi	sorpassare	VI	O	_	_
il	il	RS	O	_	_
numero	numero	SS	O	_	_
di	di	E	O	_	_
50	50	N	O	_	_
.	.	XPS	O	_	_

Il	il	RS	O	_	_
quarto	quarto	AS	O	_	_
capoverso	capoverso	SS	O	_	_
di	di	E	O	_	_
questo	questo	PS	O	_	_
§	§	XPO	O	_	_
nella	in/det	ES	O	_	_
proposta	proposta	SS	O	_	_
accorda	accordare	VI	O	_	_
alle	a/det	EP	O	_	_
maestre	maestra	SP	O	_	_
occupanti	occupante	AP	O	_	_
posti	posto	SP	O	_	_
di	di	E	O	_	_
maestre	maestre	SS	O	_	_
i	il	RP	O	_	_
medesimi	medesimo	AP	O	_	_
diritti	diritto	SP	O	_	_
che	che	CCHE	O	_	_
avrebbero	avere	VIY	O	_	_
occupato	occupare	VSP	O	_	_
definitivamente	definitivamente	B	O	_	_
un	uno	RS	O	_	_
posto	posto	SS	O	_	_
sistemato	sistemare	VSP	O	_	_
per	per	E	O	_	_
maestre	maestre	SS	O	_	_
.	.	XPS	O	_	_

È	essere	VI	O	_	_
questo	questo	PS	O	_	_
un	uno	RS	O	_	_
atto	atto	SS	O	_	_
di	di	E	O	_	_
giustizia	giustizia	SS	O	_	_
verso	verso	E	O	_	_
quelle	quello	PP	O	_	_
maestre	maestro	AP	O	_	_
,	comma	XPW	O	_	_
che	che	CCHE	O	_	_
altrimenti	altrimenti	B	O	_	_
non	non	B	O	_	_
potrebbero	potere	VI	O	_	_
mai	mai	B	O	_	_
essere	essere	VFY	O	_	_
nominate	nominare	VPP	O	_	_
definitive	definitivo	AP	O	_	_
ed	ed	C	O	_	_
acquistare	acquistare	VF	O	_	_
diritto	diritto	SS	O	_	_
a	a	E	O	_	_
pensione	pensione	SS	O	_	_
.	.	XPS	O	_	_

Avuto	avuto	SPN	O	_	_
riguardo	riguardo	SS	O	_	_
a	a	E	O	_	_
quanto	quanto	B	O	_	_
si	rifl	PN	O	_	_
disse	dire	VI	O	_	_
parlando	parlare	VG	O	_	_
del	di/det	ES	O	_	_
§	§	XPO	O	_	_
7	7	N	O	_	_
non	non	B	O	_	_
avrebbe	avere	VI	O	_	_
ragione	ragione	SS	O	_	_
di	di	E	O	_	_
esistere	esistere	VF	O	_	_
il	il	RS	O	_	_
quinto	quinto	AS	O	_	_
capoverso	capoverso	SS	O	_	_
del	di/det	ES	O	_	_
§	§	XPO	O	_	_
8	8	N	O	_	_
di	di	E	O	_	_
questa	questo	DS	O	_	_
proposta	proposta	SS	O	_	_
,	comma	XPW	O	_	_
rispettivamente	rispettivamente	B	O	_	_
quarto	quarto	AS	O	_	_
capoverso	capoverso	SS	O	_	_
del	di/det	ES	O	_	_
§	§	XPO	O	_	_
8	8	N	O	_	_
della	di/det	ES	O	_	_
legge	legge	SS	O	_	_
provinciale	provinciale	AS	O	_	_
30	30	N	O	_	_
aprile	aprile	SS	O	_	_
1892	1892	N	O	_	_
.	.	XPS	O	_	_

Questo	questo	DS	O	_	_
capoverso	capoverso	SS	O	_	_
potrebbe	potere	VI	O	_	_
forse	forse	B	O	_	_
venir	venir	VIY	O	_	_
utilizzato	utilizzare	VSP	O	_	_
così	così	B	O	_	_
:	:	XPS	O	_	_
In	in	E	O	_	_
iscuole	iscuole	SP	O	_	_
con	con	E	O	_	_
tre	tre	N	O	_	_
forze	forza	SP	O	_	_
docenti	docente	AP	O	_	_
vi	vi	B	O	_	_
saranno	essere	VI	O	_	_
un	uno	RS	O	_	_
maestro	maestro	SS	O	_	_
e	e	C	O	_	_
due	due	N	O	_	_
maestre	maestra	SP	O	_	_
,	comma	XPW	O	_	_
in	in	E	O	_	_
quelle	quello	PP	O	_	_
con	con	E	O	_	_
quattro	quattro	N	O	_	_
forze	forza	SP	O	_	_
docenti	docente	AP	O	_	_
due	due	N	O	_	_
maestri	maestro	SP	O	_	_
e	e	C	O	_	_
due	due	N	O	_	_
maestre	maestra	SP	O	_	_
e	e	C	O	_	_
con	con	E	O	_	_
cinque	cinque	N	O	_	_
forze	forza	SP	O	_	_
docenti	docente	AP	O	_	_
due	due	N	O	_	_
maestri	maestro	SP	O	_	_
e	e	C	O	_	_
tre	tre	N	O	_	_
maestre	maestra	SP	O	_	_
,	comma	XPW	O	_	_
del	di/det	ES	O	_	_
resto	resto	SS	O	_	_
tutte	tutto	DP	O	_	_
le	il	RP	O	_	_
classi	classe	SP	O	_	_
maschili	maschile	AP	O	_	_
devono	dovere	VI	O	_	_
essere	essere	VFY	O	_	_
coperte	coprire	VPP	O	_	_
con	con	E	O	_	_
maestri	maestro	SP	O	_	_
e	e	C	O	_	_
le	il	RP	O	_	_
femminili	femminile	SP	O	_	_
con	con	E	O	_	_
maestre	maestre	SS	O	_	_
.	.	XPS	O	_	_

In	in	E	O	_	_
mancanza	mancanza	SS	O	_	_
di	di	E	O	_	_
maestri	maestro	SP	O	_	_
potranno	potere	VI	O	_	_
essere	essere	VFY	O	_	_
affidati	affidare	VPP	O	_	_
a	a	E	O	_	_
maestre	maestre	SS	O	_	_
anche	anche	C	O	_	_
i	il	RP	O	_	_
ragazzi	ragazzo	SP	O	_	_
dei	di/det	EP	O	_	_
quattro	quattro	N	O	_	_
primi	primo	AP	O	_	_
gradi	grado	SP	O	_	_
di	di	E	O	_	_
età	età	SN	O	_	_
.	.	XPS	O	_	_

Ad	ad	E	O	_	_
§	§	XPO	O	_	_
9.	9.	N	O	_	_
È	essere	VIY	O	_	_
giusto	giusto	VSP	O	_	_
che	che	CCHE	O	_	_
prima	prima	E	O	_	_
dell’	di/det	ES	O	_	_
eventuale	eventuale	AS	O	_	_
soppressione	soppressione	SS	O	_	_
di	di	E	O	_	_
una	uno	RS	O	_	_
scuola	scuola	SS	O	_	_
,	comma	XPW	O	_	_
o	o	C	O	_	_
classe	classe	SS	O	_	_
si	rifl	PN	O	_	_
provveda	provvedere	VI	O	_	_
acché	acché	B	O	_	_
il	il	RS	O	_	_
docente	docente	AS	O	_	_
rispettivo	rispettivo	SS	O	_	_
non	non	B	O	_	_
abbia	avere	VI	O	_	_
a	a	E	O	_	_
patir	patir	SS	O	_	_
danno	dare	VI	O	_	_
nei	in/det	EP	O	_	_
suoi	suo	DP	O	_	_
diritti	diritto	SP	O	_	_
.	.	XPS	O	_	_

Ad	ad	E	O	_	_
§	§	XPO	O	_	_
10	10	N	O	_	_
.	.	XPS	O	_	_

In	in	E	O	_	_
correlazione	correlazione	SS	O	_	_
a	a	E	O	_	_
quanto	quanto	B	O	_	_
si	rifl	PN	O	_	_
disse	dire	VI	O	_	_
nel	in/det	ES	O	_	_
§	§	XPO	O	_	_
6	6	N	O	_	_
,	comma	XPW	O	_	_
essendo	essere	VG	O	_	_
necessario	necessario	AS	O	_	_
favorire	favorire	VF	O	_	_
l’	il	RS	O	_	_
istruzione	istruzione	SS	O	_	_
in	in	E	O	_	_
tutti	tutto	DP	O	_	_
i	il	RP	O	_	_
modi	modio	SP	O	_	_
sarebbe	essere	VI	O	_	_
desiderabile	desiderabile	AS	O	_	_
qui	qui	B	O	_	_
esporre	esporre	VF	O	_	_
più	più	B	O	_	_
dettagliatamente	dettagliatamente	B	O	_	_
quali	quale	PP	O	_	_
scuole	scuola	SP	O	_	_
o	o	C	O	_	_
classi	classe	SP	O	_	_
siano	essere	VI	O	_	_
non	non	B	O	_	_
necessarie	necessario	AP	O	_	_
in	in	E	O	_	_
legge	legge	SS	O	_	_
,	comma	XPW	O	_	_
e	e	C	O	_	_
precisamente	precisamente	B	O	_	_
che	che	CCHE	O	_	_
venissero	venire	VIY	O	_	_
dichiarate	dichiarare	VPP	O	_	_
tali	tale	AP	O	_	_
solo	solo	B	O	_	_
le	il	RP	O	_	_
scuole	scuola	SP	O	_	_
figliali	figliali	AP	O	_	_
(	open_parenthesis	XPB	O	_	_
§	§	XPO	O	_	_
1	1	N	O	_	_
cap.	cap.	SP	O	_	_
2	2	N	O	_	_
)	close_parenthesis	XPB	O	_	_
e	e	C	O	_	_
le	il	RP	O	_	_
classi	classe	SP	O	_	_
che	che	CCHE	O	_	_
si	rifl	PN	O	_	_
volessero	volere	VI	O	_	_
istituire	istituire	VF	O	_	_
in	in	E	O	_	_
più	più	B	O	_	_
là	là	B	O	_	_
dove	dove	CADV	O	_	_
la	il	RS	O	_	_
media	media	SS	O	_	_
degli	di/det	EP	O	_	_
scolari	scolaro	SP	O	_	_
addetti	addetto	AP	O	_	_
ad	ad	E	O	_	_
ogni	ogni	DS	O	_	_
classe	classe	SS	O	_	_
non	non	B	O	_	_
sorpassa	sorpassare	VI	O	_	_
il	il	RS	O	_	_
numero	numero	SS	O	_	_
di	di	E	O	_	_
60	60	N	O	_	_
e	e	C	O	_	_
che	che	CCHE	O	_	_
solo	solo	B	O	_	_
per	per	E	O	_	_
tali	tale	AP	O	_	_
scuole	scuola	SP	O	_	_
o	o	C	O	_	_
classi	classe	SP	O	_	_
avesse	avere	VI	O	_	_
ad	ad	E	O	_	_
aver	avere	VF	O	_	_
vigore	vigore	SS	O	_	_
il	il	RS	O	_	_
disposto	disposto	SS	O	_	_
del	di/det	ES	O	_	_
§	§	XPO	O	_	_
10	10	N	O	_	_
capov	capov	SP	O	_	_
.	.	XPS	O	_	_

3	3	N	O	_	_
di	di	E	O	_	_
questa	questo	DS	O	_	_
proposta	proposta	SS	O	_	_
.	.	XPS	O	_	_

II	ii	N	O	_	_
.	.	XPS	O	_	_

Frequentazione	frequentazione	SS	O	_	_
della	di/det	ES	O	_	_
scuola	scuola	SS	O	_	_
Ad	ad	E	O	_	_
§	§	XPO	O	_	_
16	16	N	O	_	_
.	.	XPS	O	_	_

Questo	questo	PS	O	_	_
§	§	XPO	O	_	_
è	essere	VI	O	_	_
del	di/det	ES	O	_	_
tutto	tutto	PS	O	_	_
eguale	eguale	AS	O	_	_
a	a	E	O	_	_
quello	quello	PS	O	_	_
della	di/det	ES	O	_	_
Legge	legge	SPN	O	_	_
30	30	N	O	_	_
aprile	aprile	SS	O	_	_
1892	1892	N	O	_	_
solo	solo	B	O	_	_
qui	qui	B	O	_	_
si	rifl	PN	O	_	_
concederebbe	concedere	VI	O	_	_
ai	a/det	EP	O	_	_
docenti	docente	SP	O	_	_
il	il	RS	O	_	_
diritto	diritto	SS	O	_	_
di	di	E	O	_	_
esporre	esporre	VF	O	_	_
il	il	RS	O	_	_
loro	loro	DP	O	_	_
parere	parere	SS	O	_	_
al	a/det	ES	O	_	_
Consiglio	consiglio	SS	O	_	_
scolastico	scolastico	AS	O	_	_
locale	locale	AS	O	_	_
di	di	E	O	_	_
caso	caso	SS	O	_	_
in	in	E	O	_	_
caso	caso	SS	O	_	_
in	in	E	O	_	_
merito	merito	SS	O	_	_
all’	a/det	ES	O	_	_
assunzione	assunzione	SS	O	_	_
di	di	E	O	_	_
ragazzi	ragazzo	SP	O	_	_
che	che	CCHE	O	_	_
non	non	B	O	_	_
hanno	avere	VIY	O	_	_
ancora	ancora	B	O	_	_
compiuto	compiere	VSP	O	_	_
il	il	RS	O	_	_
sesto	sesto	AS	O	_	_
anno	anno	SS	O	_	_
di	di	E	O	_	_
età	età	SN	O	_	_
.	.	XPS	O	_	_

È	essere	VI	O	_	_
questa	questo	PS	O	_	_
una	uno	RS	O	_	_
buona	buono	AS	O	_	_
disposizione	disposizione	SS	O	_	_
dal	da/det	ES	O	_	_
punto	punto	SS	O	_	_
di	di	E	O	_	_
vista	vista	SS	O	_	_
che	che	CCHE	O	_	_
molte	molto	DP	O	_	_
volte	volta	SP	O	_	_
i	il	RP	O	_	_
genitori	genitore	SP	O	_	_
vogliono	volere	VI	O	_	_
mandare	mandare	VF	O	_	_
alla	a/det	ES	O	_	_
scuola	scuola	SS	O	_	_
i	il	RP	O	_	_
loro	loro	DP	O	_	_
figli	figlio	SP	O	_	_
molto	molto	B	O	_	_
per	per	E	O	_	_
tempo	tempo	SS	O	_	_
all’	a/det	ES	O	_	_
unico	unico	AS	O	_	_
scopo	scopo	SS	O	_	_
di	di	E	O	_	_
liberarsi	liberare/rifl	VF+E	O	_	_
dai	da/det	EP	O	_	_
medesimi	medesimi	SP	O	_	_
,	comma	XPW	O	_	_
senza	senza	E	O	_	_
alcun	alcuno	DS	O	_	_
riguardo	riguardo	SS	O	_	_
allo	a/det	ES	O	_	_
sviluppo	sviluppo	SS	O	_	_
fisico	fisico	AS	O	_	_
ed	ed	C	O	_	_
intellettuale	intellettuale	AS	O	_	_
loro	loro	PP	O	_	_
,	comma	XPW	O	_	_
e	e	C	O	_	_
solo	solo	B	O	_	_
i	il	RP	O	_	_
maestri	maestro	SP	O	_	_
possono	potere	VI	O	_	_
essere	essere	VF	O	_	_
giudici	giudice	SP	O	_	_
competenti	competente	AP	O	_	_
in	in	E	O	_	_
merito	merito	SS	O	_	_
a	a	E	O	_	_
prima	primo	AS	O	_	_
vista	vista	SS	O	_	_
,	comma	XPW	O	_	_
o	o	C	O	_	_
dopo	dopo	E	O	_	_
un	uno	RS	O	_	_
breve	breve	AS	O	_	_
periodo	periodo	SS	O	_	_
di	di	E	O	_	_
prova	prova	SS	O	_	_
.	.	XPS	O	_	_

Ad	ad	E	O	_	_
§	§	XPO	O	_	_
16	16	N	O	_	_
.	.	XPS	O	_	_

Qui	qui	B	O	_	_
si	rifl	PN	O	_	_
richiede	richiedere	VI	O	_	_
che	che	CCHE	O	_	_
debba	dovere	VI	O	_	_
seguire	seguire	VF	O	_	_
al	a/det	ES	O	_	_
più	più	B	O	_	_
tardi	tardi	B	O	_	_
entro	entro	E	O	_	_
gli	il	RP	O	_	_
ultimi	ultimo	AP	O	_	_
otto	otto	N	O	_	_
giorni	giorno	SP	O	_	_
precedenti	precedere	VPP	O	_	_
l’	il	RS	O	_	_
incominciamento	incominciamento	SS	O	_	_
dell’	di/det	ES	O	_	_
anno	anno	SS	O	_	_
scolastico	scolastico	AS	O	_	_
l’	il	RS	O	_	_
insinuazione	insinuazione	SS	O	_	_
al	a/det	ES	O	_	_
Consiglio	consiglio	SS	O	_	_
scolastico	scolastico	AS	O	_	_
locale	locale	AS	O	_	_
dei	di/det	EP	O	_	_
ragazzi	ragazzo	SP	O	_	_
altrui	altrui	AP	O	_	_
tenuti	tenere	VPP	O	_	_
a	a	E	O	_	_
dozzina	dozzina	SS	O	_	_
od	od	C	O	_	_
al	a/det	ES	O	_	_
lavoro	lavoro	SS	O	_	_
in	in	E	O	_	_
età	età	SN	O	_	_
obbligata	obbligare	VSP	O	_	_
alla	a/det	ES	O	_	_
scuola	scuola	SS	O	_	_
colla	con/det	ES	O	_	_
relativa	relativo	AS	O	_	_
osservazione	osservazione	SS	O	_	_
se	se	C	O	_	_
e	e	C	O	_	_
quale	quale	DS	O	_	_
istruzione	istruzione	SS	O	_	_
sia	sia	C	O	_	_
loro	loro	PP	O	_	_
impartita	impartire	VSP	O	_	_
e	e	C	O	_	_
si	rifl	PN	O	_	_
stabilisce	stabilire	VI	O	_	_
a	a	E	O	_	_
chi	chi	CCHI	O	_	_
spetta	spettare	VI	O	_	_
infliggere	infliggere	VF	O	_	_
pene	pena	SP	O	_	_
per	per	E	O	_	_
trasgressioni	trasgressione	SP	O	_	_
contro	contro	E	O	_	_
le	il	RP	O	_	_
prescrizioni	prescrizione	SP	O	_	_
di	di	E	O	_	_
questo	questo	PS	O	_	_
§	§	XPO	O	_	_
.	.	XPS	O	_	_

Ad	ad	E	O	_	_
§	§	XPO	O	_	_
17	17	N	O	_	_
.	.	XPS	O	_	_

In	in	E	O	_	_
questo	questo	PS	O	_	_
§	§	XPO	O	_	_
è	essere	VI	O	_	_
chiaramente	chiaramente	B	O	_	_
specificato	specificare	VSP	O	_	_
in	in	E	O	_	_
che	che	CCHE	O	_	_
consiste	consistere	VI	O	_	_
la	il	RS	O	_	_
prima	primo	AS	O	_	_
parte	parte	SS	O	_	_
della	di/det	ES	O	_	_
matricola	matricola	SS	O	_	_
scolastica	scolastico	AS	O	_	_
,	comma	XPW	O	_	_
ossia	ossia	C	O	_	_
la	il	RS	O	_	_
matricola	matricola	SS	O	_	_
scolastica	scolastico	AS	O	_	_
propriamente	propriamente	B	O	_	_
detta	dire	VSP	O	_	_
e	e	C	O	_	_
ciò	ciò`	PS	O	_	_
serve	servire	VI	O	_	_
anche	anche	C	O	_	_
a	a	E	O	_	_
dilucidare	dilucidare	VF	O	_	_
la	il	RS	O	_	_
relativa	relativo	AS	O	_	_
ordinanza	ordinanza	SS	O	_	_
dell’	di/det	ES	O	_	_
i.	i.	YA	O	_	_
r.	r.	YA	O	_	_
Consiglio	consiglio	SS	O	_	_
scolastico	scolastico	AS	O	_	_
provinciale	provinciale	AS	O	_	_
del	di/det	ES	O	_	_
3	3	N	O	_	_
ottobre	ottobre	SS	O	_	_
1901	1901	N	O	_	_
(	open_parenthesis	XPB	O	_	_
Bollettino	bollettino	SPN	O	_	_
Leggi	leggi	SPN	O	_	_
Provinciali	provinciali	SPN	O	_	_
N.	n.	YA	O	_	_
35	35	N	O	_	_
)	close_parenthesis	XPB	O	_	_
.	.	XPS	O	_	_

Ad	ad	E	O	_	_
§	§	XPO	O	_	_
18	18	N	O	_	_
.	.	XPS	O	_	_

In	in	E	O	_	_
questo	questo	PS	O	_	_
§	§	XPO	O	_	_
il	il	RS	O	_	_
testo	testo	SS	O	_	_
della	di/det	ES	O	_	_
proposta	proposta	SS	O	_	_
è	essere	VIY	O	_	_
sbagliato	sbagliare	VSP	O	_	_
nel	in/det	ES	O	_	_
senso	senso	SS	O	_	_
che	che	CCHE	O	_	_
vi	vi	B	O	_	_
è	essere	VIY	O	_	_
citato	citare	VSP	O	_	_
due	due	N	O	_	_
volte	volta	SP	O	_	_
il	il	RS	O	_	_
§	§	XPO	O	_	_
15	15	N	O	_	_
anzichè	anzichè	VI	O	_	_
il	il	RS	O	_	_
§	§	XPO	O	_	_
17	17	N	O	_	_
appunto	appunto	B	O	_	_
come	come	CADV	O	_	_
nella	in/det	ES	O	_	_
legge	legge	SS	O	_	_
30	30	N	O	_	_
aprile	aprile	SS	O	_	_
1892	1892	N	O	_	_
.	.	XPS	O	_	_

Ad	ad	E	O	_	_
§	§	XPO	O	_	_
20	20	N	O	_	_
.	.	XPS	O	_	_

Qui	qui	B	O	_	_
è	essere	VIY	O	_	_
affidata	affidare	VSP	O	_	_
alle	a/det	EP	O	_	_
Dirigenze	dirigenza	SP	O	_	_
scolastiche	scolastico	AP	O	_	_
la	il	RS	O	_	_
controlleria	controlleria	SS	O	_	_
sopra	sopra	E	O	_	_
ragazzi	ragazzo	SP	O	_	_
che	che	CCHE	O	_	_
abbandonano	abbandonare	VI	O	_	_
colle	con/det	EP	O	_	_
loro	loro	DP	O	_	_
famiglie	famiglia	SP	O	_	_
un	uno	RS	O	_	_
luogo	luogo	SS	O	_	_
per	per	E	O	_	_
recarsi	recare/rifl	VF+E	O	_	_
in	in	E	O	_	_
un	uno	RS	O	_	_
altro	altro	PS	O	_	_
,	comma	XPW	O	_	_
affinché	affinché	C	O	_	_
non	non	B	O	_	_
avvenga	avvenire	VI	O	_	_
che	che	CCHE	O	_	_
tali	tale	AP	O	_	_
fanciulli	fanciullo	SP	O	_	_
abbiano	avere	VI	O	_	_
a	a	E	O	_	_
non	non	B	O	_	_
frequentare	frequentare	VF	O	_	_
alcuna	alcuno	DS	O	_	_
scuola	scuola	SS	O	_	_
per	per	E	O	_	_
troppo	troppo	B	O	_	_
lungo	lungo	AS	O	_	_
tempo	tempo	SS	O	_	_
.	.	XPS	O	_	_

Ciò	ciò`	PS	O	_	_
è	essere	VI	O	_	_
cosa	cosa	SS	O	_	_
naturale	naturale	AS	O	_	_
,	comma	XPW	O	_	_
giacché	giacché	C	O	_	_
i	il	RP	O	_	_
maestri	maestro	SP	O	_	_
sono	essere	VI	O	_	_
più	più	B	O	_	_
alla	a/det	ES	O	_	_
portata	portata	SS	O	_	_
di	di	E	O	_	_
conoscere	conoscere	VF	O	_	_
ciò	ciò`	PS	O	_	_
,	comma	XPW	O	_	_
di	di	E	O	_	_
quello	quello	PS	O	_	_
non	non	B	O	_	_
lo	lo	PS	O	_	_
siano	essere	VI	O	_	_
i	il	RP	O	_	_
membri	membro	SP	O	_	_
del	di/det	ES	O	_	_
Consiglio	consiglio	SS	O	_	_
scolastico	scolastico	AS	O	_	_
locale	locale	AS	O	_	_
.	.	XPS	O	_	_

Questa	questo	DS	O	_	_
proposta	proposta	SS	O	_	_
è	essere	VI	O	_	_
analoga	analogo	AS	O	_	_
a	a	E	O	_	_
quella	quello	PS	O	_	_
della	di/det	ES	O	_	_
conferenza	conferenza	SS	O	_	_
magistrale	magistrale	AS	O	_	_
provinciale	provinciale	AS	O	_	_
del	di/det	ES	O	_	_
1899	1899	N	O	_	_
fatta	fare	VSP	O	_	_
in	in	E	O	_	_
questo	questo	DS	O	_	_
riguardo	riguardo	SS	O	_	_
.	.	XPS	O	_	_

(	open_parenthesis	XPB	O	_	_
Continua	continuare	VI	O	_	_
)	close_parenthesis	XPB	O	_	_
