# total number of persons:0, total number of gpes:1
«	«	XPO	O	_	_
Non	non	B	O	_	_
contano	contare	VI	O	_	_
più	più	B	O	_	_
gli	il	RP	O	_	_
scioperi	sciopero	SP	O	_	_
generali	generale	AP	O	_	_
,	comma	XPW	O	_	_
non	non	B	O	_	_
valgono	valere	VI	O	_	_
più	più	B	O	_	_
le	il	RP	O	_	_
proteste	protesta	SP	O	_	_
pacifiche	pacifico	AP	O	_	_
.	.	XPS	O	_	_

Il	il	RS	O	_	_
monito	monito	SS	O	_	_
dell’	di/det	ES	O	_	_
onda	onda	SS	O	_	_
popolare	popolare	AS	O	_	_
non	non	B	O	_	_
arriva	arrivare	VI	O	_	_
al	a/det	ES	O	_	_
cervello	cervello	SS	O	_	_
d’	di	E	O	_	_
una	uno	RS	O	_	_
borghesia	borghesia	SS	O	_	_
decadente	decadente	AS	O	_	_
,	comma	XPW	O	_	_
da	da	E	O	_	_
tanti	tanto	DP	O	_	_
anni	anno	SP	O	_	_
al	a/det	ES	O	_	_
potere	potere	SS	O	_	_
col	con/det	ES	O	_	_
solo	solo	AS	O	_	_
compito	compito	SS	O	_	_
di	di	E	O	_	_
rovinare	rovinare	VF	O	_	_
il	il	RS	O	_	_
paese	paese	SS	O	_	_
;	semicolon	XPS	O	_	_

è	essere	VI	O	_	_
dunque	dunque	C	O	_	_
la	il	RS	O	_	_
radice	radice	SS	O	_	_
che	che	CCHE	O	_	_
incombe	incombere	VI	O	_	_
estirpare	estirpare	VF	O	_	_
,	comma	XPW	O	_	_
e	e	C	O	_	_
indubbiamente	indubbiamente	B	O	_	_
la	il	RS	O	_	_
piazza	piazza	SS	O	_	_
,	comma	XPW	O	_	_
la	il	RS	O	_	_
teppa	teppa	SS	O	_	_
socialista	socialista	AS	O	_	_
,	comma	XPW	O	_	_
troverà	trovare	VI	O	_	_
la	il	RS	O	_	_
forza	forza	SS	O	_	_
di	di	E	O	_	_
farlo	farlo	VF	O	_	_
,	comma	XPW	O	_	_
altrimenti	altrimenti	B	O	_	_
la	il	RS	O	_	_
lista	lista	SS	O	_	_
sanguinante	sanguinante	AS	O	_	_
del	di/det	ES	O	_	_
martirologio	martirologio	SS	O	_	_
proletario	proletario	AS	O	_	_
invano	invano	B	O	_	_
avrà	avere	VI	O	_	_
la	il	RS	O	_	_
sua	suo	DS	O	_	_
fine	fine	SS	O	_	_
.	.	XPS	O	_	_

Dàlli	dàlli	SPN	O	_	_
al	a/det	ES	O	_	_
tronco	tronco	SS	O	_	_
per	per	E	O	_	_
Dio	dio	SS	O	_	_
,	comma	XPW	O	_	_
n’	n’	B	O	_	_
è	essere	VI	O	_	_
tempo	tempo	SS	O	_	_
"!"	esclamation_mark	XPS	O	_	_

»	»	XPO	O	_	_
Così	così	B	O	_	_
finisce	finire	VI	O	_	_
un	uno	RS	O	_	_
articolo	articolo	SS	O	_	_
del	di/det	ES	O	_	_
giornaletto	giornaletto	SS	O	_	_
settimanale	settimanale	AS	O	_	_
socialista	socialista	AS	O	_	_
,	comma	XPW	O	_	_
dopo	dopo	C	O	_	_
aver	avere	VFY	O	_	_
enumerato	enumerare	VSP	O	_	_
le	il	RP	O	_	_
vittime	vittima	SP	O	_	_
colpite	colpire	VPP	O	_	_
dal	da/det	ES	O	_	_
piombo	piombo	SS	O	_	_
«	«	XPO	O	_	_
dei	di/det	EP	O	_	_
monturati	monturati	SP	O	_	_
assassini	assassino	AP	O	_	_
»	»	XPO	O	_	_
in	in	E	O	_	_
dieci	dieci	N	O	_	_
anni	anno	SP	O	_	_
di	di	E	O	_	_
lotta	lotta	SS	O	_	_
di	di	E	O	_	_
classe	classe	SS	O	_	_
in	in	E	O	_	_
Italia	italia	SPN	GPE	42.6384261	12.674297
.	.	XPS	O	_	_

Dàlli	dàlli	SPN	O	_	_
al	a/det	ES	O	_	_
tronco	tronco	SS	O	_	_
.	.	XPS	O	_	_

Ognuno	ognuno	PS	O	_	_
capisce	capire	VI	O	_	_
dove	dove	CADV	O	_	_
si	rifl	PN	O	_	_
vuole	volere	VI	O	_	_
finire	finire	VF	O	_	_
:	:	XPS	O	_	_
nelle	in/det	EP	O	_	_
sommosse	sommossa	SP	O	_	_
,	comma	XPW	O	_	_
nella	in/det	ES	O	_	_
rivoluzione	rivoluzione	SS	O	_	_
aperta	aperto	AS	O	_	_
.	.	XPS	O	_	_

È	essere	VI	O	_	_
da	da	E	O	_	_
tempo	tempo	SS	O	_	_
che	che	CCHE	O	_	_
nell’	in/det	ES	O	_	_
organetto	organetto	SS	O	_	_
socialista	socialista	AS	O	_	_
locale	locale	AS	O	_	_
scorgiamo	scorgere	VI	O	_	_
di	di	E	O	_	_
questi	questo	DP	O	_	_
appetiti	appetito	SP	O	_	_
da	da	E	O	_	_
comunisti	comunista	SP	O	_	_
,	comma	XPW	O	_	_
scorgiamo	scorgere	VI	O	_	_
un	uno	RS	O	_	_
linguaggio	linguaggio	SS	O	_	_
da	da	E	O	_	_
rivoluzionari	rivoluzionario	SP	O	_	_
,	comma	XPW	O	_	_
da	da	E	O	_	_
sovvertitori	sovvertitore	SP	O	_	_
dell’	di/det	ES	O	_	_
ordine	ordine	SS	O	_	_
,	comma	XPW	O	_	_
con	con	E	O	_	_
quanto	quanto	QNS	O	_	_
guadagno	guadagno	SS	O	_	_
dell’	di/det	ES	O	_	_
educazione	educazione	SS	O	_	_
sociale	sociale	AS	O	_	_
dell’	di/det	ES	O	_	_
operaio	operaio	SS	O	_	_
ognuno	ognuno	PS	O	_	_
può	potere	VI	O	_	_
immaginare	immaginare	VF	O	_	_
.	.	XPS	O	_	_

Noi	noi	PP	O	_	_
siamo	essere	VI	O	_	_
ben	ben	B	O	_	_
lungi	lungi	B	O	_	_
dal	da/det	ES	O	_	_
giustificare	giustificare	VF	O	_	_
gli	il	RP	O	_	_
errori	errore	SP	O	_	_
dell’	di/det	ES	O	_	_
esercito	esercito	SS	O	_	_
o	o	C	O	_	_
degli	di/det	EP	O	_	_
agenti	agente	SP	O	_	_
di	di	E	O	_	_
pubblica	pubblico	AS	O	_	_
sicurezza	sicurezza	SS	O	_	_
,	comma	XPW	O	_	_
quando	quando	CADV	O	_	_
siano	essere	VIY	O	_	_
constatati	constatare	VPP	O	_	_
;	semicolon	XPS	O	_	_

come	come	CADV	O	_	_
siamo	essere	VI	O	_	_
lungi	lungi	B	O	_	_
dall’	da/det	ES	O	_	_
approvare	approvare	VF	O	_	_
,	comma	XPW	O	_	_
in	in	E	O	_	_
generale	generale	SS	O	_	_
,	comma	XPW	O	_	_
l’	il	RS	O	_	_
agire	agire	VF	O	_	_
della	di/det	ES	O	_	_
borghesia	borghesia	SS	O	_	_
nei	in/det	EP	O	_	_
vari	vario	AP	O	_	_
conflitti	conflitto	SP	O	_	_
operai	operaio	AP	O	_	_
.	.	XPS	O	_	_

Ma	ma	C	O	_	_
vogliamo	volere	VI	O	_	_
però	però	C	O	_	_
far	fare	B	O	_	_
rilevare	rilevare	VF	O	_	_
che	che	CCHE	O	_	_
il	il	RS	O	_	_
piombo	piombo	SS	O	_	_
dei	di/det	EP	O	_	_
soldati	soldato	SP	O	_	_
fu	essere	VIY	O	_	_
fuso	fondere	VSP	O	_	_
nelle	in/det	EP	O	_	_
officine	officina	SP	O	_	_
socialiste	socialista	AP	O	_	_
.	.	XPS	O	_	_

Signori	signore	SP	O	_	_
"!"	esclamation_mark	XPS	O	_	_

Voi	voi	PS	O	_	_
accendeste	accendere	VI	O	_	_
in	in	E	O	_	_
cuore	cuore	SS	O	_	_
agli	a/det	EP	O	_	_
operai	operaio	SP	O	_	_
un	uno	RS	O	_	_
ideale	ideale	SS	O	_	_
inattuabile	inattuabile	AS	O	_	_
di	di	E	O	_	_
felicità	felicità	SN	O	_	_
e	e	C	O	_	_
di	di	E	O	_	_
ricchezza	ricchezza	SS	O	_	_
,	comma	XPW	O	_	_
voi	voi	PS	O	_	_
li	li	PP	O	_	_
educaste	educare	VI	O	_	_
alla	a/det	ES	O	_	_
violenza	violenza	SS	O	_	_
,	comma	XPW	O	_	_
voi	voi	PS	O	_	_
insegnaste	insegnare	VI	O	_	_
loro	loro	PP	O	_	_
a	a	E	O	_	_
fare	fare	VF	O	_	_
giustizia	giustizia	SS	O	_	_
sommaria	sommario	AS	O	_	_
;	semicolon	XPS	O	_	_

voi	voi	PS	O	_	_
cangiaste	cangiare	VI	O	_	_
una	uno	RS	O	_	_
causa	causa	SS	O	_	_
di	di	E	O	_	_
giuste	giusto	AP	O	_	_
rivendicazioni	rivendicazione	SP	O	_	_
,	comma	XPW	O	_	_
una	uno	RS	O	_	_
causa	causa	SS	O	_	_
santa	santo	AS	O	_	_
,	comma	XPW	O	_	_
in	in	E	O	_	_
una	uno	RS	O	_	_
odiosa	odioso	AS	O	_	_
lotta	lotta	SS	O	_	_
di	di	E	O	_	_
classe	classe	SS	O	_	_
;	semicolon	XPS	O	_	_

voi	voi	PS	O	_	_
avete	avere	VIY	O	_	_
fatto	fare	VSP	O	_	_
covare	covare	VF	O	_	_
in	in	E	O	_	_
cuore	cuore	SS	O	_	_
all’	a/det	ES	O	_	_
operaio	operaio	SS	O	_	_
un	uno	RS	O	_	_
odio	odio	SS	O	_	_
feroce	feroce	AS	O	_	_
contro	contro	E	O	_	_
tutti	tutto	PP	O	_	_
e	e	C	O	_	_
tutto	tutto	PS	O	_	_
:	:	XPS	O	_	_
questo	questo	PS	O	_	_
voi	voi	PS	O	_	_
fate	fare	VI	O	_	_
mediante	mediante	E	O	_	_
le	il	RP	O	_	_
vostre	vostro	DP	O	_	_
conferenze	conferenza	SP	O	_	_
sature	saturo	AP	O	_	_
di	di	E	O	_	_
odio	odio	SS	O	_	_
,	comma	XPW	O	_	_
i	il	RP	O	_	_
vostri	vostro	DP	O	_	_
giornali	giornale	SP	O	_	_
istiganti	istiganti	AP	O	_	_
alle	a/det	EP	O	_	_
sommosse	sommossa	SP	O	_	_
,	comma	XPW	O	_	_
i	il	RP	O	_	_
vostri	vostro	DP	O	_	_
opuscoli	opuscolo	SP	O	_	_
ripieni	ripieno	AP	O	_	_
di	di	E	O	_	_
odio	odio	SS	O	_	_
di	di	E	O	_	_
classe	classe	SS	O	_	_
"!"	esclamation_mark	XPS	O	_	_

Con	con	E	O	_	_
tutto	tutto	DS	O	_	_
questo	questo	PS	O	_	_
voi	voi	PS	O	_	_
avete	avere	VI	O	_	_
,	comma	XPW	O	_	_
esposti	esporre	VPP	O	_	_
,	comma	XPW	O	_	_
spinti	spingere	VPP	O	_	_
,	comma	XPW	O	_	_
legati	legare	VPP	O	_	_
gli	il	RP	O	_	_
operai	operaio	SP	O	_	_
innanzi	innanzi	E	O	_	_
ai	a/det	EP	O	_	_
fucili	fucile	SP	O	_	_
ed	ed	C	O	_	_
alle	a/det	EP	O	_	_
rivoltelle	rivoltella	SP	O	_	_
dei	di/det	EP	O	_	_
militi	milite	SP	O	_	_
e	e	C	O	_	_
degli	di/det	EP	O	_	_
agenti	agente	SP	O	_	_
di	di	E	O	_	_
pubblica	pubblico	AS	O	_	_
sicurezza	sicurezza	SS	O	_	_
"!"	esclamation_mark	XPS	O	_	_

Voi	voi	PS	O	_	_
,	comma	XPW	O	_	_
che	che	CCHE	O	_	_
dopo	dopo	C	O	_	_
aver	avere	VFY	O	_	_
,	comma	XPW	O	_	_
quali	quale	DP	O	_	_
velenosi	velenoso	AP	O	_	_
mosconi	moscone	SP	O	_	_
,	comma	XPW	O	_	_
aizzata	aizzare	VSP	O	_	_
la	il	RS	O	_	_
plebe	plebe	SS	O	_	_
,	comma	XPW	O	_	_
all’	a/det	ES	O	_	_
arrivo	arrivo	SS	O	_	_
dei	di/det	EP	O	_	_
soldati	soldato	SP	O	_	_
scomparite	scomparite	VPP	O	_	_
,	comma	XPW	O	_	_
lasciandola	lasciare/pro	VG+E	O	_	_
sola	solo	AS	O	_	_
a	a	E	O	_	_
ricalcitrare	ricalcitrare	VF	O	_	_
,	comma	XPW	O	_	_
lasciandola	lasciare/pro	VG+E	O	_	_
in	in	E	O	_	_
uno	uno	RS	O	_	_
stato	stato	SS	O	_	_
che	che	CCHE	O	_	_
non	non	B	O	_	_
ode	udire	VI	O	_	_
e	e	C	O	_	_
non	non	B	O	_	_
sente	sentire	VI	O	_	_
più	più	B	O	_	_
comandi	comando	SP	O	_	_
,	comma	XPW	O	_	_
che	che	CCHE	O	_	_
getta	gettare	VI	O	_	_
sassi	sasso	SP	O	_	_
e	e	C	O	_	_
grida	grida	AS	O	_	_
morte	morte	SS	O	_	_
all’	a/det	ES	O	_	_
impazzata	impazzata	SS	O	_	_
,	comma	XPW	O	_	_
che	che	CCHE	O	_	_
non	non	B	O	_	_
ode	udire	VI	O	_	_
nemeno	nemeno	B	O	_	_
i	il	RP	O	_	_
colpi	colpo	SP	O	_	_
di	di	E	O	_	_
moschetto	moschetto	SS	O	_	_
;	semicolon	XPS	O	_	_

voi	voi	PS	O	_	_
siete	essere	VI	O	_	_
i	il	RP	O	_	_
primi	primo	AP	O	_	_
responsabili	responsabile	SP	O	_	_
delle	di/det	EP	O	_	_
vittime	vittima	SP	O	_	_
,	comma	XPW	O	_	_
gli	il	RP	O	_	_
assassini	assassinio	SP	O	_	_
"!"	esclamation_mark	XPS	O	_	_

.	.	XPS	O	_	_

.	.	XPS	O	_	_

.	.	XPS	O	_	_

Voi	voi	PS	O	_	_
,	comma	XPW	O	_	_
a	a	E	O	_	_
disastro	disastro	SS	O	_	_
terminato	terminare	VSP	O	_	_
,	comma	XPW	O	_	_
uscite	uscire	VPP	O	_	_
dalle	da/det	EP	O	_	_
vostre	vostro	DP	O	_	_
tane	tana	SP	O	_	_
,	comma	XPW	O	_	_
e	e	C	O	_	_
con	con	E	O	_	_
lagrime	lagrima	SP	O	_	_
di	di	E	O	_	_
coccodrillo	coccodrillo	SS	O	_	_
fate	fare	VI	O	_	_
l’	il	RS	O	_	_
elogio	elogio	SS	O	_	_
funebre	funebre	AS	O	_	_
dei	di/det	EP	O	_	_
caduti	caduto	SP	O	_	_
"!"	esclamation_mark	XPS	O	_	_

Voi	voi	PS	O	_	_
,	comma	XPW	O	_	_
dopo	dopo	E	O	_	_
averli	avere/pro	VF+E	O	_	_
spinti	spingere	VPP	O	_	_
alla	a/det	ES	O	_	_
rovina	rovina	SS	O	_	_
,	comma	XPW	O	_	_
vi	vi	B	O	_	_
fate	fare	VI	O	_	_
a	a	E	O	_	_
difenderne	difendere/part	VF+E	O	_	_
la	il	RS	O	_	_
memoria	memoria	SS	O	_	_
sui	su/det	EP	O	_	_
vostri	vostro	DP	O	_	_
giornali	giornale	SP	O	_	_
"!"	esclamation_mark	XPS	O	_	_

Andate	andare	VPP	O	_	_
là	là	B	O	_	_
,	comma	XPW	O	_	_
Jaghi	jaghi	SPN	O	_	_
di	di	E	O	_	_
peggiorata	peggiorato	AS	O	_	_
fattura	fattura	SS	O	_	_
:	:	XPS	O	_	_
se	se	C	O	_	_
il	il	RS	O	_	_
popolo	popolo	SS	O	_	_
avesse	avere	VI	O	_	_
occhi	occhio	SP	O	_	_
per	per	E	O	_	_
vedere	vedere	VF	O	_	_
giusto	giusto	AS	O	_	_
,	comma	XPW	O	_	_
intenderebbe	intendere	VI	O	_	_
che	che	CCHE	O	_	_
il	il	RS	O	_	_
piombo	piombo	SS	O	_	_
degli	di/det	EP	O	_	_
agenti	agente	SP	O	_	_
fu	essere	VIY	O	_	_
fuso	fondere	VSP	O	_	_
nella	in/det	ES	O	_	_
vostra	vostro	DS	O	_	_
officina	officina	SS	O	_	_
.	.	XPS	O	_	_

fs	fs	B	O	_	_
.	.	XPS	O	_	_
