# total number of persons:0, total number of gpes:11
La	il	RS	O	_	_
campagna	campagna	SS	O	_	_
è	essere	VIY	O	_	_
finita	finire	VSP	O	_	_
.	.	XPS	O	_	_

Campagna	campagna	SS	O	_	_
per	per	E	O	_	_
modo	modo	SS	O	_	_
di	di	E	O	_	_
dire	dire	VF	O	_	_
,	comma	XPW	O	_	_
davvero	davvero	B	O	_	_
"!"	esclamation_mark	XPS	O	_	_

ché	ché	C	O	_	_
piuttosto	piuttosto	B	O	_	_
si	rifl	PN	O	_	_
potrebbe	potere	VI	O	_	_
intitolare	intitolare	VF	O	_	_
:	:	XPS	O	_	_
La	il	RS	O	_	_
fiaccona	fiaccona	SS	O	_	_
elettorale	elettorale	AS	O	_	_
.	.	XPS	O	_	_

Dopo	dopo	E	O	_	_
l’	il	RS	O	_	_
agitazione	agitazione	SS	O	_	_
aperta	aperto	AS	O	_	_
,	comma	XPW	O	_	_
il	il	RS	O	_	_
dibattito	dibattito	SS	O	_	_
rumoroso	rumoroso	AS	O	_	_
del	di/det	ES	O	_	_
maggio	maggio	SS	O	_	_
scorso	scorso	AS	O	_	_
,	comma	XPW	O	_	_
codeste	codesto	DP	O	_	_
elezioni	elezione	SP	O	_	_
dietali	dietali	AP	O	_	_
fatte	fare	VPP	O	_	_
alla	a/det	ES	O	_	_
sordina	sordina	SS	O	_	_
,	comma	XPW	O	_	_
con	con	E	O	_	_
le	il	RP	O	_	_
pastoie	pastoia	SP	O	_	_
di	di	E	O	_	_
un	uno	RS	O	_	_
sistema	sistema	SS	O	_	_
elettorale	elettorale	AS	O	_	_
ineffabile	ineffabile	AS	O	_	_
,	comma	XPW	O	_	_
hanno	avere	VIY	O	_	_
compiuto	compiere	VSP	O	_	_
nel	in/det	ES	O	_	_
nostro	nostro	DS	O	_	_
popolo	popolo	SS	O	_	_
opera	operare	VI	O	_	_
di	di	E	O	_	_
demoralizzazione	demoralizzazione	SS	O	_	_
politica	politico	AS	O	_	_
,	comma	XPW	O	_	_
l’	l’	PS	O	_	_
hanno	avere	VIY	O	_	_
ripiombato	ripiombare	VSP	O	_	_
nel	in/det	ES	O	_	_
disinteresse	disinteresse	SS	O	_	_
,	comma	XPW	O	_	_
dal	da/det	ES	O	_	_
quale	quale	PS	O	_	_
l’	l’	PS	O	_	_
aveva	avere	VIY	O	_	_
tratto	trarre	VSP	O	_	_
il	il	RS	O	_	_
suffragio	suffragio	SS	O	_	_
parlamentare	parlamentare	AS	O	_	_
.	.	XPS	O	_	_

Discorsi	discorso	SP	O	_	_
,	comma	XPW	O	_	_
spiegazioni	spiegazione	SP	O	_	_
,	comma	XPW	O	_	_
l’	il	RS	O	_	_
arte	arte	SS	O	_	_
della	di/det	ES	O	_	_
convinzione	convinzione	SS	O	_	_
,	comma	XPW	O	_	_
la	il	RS	O	_	_
pubblica	pubblico	AS	O	_	_
critica	critica	SS	O	_	_
parvero	parere	VI	O	_	_
inutili	inutile	AP	O	_	_
;	semicolon	XPS	O	_	_

poiché	poiché	C	O	_	_
niente	niente	PS	O	_	_
poteva	potere	VI	O	_	_
valere	valere	VF	O	_	_
di	di	E	O	_	_
fronte	fronte	SS	O	_	_
al	a/det	ES	O	_	_
meccanismo	meccanismo	SS	O	_	_
sgangherato	sgangherato	AS	O	_	_
ed	ed	C	O	_	_
arrugginito	arrugginire	VSP	O	_	_
che	che	CCHE	O	_	_
continuava	continuare	VI	O	_	_
stridendo	stridire	VG	O	_	_
la	il	RS	O	_	_
via	via	SS	O	_	_
prescritta	prescritto	AS	O	_	_
.	.	XPS	O	_	_

E	e	C	O	_	_
noi	noi	PP	O	_	_
che	che	CCHE	O	_	_
abbiamo	avere	VI	O	_	_
sempre	sempre	B	O	_	_
per	per	E	O	_	_
l’	il	RS	O	_	_
educazione	educazione	SS	O	_	_
politica	politico	AS	O	_	_
del	di/det	ES	O	_	_
nostro	nostro	DS	O	_	_
popolo	popolo	SS	O	_	_
e	e	C	O	_	_
per	per	E	O	_	_
la	il	RS	O	_	_
forza	forza	SS	O	_	_
d’	di	E	O	_	_
attrazione	attrazione	SS	O	_	_
dei	di/det	EP	O	_	_
nostri	nostro	DP	O	_	_
ideali	ideale	SP	O	_	_
preferito	preferire	VSP	O	_	_
in	in	E	O	_	_
qualunque	qualunque	DS	O	_	_
occasione	occasione	SS	O	_	_
la	il	RS	O	_	_
battaglia	battaglia	SS	O	_	_
aperta	aperto	AS	O	_	_
e	e	C	O	_	_
vigorosa	vigoroso	AS	O	_	_
,	comma	XPW	O	_	_
ci	ci	B	O	_	_
siamo	essere	VIY	O	_	_
trovati	trovare	VPP	O	_	_
impotenti	impotente	AP	O	_	_
di	di	E	O	_	_
fronte	fronte	SS	O	_	_
ad	ad	E	O	_	_
un	uno	RS	O	_	_
sistema	sistema	SS	O	_	_
elettorale	elettorale	AS	O	_	_
che	che	CCHE	O	_	_
pareva	parere	VI	O	_	_
congiunto	congiunto	AS	O	_	_
per	per	E	O	_	_
natura	natura	SS	O	_	_
a	a	E	O	_	_
metodi	metodo	SP	O	_	_
antiquati	antiquato	AP	O	_	_
.	.	XPS	O	_	_

Siamo	essere	VI	O	_	_
sinceri	sincero	AP	O	_	_
"!"	esclamation_mark	XPS	O	_	_

Al	a/det	ES	O	_	_
paragone	paragone	SS	O	_	_
delle	di/det	EP	O	_	_
ultime	ultimo	AP	O	_	_
elezioni	elezione	SP	O	_	_
parlamentari	parlamentare	AP	O	_	_
,	comma	XPW	O	_	_
è	essere	VI	O	_	_
forse	forse	B	O	_	_
giusto	giusto	AS	O	_	_
oggi	oggi	B	O	_	_
tirare	tirare	VF	O	_	_
dall’	da/det	ES	O	_	_
esito	esito	SS	O	_	_
delle	di/det	EP	O	_	_
elezioni	elezione	SP	O	_	_
dietali	dietali	AP	O	_	_
delle	di/det	EP	O	_	_
deduzioni	deduzione	SP	O	_	_
generali	generale	AP	O	_	_
?	?	XPS	O	_	_

Si	rifl	PN	O	_	_
dovrà	dovere	VI	O	_	_
ammettere	ammettere	VF	O	_	_
che	che	CCHE	O	_	_
il	il	RS	O	_	_
partito	partito	SS	O	_	_
il	il	RS	O	_	_
quale	quale	PS	O	_	_
mantiene	mantenere	VI	O	_	_
ancora	ancora	B	O	_	_
nell’	in/det	ES	O	_	_
esito	esito	SS	O	_	_
una	uno	RS	O	_	_
certa	certo	AS	O	_	_
corrispondenza	corrispondenza	SS	O	_	_
col	con/det	ES	O	_	_
responso	responso	SS	O	_	_
del	di/det	ES	O	_	_
maggio	maggio	SS	O	_	_
scorso	scorso	AS	O	_	_
è	essere	VI	O	_	_
il	il	RS	O	_	_
partito	partito	SS	O	_	_
popolare	popolare	AS	O	_	_
,	comma	XPW	O	_	_
almeno	almeno	B	O	_	_
per	per	E	O	_	_
quello	quello	PS	O	_	_
che	che	CCHE	O	_	_
riguarda	riguardare	VI	O	_	_
le	il	RP	O	_	_
campagne	campagna	SP	O	_	_
.	.	XPS	O	_	_

E	e	C	O	_	_
quali	quale	DP	O	_	_
deduzioni	deduzione	SP	O	_	_
saranno	essere	VIY	O	_	_
permesse	permettere	VPP	O	_	_
invece	invece	B	O	_	_
,	comma	XPW	O	_	_
a	a	E	O	_	_
mo’	mo’	PN	O	_	_
d’	di	E	O	_	_
esempio	esempio	SS	O	_	_
,	comma	XPW	O	_	_
per	per	E	O	_	_
Trento	trento	SPN	GPE	46.0664228	11.1257601
,	comma	XPW	O	_	_
Mori	mori	SPN	GPE	45.8524443	10.9782754
,	comma	XPW	O	_	_
Borgo	borgo	SPN	GPE	46.0530009	11.4560213
,	comma	XPW	O	_	_
Arco	arco	SPN	GPE	45.9180142	10.8861395
,	comma	XPW	O	_	_
Riva	riva	SPN	O	_	_
,	comma	XPW	O	_	_
Ala	ala	SPN	O	_	_
,	comma	XPW	O	_	_
quasi	quasi	B	O	_	_
tutte	tutto	PP	O	_	_
insomma	insomma	C	O	_	_
le	il	RP	O	_	_
città	città	SN	O	_	_
e	e	C	O	_	_
le	il	RP	O	_	_
borgate	borgata	SP	O	_	_
?	?	XPS	O	_	_

Trento	trento	SPN	O	_	_
ebbe	avere	VI	O	_	_
,	comma	XPW	O	_	_
ai	a/det	EP	O	_	_
14	14	N	O	_	_
maggio	maggio	SS	O	_	_
,	comma	XPW	O	_	_
1576	1576	N	O	_	_
voti	voto	SP	O	_	_
socialisti	socialista	AP	O	_	_
,	comma	XPW	O	_	_
934	934	N	O	_	_
liberali	liberale	SP	O	_	_
e	e	C	O	_	_
960	960	N	O	_	_
popolari	popolare	AP	O	_	_
;	semicolon	XPS	O	_	_

ieri	ieri	B	O	_	_
i	il	RP	O	_	_
liberali	liberale	SP	O	_	_
stravinsero	stravincere	VI	O	_	_
con	con	E	O	_	_
580	580	N	O	_	_
voti	voto	SP	O	_	_
contro	contro	E	O	_	_
180	180	N	O	_	_
socialisti	socialista	SP	O	_	_
o	o	C	O	_	_
socialistoidi	socialistoide	SP	O	_	_
.	.	XPS	O	_	_

Quali	quale	DP	O	_	_
deduzioni	deduzione	SP	O	_	_
sono	essere	VI	O	_	_
permesse	permesso	AP	O	_	_
?	?	XPS	O	_	_

Nella	in/det	ES	O	_	_
borgata	borgata	SS	O	_	_
di	di	E	O	_	_
Mori	mori	SPN	GPE	45.8524443	10.9782754
,	comma	XPW	O	_	_
nelle	in/det	EP	O	_	_
città	città	SN	O	_	_
di	di	E	O	_	_
Arco	arco	SPN	GPE	45.9180142	10.8861395
,	comma	XPW	O	_	_
Riva	riva	SPN	O	_	_
ed	ed	C	O	_	_
Ala	ala	SPN	O	_	_
i	il	RP	O	_	_
liberali	liberale	SP	O	_	_
ebbero	avere	VI	O	_	_
ai	a/det	EP	O	_	_
14	14	N	O	_	_
maggio	maggio	SS	O	_	_
complessivamente	complessivamente	B	O	_	_
863	863	N	O	_	_
voti	voto	SP	O	_	_
contro	contro	E	O	_	_
1465	1465	N	O	_	_
popolari	popolare	AP	O	_	_
e	e	C	O	_	_
963	963	N	O	_	_
socialisti	socialista	SP	O	_	_
.	.	XPS	O	_	_

E	e	C	O	_	_
ieri	ieri	B	O	_	_
il	il	RS	O	_	_
loro	loro	DP	O	_	_
candidato	candidato	SS	O	_	_
ebbe	avere	VI	O	_	_
campo	campo	SS	O	_	_
aperto	aperto	AS	O	_	_
"!"	esclamation_mark	XPS	O	_	_

Levico	levico	SPN	GPE	46.0099722	11.2988278
,	comma	XPW	O	_	_
Pergine	pergine	SPN	GPE	46.0616404	11.2398474
e	e	C	O	_	_
Borgo	borgo	SPN	GPE	46.0530009	11.4560213
diedero	dare	VI	O	_	_
al	a/det	ES	O	_	_
partito	partito	SS	O	_	_
popolare	popolare	AS	O	_	_
nelle	in/det	EP	O	_	_
elezioni	elezione	SP	O	_	_
parlamentari	parlamentare	AP	O	_	_
1934	1934	N	O	_	_
voti	voto	SP	O	_	_
contro	contro	E	O	_	_
359	359	N	O	_	_
liberali	liberale	SP	O	_	_
;	semicolon	XPS	O	_	_

ed	ed	C	O	_	_
ieri	ieri	B	O	_	_
il	il	RS	O	_	_
nostro	nostro	DS	O	_	_
candidato	candidato	SS	O	_	_
soccombeva	soccombere	VI	O	_	_
con	con	E	O	_	_
15	15	N	O	_	_
voti	voto	SP	O	_	_
di	di	E	O	_	_
minoranza	minoranza	SS	O	_	_
.	.	XPS	O	_	_

E	e	C	O	_	_
gli	il	RP	O	_	_
esempi	esempio	SP	O	_	_
potrebbero	potere	VI	O	_	_
continuare	continuare	VF	O	_	_
all’infinito.	all’infinito.	SPN	O	_	_
È	è	SPN	O	_	_
dunque	dunque	C	O	_	_
lecito	lecito	VSP	O	_	_
il	il	RS	O	_	_
considerare	considerare	VF	O	_	_
le	il	RP	O	_	_
elezioni	elezione	SP	O	_	_
di	di	E	O	_	_
ieri	ieri	B	O	_	_
come	come	CADV	O	_	_
un	uno	RS	O	_	_
fatto	fatto	SS	O	_	_
politico	politico	AS	O	_	_
,	comma	XPW	O	_	_
dal	da/det	ES	O	_	_
quale	quale	PS	O	_	_
si	rifl	PN	O	_	_
possa	potere	VI	O	_	_
dedurre	dedurre	VF	O	_	_
la	il	RS	O	_	_
forza	forza	SS	O	_	_
effettiva	effettivo	AS	O	_	_
del	di/det	ES	O	_	_
proprio	proprio	DS	O	_	_
programma	programma	SS	O	_	_
?	?	XPS	O	_	_

No	no	B	O	_	_
,	comma	XPW	O	_	_
davvero	davvero	B	O	_	_
.	.	XPS	O	_	_

Ma	ma	C	O	_	_
c’	ci	B	O	_	_
è	essere	VI	O	_	_
di	di	E	O	_	_
più	più	B	O	_	_
,	comma	XPW	O	_	_
l’	il	RS	O	_	_
antiquato	antiquato	AS	O	_	_
sistema	sistema	SS	O	_	_
elettorale	elettorale	AS	O	_	_
ha	avere	VI	O	_	_
non	non	B	O	_	_
solo	solo	B	O	_	_
l’	il	RS	O	_	_
effetto	effetto	SS	O	_	_
immediato	immediato	AS	O	_	_
di	di	E	O	_	_
escludere	escludere	VF	O	_	_
un	uno	RS	O	_	_
numero	numero	SS	O	_	_
considerevole	considerevole	AS	O	_	_
di	di	E	O	_	_
cittadini	cittadino	SP	O	_	_
dal	da/det	ES	O	_	_
voto	voto	SS	O	_	_
,	comma	XPW	O	_	_
ma	ma	C	O	_	_
,	comma	XPW	O	_	_
per	per	E	O	_	_
la	il	RS	O	_	_
sua	suo	DS	O	_	_
fattura	fattura	SS	O	_	_
insidiosa	insidioso	AS	O	_	_
,	comma	XPW	O	_	_
genera	generare	VI	O	_	_
il	il	RS	O	_	_
disinteresse	disinteresse	SS	O	_	_
anche	anche	C	O	_	_
in	in	E	O	_	_
quelli	quello	PP	O	_	_
ai	a/det	EP	O	_	_
quali	quale	PP	O	_	_
il	il	RS	O	_	_
voto	voto	SS	O	_	_
sarebbe	essere	VIY	O	_	_
concesso	concedere	VSP	O	_	_
.	.	XPS	O	_	_

Infatti	infatti	C	O	_	_
le	il	RP	O	_	_
astensioni	astensione	SP	O	_	_
notate	notare	VPP	O	_	_
ieri	ieri	B	O	_	_
specialmente	specialmente	B	O	_	_
sono	essere	VI	O	_	_
numerose	numeroso	AP	O	_	_
e	e	C	O	_	_
caratteristiche	caratteristico	AP	O	_	_
.	.	XPS	O	_	_

Mentre	mentre	C	O	_	_
in	in	E	O	_	_
maggio	maggio	SS	O	_	_
andò	andare	VI	O	_	_
alle	a/det	EP	O	_	_
urne	urna	SP	O	_	_
l’80	l’80	N	O	_	_
fino	fino	E	O	_	_
al	a/det	ES	O	_	_
90	90	N	O	_	_
%	%	XPO	O	_	_
degli	di/det	EP	O	_	_
aventi	avente	SP	O	_	_
diritto	diritto	SS	O	_	_
a	a	E	O	_	_
voto	voto	SS	O	_	_
,	comma	XPW	O	_	_
questa	questo	DS	O	_	_
volta	volta	SS	O	_	_
la	il	RS	O	_	_
media	media	SS	O	_	_
dei	di/det	EP	O	_	_
partecipanti	partecipante	SP	O	_	_
è	essere	VI	O	_	_
forse	forse	B	O	_	_
il	il	RS	O	_	_
45	45	N	O	_	_
%	%	XPO	O	_	_
.	.	XPS	O	_	_

Tutte	tutto	DP	O	_	_
queste	questo	DP	O	_	_
considerazioni	considerazione	SP	O	_	_
ci	ci	PP	O	_	_
vietano	vietare	VI	O	_	_
dal	da/det	ES	O	_	_
commentare	commentare	VF	O	_	_
le	il	RP	O	_	_
elezioni	elezione	SP	O	_	_
dietali	dietali	AP	O	_	_
quale	quale	DS	O	_	_
base	base	SS	O	_	_
reale	reale	AS	O	_	_
della	di/det	ES	O	_	_
nostra	nostro	DS	O	_	_
vita	vita	SS	O	_	_
politica	politico	AS	O	_	_
,	comma	XPW	O	_	_
e	e	C	O	_	_
l’	il	RS	O	_	_
unica	unico	AS	O	_	_
conclusione	conclusione	SS	O	_	_
che	che	CCHE	O	_	_
s’	s’	PN	O	_	_
avanza	avanzare	VI	O	_	_
spontanea	spontaneo	AS	O	_	_
è	essere	VI	O	_	_
che	che	CCHE	O	_	_
codeste	codesto	DP	O	_	_
fiacche	fiacco	AP	O	_	_
elezioni	elezione	SP	O	_	_
hanno	avere	VIY	O	_	_
dimostrato	dimostrare	VSP	O	_	_
un’	uno	RS	O	_	_
altra	altro	DS	O	_	_
volta	volta	SS	O	_	_
la	il	RS	O	_	_
necessità	necessità	SN	O	_	_
di	di	E	O	_	_
uniformare	uniformare	VF	O	_	_
il	il	RS	O	_	_
diritto	diritto	SS	O	_	_
elettorale	elettorale	AS	O	_	_
dietale	dietale	AS	O	_	_
a	a	E	O	_	_
quello	quello	PS	O	_	_
parlamentare	parlamentare	AS	O	_	_
.	.	XPS	O	_	_

Di	di	E	O	_	_
tale	tale	DS	O	_	_
riforma	riforma	SS	O	_	_
noi	noi	PP	O	_	_
siamo	essere	VI	O	_	_
sinceri	sincero	AP	O	_	_
,	comma	XPW	O	_	_
caldi	caldo	AP	O	_	_
partigiani	partigiano	SP	O	_	_
,	comma	XPW	O	_	_
e	e	C	O	_	_
lo	lo	PS	O	_	_
saremmo	essere	VI	O	_	_
anche	anche	C	O	_	_
se	se	C	O	_	_
non	non	B	O	_	_
vi	vi	B	O	_	_
vedessimo	vedere	VI	O	_	_
il	il	RS	O	_	_
momentaneo	momentaneo	AS	O	_	_
vantaggio	vantaggio	SS	O	_	_
di	di	E	O	_	_
partito	partito	SS	O	_	_
.	.	XPS	O	_	_

Il	il	RS	O	_	_
partito	partito	SS	O	_	_
popolare	popolare	AS	O	_	_
–	–	XPO	O	_	_
tutto	tutto	PS	O	_	_
sommato	sommare	VSP	O	_	_
–	–	XPO	O	_	_
ha	avere	VIY	O	_	_
guadagnato	guadagnare	VSP	O	_	_
nelle	in/det	EP	O	_	_
elezioni	elezione	SP	O	_	_
dietali	dietali	AP	O	_	_
cinque	cinque	N	O	_	_
seggi	seggio	SP	O	_	_
,	comma	XPW	O	_	_
a	a	E	O	_	_
spese	spesa	SP	O	_	_
dei	di/det	EP	O	_	_
liberali	liberale	SP	O	_	_
,	comma	XPW	O	_	_
ma	ma	C	O	_	_
ha	avere	VIY	O	_	_
guadagnato	guadagnare	VSP	O	_	_
certo	certo	B	O	_	_
di	di	E	O	_	_
più	più	B	O	_	_
ancora	ancora	B	O	_	_
in	in	E	O	_	_
energia	energia	SS	O	_	_
,	comma	XPW	O	_	_
combattività	combattività	SN	O	_	_
e	e	C	O	_	_
compattezza	compattezza	SS	O	_	_
.	.	XPS	O	_	_

Questa	questo	DS	O	_	_
forza	forza	SS	O	_	_
l’	l’	PS	O	_	_
userà	usare	VI	O	_	_
ad	ad	E	O	_	_
abbattere	abbattere	VF	O	_	_
il	il	RS	O	_	_
vecchio	vecchio	AS	O	_	_
sistema	sistema	SS	O	_	_
,	comma	XPW	O	_	_
inaugurando	inaugurare	VG	O	_	_
anche	anche	C	O	_	_
per	per	E	O	_	_
la	il	RS	O	_	_
Dieta	dieta	SPN	O	_	_
un’	uno	RS	O	_	_
era	era	SS	O	_	_
nuova	nuovo	AS	O	_	_
.	.	XPS	O	_	_

Non	non	B	O	_	_
s’	s’	PN	O	_	_
illuda	illudere	VI	O	_	_
qualche	qualche	DS	O	_	_
governante	governante	SS	O	_	_
o	o	C	O	_	_
qualche	qualche	DS	O	_	_
partito	partito	SS	O	_	_
:	:	XPS	O	_	_
i	il	RP	O	_	_
nostri	nostro	DP	O	_	_
deputati	deputato	SP	O	_	_
hanno	avere	VIY	O	_	_
dato	dare	VSP	O	_	_
la	il	RS	O	_	_
parola	parola	SS	O	_	_
agli	a/det	EP	O	_	_
elettori	elettore	SP	O	_	_
che	che	CCHE	O	_	_
il	il	RS	O	_	_
suffragio	suffragio	SS	O	_	_
universale	universale	AS	O	_	_
verrà	venire	VIY	O	_	_
conquistato	conquistare	VSP	O	_	_
,	comma	XPW	O	_	_
e	e	C	O	_	_
la	il	RS	O	_	_
riforma	riforma	SS	O	_	_
dovrà	dovere	VI	O	_	_
immancabilmente	immancabilmente	B	O	_	_
venire	venire	VF	O	_	_
,	comma	XPW	O	_	_
e	e	C	O	_	_
presto	presto	B	O	_	_
.	.	XPS	O	_	_

In	in	E	O	_	_
coda	coda	SS	O	_	_
alcune	alcuni	DP	O	_	_
brevi	breve	AP	O	_	_
osservazioni	osservazione	SP	O	_	_
,	comma	XPW	O	_	_
che	che	CCHE	O	_	_
svolgeremo	svolgere	VI	O	_	_
in	in	E	O	_	_
altra	altro	DS	O	_	_
occasione	occasione	SS	O	_	_
.	.	XPS	O	_	_

Ieri	ieri	B	O	_	_
,	comma	XPW	O	_	_
in	in	E	O	_	_
Trento	trento	SPN	GPE	46.0664228	11.1257601
,	comma	XPW	O	_	_
si	rifl	PN	O	_	_
ebbe	avere	VI	O	_	_
la	il	RS	O	_	_
sconfitta	sconfitta	SS	O	_	_
non	non	B	O	_	_
dei	di/det	EP	O	_	_
socialisti	socialista	SP	O	_	_
,	comma	XPW	O	_	_
i	il	RP	O	_	_
quali	quale	PP	O	_	_
in	in	E	O	_	_
massima	massimo	AS	O	_	_
parte	parte	SS	O	_	_
non	non	B	O	_	_
poterono	potere	VI	O	_	_
votare	votare	VF	O	_	_
,	comma	XPW	O	_	_
ma	ma	C	O	_	_
dei	di/det	EP	O	_	_
socialistoidi	socialistoide	SP	O	_	_
che	che	CCHE	O	_	_
pareva	parere	VI	O	_	_
avessero	avere	VIY	O	_	_
penetrato	penetrare	VSP	O	_	_
il	il	RS	O	_	_
partito	partito	SS	O	_	_
liberale	liberale	AS	O	_	_
in	in	E	O	_	_
modo	modo	SS	O	_	_
da	da	E	O	_	_
minarne	minare/part	VF+E	O	_	_
l’	il	RS	O	_	_
esistenza	esistenza	SS	O	_	_
.	.	XPS	O	_	_

Se	se	C	O	_	_
si	rifl	PN	O	_	_
considera	considerare	VI	O	_	_
però	però	C	O	_	_
l’	il	RS	O	_	_
atteggiamento	atteggiamento	SS	O	_	_
dei	di/det	EP	O	_	_
liberali	liberale	SP	O	_	_
nel	in/det	ES	O	_	_
collegio	collegio	SS	O	_	_
settentrionale	settentrionale	AS	O	_	_
,	comma	XPW	O	_	_
conviene	convenire	VI	O	_	_
ammettere	ammettere	VF	O	_	_
che	che	CCHE	O	_	_
la	il	RS	O	_	_
votazione	votazione	SS	O	_	_
di	di	E	O	_	_
Trento	trento	SPN	GPE	46.0664228	11.1257601
non	non	B	O	_	_
chiude	chiudere	VI	O	_	_
l’	il	RS	O	_	_
era	era	SS	O	_	_
dei	di/det	EP	O	_	_
socialistoidi	socialistoide	SP	O	_	_
e	e	C	O	_	_
la	il	RS	O	_	_
crisi	crisi	SN	O	_	_
libero-socialista	libero-socialista	AS	O	_	_
continua	continuare	VI	O	_	_
.	.	XPS	O	_	_

Castigo	castigo	SPN	O	_	_
di	di	E	O	_	_
un	uno	RS	O	_	_
partito	partito	SS	O	_	_
che	che	CCHE	O	_	_
nei	in/det	EP	O	_	_
suoi	suo	DP	O	_	_
giornali	giornale	SP	O	_	_
fa	fa	B	O	_	_
tutti	tutto	DP	O	_	_
i	il	RP	O	_	_
giorni	giorno	SP	O	_	_
la	il	RS	O	_	_
reclame	reclame	SS	O	_	_
ai	a/det	EP	O	_	_
socialisti	socialista	SP	O	_	_
,	comma	XPW	O	_	_
pur	pur	C	O	_	_
d’	di	E	O	_	_
azzeccarne	azzeccare/part	VF+E	O	_	_
una	uno	PS	O	_	_
ai	a/det	EP	O	_	_
«	«	XPO	O	_	_
clericali	clericale	AP	O	_	_
»	»	XPO	O	_	_
,	comma	XPW	O	_	_
non	non	B	O	_	_
accorgendosi	accorgere/rifl	VG+E	O	_	_
che	che	CCHE	O	_	_
la	il	RS	O	_	_
penetrazione	penetrazione	SS	O	_	_
socialista	socialista	AS	O	_	_
dovrà	dovere	VI	O	_	_
pur	pur	B	O	_	_
soffocare	soffocare	VF	O	_	_
il	il	RS	O	_	_
programma	programma	SS	O	_	_
liberale	liberale	AS	O	_	_
.	.	XPS	O	_	_
