# total number of persons:0, total number of gpes:4
Non	non	B	O	_	_
intendiamo	intendere	VI	O	_	_
oggi	oggi	B	O	_	_
di	di	E	O	_	_
riassumere	riassumere	VF	O	_	_
l’	il	RS	O	_	_
enorme	enorme	AS	O	_	_
lavoro	lavoro	SS	O	_	_
che	che	CCHE	O	_	_
la	il	RS	O	_	_
Dieta	dieta	SPN	O	_	_
oggi	oggi	B	O	_	_
ha	avere	VIY	O	_	_
compiuto	compiere	VSP	O	_	_
nella	in/det	ES	O	_	_
sessione	sessione	SS	O	_	_
testè	testè	AS	O	_	_
chiusa	chiuso	AS	O	_	_
.	.	XPS	O	_	_

Essa	essa	PS	O	_	_
rimarrà	rimanere	VI	O	_	_
memorabile	memorabile	AS	O	_	_
per	per	E	O	_	_
un	uno	RS	O	_	_
pezzo	pezzo	SS	O	_	_
.	.	XPS	O	_	_

Solo	solo	B	O	_	_
uno	uno	RS	O	_	_
sguardo	sguardo	SS	O	_	_
all’	a/det	ES	O	_	_
accelerato	accelerato	AS	O	_	_
funzionamento	funzionamento	SS	O	_	_
burocratico	burocratico	AS	O	_	_
lascia	lasciare	VI	O	_	_
indovinare	indovinare	VF	O	_	_
quale	quale	DS	O	_	_
cumulo	cumulo	SS	O	_	_
di	di	E	O	_	_
lavoro	lavoro	SS	O	_	_
reale	reale	AS	O	_	_
venne	venire	VIY	O	_	_
fatto	fare	VSP	O	_	_
.	.	XPS	O	_	_

Il	il	RS	O	_	_
protocollo	protocollo	SS	O	_	_
degli	di/det	EP	O	_	_
esibiti	esibiti	SP	O	_	_
segna	segnare	VI	O	_	_
1450	1450	N	O	_	_
«	«	XPO	O	_	_
pezzi	pezzo	SP	O	_	_
»	»	XPO	O	_	_
,	comma	XPW	O	_	_
numero	numero	SS	O	_	_
mai	mai	B	O	_	_
raggiunto	raggiungere	VSP	O	_	_
nella	in/det	ES	O	_	_
cancelleria	cancelleria	SS	O	_	_
dietale	dietale	AS	O	_	_
a	a	E	O	_	_
memoria	memoria	SS	O	_	_
d’	di	E	O	_	_
uomo	uomo	SS	O	_	_
.	.	XPS	O	_	_

Tali	tale	AP	O	_	_
atti	atto	SP	O	_	_
vennero	venire	VIY	O	_	_
assegnati	assegnare	VPP	O	_	_
per	per	E	O	_	_
l’	il	RS	O	_	_
evasione	evasione	SS	O	_	_
alle	a/det	EP	O	_	_
singole	singolo	AP	O	_	_
commissioni	commissione	SP	O	_	_
e	e	C	O	_	_
quasi	quasi	B	O	_	_
tutti	tutto	PP	O	_	_
vennero	venire	VIY	O	_	_
trattati	trattare	VPP	O	_	_
,	comma	XPW	O	_	_
discussi	discutere	VPP	O	_	_
.	.	XPS	O	_	_

I	il	RP	O	_	_
deputati	deputato	SP	O	_	_
presentarono	presentare	VI	O	_	_
213	213	N	O	_	_
proposte	proposta	SP	O	_	_
,	comma	XPW	O	_	_
la	il	RS	O	_	_
giunta	giunta	SS	O	_	_
81	81	N	O	_	_
,	comma	XPW	O	_	_
complessivamente	complessivamente	B	O	_	_
vennero	venire	VIY	O	_	_
stampate	stampare	VPP	O	_	_
,	comma	XPW	O	_	_
distribuite	distribuire	VPP	O	_	_
ai	a/det	EP	O	_	_
deputati	deputato	SP	O	_	_
e	e	C	O	_	_
messe	messa	SP	O	_	_
all’	a/det	ES	O	_	_
ordine	ordine	SS	O	_	_
del	di/det	ES	O	_	_
giorno	giorno	SS	O	_	_
659	659	N	O	_	_
relazioni	relazione	SP	O	_	_
,	comma	XPW	O	_	_
proposte	proposta	SP	O	_	_
o	o	C	O	_	_
leggi	leggio	SP	O	_	_
.	.	XPS	O	_	_

Soltanto	soltanto	B	O	_	_
per	per	E	O	_	_
lavori	lavoro	SP	O	_	_
idraulici	idraulico	AP	O	_	_
la	il	RS	O	_	_
commissione	commissione	SS	O	_	_
rispettiva	rispettivo	AS	O	_	_
e	e	C	O	_	_
il	il	RS	O	_	_
pleno	pleno	SS	O	_	_
deliberarono	deliberare	VI	O	_	_
101	101	N	O	_	_
leggi	leggio	SP	O	_	_
.	.	XPS	O	_	_

Si	rifl	PN	O	_	_
pensi	pensare	VI	O	_	_
che	che	CCHE	O	_	_
qualcuna	qualcuno	PS	O	_	_
di	di	E	O	_	_
tali	tale	AP	O	_	_
proposte	proposta	SP	O	_	_
di	di	E	O	_	_
legge	legge	SS	O	_	_
era	essere	VI	O	_	_
un	uno	RS	O	_	_
vero	vero	AS	O	_	_
volume	volume	SS	O	_	_
e	e	C	O	_	_
che	che	CCHE	O	_	_
certe	certe	VI	O	_	_
,	comma	XPW	O	_	_
come	come	CADV	O	_	_
la	il	RS	O	_	_
novella	novella	SS	O	_	_
scolastica	scolastico	AS	O	_	_
,	comma	XPW	O	_	_
la	il	RS	O	_	_
legge	legge	SS	O	_	_
stradale	stradale	AS	O	_	_
,	comma	XPW	O	_	_
le	il	RP	O	_	_
leggi	leggio	SP	O	_	_
agrarie	agrario	AP	O	_	_
occuparono	occupare	VI	O	_	_
per	per	E	O	_	_
settimane	settimana	SP	O	_	_
intiere	intiere	AP	O	_	_
le	il	RP	O	_	_
commissioni	commissione	SP	O	_	_
.	.	XPS	O	_	_

Si	rifl	PN	O	_	_
dovrà	dovere	VI	O	_	_
pur	pur	B	O	_	_
considerare	considerare	VF	O	_	_
che	che	CCHE	O	_	_
e	e	C	O	_	_
deputati	deputato	SP	O	_	_
e	e	C	O	_	_
impiegati	impiegato	SP	O	_	_
sotto	sotto	E	O	_	_
la	il	RS	O	_	_
pressura	pressura	SS	O	_	_
di	di	E	O	_	_
tale	tale	DS	O	_	_
cumulo	cumulo	SS	O	_	_
d’	di	E	O	_	_
affari	affare	SP	O	_	_
,	comma	XPW	O	_	_
presentatosi	presentatosi	VG+E	O	_	_
al	a/det	ES	O	_	_
pubblico	pubblico	SS	O	_	_
nelle	in/det	EP	O	_	_
24	24	N	O	_	_
sedute	seduta	SP	O	_	_
plenarie	plenario	AP	O	_	_
,	comma	XPW	O	_	_
non	non	B	O	_	_
ebbero	avere	VI	O	_	_
modo	modo	SS	O	_	_
ad	ad	E	O	_	_
Innsbruck	innsbruck	SPN	GPE	47.2654296	11.3927685
di	di	E	O	_	_
godersi	godere/rifl	VF+E	O	_	_
il	il	RS	O	_	_
bel	bello	AS	O	_	_
tempo	tempo	SS	O	_	_
che	che	CCHE	O	_	_
regnò	regnare	VI	O	_	_
imperturbato	imperturbato	VSP	O	_	_
fino	fino	E	O	_	_
all’ultimo.	all’ultimo.	SPN	O	_	_
I	il	RP	O	_	_
risultati	risultato	SP	O	_	_
da	da	E	O	_	_
tale	tale	DS	O	_	_
lavoro	lavoro	SS	O	_	_
sono	essere	VI	O	_	_
ottimi	ottimo	AP	O	_	_
.	.	XPS	O	_	_

Si	rifl	PN	O	_	_
votarono	votare	VI	O	_	_
101	101	N	O	_	_
leggi	leggio	SP	O	_	_
per	per	E	O	_	_
opere	opera	SP	O	_	_
idrauliche	idraulico	AP	O	_	_
,	comma	XPW	O	_	_
alcune	alcuni	PP	O	_	_
delle	di/det	EP	O	_	_
quali	quale	PP	O	_	_
urgentissime	urgente	AP	O	_	_
per	per	E	O	_	_
una	uno	RS	O	_	_
spesa	spesa	SS	O	_	_
complessiva	complessivo	AS	O	_	_
di	di	E	O	_	_
12.410	12.410	N	O	_	_
.	.	XPS	O	_	_

403	403	N	O	_	_
.	.	XPS	O	_	_

Il	il	RS	O	_	_
contributo	contributo	SS	O	_	_
prov.	prov.	AS	O	_	_
a	a	E	O	_	_
tali	tale	AP	O	_	_
opere	opera	SP	O	_	_
è	essere	VI	O	_	_
di	di	E	O	_	_
3.940.804	3.940.804	N	O	_	_
,	comma	XPW	O	_	_
di	di	E	O	_	_
cui	cui	PN	O	_	_
per	per	E	O	_	_
la	il	RS	O	_	_
parte	parte	SS	O	_	_
tedesca	tedesco	AS	O	_	_
2.566.546	2.566.546	N	O	_	_
;	semicolon	XPS	O	_	_

per	per	E	O	_	_
il	il	RS	O	_	_
Trentino	trentino	SPN	GPE	46.102869	11.12961993
1.374.118	1.374.118	N	O	_	_
.	.	XPS	O	_	_

Si	rifl	PN	O	_	_
deliberò	deliberare	VI	O	_	_
di	di	E	O	_	_
contribuire	contribuire	VF	O	_	_
alla	a/det	ES	O	_	_
costruzione	costruzione	SS	O	_	_
delle	di/det	EP	O	_	_
ferrovie	ferrovia	SP	O	_	_
locali	locale	AP	O	_	_
assumendo	assumere	VG	O	_	_
azioni	azione	SP	O	_	_
di	di	E	O	_	_
fondazione	fondazione	SS	O	_	_
per	per	E	O	_	_
la	il	RS	O	_	_
parte	parte	SS	O	_	_
tedesca	tedesco	AS	O	_	_
di	di	E	O	_	_
cor	cor	SS	O	_	_
.	.	XPS	O	_	_

2.995.000	2.995.000	N	O	_	_
e	e	C	O	_	_
per	per	E	O	_	_
le	il	RP	O	_	_
ferrovie	ferrovia	SP	O	_	_
trentine	trentino	AP	O	_	_
cor	cor	SP	O	_	_
.	.	XPS	O	_	_

1.620.000	1.620.000	N	O	_	_
.	.	XPS	O	_	_

Vennero	venire	VIY	O	_	_
trattate	trattare	VPP	O	_	_
e	e	C	O	_	_
deliberate	deliberare	VPP	O	_	_
parecchie	parecchio	AP	O	_	_
leggi	leggio	SP	O	_	_
in	in	E	O	_	_
favore	favore	SS	O	_	_
della	di/det	ES	O	_	_
pastorizia	pastorizia	SS	O	_	_
dell’	di/det	ES	O	_	_
alpeggio	alpeggio	SS	O	_	_
,	comma	XPW	O	_	_
dell’	di/det	ES	O	_	_
agricoltura	agricoltura	SS	O	_	_
in	in	E	O	_	_
genere	genere	SS	O	_	_
e	e	C	O	_	_
a	a	E	O	_	_
tale	tale	DS	O	_	_
scopo	scopo	SS	O	_	_
la	il	RS	O	_	_
Dieta	dieta	SPN	O	_	_
dedicò	dedicare	VI	O	_	_
vistosi	vistoso	AP	O	_	_
crediti	credito	SP	O	_	_
.	.	XPS	O	_	_

Si	rifl	PN	O	_	_
tentò	tentare	VI	O	_	_
di	di	E	O	_	_
ovviare	ovviare	VF	O	_	_
alla	a/det	ES	O	_	_
crisi	crisi	SN	O	_	_
vinicola	vinicolo	AS	O	_	_
accordando	accordare	VG	O	_	_
diverse	diverso	AP	O	_	_
sovvenzioni	sovvenzione	SP	O	_	_
alle	a/det	EP	O	_	_
cantine	cantina	SP	O	_	_
sociali	sociale	AP	O	_	_
.	.	XPS	O	_	_

Altri	altro	DP	O	_	_
notevoli	notevole	AP	O	_	_
sussidi	sussidio	SP	O	_	_
concesse	concedere	VI	O	_	_
la	il	RS	O	_	_
provincia	provincia	SS	O	_	_
alle	a/det	EP	O	_	_
Società	società	SN	O	_	_
economiche	economico	AP	O	_	_
,	comma	XPW	O	_	_
sorte	sorte	SS	O	_	_
per	per	E	O	_	_
il	il	RS	O	_	_
popolo	popolo	SS	O	_	_
lavoratore	lavoratore	SS	O	_	_
,	comma	XPW	O	_	_
per	per	E	O	_	_
le	il	RP	O	_	_
federazioni	federazione	SP	O	_	_
delle	di/det	EP	O	_	_
casse	cassa	SP	O	_	_
rurali	rurale	AP	O	_	_
,	comma	XPW	O	_	_
per	per	E	O	_	_
i	il	RP	O	_	_
forni	forno	SP	O	_	_
essiccatori	essiccatori	AP	O	_	_
,	comma	XPW	O	_	_
ecc;	ecc;	SPN	O	_	_
altre	altro	DP	O	_	_
ancora	ancora	B	O	_	_
per	per	E	O	_	_
scopi	scopo	SP	O	_	_
educativi	educativo	AP	O	_	_
od	od	C	O	_	_
umanitari	umanitario	AP	O	_	_
.	.	XPS	O	_	_

Un	uno	RS	O	_	_
importante	importante	AS	O	_	_
novum	novum	SS	O	_	_
fu	essere	VI	O	_	_
la	il	RS	O	_	_
decisione	decisione	SS	O	_	_
e	e	C	O	_	_
la	il	RS	O	_	_
fissazione	fissazione	SS	O	_	_
di	di	E	O	_	_
un	uno	RS	O	_	_
credito	credito	SS	O	_	_
per	per	E	O	_	_
sovvenzionare	sovvenzionare	VF	O	_	_
la	il	RS	O	_	_
costruzione	costruzione	SS	O	_	_
degli	di/det	EP	O	_	_
acquedotti	acquedotto	SP	O	_	_
per	per	E	O	_	_
acqua	acqua	SS	O	_	_
potabile	potabile	AS	O	_	_
.	.	XPS	O	_	_

I	il	RP	O	_	_
nostri	nostro	DP	O	_	_
comuni	comune	SP	O	_	_
sanno	sapere	VI	O	_	_
quanto	quanto	QNS	O	_	_
fosse	essere	VI	O	_	_
odiosa	odioso	AS	O	_	_
la	il	RS	O	_	_
linea	linea	SS	O	_	_
di	di	E	O	_	_
condotta	condotta	SS	O	_	_
a	a	E	O	_	_
cui	cui	PN	O	_	_
la	il	RS	O	_	_
provincia	provincia	SS	O	_	_
prima	primo	AS	O	_	_
credeva	credere	VI	O	_	_
doversi	dovere/rifl	VF+E	O	_	_
attenere	attenere	VF	O	_	_
.	.	XPS	O	_	_

La	il	RS	O	_	_
legge	legge	SS	O	_	_
sanitaria	sanitario	AS	O	_	_
da	da	E	O	_	_
sì	sì	B	O	_	_
lungo	lungo	AS	O	_	_
tempo	tempo	SS	O	_	_
richiesta	richiesta	SS	O	_	_
,	comma	XPW	O	_	_
venne	venire	VIY	O	_	_
votata	votare	VSP	O	_	_
,	comma	XPW	O	_	_
la	il	RS	O	_	_
legge	legge	SS	O	_	_
magistrale	magistrale	AS	O	_	_
venne	venire	VIY	O	_	_
condotta	condurre	VSP	O	_	_
sì	sì	B	O	_	_
innanzi	innanzi	B	O	_	_
che	che	CCHE	O	_	_
v’	v’	B	O	_	_
è	essere	VI	O	_	_
speranza	speranza	SS	O	_	_
nella	in/det	ES	O	_	_
prossima	prossimo	AS	O	_	_
sessione	sessione	SS	O	_	_
trovi	trovare	VI	O	_	_
evasione	evasione	SS	O	_	_
,	comma	XPW	O	_	_
e	e	C	O	_	_
che	che	CCHE	O	_	_
venga	venire	VI	O	_	_
sciolto	sciogliere	VSP	O	_	_
il	il	RS	O	_	_
difficile	difficile	AS	O	_	_
problema	problema	SS	O	_	_
del	di/det	ES	O	_	_
coprimento	coprimento	SS	O	_	_
.	.	XPS	O	_	_

Ma	ma	C	O	_	_
quella	quello	PS	O	_	_
che	che	CCHE	O	_	_
s’	s’	PN	O	_	_
elevò	elevare	VI	O	_	_
a	a	E	O	_	_
questione	questione	SS	O	_	_
principe	principe	AS	O	_	_
dell’	di/det	ES	O	_	_
attività	attività	SN	O	_	_
dietale	dietale	AS	O	_	_
fu	essere	VI	O	_	_
la	il	RS	O	_	_
questione	questione	SS	O	_	_
stradale	stradale	AS	O	_	_
.	.	XPS	O	_	_

Intorno	intorno	E	O	_	_
ad	ad	E	O	_	_
essa	essa	PS	O	_	_
parvero	parere	VI	O	_	_
raggrupparsi	raggruppare/rifl	VF+E	O	_	_
tutte	tutto	DP	O	_	_
le	il	RP	O	_	_
difficoltà	difficoltà	SN	O	_	_
e	e	C	O	_	_
mutarsi	mutare/rifl	VF+E	O	_	_
la	il	RS	O	_	_
formazione	formazione	SS	O	_	_
dei	di/det	EP	O	_	_
partiti	partito	SP	O	_	_
.	.	XPS	O	_	_

Da	da	E	O	_	_
principio	principio	SS	O	_	_
tedeschi	tedesco	AP	O	_	_
e	e	C	O	_	_
luogotenente	luogotenente	B	O	_	_
contro	contro	B	O	_	_
i	il	RP	O	_	_
postulati	postulato	SP	O	_	_
degli	di/det	EP	O	_	_
italiani	italiano	SP	O	_	_
,	comma	XPW	O	_	_
poi	poi	B	O	_	_
parte	parte	SS	O	_	_
dei	di/det	EP	O	_	_
tedeschi	tedesco	SP	O	_	_
in	in	E	O	_	_
atteggiamento	atteggiamento	SS	O	_	_
meno	meno	B	O	_	_
ostile	ostile	AS	O	_	_
,	comma	XPW	O	_	_
infine	infine	B	O	_	_
tedeschi	tedesco	AP	O	_	_
,	comma	XPW	O	_	_
italiani	italiano	AP	O	_	_
e	e	C	O	_	_
luogotenente	luogotenente	B	O	_	_
alleati	alleare	VPP	O	_	_
per	per	E	O	_	_
strappare	strappare	VF	O	_	_
al	a/det	ES	O	_	_
governo	governo	SS	O	_	_
centrale	centrale	AS	O	_	_
quello	quello	PS	O	_	_
che	che	CCHE	O	_	_
gli	il	RP	O	_	_
italiani	italiano	SP	O	_	_
reclamavano	reclamare	VI	O	_	_
come	come	CADV	O	_	_
adempimento	adempimento	SS	O	_	_
di	di	E	O	_	_
una	uno	RS	O	_	_
promessa	promessa	SS	O	_	_
.	.	XPS	O	_	_

E	e	C	O	_	_
qui	qui	B	O	_	_
si	rifl	PN	O	_	_
manifestò	manifestare	VI	O	_	_
tutto	tutto	DS	O	_	_
il	il	RS	O	_	_
valore	valore	SS	O	_	_
della	di/det	ES	O	_	_
disciplina	disciplina	SS	O	_	_
,	comma	XPW	O	_	_
e	e	C	O	_	_
la	il	RS	O	_	_
splendida	splendido	AS	O	_	_
tattica	tattica	SS	O	_	_
del	di/det	ES	O	_	_
partito	partito	SS	O	_	_
popolare	popolare	AS	O	_	_
.	.	XPS	O	_	_

Noi	noi	PP	O	_	_
non	non	B	O	_	_
facciamo	fare	VI	O	_	_
che	che	CCHE	O	_	_
ripetere	ripetere	VF	O	_	_
una	uno	RS	O	_	_
verità	verità	SN	O	_	_
da	da	E	O	_	_
tutti	tutto	PP	O	_	_
in	in	E	O	_	_
Innsbruck	innsbruck	SPN	GPE	47.2654296	11.3927685
asserita	asserire	VSP	O	_	_
,	comma	XPW	O	_	_
se	se	C	O	_	_
affermiamo	affermare	VI	O	_	_
che	che	CCHE	O	_	_
il	il	RS	O	_	_
club	club	SN	O	_	_
popolare	popolare	AS	O	_	_
e	e	C	O	_	_
il	il	RS	O	_	_
suo	suo	DS	O	_	_
energico	energico	AS	O	_	_
capo	capo	SS	O	_	_
nei	in/det	EP	O	_	_
momenti	momento	SP	O	_	_
più	più	B	O	_	_
critici	critico	AP	O	_	_
furono	essere	VI	O	_	_
all’	a/det	ES	O	_	_
altezza	altezza	SS	O	_	_
della	di/det	ES	O	_	_
situazione	situazione	SS	O	_	_
.	.	XPS	O	_	_

Ed	ed	C	O	_	_
infine	infine	B	O	_	_
arrise	arridere	VI	O	_	_
loro	loro	PP	O	_	_
la	il	RS	O	_	_
vittoria	vittoria	SS	O	_	_
.	.	XPS	O	_	_

Le	il	RP	O	_	_
trattative	trattativa	SP	O	_	_
con	con	E	O	_	_
Vienna	vienna	SPN	O	_	_
che	che	CCHE	O	_	_
negli	in/det	EP	O	_	_
ultimi	ultimo	AP	O	_	_
due	due	N	O	_	_
giorni	giorno	SP	O	_	_
venivano	venire	VIY	O	_	_
condotte	condurre	VPP	O	_	_
telefonicamente	telefonicamente	B	O	_	_
diedero	dare	VI	O	_	_
il	il	RS	O	_	_
loro	loro	DP	O	_	_
risultato	risultato	SS	O	_	_
:	:	XPS	O	_	_
il	il	RS	O	_	_
ministro	ministro	SS	O	_	_
inserì	inserire	VI	O	_	_
nel	in/det	ES	O	_	_
bilancio	bilancio	SS	O	_	_
un	uno	RS	O	_	_
aumento	aumento	SS	O	_	_
di	di	E	O	_	_
250.000	250.000	N	O	_	_
cor	cor	SP	O	_	_
.	.	XPS	O	_	_

sull’	su/det	ES	O	_	_
importo	importo	SS	O	_	_
di	di	E	O	_	_
300.000	300.000	N	O	_	_
cor	cor	SP	O	_	_
.	.	XPS	O	_	_

preventivato	preventivare	VSP	O	_	_
per	per	E	O	_	_
la	il	RS	O	_	_
costruzione	costruzione	SS	O	_	_
di	di	E	O	_	_
strade	strada	SP	O	_	_
trentine	trentino	AP	O	_	_
nel	in/det	ES	O	_	_
1909	1909	N	O	_	_
e	e	C	O	_	_
i	il	RP	O	_	_
tedeschi	tedesco	SP	O	_	_
votavano	votare	VI	O	_	_
assieme	assieme	B	O	_	_
agli	a/det	EP	O	_	_
italiani	italiano	SP	O	_	_
il	il	RS	O	_	_
corrispondente	corrispondente	AS	O	_	_
contributo	contributo	SS	O	_	_
provinciale	provinciale	AS	O	_	_
.	.	XPS	O	_	_

In	in	E	O	_	_
tale	tale	AS	O	_	_
modo	modo	SS	O	_	_
fu	essere	VIY	O	_	_
reso	rendere	VSP	O	_	_
possibile	possibile	AS	O	_	_
per	per	E	O	_	_
il	il	RS	O	_	_
prossimo	prossimo	AS	O	_	_
anno	anno	SS	O	_	_
un	uno	RS	O	_	_
lavoro	lavoro	SS	O	_	_
per	per	E	O	_	_
strade	strada	SP	O	_	_
principali	principale	AP	O	_	_
e	e	C	O	_	_
secondarie	secondario	AP	O	_	_
nel	in/det	ES	O	_	_
Trentino	trentino	SPN	GPE	46.102869	11.12961993
di	di	E	O	_	_
circa	circa	B	O	_	_
Cor	cor	SPN	O	_	_
.	.	XPS	O	_	_

340.000	340.000	N	O	_	_
(	open_parenthesis	XPB	O	_	_
non	non	B	O	_	_
380.000	380.000	N	O	_	_
come	come	CADV	O	_	_
venne	venire	VIY	O	_	_
stampato	stampare	VSP	O	_	_
erroneamente	erroneamente	B	O	_	_
nella	in/det	ES	O	_	_
relazione	relazione	SS	O	_	_
di	di	E	O	_	_
ieri	ieri	B	O	_	_
)	close_parenthesis	XPB	O	_	_
.	.	XPS	O	_	_

Tale	tale	AS	O	_	_
in	in	E	O	_	_
fuggevoli	fuggevoli	SP	O	_	_
cenni	cenni	AP	O	_	_
il	il	RS	O	_	_
lavoro	lavoro	SS	O	_	_
compiuto	compiere	VSP	O	_	_
.	.	XPS	O	_	_

Anche	anche	C	O	_	_
in	in	E	O	_	_
questa	questo	DS	O	_	_
occasione	occasione	SS	O	_	_
il	il	RS	O	_	_
partito	partito	SS	O	_	_
popolare	popolare	AS	O	_	_
si	rifl	PN	O	_	_
addimostrò	addimostrare	VIY	O	_	_
partito	partire	VSP	O	_	_
del	di/det	ES	O	_	_
lavoro	lavoro	SS	O	_	_
e	e	C	O	_	_
i	il	RP	O	_	_
suoi	suo	DP	O	_	_
uomini	uomo	SP	O	_	_
non	non	B	O	_	_
conobbero	conoscere	VI	O	_	_
tregua	tregua	SS	O	_	_
.	.	XPS	O	_	_

Talvolta	talvolta	B	O	_	_
parve	parere	VI	O	_	_
che	che	CCHE	O	_	_
si	rifl	PN	O	_	_
ritornasse	ritornare	VI	O	_	_
al	a/det	ES	O	_	_
triste	triste	AS	O	_	_
metodo	metodo	SS	O	_	_
della	di/det	ES	O	_	_
maggiorazione	maggiorazione	SS	O	_	_
nazionale	nazionale	AS	O	_	_
,	comma	XPW	O	_	_
ma	ma	C	O	_	_
l’	il	RS	O	_	_
energia	energia	SS	O	_	_
degli	di/det	EP	O	_	_
italiani	italiano	SP	O	_	_
ricacciò	ricacciare	VI	O	_	_
indietro	indietro	B	O	_	_
certe	certo	AP	O	_	_
velleità	velleità	SN	O	_	_
pericolose	pericoloso	AP	O	_	_
.	.	XPS	O	_	_

Di	di	E	O	_	_
maniera	maniera	SS	O	_	_
che	che	CCHE	O	_	_
nelle	in/det	EP	O	_	_
maggior	maggior	SP	O	_	_
parte	parte	SS	O	_	_
dei	di/det	EP	O	_	_
casi	caso	SP	O	_	_
gli	il	RP	O	_	_
uomini	uomo	SP	O	_	_
di	di	E	O	_	_
tutte	tutto	DP	O	_	_
due	due	N	O	_	_
le	il	RP	O	_	_
parti	parte	SP	O	_	_
cercarono	cercare	VI	O	_	_
una	uno	RS	O	_	_
via	via	SS	O	_	_
di	di	E	O	_	_
mezzo	mezzo	SS	O	_	_
,	comma	XPW	O	_	_
il	il	RS	O	_	_
modus	modus	SS	O	_	_
vivendi	vivendi	VI	O	_	_
,	comma	XPW	O	_	_
e	e	C	O	_	_
i	il	RP	O	_	_
nostri	nostro	DP	O	_	_
deputati	deputato	SP	O	_	_
,	comma	XPW	O	_	_
ritornando	ritornare	VG	O	_	_
in	in	E	O	_	_
paese	paese	SS	O	_	_
,	comma	XPW	O	_	_
possono	potere	VI	O	_	_
affermare	affermare	VF	O	_	_
con	con	E	O	_	_
retta	retta	SS	O	_	_
coscienza	coscienza	SS	O	_	_
di	di	E	O	_	_
averne	avere/part	VF+E	O	_	_
aumentato	aumentare	VSP	O	_	_
il	il	RS	O	_	_
benessere	benessere	SS	O	_	_
economico	economico	AS	O	_	_
e	e	C	O	_	_
contemporaneamente	contemporaneamente	B	O	_	_
di	di	E	O	_	_
non	non	B	O	_	_
aver	avere	VFY	O	_	_
piegata	piegare	VSP	O	_	_
la	il	RS	O	_	_
bandiera	bandiera	SS	O	_	_
nazionale	nazionale	AS	O	_	_
,	comma	XPW	O	_	_
per	per	E	O	_	_
la	il	RS	O	_	_
quale	quale	PS	O	_	_
il	il	RS	O	_	_
lavoro	lavoro	SS	O	_	_
comune	comune	SS	O	_	_
è	essere	VI	O	_	_
atto	atto	SS	O	_	_
a	a	E	O	_	_
creare	creare	VF	O	_	_
un	uno	RS	O	_	_
ambiente	ambiente	SS	O	_	_
più	più	B	O	_	_
favorevole	favorevole	AS	O	_	_
.	.	XPS	O	_	_

Quod	quod	SPN	O	_	_
est	est	VI	O	_	_
in	in	E	O	_	_
votis	votis	SS	O	_	_
"!"	esclamation_mark	XPS	O	_	_
