# total number of persons:0, total number of gpes:4
Siamo	essere	VI	O	_	_
all’	a/det	ES	O	_	_
ultimo	ultimo	AS	O	_	_
trimestre	trimestre	SS	O	_	_
del	di/det	ES	O	_	_
1908	1908	N	O	_	_
.	.	XPS	O	_	_

Passando	passare	VG	O	_	_
rapidamente	rapidamente	B	O	_	_
in	in	E	O	_	_
rassegna	rassegna	SS	O	_	_
l’	il	RS	O	_	_
attività	attività	SN	O	_	_
nostra	nostro	AS	O	_	_
e	e	C	O	_	_
confrontandola	confrontare/pro	VG+E	O	_	_
con	con	E	O	_	_
le	il	RP	O	_	_
promesse	promessa	SP	O	_	_
fatte	fare	VPP	O	_	_
a	a	E	O	_	_
capo	capo	SS	O	_	_
d’	di	E	O	_	_
anno	anno	SS	O	_	_
,	comma	XPW	O	_	_
possiamo	potere	VI	O	_	_
con	con	E	O	_	_
sicura	sicuro	AS	O	_	_
coscienza	coscienza	SS	O	_	_
appellarci	appellare/pro/loc	VF+E	O	_	_
al	a/det	ES	O	_	_
giudizio	giudizio	SS	O	_	_
dei	di/det	EP	O	_	_
lettori	lettore	SP	O	_	_
e	e	C	O	_	_
del	di/det	ES	O	_	_
pubblico	pubblico	SS	O	_	_
.	.	XPS	O	_	_

Il	il	RS	O	_	_
Trentino	trentino	SPN	GPE	46.102869	11.12961993
è	essere	VIY	O	_	_
progredito	progredire	VSP	O	_	_
ed	ed	C	O	_	_
è	essere	VIY	O	_	_
cresciuto	crescere	VSP	O	_	_
di	di	E	O	_	_
forza	forza	SS	O	_	_
e	e	C	O	_	_
di	di	E	O	_	_
valore	valore	SS	O	_	_
,	comma	XPW	O	_	_
quanto	quanto	B	O	_	_
nessun	nessun	DS	O	_	_
altro	altro	DS	O	_	_
giornale	giornale	SS	O	_	_
scritto	scrivere	VSP	O	_	_
per	per	E	O	_	_
un	uno	RS	O	_	_
paese	paese	SS	O	_	_
territorialmente	territorialmente	B	O	_	_
e	e	C	O	_	_
socialmente	socialmente	B	O	_	_
eguale	eguale	AS	O	_	_
o	o	C	O	_	_
simile	simile	AS	O	_	_
al	a/det	ES	O	_	_
nostro	nostro	DS	O	_	_
.	.	XPS	O	_	_

La	il	RS	O	_	_
collaborazione	collaborazione	SS	O	_	_
parlamentare	parlamentare	AS	O	_	_
,	comma	XPW	O	_	_
la	il	RS	O	_	_
diffusione	diffusione	SS	O	_	_
e	e	C	O	_	_
la	il	RS	O	_	_
freschezza	freschezza	SS	O	_	_
delle	di/det	EP	O	_	_
notizie	notizia	SP	O	_	_
,	comma	XPW	O	_	_
i	il	RP	O	_	_
contributi	contributo	SP	O	_	_
degli	di/det	EP	O	_	_
scrittori	scrittorio	SP	O	_	_
tecnici	tecnico	AP	O	_	_
e	e	C	O	_	_
specialisti	specialista	SP	O	_	_
non	non	B	O	_	_
sono	essere	VIY	O	_	_
mai	mai	B	O	_	_
mancati	mancare	VPP	O	_	_
in	in	E	O	_	_
una	uno	RS	O	_	_
misura	misura	SS	O	_	_
superiore	superiore	AS	O	_	_
ai	a/det	EP	O	_	_
confronti	confronto	SP	O	_	_
.	.	XPS	O	_	_

Il	il	RS	O	_	_
servizio	servizio	SS	O	_	_
in	in	E	O	_	_
occasione	occasione	SS	O	_	_
del	di/det	ES	O	_	_
processone	processone	SS	O	_	_
dei	di/det	EP	O	_	_
Quarantadue	quarantadue	SPN	O	_	_
con	con	E	O	_	_
relazione	relazione	SS	O	_	_
telefonica	telefonico	AS	O	_	_
e	e	C	O	_	_
doppia	doppio	AS	O	_	_
edizione	edizione	SS	O	_	_
di	di	E	O	_	_
sei	sei	N	O	_	_
pagine	pagina	SP	O	_	_
,	comma	XPW	O	_	_
il	il	RS	O	_	_
servizio	servizio	SS	O	_	_
telegrafico	telegrafico	AS	O	_	_
ed	ed	C	O	_	_
epistolare	epistolare	VF	O	_	_
sui	su/det	EP	O	_	_
lavori	lavoro	SP	O	_	_
parlamentari	parlamentare	AP	O	_	_
,	comma	XPW	O	_	_
l’	il	RS	O	_	_
amplissima	amplissimo	AS	O	_	_
relazione	relazione	SS	O	_	_
dietale	dietale	AS	O	_	_
che	che	CCHE	O	_	_
ci	ci	PP	O	_	_
permette	permettere	VI	O	_	_
di	di	E	O	_	_
riferire	riferire	VF	O	_	_
in	in	E	O	_	_
poche	poco	DP	O	_	_
ore	ora	SP	O	_	_
in	in	E	O	_	_
tutto	tutto	DS	O	_	_
il	il	RS	O	_	_
Trentino	trentino	SPN	GPE	46.102869	11.12961993
quanto	quanto	B	O	_	_
la	il	RS	O	_	_
Dieta	dieta	SPN	O	_	_
poco	poco	B	O	_	_
prima	prima	B	O	_	_
ha	avere	VIY	O	_	_
discusso	discutere	VSP	O	_	_
e	e	C	O	_	_
deliberato	deliberare	VSP	O	_	_
,	comma	XPW	O	_	_
dimostrano	dimostrare	VI	O	_	_
che	che	CCHE	O	_	_
non	non	B	O	_	_
badiamo	badare	VI	O	_	_
a	a	E	O	_	_
spese	spesa	SP	O	_	_
quando	quando	CADV	O	_	_
si	rifl	PN	O	_	_
tratta	trattare	VI	O	_	_
di	di	E	O	_	_
attuare	attuare	VF	O	_	_
i	il	RP	O	_	_
propositi	proposito	SP	O	_	_
enunciati	enunciare	VPP	O	_	_
.	.	XPS	O	_	_

Dal	da/det	ES	O	_	_
febbraio	febbraio	SS	O	_	_
1907	1907	N	O	_	_
al	a/det	ES	O	_	_
settembre	settembre	SS	O	_	_
1908	1908	N	O	_	_
il	il	RS	O	_	_
Trentino	trentino	SPN	GPE	46.102869	11.12961993
è	essere	VIY	O	_	_
uscito	uscire	VSP	O	_	_
quasi	quasi	B	O	_	_
per	per	E	O	_	_
un	uno	RS	O	_	_
terzo	terzo	SS	O	_	_
in	in	E	O	_	_
sei	sei	N	O	_	_
pagine	pagina	SP	O	_	_
,	comma	XPW	O	_	_
invece	invece	C	O	_	_
che	che	CCHE	O	_	_
in	in	E	O	_	_
quattro	quattro	N	O	_	_
e	e	C	O	_	_
per	per	E	O	_	_
un	uno	RS	O	_	_
ottavo	ottavo	SS	O	_	_
in	in	E	O	_	_
otto	otto	N	O	_	_
.	.	XPS	O	_	_

A	a	E	O	_	_
conti	conto	SP	O	_	_
fatti	fare	VPP	O	_	_
quindi	quindi	C	O	_	_
il	il	RS	O	_	_
Trentino	trentino	SPN	GPE	46.102869	11.12961993
supera	superare	VI	O	_	_
anche	anche	C	O	_	_
in	in	E	O	_	_
estensione	estensione	SS	O	_	_
di	di	E	O	_	_
gran	grande	AS	O	_	_
lunga	lungo	AS	O	_	_
qualunque	qualunque	DS	O	_	_
altro	altro	DS	O	_	_
giornale	giornale	SS	O	_	_
del	di/det	ES	O	_	_
paese	paese	SS	O	_	_
.	.	XPS	O	_	_

Corrispondentemente	corrispondentemente	B	O	_	_
allo	a/det	ES	O	_	_
sviluppo	sviluppo	SS	O	_	_
del	di/det	ES	O	_	_
giornale	giornale	SS	O	_	_
sono	essere	VIY	O	_	_
venuti	venire	VPP	O	_	_
però	però	C	O	_	_
ad	ad	E	O	_	_
aumentarsi	aumentare/rifl	VF+E	O	_	_
anche	anche	C	O	_	_
il	il	RS	O	_	_
favore	favore	SS	O	_	_
e	e	C	O	_	_
la	il	RS	O	_	_
considerazione	considerazione	SS	O	_	_
del	di/det	ES	O	_	_
pubblico	pubblico	SS	O	_	_
,	comma	XPW	O	_	_
il	il	RS	O	_	_
numero	numero	SS	O	_	_
dei	di/det	EP	O	_	_
lettori	lettore	SP	O	_	_
e	e	C	O	_	_
degli	di/det	EP	O	_	_
abbonati	abbonato	SP	O	_	_
.	.	XPS	O	_	_

Ed	ed	C	O	_	_
oggi	oggi	B	O	_	_
alla	a/det	ES	O	_	_
vigilia	vigilia	SS	O	_	_
dell’	di/det	ES	O	_	_
ultimo	ultimo	AS	O	_	_
trimestre	trimestre	SS	O	_	_
,	comma	XPW	O	_	_
basta	bastare	VI	O	_	_
ci	ci	PP	O	_	_
auguriamo	augurare	VI	O	_	_
anch’	anch’	B	O	_	_
esso	esso	PS	O	_	_
non	non	B	O	_	_
sia	essere	VI	O	_	_
dissimile	dissimile	AS	O	_	_
da	da	E	O	_	_
quello	quello	PS	O	_	_
passato	passare	VSP	O	_	_
nel	in/det	ES	O	_	_
1908	1908	N	O	_	_
e	e	C	O	_	_
ne	ne	PN	O	_	_
coronano	coronare	VI	O	_	_
l’	il	RS	O	_	_
opera	opera	SS	O	_	_
.	.	XPS	O	_	_

La	il	RS	O	_	_
stagione	stagione	SS	O	_	_
autunnale	autunnale	AS	O	_	_
è	essere	VI	O	_	_
politicamente	politicamente	B	O	_	_
la	il	RS	O	_	_
più	più	B	O	_	_
interessante	interessante	AS	O	_	_
:	:	XPS	O	_	_
il	il	RS	O	_	_
giornale	giornale	SS	O	_	_
quindi	quindi	C	O	_	_
dopo	dopo	E	O	_	_
la	il	RS	O	_	_
sospensione	sospensione	SS	O	_	_
estiva	estivo	AS	O	_	_
,	comma	XPW	O	_	_
riprende	riprendere	VI	O	_	_
il	il	RS	O	_	_
suo	suo	DS	O	_	_
posto	posto	SS	O	_	_
nella	in/det	ES	O	_	_
vita	vita	SS	O	_	_
quotidiana	quotidiano	AS	O	_	_
.	.	XPS	O	_	_

Ci	ci	B	O	_	_
sia	essere	VIY	O	_	_
permesso	permettere	VSP	O	_	_
d’	di	E	O	_	_
invitare	invitare	VF	O	_	_
gli	il	RP	O	_	_
amici	amico	SP	O	_	_
a	a	E	O	_	_
non	non	B	O	_	_
lasciarsi	lasciare/rifl	VF+E	O	_	_
sfuggire	sfuggire	VF	O	_	_
la	il	RS	O	_	_
buona	buono	AS	O	_	_
stagione	stagione	SS	O	_	_
della	di/det	ES	O	_	_
raccolta	raccolta	SS	O	_	_
e	e	C	O	_	_
di	di	E	O	_	_
continuare	continuare	VF	O	_	_
alla	a/det	ES	O	_	_
parte	parte	SS	O	_	_
locale	locale	AS	O	_	_
la	il	RS	O	_	_
loro	loro	DP	O	_	_
sollecita	sollecita	SS	O	_	_
e	e	C	O	_	_
stringata	stringare	VSP	O	_	_
collaborazione	collaborazione	SS	O	_	_
.	.	XPS	O	_	_
