# total number of persons:2, total number of gpes:10
Il	il	RS	O	_	_
colpo	colpo	SS	O	_	_
di	di	E	O	_	_
stato	stato	SS	O	_	_
compiuto	compiere	VSP	O	_	_
dai	da/det	EP	O	_	_
giovani	giovane	SP	O	_	_
turchi	turco	AP	O	_	_
,	comma	XPW	O	_	_
o	o	C	O	_	_
per	per	E	O	_	_
essere	essere	VF	O	_	_
più	più	B	O	_	_
precisi	preciso	AP	O	_	_
,	comma	XPW	O	_	_
da	da	E	O	_	_
300	300	N	O	_	_
pretoriani	pretoriano	SP	O	_	_
con	con	E	O	_	_
alla	a/det	ES	O	_	_
testa	testa	SS	O	_	_
Enver	enver	SPN	PER	_	_
Bey	bey	SPN	PER	_	_
,	comma	XPW	O	_	_
ha	avere	VIY	O	_	_
nuovamente	nuovamente	B	O	_	_
rannuvolato	rannuvolare	VSP	O	_	_
l’	il	RS	O	_	_
orizzonte	orizzonte	SS	O	_	_
internazionale	internazionale	AS	O	_	_
determinando	determinare	VG	O	_	_
una	uno	RS	O	_	_
situazione	situazione	SS	O	_	_
di	di	E	O	_	_
una	uno	RS	O	_	_
gravità	gravità	SN	O	_	_
eccezionale	eccezionale	AS	O	_	_
.	.	XPS	O	_	_

È	essere	VIY	O	_	_
stato	essere	VSP	O	_	_
un	uno	RS	O	_	_
colpo	colpo	SS	O	_	_
da	da	E	O	_	_
.	.	XPS	O	_	_

.	.	XPS	O	_	_

.	.	XPS	O	_	_

turchi	turchi	VI	O	_	_
Il	il	RS	O	_	_
vecchio	vecchio	AS	O	_	_
Kiamil	kiamil	SPN	O	_	_
ha	avere	VIY	O	_	_
fatto	fare	VSP	O	_	_
il	il	RS	O	_	_
possibile	possibile	AS	O	_	_
e	e	C	O	_	_
l’	il	RS	O	_	_
impossibile	impossibile	AS	O	_	_
per	per	E	O	_	_
tirare	tirare	VF	O	_	_
le	il	RP	O	_	_
cose	cosa	SP	O	_	_
in	in	E	O	_	_
lungo	lungo	AS	O	_	_
,	comma	XPW	O	_	_
per	per	E	O	_	_
uscire	uscire	VF	O	_	_
dal	da/det	ES	O	_	_
rotto	rotto	SS	O	_	_
della	di/det	ES	O	_	_
cuffia	cuffia	SS	O	_	_
,	comma	XPW	O	_	_
per	per	E	O	_	_
impedire	impedire	VF	O	_	_
che	che	CCHE	O	_	_
ad	ad	E	O	_	_
una	uno	RS	O	_	_
risoluzione	risoluzione	SS	O	_	_
definitiva	definitivo	AS	O	_	_
si	rifl	PN	O	_	_
arrivi	arrivare	VI	O	_	_
.	.	XPS	O	_	_

Egli	egli	PS	O	_	_
è	essere	VI	O	_	_
allo	a/det	ES	O	_	_
stremo	stremo	SS	O	_	_
di	di	E	O	_	_
ogni	ogni	DS	O	_	_
risorsa	risorsa	SS	O	_	_
;	semicolon	XPS	O	_	_

egli	egli	PS	O	_	_
sente	sentire	VI	O	_	_
che	che	CCHE	O	_	_
le	il	RP	O	_	_
sue	suo	DP	O	_	_
impegnative	impegnativa	SP	O	_	_
pacifiche	pacifico	AP	O	_	_
verso	verso	E	O	_	_
l’	il	RS	O	_	_
Europa	europa	SPN	GPE	51.0000003	9.9999997
devono	dovere	VI	O	_	_
avere	avere	VF	O	_	_
una	uno	RS	O	_	_
sanzione	sanzione	SS	O	_	_
.	.	XPS	O	_	_

E	e	C	O	_	_
per	per	E	O	_	_
non	non	B	O	_	_
fare	fare	VF	O	_	_
pessima	pessimo	AS	O	_	_
figura	figura	SS	O	_	_
,	comma	XPW	O	_	_
egli	egli	PS	O	_	_
convoca	convocare	VI	O	_	_
il	il	RS	O	_	_
divano	divano	SS	O	_	_
,	comma	XPW	O	_	_
gli	il	RP	O	_	_
fa	fare	VI	O	_	_
deliberare	deliberare	VF	O	_	_
,	comma	XPW	O	_	_
seduta	sedere	VSP	O	_	_
stante	stante	AS	O	_	_
,	comma	XPW	O	_	_
la	il	RS	O	_	_
pace	pace	SS	O	_	_
,	comma	XPW	O	_	_
ottiene	ottenere	VI	O	_	_
che	che	CCHE	O	_	_
nemmeno	nemmeno	B	O	_	_
una	uno	RS	O	_	_
voce	voce	SS	O	_	_
si	rifl	PN	O	_	_
elevi	elevare	VI	O	_	_
a	a	E	O	_	_
turbare	turbare	VF	O	_	_
l’	il	RS	O	_	_
ottimismo	ottimismo	SS	O	_	_
di	di	E	O	_	_
cui	cui	PN	O	_	_
si	rifl	PN	O	_	_
vuole	volere	VI	O	_	_
dar	dare	VF	O	_	_
prova	prova	SS	O	_	_
alle	a/det	EP	O	_	_
potenze	potenza	SP	O	_	_
.	.	XPS	O	_	_

I	il	RP	O	_	_
turchi	turco	SP	O	_	_
abbandonano	abbandonare	VI	O	_	_
ad	ad	E	O	_	_
un	uno	RS	O	_	_
tratto	tratto	SS	O	_	_
la	il	RS	O	_	_
loro	loro	DP	O	_	_
vecchia	vecchio	AS	O	_	_
politica	politica	SS	O	_	_
temporeggiatrice	temporeggiatrice	AS	O	_	_
e	e	C	O	_	_
si	rifl	PN	O	_	_
mostrano	mostrare	VI	O	_	_
decisi	deciso	AP	O	_	_
a	a	E	O	_	_
salvare	salvare	VF	O	_	_
quel	quello	DS	O	_	_
tanto	tanto	B	O	_	_
che	che	CCHE	O	_	_
resta	restare	VI	O	_	_
della	di/det	ES	O	_	_
loro	loro	DP	O	_	_
potenza	potenza	SS	O	_	_
in	in	E	O	_	_
Europa	europa	SPN	GPE	51.0000003	9.9999997
.	.	XPS	O	_	_

Intanto	intanto	B	O	_	_
però	però	C	O	_	_
il	il	RS	O	_	_
retroscena	retroscena	SS	O	_	_
lavora	lavorare	VI	O	_	_
.	.	XPS	O	_	_

Intanto	intanto	B	O	_	_
di	di	E	O	_	_
soppiatto	soppiatto	SS	O	_	_
i	il	RP	O	_	_
softa	softa	SP	O	_	_
sono	essere	VIY	O	_	_
avvertiti	avvertire	VPP	O	_	_
,	comma	XPW	O	_	_
Enver	enver	SPN	PER	_	_
Bey	bey	SPN	PER	_	_
è	essere	VIY	O	_	_
chiamato	chiamare	VSP	O	_	_
dalla	da/det	ES	O	_	_
sua	suo	DS	O	_	_
ben	ben	B	O	_	_
nota	noto	AS	O	_	_
funzione	funzione	SS	O	_	_
di	di	E	O	_	_
capitano	capitano	SS	O	_	_
spaventa	spaventare	VI	O	_	_
passeri	passerio	SP	O	_	_
,	comma	XPW	O	_	_
la	il	RS	O	_	_
porta	porta	SS	O	_	_
della	di/det	ES	O	_	_
Sublime	sublime	SPN	O	_	_
Porta	porta	SPN	O	_	_
,	comma	XPW	O	_	_
in	in	E	O	_	_
luogo	luogo	SS	O	_	_
di	di	E	O	_	_
essere	essere	VFY	O	_	_
chiusa	chiudere	VSP	O	_	_
e	e	C	O	_	_
ben	ben	B	O	_	_
guardata	guardare	VSP	O	_	_
,	comma	XPW	O	_	_
si	rifl	PN	O	_	_
trova	trovare	VI	O	_	_
socchiusa	socchiuso	AS	O	_	_
e	e	C	O	_	_
niente	niente	PS	O	_	_
affatto	affatto	B	O	_	_
protetta	protetta	VI	O	_	_
.	.	XPS	O	_	_

E	e	C	O	_	_
uno	uno	PS	O	_	_
,	comma	XPW	O	_	_
due	due	N	O	_	_
,	comma	XPW	O	_	_
tre	tre	N	O	_	_
,	comma	XPW	O	_	_
fino	fino	E	O	_	_
a	a	E	O	_	_
trecento	trecento	N	O	_	_
,	comma	XPW	O	_	_
i	il	RP	O	_	_
congiurati	congiurato	SP	O	_	_
si	rifl	PN	O	_	_
insinuano	insinuare	VI	O	_	_
nell’	in/det	ES	O	_	_
androne	androne	SS	O	_	_
,	comma	XPW	O	_	_
si	rifl	PN	O	_	_
dispongono	disporre	VI	O	_	_
bellamente	bellamente	B	O	_	_
nel	in/det	ES	O	_	_
cortile	cortile	SS	O	_	_
.	.	XPS	O	_	_

Sono	essere	VI	O	_	_
le	il	RP	O	_	_
tre	tre	N	O	_	_
del	di/det	ES	O	_	_
pomeriggio	pomeriggio	SS	O	_	_
;	semicolon	XPS	O	_	_

il	il	RS	O	_	_
più	più	B	O	_	_
bel	bello	AS	O	_	_
sole	sole	SS	O	_	_
arde	arde	AS	O	_	_
su	su	E	O	_	_
Costantinopoli	costantinopoli	SPN	GPE	41.016667	28.966667
,	comma	XPW	O	_	_
e	e	C	O	_	_
nessuno	nessuno	PS	O	_	_
se	rifl	PN	O	_	_
ne	ne	PN	O	_	_
accorge	accorgere	VI	O	_	_
.	.	XPS	O	_	_

D’	di	E	O	_	_
un	uno	RS	O	_	_
tratto	tratto	SS	O	_	_
un	uno	RS	O	_	_
grido	grido	SS	O	_	_
,	comma	XPW	O	_	_
un	uno	RS	O	_	_
tumulto	tumulto	SS	O	_	_
:	:	XPS	O	_	_
non	non	B	O	_	_
vogliamo	volere	VI	O	_	_
la	il	RS	O	_	_
pace	pace	SS	O	_	_
quale	quale	PS	O	_	_
è	essere	VIY	O	_	_
stata	essere	VSPY	O	_	_
conclusa	concludere	VSP	O	_	_
;	semicolon	XPS	O	_	_

vogliamo	volere	VI	O	_	_
Adrianopoli	adrianopoli	SPN	GPE	41.674444	26.560833
turca	turco	AS	O	_	_
altrimenti	altrimenti	B	O	_	_
la	il	RS	O	_	_
guerra	guerra	SS	O	_	_
"!"	esclamation_mark	XPS	O	_	_

Nel	in/det	ES	O	_	_
primo	primo	AS	O	_	_
istante	istante	SS	O	_	_
Kiamil	kiamil	SPN	O	_	_
finge	fingere	VI	O	_	_
la	il	RS	O	_	_
sorpresa	sorpresa	SS	O	_	_
;	semicolon	XPS	O	_	_

nel	in/det	ES	O	_	_
secondo	secondo	SS	O	_	_
,	comma	XPW	O	_	_
infila	infilare	VI	O	_	_
l’	il	RS	O	_	_
uscio	uscio	SS	O	_	_
,	comma	XPW	O	_	_
presenta	presentare	VI	O	_	_
le	il	RP	O	_	_
dimissioni	dimissione	SP	O	_	_
al	a/det	ES	O	_	_
suo	suo	DS	O	_	_
padrone	padrone	SS	O	_	_
;	semicolon	XPS	O	_	_

queste	questo	PP	O	_	_
vengono	venire	VI	O	_	_
lì	lì	B	O	_	_
per	per	E	O	_	_
lì	lì	B	O	_	_
accettate	accettare	VPP	O	_	_
e	e	C	O	_	_
la	il	RS	O	_	_
rivoluzione	rivoluzione	SS	O	_	_
trionfa	trionfare	VI	O	_	_
.	.	XPS	O	_	_

La	il	RS	O	_	_
rivoluzione	rivoluzione	SS	O	_	_
?	?	XPS	O	_	_

Eh	eh	I	O	_	_
no!	no!	SPN	O	_	_
La	il	RS	O	_	_
rivoluzione	rivoluzione	SS	O	_	_
,	comma	XPW	O	_	_
che	che	CCHE	O	_	_
non	non	B	O	_	_
c’	ci	B	O	_	_
è	essere	VI	O	_	_
mai	mai	B	O	_	_
stata	essere	VSP	O	_	_
,	comma	XPW	O	_	_
non	non	B	O	_	_
ha	avere	VI	O	_	_
né	né	B	O	_	_
trionfi	trionfi	SS	O	_	_
,	comma	XPW	O	_	_
né	né	C	O	_	_
sconfitte	sconfitta	SP	O	_	_
;	semicolon	XPS	O	_	_

soltanto	soltanto	B	O	_	_
all’	a/det	ES	O	_	_
Europa	europa	SPN	GPE	51.0000003	9.9999997
,	comma	XPW	O	_	_
che	che	CCHE	O	_	_
aspettava	aspettare	VI	O	_	_
la	il	RS	O	_	_
parola	parola	SS	O	_	_
definitiva	definitivo	AS	O	_	_
pace	pace	SS	O	_	_
,	comma	XPW	O	_	_
è	essere	VIY	O	_	_
giocata	giocare	VSP	O	_	_
un’	uno	RS	O	_	_
atroce	atroce	AS	O	_	_
burla	burla	SS	O	_	_
.	.	XPS	O	_	_

Solo	solo	B	O	_	_
così	così	B	O	_	_
si	rifl	PN	O	_	_
può	potere	VI	O	_	_
spiegare	spiegare	VF	O	_	_
come	come	CADV	O	_	_
la	il	RS	O	_	_
sommossa	sommossa	SS	O	_	_
si	rifl	PN	O	_	_
sia	essere	VIY	O	_	_
potuta	potere	VSP	O	_	_
compiere	compiere	VF	O	_	_
senza	senza	E	O	_	_
contrasto	contrasto	SS	O	_	_
,	comma	XPW	O	_	_
senza	senza	C	O	_	_
che	che	CCHE	O	_	_
Kiamil	kiamil	SPN	O	_	_
,	comma	XPW	O	_	_
dopo	dopo	C	O	_	_
aver	avere	VFY	O	_	_
annunziato	annunziare	VSP	O	_	_
tante	tanto	DP	O	_	_
precauzioni	precauzione	SP	O	_	_
e	e	C	O	_	_
ordinati	ordinati	SP	O	_	_
tanti	tanto	DP	O	_	_
arresti	arresto	SP	O	_	_
,	comma	XPW	O	_	_
non	non	B	O	_	_
disponesse	disporre	VI	O	_	_
di	di	E	O	_	_
un	uno	RS	O	_	_
solo	solo	AS	O	_	_
drappello	drappello	SS	O	_	_
da	da	E	O	_	_
opporre	opporre	VF	O	_	_
ai	a/det	EP	O	_	_
300	300	N	O	_	_
pretoriani	pretoriano	SP	O	_	_
.	.	XPS	O	_	_

Quando	quando	CADV	O	_	_
negli	in/det	EP	O	_	_
ultimi	ultimo	AP	O	_	_
giorni	giorno	SP	O	_	_
fu	essere	VIY	O	_	_
annunziata	annunziare	VSP	O	_	_
una	uno	RS	O	_	_
dimostrazione	dimostrazione	SS	O	_	_
ben	ben	B	O	_	_
più	più	B	O	_	_
numerosa	numeroso	AS	O	_	_
innanzi	innanzi	E	O	_	_
al	a/det	ES	O	_	_
palazzo	palazzo	SS	O	_	_
della	di/det	ES	O	_	_
sublime	sublime	SS	O	_	_
Porta	porta	SPN	O	_	_
,	comma	XPW	O	_	_
bastavano	bastare	VI	O	_	_
pochi	poco	DP	O	_	_
cavalleggeri	cavalleggero	SP	O	_	_
a	a	E	O	_	_
disperdere	disperdere	VF	O	_	_
la	il	RS	O	_	_
folla	folla	SS	O	_	_
;	semicolon	XPS	O	_	_

ieril’	ieril’	VI	O	_	_
altro	altro	PS	O	_	_
,	comma	XPW	O	_	_
invece	invece	C	O	_	_
,	comma	XPW	O	_	_
a	a	E	O	_	_
custodire	custodire	VF	O	_	_
l’	il	RS	O	_	_
ingresso	ingresso	SS	O	_	_
vi	vi	B	O	_	_
erano	essere	VI	O	_	_
sei	sei	N	O	_	_
gendarmi	gendarme	SP	O	_	_
.	.	XPS	O	_	_

Sono	essere	VI	O	_	_
questi	questo	DP	O	_	_
sintomi	sintomo	SP	O	_	_
che	che	CCHE	O	_	_
fanno	fare	VI	O	_	_
credere	credere	VF	O	_	_
all’	a/det	ES	O	_	_
esistenza	esistenza	SS	O	_	_
dell’	di/det	ES	O	_	_
accordo	accordo	SS	O	_	_
.	.	XPS	O	_	_

Comunque	comunque	B	O	_	_
,	comma	XPW	O	_	_
giovani	giovane	SP	O	_	_
o	o	C	O	_	_
vecchi	vecchio	AP	O	_	_
turchi	turco	SP	O	_	_
,	comma	XPW	O	_	_
hanno	avere	VIY	O	_	_
assunto	assumere	VSP	O	_	_
un	uno	RS	O	_	_
atteggiamento	atteggiamento	SS	O	_	_
e	e	C	O	_	_
non	non	B	O	_	_
è	essere	VI	O	_	_
possibile	possibile	AS	O	_	_
permettere	permettere	VF	O	_	_
all’	a/det	ES	O	_	_
arbitrio	arbitrio	SS	O	_	_
di	di	E	O	_	_
qualche	qualche	DS	O	_	_
avventuriero	avventuriero	SS	O	_	_
,	comma	XPW	O	_	_
seguito	seguire	VSP	O	_	_
da	da	E	O	_	_
uno	uno	RS	O	_	_
scarso	scarso	AS	O	_	_
manipolo	manipolo	SS	O	_	_
,	comma	XPW	O	_	_
un	uno	RS	O	_	_
permanente	permanente	SS	O	_	_
attentato	attentare	VSP	O	_	_
alla	a/det	ES	O	_	_
pace	pace	SS	O	_	_
universale	universale	AS	O	_	_
.	.	XPS	O	_	_

Ed	ed	C	O	_	_
è	essere	VI	O	_	_
possibile	possibile	AS	O	_	_
che	che	CCHE	O	_	_
un	uno	RS	O	_	_
fantasma	fantasma	SS	O	_	_
di	di	E	O	_	_
sultano	sultano	SS	O	_	_
,	comma	XPW	O	_	_
alla	a/det	ES	O	_	_
mercè	mercè	SS	O	_	_
di	di	E	O	_	_
pochi	poco	DP	O	_	_
fanatici	fanatico	SP	O	_	_
,	comma	XPW	O	_	_
debba	dovere	VI	O	_	_
mutare	mutare	VF	O	_	_
politica	politico	AS	O	_	_
ogni	ogni	DS	O	_	_
ventiquattrore	ventiquattrore	SS	O	_	_
volendo	volere	VG	O	_	_
o	o	C	O	_	_
disvolendo	disvolere	VG	O	_	_
la	il	RS	O	_	_
pace	pace	SS	O	_	_
o	o	C	O	_	_
la	il	RS	O	_	_
guerra	guerra	SS	O	_	_
con	con	E	O	_	_
vicenda	vicenda	SS	O	_	_
comica	comico	AS	O	_	_
e	e	C	O	_	_
tragica	tragico	AS	O	_	_
insieme	insieme	B	O	_	_
,	comma	XPW	O	_	_
una	uno	RS	O	_	_
pace	pace	SS	O	_	_
o	o	C	O	_	_
una	uno	RS	O	_	_
guerra	guerra	SS	O	_	_
che	che	CCHE	O	_	_
non	non	B	O	_	_
toccano	toccare	VI	O	_	_
soltanto	soltanto	B	O	_	_
gli	il	RP	O	_	_
interessi	interesse	SP	O	_	_
di	di	E	O	_	_
uno	uno	RS	O	_	_
stato	stato	SS	O	_	_
in	in	E	O	_	_
putrefazione	putrefazione	SS	O	_	_
,	comma	XPW	O	_	_
ma	ma	C	O	_	_
gli	il	RP	O	_	_
interessi	interesse	SP	O	_	_
di	di	E	O	_	_
ogni	ogni	DS	O	_	_
nazione	nazione	SS	O	_	_
civile	civile	AS	O	_	_
?	?	XPS	O	_	_

Nelle	in/det	EP	O	_	_
sfere	sfera	SP	O	_	_
politiche	politico	AP	O	_	_
si	rifl	PN	O	_	_
domanda	domandare	VI	O	_	_
l’	il	RS	O	_	_
intervento	intervento	SS	O	_	_
diretto	diretto	AS	O	_	_
delle	di/det	EP	O	_	_
potenze	potenza	SP	O	_	_
,	comma	XPW	O	_	_
inteso	intendere	VSP	O	_	_
ad	ad	E	O	_	_
imporre	imporre	VF	O	_	_
la	il	RS	O	_	_
pace	pace	SS	O	_	_
;	semicolon	XPS	O	_	_

ed	ed	C	O	_	_
è	essere	VI	O	_	_
assurdo	assurdo	AS	O	_	_
pensare	pensare	VF	O	_	_
che	che	CCHE	O	_	_
con	con	E	O	_	_
l’	il	RS	O	_	_
anarchia	anarchia	SS	O	_	_
all’	a/det	ES	O	_	_
interno	interno	SS	O	_	_
,	comma	XPW	O	_	_
la	il	RS	O	_	_
Turchia	turchia	SPN	GPE	38.9597594	34.9249653
possa	potere	VI	O	_	_
resistere	resistere	VF	O	_	_
seriamente	seriamente	B	O	_	_
ad	ad	E	O	_	_
una	uno	RS	O	_	_
nuova	nuovo	AS	O	_	_
guerra	guerra	SS	O	_	_
con	con	E	O	_	_
la	il	RS	O	_	_
quadruplice	quadruplice	SS	O	_	_
.	.	XPS	O	_	_

Se	se	C	O	_	_
il	il	RS	O	_	_
nuovo	nuovo	AS	O	_	_
governo	governo	SS	O	_	_
ottomano	ottomano	AS	O	_	_
volesse	volere	VI	O	_	_
davvero	davvero	B	O	_	_
la	il	RS	O	_	_
guerra	guerra	SS	O	_	_
e	e	C	O	_	_
le	il	RP	O	_	_
potenze	potenza	SP	O	_	_
gli	gli	PS	O	_	_
dessero	dare	VI	O	_	_
il	il	RS	O	_	_
tempo	tempo	SS	O	_	_
di	di	E	O	_	_
ricominciare	ricominciare	VF	O	_	_
le	il	RP	O	_	_
ostilità	ostilità	SN	O	_	_
,	comma	XPW	O	_	_
il	il	RS	O	_	_
disastro	disastro	SS	O	_	_
per	per	E	O	_	_
l’	il	RS	O	_	_
impero	impero	SS	O	_	_
sarebbe	essere	VI	O	_	_
immane	immane	AP	O	_	_
;	semicolon	XPS	O	_	_

ma	ma	C	O	_	_
intanto	intanto	B	O	_	_
aumenterebbero	aumentare	VI	O	_	_
le	il	RP	O	_	_
difficoltà	difficoltà	SN	O	_	_
per	per	E	O	_	_
instaurare	instaurare	VF	O	_	_
l’	il	RS	O	_	_
ordine	ordine	SS	O	_	_
.	.	XPS	O	_	_

E	e	C	O	_	_
si	rifl	PN	O	_	_
dice	dire	VI	O	_	_
che	che	CCHE	O	_	_
occorra	occorrere	VI	O	_	_
far	fare	VF	O	_	_
presto	presto	B	O	_	_
,	comma	XPW	O	_	_
perché	perché	C	O	_	_
la	il	RS	O	_	_
Russia	russia	SPN	GPE	64.6863136	97.7453061
è	essere	VI	O	_	_
pronta	pronto	AS	O	_	_
ad	ad	E	O	_	_
inviare	inviare	VF	O	_	_
le	il	RP	O	_	_
sue	suo	DP	O	_	_
navi	nave	SP	O	_	_
nelle	in/det	EP	O	_	_
acque	acqua	SP	O	_	_
di	di	E	O	_	_
Costantinopoli	costantinopoli	SPN	GPE	41.016667	28.966667
.	.	XPS	O	_	_

Se	se	C	O	_	_
l’	il	RS	O	_	_
Europa	europa	SPN	GPE	51.0000003	9.9999997
avesse	avere	VI	O	_	_
un	uno	RS	O	_	_
po’	po’	PN	O	_	_
di	di	E	O	_	_
buon	buon	AS	O	_	_
senso	senso	SS	O	_	_
e	e	C	O	_	_
di	di	E	O	_	_
dignità	dignità	SN	O	_	_
,	comma	XPW	O	_	_
saprebbe	sapere	VI	O	_	_
,	comma	XPW	O	_	_
senz’	senz'	E	O	_	_
altro	altro	DS	O	_	_
ciò	ciò`	PS	O	_	_
che	che	CCHE	O	_	_
le	le	PS	O	_	_
resta	restare	VI	O	_	_
da	da	E	O	_	_
fare	fare	VF	O	_	_
.	.	XPS	O	_	_

E	e	C	O	_	_
sarebbe	essere	VI	O	_	_
semplicissimo	semplice	AS	O	_	_
:	:	XPS	O	_	_
sbarcare	sbarcare	VF	O	_	_
qualche	qualche	DS	O	_	_
centinaio	centinaio	SS	O	_	_
di	di	E	O	_	_
marinai	marinaio	SP	O	_	_
dagli	da/det	EP	O	_	_
stazionarii	stazionarii	SP	O	_	_
ancorati	ancorare	VPP	O	_	_
nel	in/det	ES	O	_	_
Corno	corno	SS	O	_	_
d’	di	E	O	_	_
oro	oro	SS	O	_	_
;	semicolon	XPS	O	_	_

smorzare	smorzare	VF	O	_	_
gli	il	RP	O	_	_
ardori	ardore	SP	O	_	_
bellicosi	bellicoso	AP	O	_	_
della	di/det	ES	O	_	_
pseudo	pseudo	AS	O	_	_
rivoluzione	rivoluzione	SS	O	_	_
,	comma	XPW	O	_	_
presentare	presentare	VF	O	_	_
a	a	E	O	_	_
S.	s.	YA	O	_	_
M.	m.	YA	O	_	_
il	il	RS	O	_	_
Sultano	sultano	SPN	O	_	_
un	uno	RS	O	_	_
pezzo	pezzo	SS	O	_	_
di	di	E	O	_	_
carta	carta	SS	O	_	_
da	da	E	O	_	_
firmare	firmare	VF	O	_	_
.	.	XPS	O	_	_

E	e	C	O	_	_
sarebbe	essere	VIY	O	_	_
tutto	tutto	PS	O	_	_
:	:	XPS	O	_	_
si	rifl	PN	O	_	_
può	potere	VI	O	_	_
star	stare	VF	O	_	_
certi	certo	DP	O	_	_
che	che	CCHE	O	_	_
il	il	RS	O	_	_
Gran	grande	SPN	O	_	_
turco	turco	AS	O	_	_
non	non	B	O	_	_
ardirebbe	ardire	VI	O	_	_
batter	battere	VF	O	_	_
ciglio	ciglio	SS	O	_	_
.	.	XPS	O	_	_

Ma	ma	C	O	_	_
l’	il	RS	O	_	_
Europa	europa	SPN	GPE	51.0000003	9.9999997
di	di	E	O	_	_
queste	questo	PP	O	_	_
prove	prova	SP	O	_	_
di	di	E	O	_	_
energia	energia	SS	O	_	_
non	non	B	O	_	_
sa	sapere	VI	O	_	_
darne	dare/part	VF+E	O	_	_
.	.	XPS	O	_	_

E	e	C	O	_	_
il	il	RS	O	_	_
Turco	turco	SPN	O	_	_
,	comma	XPW	O	_	_
che	che	CCHE	O	_	_
la	la	PS	O	_	_
conosce	conoscere	VI	O	_	_
per	per	E	O	_	_
lunga	lungo	AS	O	_	_
esperienza	esperienza	SS	O	_	_
,	comma	XPW	O	_	_
col	con/det	ES	O	_	_
suo	suo	DS	O	_	_
miglior	miglior	AS	O	_	_
sorriso	sorriso	SS	O	_	_
di	di	E	O	_	_
perfetto	perfetto	SS	O	_	_
orientale	orientale	AS	O	_	_
,	comma	XPW	O	_	_
delibera	deliberare	VI	O	_	_
le	il	RP	O	_	_
paci	pace	SP	O	_	_
,	comma	XPW	O	_	_
le	le	PS	O	_	_
butta	buttare	VI	O	_	_
all’	a/det	ES	O	_	_
aria	aria	SS	O	_	_
con	con	E	O	_	_
le	il	RP	O	_	_
rivoluzioni	rivoluzione	SP	O	_	_
,	comma	XPW	O	_	_
e	e	C	O	_	_
se	se	C	O	_	_
la	il	RS	O	_	_
gode	godere	VI	O	_	_
un	uno	RS	O	_	_
mondo	mondo	SS	O	_	_
.	.	XPS	O	_	_
