# total number of persons:3, total number of gpes:13
Vienna	vienna	SPN	GPE	48.2083537	16.3725042
,	comma	XPW	O	_	_
13	13	N	O	_	_
.	.	XPS	O	_	_

Il	il	RS	O	_	_
momento	momento	SS	O	_	_
psicologico	psicologico	AS	O	_	_
venne	venire	VIY	O	_	_
scelto	scegliere	VSP	O	_	_
bene	bene	B	O	_	_
.	.	XPS	O	_	_

La	il	RS	O	_	_
commissione	commissione	SS	O	_	_
militare	militare	AS	O	_	_
ha	avere	VIY	O	_	_
votato	votare	VSP	O	_	_
ieri	ieri	B	O	_	_
quasi	quasi	B	O	_	_
ad	ad	E	O	_	_
unanimità	unanimità	SN	O	_	_
le	il	RP	O	_	_
nuove	nuovo	AP	O	_	_
spese	spesa	SP	O	_	_
straordinarie	straordinario	AP	O	_	_
chieste	chiedere	VPP	O	_	_
per	per	E	O	_	_
l’	il	RS	O	_	_
esercito	esercito	SS	O	_	_
e	e	C	O	_	_
per	per	E	O	_	_
la	il	RS	O	_	_
marina	marina	SS	O	_	_
.	.	XPS	O	_	_

I	il	RP	O	_	_
delegati	delegato	SP	O	_	_
espressero	esprimere	VI	O	_	_
qua	qua	B	O	_	_
e	e	C	O	_	_
là	là	B	O	_	_
le	il	RP	O	_	_
loro	loro	DP	O	_	_
apprensioni	apprensione	SP	O	_	_
e	e	C	O	_	_
mostrarono	mostrare	VI	O	_	_
dapprincipio	dapprincipio	SS	O	_	_
una	uno	RS	O	_	_
certa	certo	AS	O	_	_
renitenza	renitenza	SS	O	_	_
.	.	XPS	O	_	_

Ma	ma	C	O	_	_
di	di	E	O	_	_
fronte	fronte	SS	O	_	_
alla	a/det	ES	O	_	_
misteriosa	misterioso	AS	O	_	_
fisionomia	fisionomia	SS	O	_	_
del	di/det	ES	O	_	_
conte	conte	SS	O	_	_
Berchtold	berchtold	SPN	PER	_	_
che	che	CCHE	O	_	_
accennava	accennare	VI	O	_	_
vagamente	vagamente	B	O	_	_
alle	a/det	EP	O	_	_
probabilità	probabilità	SN	O	_	_
dell’	di/det	ES	O	_	_
avvenire	avvenire	SS	O	_	_
e	e	C	O	_	_
più	più	B	O	_	_
ancora	ancora	B	O	_	_
alle	a/det	EP	O	_	_
energiche	energico	AP	O	_	_
dichiarazioni	dichiarazione	SP	O	_	_
del	di/det	ES	O	_	_
ministro	ministro	SS	O	_	_
Auffenberg	auffenberg	SPN	PER	_	_
e	e	C	O	_	_
del	di/det	ES	O	_	_
conte	conte	SS	O	_	_
Montecuccoli	montecuccoli	SPN	O	_	_
,	comma	XPW	O	_	_
i	il	RP	O	_	_
quali	quale	PP	O	_	_
con	con	E	O	_	_
gesto	gesto	SS	O	_	_
deciso	decidere	VSP	O	_	_
si	rifl	PN	O	_	_
rifiutarono	rifiutare	VI	O	_	_
di	di	E	O	_	_
assumere	assumere	VF	O	_	_
qualunque	qualunque	DS	O	_	_
responsabilità	responsabilità	SN	O	_	_
in	in	E	O	_	_
caso	caso	SS	O	_	_
di	di	E	O	_	_
voto	voto	SS	O	_	_
negativo	negativo	AS	O	_	_
,	comma	XPW	O	_	_
non	non	B	O	_	_
rimasero	rimanere	VI	O	_	_
all’	a/det	ES	O	_	_
opposizione	opposizione	SS	O	_	_
che	che	CCHE	O	_	_
i	il	RP	O	_	_
delegati	delegato	SP	O	_	_
socialisti	socialista	AP	O	_	_
,	comma	XPW	O	_	_
e	e	C	O	_	_
questi	questo	DP	O	_	_
stessi	stessi	SP	O	_	_
si	rifl	PN	O	_	_
limitarono	limitare	VI	O	_	_
ad	ad	E	O	_	_
una	uno	RS	O	_	_
breve	breve	AS	O	_	_
affermazione	affermazione	SS	O	_	_
del	di/det	ES	O	_	_
loro	loro	DP	O	_	_
principio	principio	SS	O	_	_
presentendo	presentare	VG	O	_	_
che	che	CCHE	O	_	_
un’	uno	RS	O	_	_
opposizione	opposizione	SS	O	_	_
più	più	B	O	_	_
energica	energico	AS	O	_	_
mancava	mancare	VI	O	_	_
in	in	E	O	_	_
questo	questo	DS	O	_	_
momento	momento	SS	O	_	_
di	di	E	O	_	_
base	base	SS	O	_	_
favorevole	favorevole	AS	O	_	_
.	.	XPS	O	_	_

Domani	domani	B	O	_	_
la	il	RS	O	_	_
delegazione	delegazione	SS	O	_	_
si	rifl	PN	O	_	_
occuperà	occupare	VI	O	_	_
del	di/det	ES	O	_	_
bilancio	bilancio	SS	O	_	_
militare	militare	AS	O	_	_
in	in	E	O	_	_
seduta	seduta	SS	O	_	_
plenaria	plenario	AS	O	_	_
.	.	XPS	O	_	_

È	essere	VI	O	_	_
facile	facile	AS	O	_	_
prevedere	prevedere	VF	O	_	_
che	che	CCHE	O	_	_
le	il	RP	O	_	_
conclusioni	conclusione	SP	O	_	_
assomiglieranno	assomigliare	VI	O	_	_
molto	molto	B	O	_	_
a	a	E	O	_	_
quelle	quello	PP	O	_	_
della	di/det	ES	O	_	_
commissione	commissione	SS	O	_	_
.	.	XPS	O	_	_

Così	così	B	O	_	_
l’	il	RS	O	_	_
Austria	austria	SPN	GPE	47.2000338	13.199959
che	che	CCHE	O	_	_
da	da	E	O	_	_
quattro	quattro	N	O	_	_
anni	anno	SP	O	_	_
tira	tirare	VI	O	_	_
avanti	avanti	B	O	_	_
stentatamente	stentatamente	B	O	_	_
con	con	E	O	_	_
un	uno	RS	O	_	_
bilancio	bilancio	SS	O	_	_
magrissimo	magro	AS	O	_	_
e	e	C	O	_	_
con	con	E	O	_	_
un	uno	RS	O	_	_
pareggio	pareggio	SS	O	_	_
più	più	B	O	_	_
che	che	CCHE	O	_	_
apparente	apparente	AS	O	_	_
,	comma	XPW	O	_	_
dovrà	dovere	VI	O	_	_
assumere	assumere	VF	O	_	_
nei	in/det	EP	O	_	_
prossimi	prossimo	AP	O	_	_
giorni	giorno	SP	O	_	_
un	uno	RS	O	_	_
nuovo	nuovo	AS	O	_	_
prestito	prestito	SS	O	_	_
,	comma	XPW	O	_	_
aggravando	aggravare	VG	O	_	_
ancora	ancora	C	O	_	_
più	più	B	O	_	_
la	il	RS	O	_	_
posizione	posizione	SS	O	_	_
già	già	B	O	_	_
oberata	oberare	VSP	O	_	_
del	di/det	ES	O	_	_
fisco	fisco	SS	O	_	_
pubblico	pubblico	AS	O	_	_
.	.	XPS	O	_	_

I	il	RP	O	_	_
delegati	delegato	SP	O	_	_
hanno	avere	VIY	O	_	_
dapprima	dapprima	B	O	_	_
nutrito	nutrire	VSP	O	_	_
il	il	RS	O	_	_
timore	timore	SS	O	_	_
che	che	CCHE	O	_	_
i	il	RP	O	_	_
52	52	N	O	_	_
milioni	milione	SP	O	_	_
circa	circa	B	O	_	_
di	di	E	O	_	_
spese	spesa	SP	O	_	_
in	in	E	O	_	_
più	più	B	O	_	_
per	per	E	O	_	_
il	il	RS	O	_	_
1912	1912	N	O	_	_
e	e	C	O	_	_
il	il	RS	O	_	_
1913	1913	N	O	_	_
(	open_parenthesis	XPB	O	_	_
quota	quota	SS	O	_	_
austriaca	austriaco	AS	O	_	_
)	close_parenthesis	XPB	O	_	_
venissero	venire	VIY	O	_	_
tolti	togliere	VPP	O	_	_
dal	da/det	ES	O	_	_
bilancio	bilancio	SS	O	_	_
ordinario	ordinario	AS	O	_	_
facendo	fare	VG	O	_	_
dei	di/det	EP	O	_	_
tagli	taglio	SP	O	_	_
nel	in/det	ES	O	_	_
preliminare	preliminare	VF	O	_	_
già	già	B	O	_	_
pronto	pronto	AS	O	_	_
.	.	XPS	O	_	_

Spinti	spinti	SP	O	_	_
da	da	E	O	_	_
questa	questo	DS	O	_	_
paura	paura	SS	O	_	_
e	e	C	O	_	_
persuasi	persuasi	SP	O	_	_
oramai	oramai	B	O	_	_
che	che	CCHE	O	_	_
le	il	RP	O	_	_
spese	spesa	SP	O	_	_
dovevano	dovere	VI	O	_	_
esere	esere	VF	O	_	_
votate	votare	VPP	O	_	_
,	comma	XPW	O	_	_
ognuno	ognuno	PS	O	_	_
badò	badare	VI	O	_	_
a	a	E	O	_	_
premunirsi	premunire/rifl	VF+E	O	_	_
per	per	E	O	_	_
conto	conto	SS	O	_	_
proprio	proprio	B	O	_	_
.	.	XPS	O	_	_

I	il	RP	O	_	_
polacchi	polacco	SP	O	_	_
posero	porre	VI	O	_	_
la	il	RS	O	_	_
condizione	condizione	SS	O	_	_
che	che	CCHE	O	_	_
non	non	B	O	_	_
si	rifl	PN	O	_	_
ritardasse	ritardare	VI	O	_	_
la	il	RS	O	_	_
costruzione	costruzione	SS	O	_	_
dei	di/det	EP	O	_	_
canali	canale	SP	O	_	_
,	comma	XPW	O	_	_
i	il	RP	O	_	_
deputati	deputato	SP	O	_	_
delle	di/det	EP	O	_	_
Alpi	alpi	SPN	O	_	_
che	che	CCHE	O	_	_
non	non	B	O	_	_
venisse	venire	VIY	O	_	_
procrastinata	procrastinare	VSP	O	_	_
ancora	ancora	B	O	_	_
la	il	RS	O	_	_
presentazione	presentazione	SS	O	_	_
della	di/det	ES	O	_	_
legge	legge	SS	O	_	_
ferroviaria	ferroviario	AS	O	_	_
.	.	XPS	O	_	_

Gli	il	RP	O	_	_
Slavi	slavo	SP	O	_	_
del	di/det	ES	O	_	_
sud	sud	SN	O	_	_
che	che	CCHE	O	_	_
non	non	B	O	_	_
si	rifl	PN	O	_	_
rallentassero	rallentare	VI	O	_	_
i	il	RP	O	_	_
lavori	lavoro	SP	O	_	_
di	di	E	O	_	_
costruzioni	costruzione	SP	O	_	_
idrauliche	idraulico	AP	O	_	_
.	.	XPS	O	_	_

Il	il	RS	O	_	_
conte	conte	SS	O	_	_
Stürgkh	stürgkh	SPN	PER	_	_
s’	s’	PN	O	_	_
affrettò	affrettare	VI	O	_	_
a	a	E	O	_	_
calmare	calmare	VF	O	_	_
gli	il	RP	O	_	_
animi	animo	SP	O	_	_
con	con	E	O	_	_
una	uno	RS	O	_	_
dichiarazione	dichiarazione	SS	O	_	_
esplicita	esplicito	AS	O	_	_
che	che	CCHE	O	_	_
tutto	tutto	PS	O	_	_
rimarrebbe	rimanere	VI	O	_	_
come	come	CADV	O	_	_
nulla	nulla	PS	O	_	_
fosse	essere	VIY	O	_	_
intervenuto	intervenire	VSP	O	_	_
a	a	E	O	_	_
prendere	prendere	VF	O	_	_
il	il	RS	O	_	_
preventivo	preventivo	SS	O	_	_
dell’	di/det	ES	O	_	_
amministrazione	amministrazione	SS	O	_	_
pubblica	pubblico	AS	O	_	_
.	.	XPS	O	_	_

E	e	C	O	_	_
il	il	RS	O	_	_
Ministero	ministero	SS	O	_	_
delle	di/det	EP	O	_	_
finanze	finanza	SP	O	_	_
aggiunse	aggiungere	VI	O	_	_
nella	in/det	ES	O	_	_
forma	forma	SS	O	_	_
più	più	B	O	_	_
precisa	preciso	AS	O	_	_
che	che	CCHE	O	_	_
il	il	RS	O	_	_
bilancio	bilancio	SS	O	_	_
per	per	E	O	_	_
il	il	RS	O	_	_
1912	1912	N	O	_	_
era	essere	VI	O	_	_
già	già	B	O	_	_
bell’	bello	AS	O	_	_
e	e	C	O	_	_
fatto	fare	VSP	O	_	_
,	comma	XPW	O	_	_
che	che	CCHE	O	_	_
le	il	RP	O	_	_
impostazioni	impostazione	SP	O	_	_
previste	prevedere	VPP	O	_	_
vi	vi	B	O	_	_
sarebbero	essere	VI	O	_	_
rimaste	rimaste	SP	O	_	_
per	per	E	O	_	_
intiero	intiero	SS	O	_	_
e	e	C	O	_	_
che	che	CCHE	O	_	_
si	rifl	PN	O	_	_
sarebbe	essere	VIY	O	_	_
limitato	limitare	VSP	O	_	_
ad	ad	E	O	_	_
aggiungere	aggiungere	VF	O	_	_
nel	in/det	ES	O	_	_
passivo	passivo	SS	O	_	_
l’	il	RS	O	_	_
importo	importo	SS	O	_	_
di	di	E	O	_	_
circa	circa	B	O	_	_
2	2	N	O	_	_
milioni	milione	SP	O	_	_
necessari	necessario	AP	O	_	_
per	per	E	O	_	_
pagare	pagare	VF	O	_	_
gl’	il	RP	O	_	_
interessi	interessi	AP	O	_	_
del	di/det	ES	O	_	_
nuovo	nuovo	AS	O	_	_
debito	debito	SS	O	_	_
militare	militare	AS	O	_	_
.	.	XPS	O	_	_

Il	il	RS	O	_	_
bilancio	bilancio	SS	O	_	_
dunque	dunque	C	O	_	_
non	non	B	O	_	_
viene	venire	VIY	O	_	_
ritoccato	ritoccare	VSP	O	_	_
;	semicolon	XPS	O	_	_

ma	ma	C	O	_	_
questa	questo	PS	O	_	_
sarà	essere	VI	O	_	_
purtroppo	purtroppo	B	O	_	_
teoria	teoria	AS	O	_	_
.	.	XPS	O	_	_

Nella	in/det	ES	O	_	_
realtà	realtà	SN	O	_	_
,	comma	XPW	O	_	_
se	se	C	O	_	_
il	il	RS	O	_	_
conflitto	conflitto	SS	O	_	_
balcanico	balcanico	AS	O	_	_
assumerà	assumere	VI	O	_	_
proporzioni	proporzione	SP	O	_	_
gravi	grave	AP	O	_	_
le	il	RP	O	_	_
casse	cassa	SP	O	_	_
dello	di/det	ES	O	_	_
stato	stato	SS	O	_	_
,	comma	XPW	O	_	_
come	come	CADV	O	_	_
già	già	B	O	_	_
nel	in/det	ES	O	_	_
1908	1908	N	O	_	_
verranno	venire	VIY	O	_	_
prese	prendere	VPP	O	_	_
d’	di	E	O	_	_
assalto	assalto	SS	O	_	_
dal	da/det	ES	O	_	_
ministero	ministero	SS	O	_	_
della	di/det	ES	O	_	_
guerra	guerra	SS	O	_	_
e	e	C	O	_	_
si	rifl	PN	O	_	_
ripeteranno	ripetere	VI	O	_	_
quei	quello	DP	O	_	_
ritardi	ritardo	SP	O	_	_
di	di	E	O	_	_
pagamento	pagamento	SS	O	_	_
,	comma	XPW	O	_	_
quelle	quello	PP	O	_	_
rate	rate	VPP	O	_	_
a	a	E	O	_	_
scadenza	scadenza	SS	O	_	_
lontana	lontano	AS	O	_	_
che	che	CCHE	O	_	_
sono	essere	VI	O	_	_
tristemente	tristemente	B	O	_	_
note	noto	AP	O	_	_
anche	anche	C	O	_	_
da	da	E	O	_	_
noi	noi	PP	O	_	_
presso	presso	E	O	_	_
le	il	RP	O	_	_
concorrenze	concorrenza	SP	O	_	_
stradali	stradale	AP	O	_	_
e	e	C	O	_	_
nei	in/det	EP	O	_	_
lavori	lavoro	SP	O	_	_
fatti	fare	VPP	O	_	_
dai	da/det	EP	O	_	_
comuni	comune	SP	O	_	_
coi	con/det	EP	O	_	_
contributi	contributo	SP	O	_	_
dello	di/det	ES	O	_	_
stato	stato	SS	O	_	_
.	.	XPS	O	_	_

Del	di/det	ES	O	_	_
resto	resto	SS	O	_	_
è	essere	VI	O	_	_
vero	vero	AS	O	_	_
che	che	CCHE	O	_	_
il	il	RS	O	_	_
nuovo	nuovo	AS	O	_	_
debito	debito	SS	O	_	_
difficilmente	difficilmente	B	O	_	_
può	potere	VI	O	_	_
peggiorare	peggiorare	VF	O	_	_
ancora	ancora	B	O	_	_
in	in	E	O	_	_
uno	uno	RS	O	_	_
stato	stato	SS	O	_	_
di	di	E	O	_	_
cose	cosa	SP	O	_	_
che	che	CCHE	O	_	_
è	essere	VIY	O	_	_
presso	presso	E	O	_	_
la	il	RS	O	_	_
bancarotta	bancarotta	SS	O	_	_
.	.	XPS	O	_	_

L’	il	RS	O	_	_
Austria	austria	SPN	GPE	47.2000338	13.199959
,	comma	XPW	O	_	_
appena	appena	B	O	_	_
uscita	uscire	VSP	O	_	_
dalla	da/det	ES	O	_	_
crisi	crisi	SN	O	_	_
dell’	di/det	ES	O	_	_
annessione	annessione	SS	O	_	_
e	e	C	O	_	_
arrestata	arrestare	VSP	O	_	_
nei	in/det	EP	O	_	_
suoi	suo	DP	O	_	_
progressi	progresso	SP	O	_	_
economici	economico	AP	O	_	_
dalla	da/det	ES	O	_	_
stasi	stasi	SS	O	_	_
parlamentare	parlamentare	AS	O	_	_
,	comma	XPW	O	_	_
è	essere	VIY	O	_	_
colta	cogliere	VSP	O	_	_
dalla	da/det	ES	O	_	_
guerra	guerra	SS	O	_	_
balcanica	balcanico	AS	O	_	_
in	in	E	O	_	_
un	uno	RS	O	_	_
momento	momento	SS	O	_	_
finanziario	finanziario	AS	O	_	_
molto	molto	B	O	_	_
critico	critico	AS	O	_	_
.	.	XPS	O	_	_

Malgrado	malgrado	E	O	_	_
tutti	tutto	DP	O	_	_
i	il	RP	O	_	_
puntelli	puntello	SP	O	_	_
ufficiali	ufficiale	AP	O	_	_
e	e	C	O	_	_
ufficiosi	ufficiosi	VG+E	O	_	_
la	il	RS	O	_	_
rendita	rendita	SS	O	_	_
discende	discendere	VI	O	_	_
sempre	sempre	B	O	_	_
e	e	C	O	_	_
colla	con/det	ES	O	_	_
rendita	rendita	AS	O	_	_
notano	notano	SS	O	_	_
perdite	perdita	SP	O	_	_
considerevoli	considerevole	AP	O	_	_
tutti	tutto	DP	O	_	_
i	il	RP	O	_	_
valori	valore	SP	O	_	_
pubblici	pubblico	AP	O	_	_
ed	ed	C	O	_	_
il	il	RS	O	_	_
titolo	titolo	SS	O	_	_
delle	di/det	EP	O	_	_
grandi	grande	AP	O	_	_
compagnie	compagnia	SP	O	_	_
.	.	XPS	O	_	_

Ieri	ieri	B	O	_	_
la	il	RS	O	_	_
Borsa	borsa	SS	O	_	_
era	essere	VIY	O	_	_
dominata	dominare	VSP	O	_	_
da	da	E	O	_	_
un	uno	RS	O	_	_
panico	panico	SS	O	_	_
generale	generale	AS	O	_	_
.	.	XPS	O	_	_

Vero	vero	AS	O	_	_
che	che	CCHE	O	_	_
condizioni	condizione	SP	O	_	_
simili	simile	AP	O	_	_
si	rifl	PN	O	_	_
sono	essere	VIY	O	_	_
verificate	verificare	VPP	O	_	_
a	a	E	O	_	_
Berlino	berlino	SPN	GPE	52.5170365	13.3888599
,	comma	XPW	O	_	_
a	a	E	O	_	_
Londra	londra	SPN	GPE	51.5073219	-0.1276474
,	comma	XPW	O	_	_
a	a	E	O	_	_
Parigi	parigi	SPN	GPE	48.8565056	2.3521334
e	e	C	O	_	_
in	in	E	O	_	_
parte	parte	SS	O	_	_
anche	anche	C	O	_	_
a	a	E	O	_	_
Milano	milano	SPN	GPE	45.466797	9.1905368
,	comma	XPW	O	_	_
ma	ma	C	O	_	_
qui	qui	B	O	_	_
il	il	RS	O	_	_
fenomeno	fenomeno	SS	O	_	_
è	essere	VI	O	_	_
più	più	B	O	_	_
profondo	profondo	AS	O	_	_
di	di	E	O	_	_
un’	uno	RS	O	_	_
oscillazione	oscillazione	SS	O	_	_
momentanea	momentaneo	AS	O	_	_
solita	solito	AS	O	_	_
ad	ad	E	O	_	_
intervenire	intervenire	VF	O	_	_
alla	a/det	ES	O	_	_
viglia	viglia	SS	O	_	_
di	di	E	O	_	_
una	uno	RS	O	_	_
guerra	guerra	SS	O	_	_
.	.	XPS	O	_	_

Vienna	vienna	SPN	GPE	48.2083537	16.3725042
è	essere	VI	O	_	_
il	il	RS	O	_	_
grande	grande	AS	O	_	_
emporio	emporio	SS	O	_	_
dell’	di/det	ES	O	_	_
oriente	oriente	SS	O	_	_
e	e	C	O	_	_
degli	di/det	EP	O	_	_
stati	stato	SP	O	_	_
balcanici	balcanico	AP	O	_	_
.	.	XPS	O	_	_

L’	il	RS	O	_	_
esportazione	esportazione	SS	O	_	_
austriaca	austriaco	AS	O	_	_
negli	in/det	EP	O	_	_
stati	stato	SP	O	_	_
della	di/det	ES	O	_	_
penisola	penisola	SS	O	_	_
varia	varia	AS	O	_	_
dal	da/det	ES	O	_	_
12	12	N	O	_	_
al	a/det	ES	O	_	_
75	75	N	O	_	_
%	%	XPO	O	_	_
(	open_parenthesis	XPB	O	_	_
Montenegro	montenegro	SPN	GPE	43.0285558	19.291739
)	close_parenthesis	XPB	O	_	_
di	di	E	O	_	_
tutta	tutto	DS	O	_	_
la	il	RS	O	_	_
loro	loro	DP	O	_	_
importazione	importazione	SS	O	_	_
.	.	XPS	O	_	_

Molte	molto	DP	O	_	_
industrie	industria	SP	O	_	_
hanno	avere	VI	O	_	_
il	il	RS	O	_	_
loro	loro	DP	O	_	_
sfogo	sfogo	SS	O	_	_
principale	principale	AS	O	_	_
nei	in/det	EP	O	_	_
paesi	paese	SP	O	_	_
agricoli	agricolo	AP	O	_	_
dell’	di/det	ES	O	_	_
Oriente	oriente	SPN	O	_	_
.	.	XPS	O	_	_

Ora	ora	B	O	_	_
laggiù	laggiù	B	O	_	_
non	non	B	O	_	_
si	rifl	PN	O	_	_
fanno	fare	VI	O	_	_
più	più	B	O	_	_
commissioni	commissione	SP	O	_	_
,	comma	XPW	O	_	_
e	e	C	O	_	_
quel	quello	DS	O	_	_
ch’	che	CCHE	O	_	_
è	essere	VI	O	_	_
peggio	peggio	B	O	_	_
,	comma	XPW	O	_	_
non	non	B	O	_	_
si	rifl	PN	O	_	_
paga	pagare	VI	O	_	_
,	comma	XPW	O	_	_
perché	perché	C	O	_	_
i	il	RP	O	_	_
rispettivi	rispettivo	AP	O	_	_
governi	governo	SP	O	_	_
hanno	avere	VIY	O	_	_
proclamato	proclamare	VSP	O	_	_
le	il	RP	O	_	_
moratorie	moratoria	SP	O	_	_
per	per	E	O	_	_
i	il	RP	O	_	_
debitori	debitore	SP	O	_	_
.	.	XPS	O	_	_

Così	così	B	O	_	_
mentre	mentre	C	O	_	_
l’	il	RS	O	_	_
Austria	austria	SPN	GPE	47.2000338	13.199959
-	-	XPO	O	_	_
Ungheria	ungheria	SPN	GPE	47.1817585	19.5060937
deve	dovere	VI	O	_	_
pagare	pagare	VF	O	_	_
le	il	RP	O	_	_
merci	merce	SP	O	_	_
importate	importare	VPP	O	_	_
,	comma	XPW	O	_	_
è	essere	VI	O	_	_
costretta	costretto	AS	O	_	_
da	da	E	O	_	_
leggi	leggio	SP	O	_	_
straordinarie	straordinario	AP	O	_	_
estere	estero	AP	O	_	_
ad	ad	E	O	_	_
accontentarsi	accontentare/rifl	VF+E	O	_	_
di	di	E	O	_	_
cambiali	cambiale	SP	O	_	_
per	per	E	O	_	_
la	il	RS	O	_	_
sua	suo	DS	O	_	_
esportazione	esportazione	SS	O	_	_
.	.	XPS	O	_	_

Ma	ma	C	O	_	_
che	che	CCHE	O	_	_
vale	valere	VI	O	_	_
la	il	RS	O	_	_
carta	carta	SS	O	_	_
in	in	E	O	_	_
tempo	tempo	SS	O	_	_
di	di	E	O	_	_
guerra	guerra	SS	O	_	_
,	comma	XPW	O	_	_
specialmente	specialmente	B	O	_	_
se	se	C	O	_	_
i	il	RP	O	_	_
belligeranti	belligerante	SP	O	_	_
sono	essere	VI	O	_	_
gli	il	RP	O	_	_
staterelli	staterelli	SP	O	_	_
balcanici	balcanico	AP	O	_	_
e	e	C	O	_	_
quando	quando	CADV	O	_	_
è	essere	VI	O	_	_
impossibile	impossibile	AS	O	_	_
prevedere	prevedere	VF	O	_	_
con	con	E	O	_	_
qualche	qualche	DS	O	_	_
probabilità	probabilità	SN	O	_	_
l’	il	RS	O	_	_
esito	esito	SS	O	_	_
finale	finale	AS	O	_	_
?	?	XPS	O	_	_

Ad	ad	E	O	_	_
accrescere	accrescere	VF	O	_	_
il	il	RS	O	_	_
panico	panico	SS	O	_	_
generale	generale	AS	O	_	_
scoppiò	scoppiare	VI	O	_	_
ieri	ieri	B	O	_	_
l’	il	RS	O	_	_
altro	altro	PS	O	_	_
sera	sera	SS	O	_	_
la	il	RS	O	_	_
bomba	bomba	SS	O	_	_
dell’	di/det	ES	O	_	_
imminente	imminente	AS	O	_	_
rottura	rottura	SS	O	_	_
delle	di/det	EP	O	_	_
trattative	trattativa	SP	O	_	_
d’	di	E	O	_	_
Ouchy	ouchy	SPN	O	_	_
.	.	XPS	O	_	_

Ma	ma	C	O	_	_
questa	questo	DS	O	_	_
era	essere	VI	O	_	_
la	il	RS	O	_	_
catastrofe	catastrofe	SS	O	_	_
,	comma	XPW	O	_	_
bisognava	bisognare	VI	O	_	_
scongiurarla	scongiurare/pro	VF+E	O	_	_
ad	ad	E	O	_	_
ogni	ogni	DS	O	_	_
costo	costo	SS	O	_	_
;	semicolon	XPS	O	_	_

e	e	C	O	_	_
così	così	B	O	_	_
avete	avere	VIY	O	_	_
visto	vedere	VSP	O	_	_
i	il	RP	O	_	_
giornali	giornale	SP	O	_	_
viennesi	viennese	AP	O	_	_
raccomandare	raccomandare	VF	O	_	_
ieri	ieri	B	O	_	_
mattina	mattina	SS	O	_	_
con	con	E	O	_	_
tutta	tutto	DS	O	_	_
energia	energia	SS	O	_	_
la	il	RS	O	_	_
remissività	remissività	SN	O	_	_
non	non	B	O	_	_
più	più	B	O	_	_
all’	a/det	ES	O	_	_
Italia	italia	SPN	GPE	42.6384261	12.674297
,	comma	XPW	O	_	_
ma	ma	C	O	_	_
alla	a/det	ES	O	_	_
Turchia	turchia	SPN	GPE	38.9597594	34.9249653
.	.	XPS	O	_	_

.	.	XPS	O	_	_

.	.	XPS	O	_	_

"!"	esclamation_mark	XPS	O	_	_

"!"	esclamation_mark	XPS	O	_	_

Le	il	RP	O	_	_
ulteriori	ulteriore	AP	O	_	_
notizie	notizia	SP	O	_	_
,	comma	XPW	O	_	_
le	il	RP	O	_	_
quali	quale	PP	O	_	_
davano	dare	VI	O	_	_
meno	meno	B	O	_	_
certa	certo	AS	O	_	_
la	il	RS	O	_	_
rottura	rottura	SS	O	_	_
delle	di/det	EP	O	_	_
trattative	trattativa	SP	O	_	_
,	comma	XPW	O	_	_
non	non	B	O	_	_
poterono	potere	VI	O	_	_
più	più	B	O	_	_
arrestare	arrestare	VF	O	_	_
il	il	RS	O	_	_
ribasso	ribasso	SS	O	_	_
della	di/det	ES	O	_	_
Borsa	borsa	SS	O	_	_
,	comma	XPW	O	_	_
che	che	CCHE	O	_	_
in	in	E	O	_	_
questi	questo	DP	O	_	_
giorni	giorno	SP	O	_	_
distrugge	distruggere	VI	O	_	_
molte	molto	DP	O	_	_
esistenze	esistenza	SP	O	_	_
e	e	C	O	_	_
cancella	cancellare	VI	O	_	_
ad	ad	E	O	_	_
un	uno	RS	O	_	_
tratto	tratto	SS	O	_	_
patrimoni	patrimonio	SP	O	_	_
che	che	CCHE	O	_	_
sembrano	sembrare	VI	O	_	_
solidissimi	solido	AP	O	_	_
.	.	XPS	O	_	_

Riguardo	riguardo	SS	O	_	_
alla	a/det	ES	O	_	_
Borsa	borsa	SS	O	_	_
si	rifl	PN	O	_	_
potrà	potere	VI	O	_	_
però	però	C	O	_	_
infine	infine	B	O	_	_
consolarsi	consolare/rifl	VF+E	O	_	_
col	con/det	ES	O	_	_
dire	dire	VF	O	_	_
che	che	CCHE	O	_	_
si	rifl	PN	O	_	_
tratta	trattare	VI	O	_	_
di	di	E	O	_	_
speculazione	speculazione	SS	O	_	_
e	e	C	O	_	_
che	che	CCHE	O	_	_
in	in	E	O	_	_
via	via	SS	O	_	_
generale	generale	AS	O	_	_
il	il	RS	O	_	_
reddito	reddito	SS	O	_	_
del	di/det	ES	O	_	_
lavoro	lavoro	SS	O	_	_
non	non	B	O	_	_
viene	venire	VIY	O	_	_
diminuito	diminuire	VSP	O	_	_
.	.	XPS	O	_	_

Ma	ma	C	O	_	_
anche	anche	C	O	_	_
questa	questo	DS	O	_	_
consolazione	consolazione	SS	O	_	_
ha	avere	VIY	O	_	_
fondamento	fondamento	VSP	O	_	_
solo	solo	B	O	_	_
fino	fino	E	O	_	_
a	a	E	O	_	_
un	uno	RS	O	_	_
certo	certo	DS	O	_	_
punto	punto	SS	O	_	_
.	.	XPS	O	_	_

Non	non	B	O	_	_
v’	v’	B	O	_	_
ha	avere	VI	O	_	_
dubbio	dubbio	SS	O	_	_
infatti	infatti	C	O	_	_
che	che	CCHE	O	_	_
il	il	RS	O	_	_
tracollo	tracollo	SS	O	_	_
del	di/det	ES	O	_	_
mercato	mercato	SS	O	_	_
finanziario	finanziario	AS	O	_	_
,	comma	XPW	O	_	_
se	se	C	O	_	_
perdurerà	perdurare	VI	O	_	_
ancora	ancora	B	O	_	_
per	per	E	O	_	_
qualche	qualche	DS	O	_	_
tempo	tempo	SS	O	_	_
,	comma	XPW	O	_	_
sarà	essere	VIY	O	_	_
seguito	seguire	VSP	O	_	_
da	da	E	O	_	_
una	uno	RS	O	_	_
crisi	crisi	SN	O	_	_
commerciale	commerciale	AS	O	_	_
e	e	C	O	_	_
industriale	industriale	AS	O	_	_
ed	ed	C	O	_	_
avrà	avere	VI	O	_	_
per	per	E	O	_	_
contraccolpo	contraccolpo	SS	O	_	_
un	uno	RS	O	_	_
nuovo	nuovo	AS	O	_	_
rincaro	rincaro	SS	O	_	_
dei	di/det	EP	O	_	_
viveri	viveri	SP	O	_	_
.	.	XPS	O	_	_

Quest’	questo	DS	O	_	_
atmosfera	atmosfera	SS	O	_	_
satura	saturare	VI	O	_	_
d’	di	E	O	_	_
elettricità	elettricità	SN	O	_	_
va	andare	VI	O	_	_
diventando	diventare	VG	O	_	_
giorno	giorno	SS	O	_	_
per	per	E	O	_	_
giorno	giorno	SS	O	_	_
sempre	sempre	B	O	_	_
più	più	B	O	_	_
intollerabile	intollerabile	AS	O	_	_
e	e	C	O	_	_
pare	parere	VI	O	_	_
che	che	CCHE	O	_	_
ci	ci	PP	O	_	_
avviamo	avviare	VIY	O	_	_
verso	verso	E	O	_	_
quel	quello	DS	O	_	_
giorno	giorno	SS	O	_	_
,	comma	XPW	O	_	_
in	in	E	O	_	_
cui	cui	PN	O	_	_
,	comma	XPW	O	_	_
anche	anche	C	O	_	_
i	il	RP	O	_	_
migliori	migliore	AP	O	_	_
pacifisti	pacifista	SP	O	_	_
del	di/det	ES	O	_	_
mondo	mondo	SS	O	_	_
preferiscano	preferire	VI	O	_	_
in	in	E	O	_	_
un	uno	RS	O	_	_
momento	momento	SS	O	_	_
di	di	E	O	_	_
legittima	legittimo	AS	O	_	_
impazienza	impazienza	SS	O	_	_
lo	il	RS	O	_	_
scoppio	scoppio	SS	O	_	_
violento	violento	AS	O	_	_
all’	a/det	ES	O	_	_
eterna	eterna	SS	O	_	_
e	e	C	O	_	_
pericolosa	pericoloso	AS	O	_	_
tensione	tensione	SS	O	_	_
.	.	XPS	O	_	_
