# total number of persons:2, total number of gpes:13
Fra	fra	E	O	_	_
i	il	RP	O	_	_
rimproveri	rimprovero	SP	O	_	_
che	che	CCHE	O	_	_
l’	il	RS	O	_	_
Alto	alto	SPN	GPE	46.65596895	11.22964387
Adige	adige	SPN	GPE	46.65596895	11.22964387
era	essere	VIY	O	_	_
solito	solito	VSP	O	_	_
lanciare	lanciare	VF	O	_	_
contro	contro	E	O	_	_
di	di	E	O	_	_
noi	noi	PP	O	_	_
,	comma	XPW	O	_	_
il	il	RS	O	_	_
più	più	B	O	_	_
frequente	frequente	AS	O	_	_
era	essere	VI	O	_	_
la	il	RS	O	_	_
mancanza	mancanza	SS	O	_	_
d’	di	E	O	_	_
amore	amore	SS	O	_	_
al	a/det	ES	O	_	_
nostro	nostro	DS	O	_	_
paese	paese	SS	O	_	_
,	comma	XPW	O	_	_
alla	a/det	ES	O	_	_
nostra	nostro	DS	O	_	_
lingua	lingua	SS	O	_	_
,	comma	XPW	O	_	_
alla	a/det	ES	O	_	_
nostra	nostro	DS	O	_	_
nazione	nazione	SS	O	_	_
.	.	XPS	O	_	_

Il	il	RS	O	_	_
rimprovero	rimprovero	SS	O	_	_
era	essere	VI	O	_	_
privo	privo	AS	O	_	_
di	di	E	O	_	_
fondamento	fondamento	SS	O	_	_
e	e	C	O	_	_
significava	significare	VI	O	_	_
soltanto	soltanto	B	O	_	_
che	che	CCHE	O	_	_
altri	altro	PP	O	_	_
hanno	avere	VI	O	_	_
un	uno	RS	O	_	_
modo	modo	SS	O	_	_
tutto	tutto	DS	O	_	_
proprio	proprio	B	O	_	_
di	di	E	O	_	_
concepire	concepire	VF	O	_	_
la	il	RS	O	_	_
nazione	nazione	SS	O	_	_
e	e	C	O	_	_
la	il	RS	O	_	_
patria	patria	SS	O	_	_
.	.	XPS	O	_	_

La	il	RS	O	_	_
cosa	cosa	SS	O	_	_
non	non	B	O	_	_
è	essere	VI	O	_	_
poi	poi	B	O	_	_
tanto	tanto	B	O	_	_
strana	strano	AS	O	_	_
.	.	XPS	O	_	_

Per	per	E	O	_	_
esempio	esempio	SS	O	_	_
,	comma	XPW	O	_	_
nel	in/det	ES	O	_	_
48	48	N	O	_	_
il	il	RS	O	_	_
deputato	deputato	SS	O	_	_
dipintoci	dipintoci	VG+E	O	_	_
dal	da/det	ES	O	_	_
Giusti	giusti	SPN	PER	_	_
cantava	cantare	VI	O	_	_
:	:	XPS	O	_	_
La	il	RS	O	_	_
patria	patria	SS	O	_	_
è	essere	VI	O	_	_
un	uno	RS	O	_	_
poveretto	poveretto	SS	O	_	_
.	.	XPS	O	_	_

Da	da	E	O	_	_
sfruttare	sfruttare	VF	O	_	_
,	comma	XPW	O	_	_
e	e	C	O	_	_
nient’	nient’	VI	O	_	_
altro	altro	PS	O	_	_
.	.	XPS	O	_	_

Ma	ma	C	O	_	_
intanto	intanto	B	O	_	_
che	che	CCHE	O	_	_
gli	il	RP	O	_	_
avversari	avversario	SP	O	_	_
cianciavano	cianciare	VI	O	_	_
e	e	C	O	_	_
calunniavano	calunniare	VI	O	_	_
,	comma	XPW	O	_	_
i	il	RP	O	_	_
cattolici	cattolico	SP	O	_	_
attendevano	attendere	VI	O	_	_
al	a/det	ES	O	_	_
lavoro	lavoro	SS	O	_	_
,	comma	XPW	O	_	_
organizzandosi	organizzare/rifl	VG+E	O	_	_
in	in	E	O	_	_
un	uno	RS	O	_	_
forte	forte	AS	O	_	_
partito	partito	SS	O	_	_
sociale	sociale	AS	O	_	_
che	che	CCHE	O	_	_
affrancava	affrancare	VI	O	_	_
il	il	RS	O	_	_
popolo	popolo	SS	O	_	_
trentino	trentino	AS	O	_	_
dalla	da/det	ES	O	_	_
miseria	miseria	SS	O	_	_
,	comma	XPW	O	_	_
dallo	da/det	ES	O	_	_
strozzinaggio	strozzinaggio	SS	O	_	_
e	e	C	O	_	_
dalla	da/det	ES	O	_	_
servitù	servitù	SS	O	_	_
economica	economico	AS	O	_	_
,	comma	XPW	O	_	_
ridandogli	ridare/pro	VG+E	O	_	_
in	in	E	O	_	_
pari	pari	AN	O	_	_
tempo	tempo	SS	O	_	_
la	il	RS	O	_	_
libertà	libertà	SN	O	_	_
di	di	E	O	_	_
coscienza	coscienza	SS	O	_	_
e	e	C	O	_	_
la	il	RS	O	_	_
libertà	libertà	SN	O	_	_
di	di	E	O	_	_
politica	politica	SS	O	_	_
.	.	XPS	O	_	_

Però	però	C	O	_	_
non	non	B	O	_	_
basta	bastare	VI	O	_	_
avere	avere	VF	O	_	_
gettata	gettare	VSP	O	_	_
tal	tale	AS	O	_	_
base	base	SS	O	_	_
,	comma	XPW	O	_	_
per	per	E	O	_	_
sviluppare	sviluppare	VF	O	_	_
nel	in/det	ES	O	_	_
campo	campo	SS	O	_	_
politico	politico	AS	O	_	_
tutta	tutto	DS	O	_	_
quella	quello	DS	O	_	_
attività	attività	SN	O	_	_
che	che	CCHE	O	_	_
i	il	RP	O	_	_
tempi	tempo	SP	O	_	_
richiedevano	richiedere	VI	O	_	_
;	semicolon	XPS	O	_	_

era	essere	VI	O	_	_
necessario	necessario	AS	O	_	_
anche	anche	C	O	_	_
qui	qui	B	O	_	_
formare	formare	VF	O	_	_
una	uno	RS	O	_	_
società	società	SN	O	_	_
apposita	apposito	AS	O	_	_
,	comma	XPW	O	_	_
fortemente	fortemente	B	O	_	_
appoggiata	appoggiare	VSP	O	_	_
dalla	da/det	ES	O	_	_
stampa	stampa	SS	O	_	_
.	.	XPS	O	_	_

A	a	E	O	_	_
tale	tale	DS	O	_	_
scopo	scopo	SS	O	_	_
fu	essere	VIY	O	_	_
costituita	costituire	VSP	O	_	_
l’	il	RS	O	_	_
Unione	unione	SS	O	_	_
politica	politico	AS	O	_	_
popolare	popolare	AS	O	_	_
trentina	trentina	SS	O	_	_
e	e	C	O	_	_
La	il	RS	O	_	_
Voce	voce	SPN	O	_	_
Cattolica	cattolica	SPN	O	_	_
,	comma	XPW	O	_	_
ormai	ormai	B	O	_	_
diffusa	diffuso	AS	O	_	_
a	a	E	O	_	_
preferenza	preferenza	SS	O	_	_
di	di	E	O	_	_
ogni	ogni	DS	O	_	_
altro	altro	DS	O	_	_
giornale	giornale	SS	O	_	_
,	comma	XPW	O	_	_
credette	credere	VI	O	_	_
giunto	giungere	VSP	O	_	_
il	il	RS	O	_	_
momento	momento	SS	O	_	_
di	di	E	O	_	_
darsi	dare/rifl	VF+E	O	_	_
con	con	E	O	_	_
speciale	speciale	AS	O	_	_
impegno	impegno	SS	O	_	_
all’	a/det	ES	O	_	_
azione	azione	SS	O	_	_
politica	politico	AS	O	_	_
e	e	C	O	_	_
prendere	prendere	VF	O	_	_
in	in	E	O	_	_
mano	mano	SS	O	_	_
la	il	RS	O	_	_
difesa	difesa	SS	O	_	_
di	di	E	O	_	_
tutti	tutto	DP	O	_	_
gli	il	RP	O	_	_
interessi	interesse	SP	O	_	_
del	di/det	ES	O	_	_
nostro	nostro	DS	O	_	_
paese	paese	SS	O	_	_
,	comma	XPW	O	_	_
di	di	E	O	_	_
cui	cui	PN	O	_	_
assunse	assumere	VI	O	_	_
il	il	RS	O	_	_
nome	nome	SS	O	_	_
,	comma	XPW	O	_	_
intitolandosi	intitolare/rifl	VG+E	O	_	_
Il	il	RS	O	_	_
Trentino	trentino	SPN	GPE	46.102869	11.12961993
.	.	XPS	O	_	_

Apriti	apriti	SP	O	_	_
,	comma	XPW	O	_	_
cielo	cielo	SS	O	_	_
"!"	esclamation_mark	XPS	O	_	_

La	il	RS	O	_	_
curia	curia	SS	O	_	_
liberale	liberale	AS	O	_	_
dominante	dominante	B	O	_	_
ne	ne	PN	O	_	_
andò	andare	VI	O	_	_
in	in	E	O	_	_
furia	furia	SS	O	_	_
,	comma	XPW	O	_	_
e	e	C	O	_	_
l’	il	RS	O	_	_
Alto	alto	SPN	GPE	46.65596895	11.22964387
Adige	adige	SPN	GPE	46.65596895	11.22964387
si	rifl	PN	O	_	_
ostinò	ostinare	VI	O	_	_
a	a	E	O	_	_
non	non	B	O	_	_
voler	volere	VF	O	_	_
dare	dare	VF	O	_	_
al	a/det	ES	O	_	_
nostro	nostro	DS	O	_	_
giornale	giornale	SS	O	_	_
il	il	RS	O	_	_
suo	suo	DS	O	_	_
nome	nome	SS	O	_	_
,	comma	XPW	O	_	_
ma	ma	C	O	_	_
nel	in/det	ES	O	_	_
foglio	foglio	SS	O	_	_
e	e	C	O	_	_
nei	in/det	EP	O	_	_
manifesti	manifesto	SP	O	_	_
continuò	continuare	VI	O	_	_
ostentatamente	ostentatamente	B	O	_	_
a	a	E	O	_	_
disegnarlo	disegnare/pro	VF+E	O	_	_
con	con	E	O	_	_
molto	molto	DS	O	_	_
garbo	garbo	SS	O	_	_
(	open_parenthesis	XPB	O	_	_
La	il	RS	O	_	_
Voce	voce	SPN	O	_	_
Cattolica	cattolica	SPN	O	_	_
)	close_parenthesis	XPB	O	_	_
.	.	XPS	O	_	_

Che	che	CCHE	O	_	_
ne	ne	PN	O	_	_
dite	dire	VI	O	_	_
,	comma	XPW	O	_	_
lettori	lettore	SP	O	_	_
?	?	XPS	O	_	_

Che	che	CCHE	O	_	_
talento	talento	SS	O	_	_
"!"	esclamation_mark	XPS	O	_	_

Che	che	CCHE	O	_	_
correttezza	correttezza	SS	O	_	_
"!"	esclamation_mark	XPS	O	_	_

E	e	C	O	_	_
che	che	CCHE	O	_	_
direbbero	dire	VI	O	_	_
i	il	RP	O	_	_
signori	signore	SP	O	_	_
dell’	di/det	ES	O	_	_
Alto	alto	SPN	GPE	46.65596895	11.22964387
Adige	adige	SPN	GPE	46.65596895	11.22964387
,	comma	XPW	O	_	_
se	se	C	O	_	_
noi	noi	PP	O	_	_
,	comma	XPW	O	_	_
rendendo	rendere	VG	O	_	_
pane	pane	SS	O	_	_
per	per	E	O	_	_
focaccia	focaccia	SS	O	_	_
,	comma	XPW	O	_	_
nominassimo	nominassimo	AS	O	_	_
il	il	RS	O	_	_
loro	loro	DP	O	_	_
foglio	foglio	SS	O	_	_
col	con/det	ES	O	_	_
titolo	titolo	SS	O	_	_
che	che	CCHE	O	_	_
da	da	E	O	_	_
tante	tanto	DP	O	_	_
parti	parte	SP	O	_	_
gli	gli	PS	O	_	_
viene	venire	VIY	O	_	_
appioppato	appioppare	VSP	O	_	_
,	comma	XPW	O	_	_
di	di	E	O	_	_
Alto	alto	SPN	O	_	_
As	as	SPN	O	_	_
.	.	XPS	O	_	_

.	.	XPS	O	_	_

.	.	XPS	O	_	_

?	?	XPS	O	_	_

Ma	ma	C	O	_	_
non	non	B	O	_	_
basta	bastare	VI	O	_	_
.	.	XPS	O	_	_

In	in	E	O	_	_
Tirolo	tirolo	SPN	GPE	47.223193	11.5261028
si	rifl	PN	O	_	_
alza	alzare	VI	O	_	_
un	uno	RS	O	_	_
gran	grande	AS	O	_	_
putiferio	putiferio	SS	O	_	_
per	per	E	O	_	_
il	il	RS	O	_	_
nuovo	nuovo	AS	O	_	_
nome	nome	SS	O	_	_
di	di	E	O	_	_
Trentino	trentino	SPN	GPE	46.102869	11.12961993
,	comma	XPW	O	_	_
e	e	C	O	_	_
periodici	periodico	AP	O	_	_
di	di	E	O	_	_
ogni	ogni	DS	O	_	_
colore	colore	SS	O	_	_
ci	ci	PP	O	_	_
azzannano	azzannare	VI	O	_	_
e	e	C	O	_	_
ci	ci	PP	O	_	_
calunniano	calunniare	VI	O	_	_
come	come	CADV	O	_	_
irredentisti	irredentista	SP	O	_	_
e	e	C	O	_	_
poco	poco	B	O	_	_
meno	meno	B	O	_	_
che	che	CCHE	O	_	_
framassoni	framassoni	SP	O	_	_
,	comma	XPW	O	_	_
né	né	C	O	_	_
risparmiano	risparmiare	VI	O	_	_
le	il	RP	O	_	_
personalità	personalità	SN	O	_	_
.	.	XPS	O	_	_

Pensate	pensare	VI	O	_	_
voi	voi	PP	O	_	_
che	che	CCHE	O	_	_
l’	il	RS	O	_	_
Alto	alto	SPN	GPE	46.65596895	11.22964387
Adige	adige	SPN	GPE	46.65596895	11.22964387
,	comma	XPW	O	_	_
vedendo	vedere	VG	O	_	_
il	il	RS	O	_	_
motivo	motivo	SS	O	_	_
per	per	E	O	_	_
cui	cui	PN	O	_	_
siamo	essere	VIY	O	_	_
attaccati	attaccare	VPP	O	_	_
,	comma	XPW	O	_	_
serbi	serbare	VI	O	_	_
almeno	almeno	B	O	_	_
il	il	RS	O	_	_
silenzio	silenzio	SS	O	_	_
?	?	XPS	O	_	_

No	no	B	O	_	_
;	semicolon	XPS	O	_	_

egli	egli	PS	O	_	_
si	rifl	PN	O	_	_
gode	godere	VI	O	_	_
a	a	E	O	_	_
riportare	riportare	VF	O	_	_
quella	quello	DS	O	_	_
robaccia	robaccia	SS	O	_	_
,	comma	XPW	O	_	_
ed	ed	C	O	_	_
offrirla	offrire/pro	VF+E	O	_	_
in	in	E	O	_	_
pascolo	pascolo	SS	O	_	_
ai	a/det	EP	O	_	_
suoi	suo	DP	O	_	_
amici	amico	SP	O	_	_
,	comma	XPW	O	_	_
tanto	tanto	B	O	_	_
per	per	E	O	_	_
dimostrare	dimostrare	VF	O	_	_
quanto	quanto	C	O	_	_
sia	essere	VI	O	_	_
sincero	sincero	AS	O	_	_
il	il	RS	O	_	_
suo	suo	DS	O	_	_
desiderio	desiderio	SS	O	_	_
che	che	CCHE	O	_	_
tutti	tutto	DP	O	_	_
i	il	RP	O	_	_
partiti	partito	SP	O	_	_
del	di/det	ES	O	_	_
nostro	nostro	DS	O	_	_
paese	paese	SS	O	_	_
veglino	veglino	AS	O	_	_
all’	a/det	ES	O	_	_
integrità	integrità	SN	O	_	_
e	e	C	O	_	_
alla	a/det	ES	O	_	_
difesa	difesa	SS	O	_	_
dello	di/det	ES	O	_	_
stesso	stesso	DS	O	_	_
,	comma	XPW	O	_	_
facendone	fare/part	VG+E	O	_	_
uno	uno	PS	O	_	_
dei	di/det	EP	O	_	_
principali	principale	AP	O	_	_
punti	punto	SP	O	_	_
del	di/det	ES	O	_	_
loro	loro	DP	O	_	_
programma	programma	SS	O	_	_
.	.	XPS	O	_	_

Intanto	intanto	B	O	_	_
il	il	RS	O	_	_
Trentino	trentino	SPN	GPE	46.102869	11.12961993
lancia	lanciare	VI	O	_	_
l’	il	RS	O	_	_
idea	idea	SS	O	_	_
del	di/det	ES	O	_	_
francobollo	francobollo	SS	O	_	_
nazionale	nazionale	AS	O	_	_
,	comma	XPW	O	_	_
che	che	CCHE	O	_	_
per	per	E	O	_	_
conto	conto	SS	O	_	_
dei	di/det	EP	O	_	_
liberali	liberale	SP	O	_	_
dormiva	dormire	VI	O	_	_
il	il	RS	O	_	_
sonno	sonno	SS	O	_	_
dei	di/det	EP	O	_	_
giusti	giusto	SP	O	_	_
e	e	C	O	_	_
aspettava	aspettare	VI	O	_	_
lo	il	RS	O	_	_
squillo	squillo	SS	O	_	_
dell’	di/det	ES	O	_	_
ultima	ultimo	AS	O	_	_
tromba	tromba	SS	O	_	_
.	.	XPS	O	_	_

Ecco	ecco	B	O	_	_
per	per	E	O	_	_
l’	il	RS	O	_	_
Alto	alto	SPN	GPE	46.65596895	11.22964387
Adige	adige	SPN	GPE	46.65596895	11.22964387
un’	uno	RS	O	_	_
altra	altro	DS	O	_	_
occasione	occasione	SS	O	_	_
di	di	E	O	_	_
mostrare	mostrare	VF	O	_	_
i	il	RP	O	_	_
suoi	suo	DP	O	_	_
veri	vero	AP	O	_	_
sentimenti	sentimento	SP	O	_	_
.	.	XPS	O	_	_

Forse	forse	B	O	_	_
egli	egli	PS	O	_	_
si	rifl	PN	O	_	_
rallegra	rallegrare	VI	O	_	_
coi	con/det	EP	O	_	_
cattolici	cattolico	SP	O	_	_
per	per	E	O	_	_
il	il	RS	O	_	_
servizio	servizio	SS	O	_	_
reso	rendere	VSP	O	_	_
alla	a/det	ES	O	_	_
causa	causa	SS	O	_	_
nazionale	nazionale	AS	O	_	_
?	?	XPS	O	_	_

Dio	dio	SS	O	_	_
lo	lo	PS	O	_	_
guardi	guardare	VI	O	_	_
"!"	esclamation_mark	XPS	O	_	_

Prima	prima	C	O	_	_
tace	tacere	VI	O	_	_
,	comma	XPW	O	_	_
poi	poi	B	O	_	_
sprona	spronare	VI	O	_	_
i	il	RP	O	_	_
liberali	liberale	SP	O	_	_
a	a	E	O	_	_
contrapporre	contrapponere	VF	O	_	_
un’	uno	RS	O	_	_
altra	altro	DS	O	_	_
marca	marca	SS	O	_	_
;	semicolon	XPS	O	_	_

proclama	proclamare	VI	O	_	_
il	il	RS	O	_	_
boicottaggio	boicottaggio	SS	O	_	_
del	di/det	ES	O	_	_
francobollo	francobollo	SS	O	_	_
dei	di/det	EP	O	_	_
«	«	XPO	O	_	_
clericali	clericale	AP	O	_	_
»	»	XPO	O	_	_
;	semicolon	XPS	O	_	_

inventa	inventare	VI	O	_	_
un	uno	RS	O	_	_
nuovo	nuovo	AS	O	_	_
codice	codice	SS	O	_	_
,	comma	XPW	O	_	_
alla	a/det	ES	O	_	_
cui	cui	PN	O	_	_
stregua	stregua	VI	O	_	_
un	uno	RS	O	_	_
giornale	giornale	SS	O	_	_
qualsiasi	qualsiasi	DN	O	_	_
assurge	assurgere	VI	O	_	_
alla	a/det	ES	O	_	_
dignità	dignità	SN	O	_	_
di	di	E	O	_	_
ente	ente	SS	O	_	_
giuridico	giuridico	AS	O	_	_
,	comma	XPW	O	_	_
incarnato	incarnare	VSP	O	_	_
nella	in/det	ES	O	_	_
persona	persona	SS	O	_	_
del	di/det	ES	O	_	_
direttore	direttore	SS	O	_	_
e	e	C	O	_	_
nella	in/det	ES	O	_	_
sua	suo	DS	O	_	_
testa	testa	SS	O	_	_
di	di	E	O	_	_
legno	legno	SS	O	_	_
,	comma	XPW	O	_	_
al	a/det	ES	O	_	_
quale	quale	PS	O	_	_
e	e	C	O	_	_
alla	a/det	ES	O	_	_
quale	quale	PS	O	_	_
si	rifl	PN	O	_	_
pretendono	pretendere	VI	O	_	_
personalmente	personalmente	B	O	_	_
attribuiti	attribuire	VPP	O	_	_
gli	il	RP	O	_	_
epiteti	epiteto	SP	O	_	_
onorifici	onorifico	AP	O	_	_
che	che	CCHE	O	_	_
il	il	RS	O	_	_
foglio	foglio	SS	O	_	_
si	rifl	PN	O	_	_
va	andare	VIY	O	_	_
guadagnando	guadagnare	VG	O	_	_
;	semicolon	XPS	O	_	_

insinua	insinuare	VI	O	_	_
che	che	CCHE	O	_	_
furono	essere	VI	O	_	_
«	«	XPO	O	_	_
i	il	RP	O	_	_
clericali	clericale	SP	O	_	_
»	»	XPO	O	_	_
a	a	E	O	_	_
turbare	turbare	VF	O	_	_
un’	uno	RS	O	_	_
impresa	impresa	SS	O	_	_
liberale	liberale	AS	O	_	_
e	e	C	O	_	_
non	non	B	O	_	_
viceversa	viceversa	B	O	_	_
;	semicolon	XPS	O	_	_

si	rifl	PN	O	_	_
atteggia	atteggiare	VI	O	_	_
a	a	E	O	_	_
vittima	vittima	SS	O	_	_
,	comma	XPW	O	_	_
mentre	mentre	C	O	_	_
è	essere	VI	O	_	_
un	uno	RS	O	_	_
pezzo	pezzo	SS	O	_	_
che	che	CCHE	O	_	_
punge	pungere	VI	O	_	_
,	comma	XPW	O	_	_
provoca	provocare	VI	O	_	_
e	e	C	O	_	_
mette	mettere	VI	O	_	_
l’	il	RS	O	_	_
altrui	altrui	SS	O	_	_
pazienza	pazienza	SS	O	_	_
alle	a/det	EP	O	_	_
prove	prova	SP	O	_	_
più	più	B	O	_	_
dure	duro	AP	O	_	_
.	.	XPS	O	_	_

Oh	oh	I	O	_	_
,	comma	XPW	O	_	_
come	come	CADV	O	_	_
spasimano	spasimare	VI	O	_	_
questi	questo	DP	O	_	_
signori	signore	SP	O	_	_
di	di	E	O	_	_
veder	vedere	VF	O	_	_
tutti	tutto	PP	O	_	_
lavorare	lavorare	VF	O	_	_
in	in	E	O	_	_
nobile	nobile	AS	O	_	_
gara	gara	SS	O	_	_
per	per	E	O	_	_
il	il	RS	O	_	_
bene	bene	SS	O	_	_
comune	comune	SS	O	_	_
"!"	esclamation_mark	XPS	O	_	_

Che	che	CCHE	O	_	_
ci	ci	PP	O	_	_
vuole	volere	VI	O	_	_
di	di	E	O	_	_
più	più	B	O	_	_
,	comma	XPW	O	_	_
per	per	E	O	_	_
convincersi	convincere/rifl	VF+E	O	_	_
ch’	che	CCHE	O	_	_
essi	essi	PP	O	_	_
non	non	B	O	_	_
tollerano	tollerare	VI	O	_	_
degli	di/det	EP	O	_	_
emuli	emulo	SP	O	_	_
in	in	E	O	_	_
una	uno	RS	O	_	_
giusta	giusto	AS	O	_	_
lotta	lotta	SS	O	_	_
,	comma	XPW	O	_	_
ma	ma	C	O	_	_
vogliono	volere	VI	O	_	_
gregari	gregario	AP	O	_	_
asserviti	asserviti	SP	O	_	_
al	a/det	ES	O	_	_
loro	loro	DP	O	_	_
dominio	dominio	SS	O	_	_
,	comma	XPW	O	_	_
ciechi	cieco	AP	O	_	_
esecutori	esecutore	SP	O	_	_
della	di/det	ES	O	_	_
loro	loro	DP	O	_	_
volontà	volontà	SN	O	_	_
?	?	XPS	O	_	_

Del	di/det	ES	O	_	_
resto	resto	SS	O	_	_
,	comma	XPW	O	_	_
questa	questo	DS	O	_	_
malattia	malattia	SS	O	_	_
non	non	B	O	_	_
è	essere	VI	O	_	_
nuova	nuovo	AS	O	_	_
.	.	XPS	O	_	_

Usi	uso	SP	O	_	_
a	a	E	O	_	_
pretendere	pretendere	VF	O	_	_
il	il	RS	O	_	_
monopolio	monopolio	SS	O	_	_
del	di/det	ES	O	_	_
patriottismo	patriottismo	SS	O	_	_
e	e	C	O	_	_
della	di/det	ES	O	_	_
nazionalità	nazionalità	SN	O	_	_
,	comma	XPW	O	_	_
usi	usi	VPP	O	_	_
ad	ad	E	O	_	_
imporsi	imporsi	VF+E	O	_	_
e	e	C	O	_	_
spadroneggiare	spadroneggiare	VF	O	_	_
dappertutto	dappertutto	B	O	_	_
,	comma	XPW	O	_	_
i	il	RP	O	_	_
nostri	nostro	DP	O	_	_
avversari	avversario	SP	O	_	_
tendono	tendere	VI	O	_	_
a	a	E	O	_	_
soffocare	soffocare	VF	O	_	_
il	il	RS	O	_	_
partito	partito	SS	O	_	_
popolare	popolare	AS	O	_	_
trentino	trentino	AS	O	_	_
,	comma	XPW	O	_	_
che	che	CCHE	O	_	_
,	comma	XPW	O	_	_
dopo	dopo	B	O	_	_
essersi	essersi	YF	O	_	_
costituito	costituire	VSP	O	_	_
indipendentemente	indipendentemente	B	O	_	_
con	con	E	O	_	_
tante	tanto	DP	O	_	_
lotte	lotta	SP	O	_	_
e	e	C	O	_	_
dopo	dopo	C	O	_	_
aver	avere	VFY	O	_	_
curato	curare	VSP	O	_	_
con	con	E	O	_	_
tanto	tanto	DS	O	_	_
successo	successo	SS	O	_	_
le	il	RP	O	_	_
questioni	questione	SP	O	_	_
economiche	economico	AP	O	_	_
,	comma	XPW	O	_	_
prende	prendere	VI	O	_	_
in	in	E	O	_	_
mano	mano	SS	O	_	_
con	con	E	O	_	_
giusti	giusto	SP	O	_	_
e	e	C	O	_	_
pratici	pratico	AP	O	_	_
criteri	criterio	SP	O	_	_
le	il	RP	O	_	_
questioni	questione	SP	O	_	_
politiche	politico	AP	O	_	_
e	e	C	O	_	_
nazionali	nazionale	AP	O	_	_
.	.	XPS	O	_	_

Buon	buon	SPN	O	_	_
segno	segno	SS	O	_	_
,	comma	XPW	O	_	_
se	se	C	O	_	_
ci	ci	B	O	_	_
temono	temere	VI	O	_	_
tanto	tanto	B	O	_	_
"!"	esclamation_mark	XPS	O	_	_

E	e	C	O	_	_
stiano	stare	VI	O	_	_
pur	pur	B	O	_	_
certi	certi	VF+E	O	_	_
che	che	CCHE	O	_	_
come	come	CADV	O	_	_
i	il	RP	O	_	_
metodi	metodo	SP	O	_	_
delle	di/det	EP	O	_	_
calunnie	calunnia	SP	O	_	_
,	comma	XPW	O	_	_
dei	di/det	EP	O	_	_
boicottaggi	boicottaggio	SP	O	_	_
,	comma	XPW	O	_	_
delle	di/det	EP	O	_	_
querele	querela	SP	O	_	_
non	non	B	O	_	_
valsero	valere	VI	O	_	_
a	a	E	O	_	_
strozzare	strozzare	VF	O	_	_
,	comma	XPW	O	_	_
secondo	secondo	E	O	_	_
i	il	RP	O	_	_
loro	loro	DP	O	_	_
pii	pie	SP	O	_	_
desideri	desideri	AP	O	_	_
,	comma	XPW	O	_	_
il	il	RS	O	_	_
nostro	nostro	DS	O	_	_
movimento	movimento	SS	O	_	_
sociale	sociale	AS	O	_	_
e	e	C	O	_	_
il	il	RS	O	_	_
foglio	foglio	SS	O	_	_
che	che	CCHE	O	_	_
lo	lo	PS	O	_	_
sosteneva	sostenere	VI	O	_	_
,	comma	XPW	O	_	_
così	così	B	O	_	_
non	non	B	O	_	_
potranno	potere	VI	O	_	_
arrestare	arrestare	VF	O	_	_
nemmeno	nemmeno	B	O	_	_
il	il	RS	O	_	_
nostro	nostro	DS	O	_	_
movimento	movimento	SS	O	_	_
politico	politico	AS	O	_	_
e	e	C	O	_	_
quel	quello	DS	O	_	_
medesimo	medesimo	AS	O	_	_
foglio	foglio	SS	O	_	_
,	comma	XPW	O	_	_
che	che	CCHE	O	_	_
oggi	oggi	B	O	_	_
combatte	combattere	VI	O	_	_
le	il	RP	O	_	_
nuove	nuovo	AP	O	_	_
battaglie	battaglia	SP	O	_	_
,	comma	XPW	O	_	_
cui	cui	PN	O	_	_
prepararono	preparare	VI	O	_	_
il	il	RS	O	_	_
terreno	terreno	SS	O	_	_
le	il	RP	O	_	_
vittorie	vittoria	SP	O	_	_
già	già	B	O	_	_
ottenute	ottenere	VPP	O	_	_
"!"	esclamation_mark	XPS	O	_	_

Lo	lo	PS	O	_	_
so	sapere	VI	O	_	_
che	che	CCHE	O	_	_
cosa	cosa	SS	O	_	_
risponde	rispondere	VI	O	_	_
a	a	E	O	_	_
queste	questo	DP	O	_	_
cose	cosa	SP	O	_	_
l’	il	RS	O	_	_
Alto	alto	SPN	GPE	46.65596895	11.22964387
Adige	adige	SPN	GPE	46.65596895	11.22964387
.	.	XPS	O	_	_

Dice	dire	VI	O	_	_
che	che	CCHE	O	_	_
,	comma	XPW	O	_	_
fin	fin	E	O	_	_
qui	qui	B	O	_	_
,	comma	XPW	O	_	_
noi	noi	PP	O	_	_
nella	in/det	ES	O	_	_
questione	questione	SS	O	_	_
nazionale	nazionale	AS	O	_	_
non	non	B	O	_	_
demmo	dare	VI	O	_	_
altro	altro	PS	O	_	_
che	che	CCHE	O	_	_
chiacchiere	chiacchiera	SP	O	_	_
;	semicolon	XPS	O	_	_

lui	lui	PS	O	_	_
e	e	C	O	_	_
i	il	RP	O	_	_
suoi	suo	DP	O	_	_
amici	amico	SP	O	_	_
diedero	dare	VI	O	_	_
i	il	RP	O	_	_
fatti	fatto	SP	O	_	_
e	e	C	O	_	_
cioè	cioe`	B	O	_	_
i	il	RP	O	_	_
quattrini	quattrino	SP	O	_	_
.	.	XPS	O	_	_

L’	il	RS	O	_	_
accusa	accusa	SS	O	_	_
,	comma	XPW	O	_	_
così	così	B	O	_	_
nuda	nudo	AS	O	_	_
e	e	C	O	_	_
cruda	crudo	AS	O	_	_
,	comma	XPW	O	_	_
non	non	B	O	_	_
è	essere	VI	O	_	_
vera	vero	AS	O	_	_
.	.	XPS	O	_	_

Io	io	PS	O	_	_
chiedo	chiedere	VI	O	_	_
per	per	E	O	_	_
altro	altro	PS	O	_	_
:	:	XPS	O	_	_
e	e	C	O	_	_
perché	perché	C	O	_	_
,	comma	XPW	O	_	_
se	se	C	O	_	_
volete	volere	VI	O	_	_
da	da	E	O	_	_
noi	noi	PP	O	_	_
quattrini	quattrini	AP	O	_	_
,	comma	XPW	O	_	_
proclamate	proclamare	VPP	O	_	_
il	il	RS	O	_	_
boicottaggio	boicottaggio	SS	O	_	_
della	di/det	ES	O	_	_
vostra	vostro	AS	O	_	_
parte	parte	SS	O	_	_
contro	contro	E	O	_	_
il	il	RS	O	_	_
francobollo	francobollo	SS	O	_	_
nazionale	nazionale	AS	O	_	_
?	?	XPS	O	_	_

Perché	perché	C	O	_	_
gli	gli	PS	O	_	_
movete	movete	VI	O	_	_
tanta	tanto	DS	O	_	_
guerra	guerra	SS	O	_	_
?	?	XPS	O	_	_

E	e	C	O	_	_
poi	poi	B	O	_	_
:	:	XPS	O	_	_
è	essere	VI	O	_	_
forse	forse	B	O	_	_
vero	vero	AS	O	_	_
che	che	CCHE	O	_	_
i	il	RP	O	_	_
fatti	fatto	SP	O	_	_
si	rifl	PN	O	_	_
riducono	ridurre	VI	O	_	_
ai	a/det	EP	O	_	_
soliti	solito	AP	O	_	_
quattrini	quattrino	SP	O	_	_
?	?	XPS	O	_	_

Ah	ah	I	O	_	_
,	comma	XPW	O	_	_
signori	signore	SP	O	_	_
,	comma	XPW	O	_	_
non	non	B	O	_	_
sono	essere	VI	O	_	_
fatti	fatto	SP	O	_	_
la	il	RS	O	_	_
lotta	lotta	SS	O	_	_
che	che	CCHE	O	_	_
combatté	combatté	VI	O	_	_
il	il	RS	O	_	_
clero	clero	SS	O	_	_
di	di	E	O	_	_
Fassa	fassa	SPN	O	_	_
giorno	giorno	SS	O	_	_
per	per	E	O	_	_
giorno	giorno	SS	O	_	_
per	per	E	O	_	_
salvare	salvare	VF	O	_	_
quella	quello	DS	O	_	_
valle	valle	SS	O	_	_
dall’	da/det	ES	O	_	_
invasione	invasione	SS	O	_	_
germanica	germanico	AS	O	_	_
?	?	XPS	O	_	_

Che	che	CCHE	O	_	_
cosa	cosa	SS	O	_	_
avreste	avere	VIY	O	_	_
fatto	fare	VSP	O	_	_
voi	voi	PP	O	_	_
coi	con/det	EP	O	_	_
vostri	vostro	DP	O	_	_
quattrini	quattrino	SP	O	_	_
e	e	C	O	_	_
le	il	RP	O	_	_
vostre	vostro	AP	O	_	_
gite	gita	SP	O	_	_
in	in	E	O	_	_
estate	estate	SS	O	_	_
,	comma	XPW	O	_	_
senza	senza	E	O	_	_
il	il	RS	O	_	_
lavoro	lavoro	SS	O	_	_
continuo	continuo	AS	O	_	_
di	di	E	O	_	_
vigili	vigile	SP	O	_	_
scorte	scorto	AP	O	_	_
che	che	CCHE	O	_	_
durarono	durare	VI	O	_	_
tutto	tutto	DS	O	_	_
l’	il	RS	O	_	_
anno	anno	SS	O	_	_
in	in	E	O	_	_
quei	quello	DP	O	_	_
monti	monte	SP	O	_	_
,	comma	XPW	O	_	_
in	in	E	O	_	_
mezzo	mezzo	SS	O	_	_
alle	a/det	EP	O	_	_
difficoltà	difficoltà	SN	O	_	_
,	comma	XPW	O	_	_
alle	a/det	EP	O	_	_
contraddizioni	contraddizione	SP	O	_	_
,	comma	XPW	O	_	_
agli	a/det	EP	O	_	_
agguati	agguato	SP	O	_	_
,	comma	XPW	O	_	_
fatte	fare	VPP	O	_	_
bersaglio	bersaglio	SS	O	_	_
di	di	E	O	_	_
terribili	terribile	AP	O	_	_
ire	ire	VF	O	_	_
?	?	XPS	O	_	_

E	e	C	O	_	_
in	in	E	O	_	_
Folgaria	folgaria	SPN	GPE	45.9149727	11.173015
siete	essere	VI	O	_	_
voi	voi	PP	O	_	_
signori	signore	SP	O	_	_
dai	da/det	EP	O	_	_
quattrini	quattrino	SP	O	_	_
,	comma	XPW	O	_	_
che	che	CCHE	O	_	_
custodite	custodire	VPP	O	_	_
gli	il	RP	O	_	_
spalti	spalto	SP	O	_	_
,	comma	XPW	O	_	_
con	con	E	O	_	_
pericolo	pericolo	SS	O	_	_
,	comma	XPW	O	_	_
alle	a/det	EP	O	_	_
volte	volta	SP	O	_	_
,	comma	XPW	O	_	_
della	di/det	ES	O	_	_
stessa	stesso	DS	O	_	_
persona	persona	SS	O	_	_
?	?	XPS	O	_	_

E	e	C	O	_	_
poi	poi	B	O	_	_
venite	venire	VI	O	_	_
a	a	E	O	_	_
dire	dire	VF	O	_	_
che	che	CCHE	O	_	_
«	«	XPO	O	_	_
i	il	RP	O	_	_
fatti	fatto	SP	O	_	_
»	»	XPO	O	_	_
sono	essere	VI	O	_	_
vostri	vostro	DP	O	_	_
?	?	XPS	O	_	_

Gran	grande	SPN	O	_	_
cosa	cosa	SS	O	_	_
dev’	dev’	VI	O	_	_
essere	essere	VF	O	_	_
per	per	E	O	_	_
voi	voi	PS	O	_	_
,	comma	XPW	O	_	_
appartenenti	appartenere	VPP	O	_	_
alla	a/det	ES	O	_	_
borghesia	borghesia	SS	O	_	_
danarosa	danaroso	AS	O	_	_
,	comma	XPW	O	_	_
gran	grande	AS	O	_	_
cosa	cosa	SS	O	_	_
dev’	dev’	VI	O	_	_
essere	essere	VF	O	_	_
per	per	E	O	_	_
voi	voi	PS	O	_	_
mettere	mettere	VF	O	_	_
la	il	RS	O	_	_
mano	mano	SS	O	_	_
in	in	E	O	_	_
tasca	tasca	SS	O	_	_
e	e	C	O	_	_
levarne	levare/part	VF+E	O	_	_
alcune	alcuni	DP	O	_	_
corone	corona	SP	O	_	_
,	comma	XPW	O	_	_
mentre	mentre	C	O	_	_
altri	altro	DP	O	_	_
sacrifica	sacrifico	AS	O	_	_
senza	senza	E	O	_	_
tanto	tanto	PS	O	_	_
chiasso	chiasso	AS	O	_	_
i	il	RP	O	_	_
denari	denaro	SP	O	_	_
,	comma	XPW	O	_	_
il	il	RS	O	_	_
tempo	tempo	SS	O	_	_
,	comma	XPW	O	_	_
la	il	RS	O	_	_
pace	pace	SS	O	_	_
,	comma	XPW	O	_	_
e	e	C	O	_	_
si	rifl	PN	O	_	_
logora	logorare	VI	O	_	_
la	il	RS	O	_	_
vita	vita	SS	O	_	_
per	per	E	O	_	_
la	il	RS	O	_	_
difesa	difesa	SS	O	_	_
della	di/det	ES	O	_	_
lingua	lingua	SS	O	_	_
e	e	C	O	_	_
del	di/det	ES	O	_	_
paese	paese	SS	O	_	_
"!"	esclamation_mark	XPS	O	_	_

E	e	C	O	_	_
non	non	B	O	_	_
diciamo	dire	VI	O	_	_
nulla	nulla	PS	O	_	_
che	che	CCHE	O	_	_
,	comma	XPW	O	_	_
se	se	C	O	_	_
la	il	RS	O	_	_
borghesia	borghesia	SS	O	_	_
avesse	avere	VI	O	_	_
meglio	meglio	B	O	_	_
pensato	pensare	VSP	O	_	_
e	e	C	O	_	_
lavorato	lavorare	VSP	O	_	_
per	per	E	O	_	_
sviluppare	sviluppare	VF	O	_	_
la	il	RS	O	_	_
vita	vita	SS	O	_	_
commerciale	commerciale	AS	O	_	_
e	e	C	O	_	_
industriale	industriale	AS	O	_	_
del	di/det	ES	O	_	_
Trentino	trentino	SPN	GPE	46.102869	11.12961993
;	semicolon	XPS	O	_	_

se	se	C	O	_	_
i	il	RP	O	_	_
contadini	contadino	SP	O	_	_
e	e	C	O	_	_
gli	il	RP	O	_	_
operai	operaio	SP	O	_	_
,	comma	XPW	O	_	_
anziché	anziché	C	O	_	_
venire	venire	VF	O	_	_
in	in	E	O	_	_
molti	molto	DP	O	_	_
luoghi	luogo	SP	O	_	_
strozzati	strozzato	AP	O	_	_
o	o	C	O	_	_
costretti	costringere	VPP	O	_	_
ad	ad	E	O	_	_
emigrare	emigrare	VF	O	_	_
,	comma	XPW	O	_	_
avessero	avere	VIY	O	_	_
ricevuto	ricevere	VSP	O	_	_
lavoro	lavoro	SS	O	_	_
e	e	C	O	_	_
pane	pane	SS	O	_	_
,	comma	XPW	O	_	_
non	non	B	O	_	_
dovremmo	dovere	VI	O	_	_
oggidì	oggidì	B	O	_	_
difenderci	difendere/loc/pro	VF+E	O	_	_
dalle	da/det	EP	O	_	_
scorrerie	scorreria	SP	O	_	_
straniere	straniero	AP	O	_	_
,	comma	XPW	O	_	_
e	e	C	O	_	_
vedere	vedere	VF	O	_	_
popolani	popolano	AP	O	_	_
adescati	adescati	SP	O	_	_
e	e	C	O	_	_
traditi	tradire	VPP	O	_	_
dall’	da/det	ES	O	_	_
oro	oro	SS	O	_	_
tedesco	tedesco	AS	O	_	_
.	.	XPS	O	_	_

E	e	C	O	_	_
chi	chi	CCHI	O	_	_
ha	avere	VIY	O	_	_
impresso	imprimere	VSP	O	_	_
l’	il	RS	O	_	_
opera	opera	SS	O	_	_
di	di	E	O	_	_
togliere	togliere	VF	O	_	_
il	il	RS	O	_	_
popolo	popolo	SS	O	_	_
da	da	E	O	_	_
questo	questo	DS	O	_	_
grave	grave	AS	O	_	_
e	e	C	O	_	_
universale	universale	AS	O	_	_
pericolo	pericolo	SS	O	_	_
,	comma	XPW	O	_	_
causato	causare	VSP	O	_	_
dall’	da/det	ES	O	_	_
inerzia	inerzia	SS	O	_	_
della	di/det	ES	O	_	_
nostra	nostro	DS	O	_	_
borghesia	borghesia	SS	O	_	_
liberale	liberale	AS	O	_	_
e	e	C	O	_	_
dall’	da/det	ES	O	_	_
avidità	avidità	SN	O	_	_
di	di	E	O	_	_
una	uno	RS	O	_	_
parte	parte	SS	O	_	_
di	di	E	O	_	_
essa	essa	PS	O	_	_
?	?	XPS	O	_	_

Non	non	B	O	_	_
furono	essere	VI	O	_	_
i	il	RP	O	_	_
cattolici	cattolico	SP	O	_	_
?	?	XPS	O	_	_

E	e	C	O	_	_
senza	senza	E	O	_	_
l’	il	RS	O	_	_
opera	opera	SS	O	_	_
loro	loro	PP	O	_	_
non	non	B	O	_	_
sarebbe	essere	VI	O	_	_
cento	cento	N	O	_	_
volte	volta	SP	O	_	_
più	più	B	O	_	_
difficile	difficile	AS	O	_	_
,	comma	XPW	O	_	_
non	non	B	O	_	_
sarebbe	essere	VI	O	_	_
forse	forse	B	O	_	_
perduta	perduto	AS	O	_	_
la	il	RS	O	_	_
nostra	nostro	DS	O	_	_
posizione	posizione	SS	O	_	_
?	?	XPS	O	_	_

E	e	C	O	_	_
quest’	questo	DS	O	_	_
opera	opera	SS	O	_	_
non	non	B	O	_	_
costò	costare	VI	O	_	_
denari	denaro	SP	O	_	_
e	e	C	O	_	_
fatiche	fatica	SP	O	_	_
?	?	XPS	O	_	_

Ma	ma	C	O	_	_
ecco	ecco	B	O	_	_
che	che	CCHE	O	_	_
si	rifl	PN	O	_	_
fanno	fare	VI	O	_	_
avanti	avanti	B	O	_	_
coloro	colui	PP	O	_	_
che	che	CCHE	O	_	_
non	non	B	O	_	_
tante	tanto	DP	O	_	_
istituzioni	istituzione	SP	O	_	_
,	comma	XPW	O	_	_
come	come	CADV	O	_	_
noi	noi	PP	O	_	_
,	comma	XPW	O	_	_
ma	ma	C	O	_	_
una	uno	RS	O	_	_
sola	solo	AS	O	_	_
ne	ne	PN	O	_	_
sostengono	sostenere	VI	O	_	_
,	comma	XPW	O	_	_
e	e	C	O	_	_
,	comma	XPW	O	_	_
a	a	E	O	_	_
quanto	quanto	QNS	O	_	_
pare	parere	VI	O	_	_
,	comma	XPW	O	_	_
un	uno	RS	O	_	_
po’	poco	B	O	_	_
magramente	magramente	B	O	_	_
anche	anche	C	O	_	_
quella	quello	PS	O	_	_
;	semicolon	XPS	O	_	_

si	rifl	PN	O	_	_
fanno	fare	VI	O	_	_
avanti	avanti	B	O	_	_
a	a	E	O	_	_
rimproverarci	rimproverare/loc/pro	VF+E	O	_	_
di	di	E	O	_	_
«	«	XPO	O	_	_
stitichezza	stitichezza	SS	O	_	_
»	»	XPO	O	_	_
per	per	E	O	_	_
la	il	RS	O	_	_
causa	causa	SS	O	_	_
nazionale	nazionale	AS	O	_	_
.	.	XPS	O	_	_

Meglio	meglio	B	O	_	_
farebbero	fare	VI	O	_	_
a	a	E	O	_	_
lavarsi	lavare/rifl	VF+E	O	_	_
il	il	RS	O	_	_
rossore	rossore	SS	O	_	_
dalla	da/det	ES	O	_	_
faccia	faccia	SS	O	_	_
,	comma	XPW	O	_	_
mirando	mirare	VG	O	_	_
a	a	E	O	_	_
che	che	CCHE	O	_	_
punto	punto	SS	O	_	_
hanno	avere	VIY	O	_	_
ridotto	ridurre	VSP	O	_	_
il	il	RS	O	_	_
paese	paese	SS	O	_	_
coi	con/det	EP	O	_	_
loro	loro	DP	O	_	_
indirizzi	indirizzo	SP	O	_	_
politici	politico	AP	O	_	_
ed	ed	C	O	_	_
economici	economico	AP	O	_	_
,	comma	XPW	O	_	_
e	e	C	O	_	_
provando	provare	VG	O	_	_
quanti	quanto	QNP	O	_	_
si	rifl	PN	O	_	_
debbano	dovere	VI	O	_	_
arrabattare	arrabattare	VF	O	_	_
,	comma	XPW	O	_	_
per	per	E	O	_	_
raccogliere	raccogliere	VF	O	_	_
qualche	qualche	DS	O	_	_
migliaio	migliaio	SS	O	_	_
di	di	E	O	_	_
corone	corone	SS	O	_	_
in	in	E	O	_	_
un	uno	RS	O	_	_
campo	campo	SS	O	_	_
dove	dove	CADV	O	_	_
non	non	B	O	_	_
solo	solo	B	O	_	_
si	rifl	PN	O	_	_
ha	avere	VI	O	_	_
il	il	RS	O	_	_
necessario	necessario	SS	O	_	_
,	comma	XPW	O	_	_
ma	ma	C	O	_	_
abbonda	abbondare	VI	O	_	_
il	il	RS	O	_	_
superfluo	superfluo	SS	O	_	_
.	.	XPS	O	_	_

I	il	RP	O	_	_
cattolici	cattolico	SP	O	_	_
,	comma	XPW	O	_	_
signori	signore	SP	O	_	_
,	comma	XPW	O	_	_
danno	dare	VI	O	_	_
di	di	E	O	_	_
più	più	B	O	_	_
;	semicolon	XPS	O	_	_

voi	voi	PS	O	_	_
date	dare	VPP	O	_	_
il	il	RS	O	_	_
meno	meno	B	O	_	_
e	e	C	O	_	_
non	non	B	O	_	_
adempite	adempire	VPP	O	_	_
che	che	CCHE	O	_	_
un	uno	RS	O	_	_
semplicissimo	semplicissimo	SS	O	_	_
e	e	C	O	_	_
non	non	B	O	_	_
troppo	troppo	B	O	_	_
difficile	difficile	AS	O	_	_
dovere	dovere	VF	O	_	_
,	comma	XPW	O	_	_
levando	levare	VG	O	_	_
dal	da/det	ES	O	_	_
grasso	grasso	SS	O	_	_
borsellino	borsellino	AS	O	_	_
quelle	quello	PP	O	_	_
offerte	offerta	SP	O	_	_
,	comma	XPW	O	_	_
che	che	CCHE	O	_	_
andate	andare	VI	O	_	_
così	così	B	O	_	_
sovente	sovente	B	O	_	_
rinfacciando	rinfacciare	VG	O	_	_
agli	a/det	EP	O	_	_
altri	altro	PP	O	_	_
.	.	XPS	O	_	_

Dunque	dunque	C	O	_	_
,	comma	XPW	O	_	_
coraggio	coraggio	SS	O	_	_
"!"	esclamation_mark	XPS	O	_	_

Siate	essere	VI	O	_	_
più	più	B	O	_	_
generosi	generoso	AP	O	_	_
e	e	C	O	_	_
meno	meno	B	O	_	_
millantatori	millantatore	SP	O	_	_
.	.	XPS	O	_	_

Il	il	RS	O	_	_
clero	clero	SS	O	_	_
dà	dare	VI	O	_	_
quel	quel	PS	O	_	_
che	che	CCHE	O	_	_
può	potere	VI	O	_	_
,	comma	XPW	O	_	_
ma	ma	C	O	_	_
è	essere	VI	O	_	_
povero	povero	AS	O	_	_
;	semicolon	XPS	O	_	_

in	in	E	O	_	_
compenso	compenso	SS	O	_	_
sacrifica	sacrifico	AS	O	_	_
tutto	tutto	PS	O	_	_
sé	sé	PN	O	_	_
stesso	stesso	DS	O	_	_
in	in	E	O	_	_
quei	quello	DP	O	_	_
luoghi	luogo	SP	O	_	_
difficili	difficile	AP	O	_	_
,	comma	XPW	O	_	_
dove	dove	CADV	O	_	_
le	il	RP	O	_	_
vostre	vostro	AP	O	_	_
brigate	brigata	SP	O	_	_
vanno	andare	VI	O	_	_
una	uno	RS	O	_	_
volta	volta	SS	O	_	_
all’	a/det	ES	O	_	_
anno	anno	SS	O	_	_
per	per	E	O	_	_
sollazzo	sollazzo	SS	O	_	_
,	comma	XPW	O	_	_
accolte	accogliere	VPP	O	_	_
dalle	da/det	EP	O	_	_
bandiere	bandiera	SP	O	_	_
,	comma	XPW	O	_	_
dagli	da/det	EP	O	_	_
spari	sparo	SP	O	_	_
dei	di/det	EP	O	_	_
mortaretti	mortaretto	SP	O	_	_
,	comma	XPW	O	_	_
dai	da/det	EP	O	_	_
campanellini	campanellini	SP	O	_	_
delle	di/det	EP	O	_	_
mucche	mucca	SP	O	_	_
e	e	C	O	_	_
,	comma	XPW	O	_	_
Dio	dio	SPN	PER	_	_
benedica	benedire	VI	O	_	_
la	il	RS	O	_	_
vostra	vostro	AS	O	_	_
ingenua	ingenuo	AS	O	_	_
persuasione	persuasione	SS	O	_	_
"!"	esclamation_mark	XPS	O	_	_

dal	da/det	ES	O	_	_
suono	suono	SS	O	_	_
delle	di/det	EP	O	_	_
campane	campana	SP	O	_	_
,	comma	XPW	O	_	_
che	che	CCHE	O	_	_
,	comma	XPW	O	_	_
simili	simile	AP	O	_	_
alla	a/det	ES	O	_	_
maggior	maggior	AS	O	_	_
parte	parte	SS	O	_	_
di	di	E	O	_	_
voi	voi	PS	O	_	_
,	comma	XPW	O	_	_
non	non	B	O	_	_
vanno	andare	VI	O	_	_
mai	mai	B	O	_	_
in	in	E	O	_	_
chiesa	chiesa	SS	O	_	_
.	.	XPS	O	_	_

Il	il	RS	O	_	_
popolo	popolo	SS	O	_	_
è	essere	VI	O	_	_
povero	povero	AS	O	_	_
anch’	anch’	C	O	_	_
esso	esso	PS	O	_	_
,	comma	XPW	O	_	_
e	e	C	O	_	_
nonché	nonché	C	O	_	_
spremerne	spremere/part	VF+E	O	_	_
quattrini	quattrino	SP	O	_	_
,	comma	XPW	O	_	_
–	–	XPO	O	_	_
se	se	C	O	_	_
un	uno	RS	O	_	_
tempo	tempo	SS	O	_	_
ne	ne	PN	O	_	_
aveva	avere	VI	O	_	_
,	comma	XPW	O	_	_
i	il	RP	O	_	_
vostri	vostro	DP	O	_	_
antecessori	antecessore	SP	O	_	_
gli	gli	PS	O	_	_
hanno	avere	VIY	O	_	_
pulite	pulire	VPP	O	_	_
per	per	E	O	_	_
bene	bene	B	O	_	_
le	il	RP	O	_	_
tasche	tasca	SP	O	_	_
–	–	XPO	O	_	_
è	essere	VI	O	_	_
appunto	appunto	B	O	_	_
colui	colui	PS	O	_	_
che	che	CCHE	O	_	_
ne	ne	PN	O	_	_
abbisogna	abbisognare	VI	O	_	_
.	.	XPS	O	_	_

Coraggio	coraggio	SS	O	_	_
,	comma	XPW	O	_	_
dunque	dunque	C	O	_	_
,	comma	XPW	O	_	_
fate	fare	VI	O	_	_
il	il	RS	O	_	_
vostro	vostro	PS	O	_	_
dovere	dovere	SS	O	_	_
e	e	C	O	_	_
noi	noi	PP	O	_	_
faremo	fare	VI	O	_	_
il	il	RS	O	_	_
nostro	nostro	PS	O	_	_
,	comma	XPW	O	_	_
come	come	CADV	O	_	_
lo	lo	PS	O	_	_
facemmo	fare	VI	O	_	_
fin	fin	E	O	_	_
qui	qui	B	O	_	_
,	comma	XPW	O	_	_
e	e	C	O	_	_
,	comma	XPW	O	_	_
nonostante	nonostante	E	O	_	_
le	il	RP	O	_	_
finanze	finanza	SP	O	_	_
poco	poco	B	O	_	_
pingui	pingue	AP	O	_	_
e	e	C	O	_	_
tutto	tutto	DS	O	_	_
il	il	RS	O	_	_
peso	peso	SS	O	_	_
di	di	E	O	_	_
opere	opera	SP	O	_	_
pie	pio	AP	O	_	_
e	e	C	O	_	_
sociali	sociale	AP	O	_	_
che	che	CCHE	O	_	_
ci	ci	PP	O	_	_
aggravano	aggravare	VI	O	_	_
,	comma	XPW	O	_	_
vedremo	vedere	VI	O	_	_
di	di	E	O	_	_
racimolare	racimolare	VF	O	_	_
dei	di/det	EP	O	_	_
quattrinelli	quattrinelli	SP	O	_	_
,	comma	XPW	O	_	_
per	per	E	O	_	_
acquistare	acquistare	VF	O	_	_
da	da	E	O	_	_
vostra	vostro	AS	O	_	_
parte	parte	SS	O	_	_
la	il	RS	O	_	_
stima	stima	SS	O	_	_
d’	di	E	O	_	_
uomini	uomo	SP	O	_	_
e	e	C	O	_	_
non	non	B	O	_	_
sentirci	sentire/loc/pro	VF+E	O	_	_
dire	dire	VF	O	_	_
troppo	troppo	B	O	_	_
spesso	spesso	AS	O	_	_
che	che	CCHE	O	_	_
siamo	essere	VI	O	_	_
poveri	povero	AP	O	_	_
pitocchi	pitocco	SP	O	_	_
,	comma	XPW	O	_	_
mantenuti	mantenere	VPP	O	_	_
con	con	E	O	_	_
l’	il	RS	O	_	_
elemosina	elemosina	SS	O	_	_
del	di/det	ES	O	_	_
ricco	ricco	AS	O	_	_
epulone	epulone	SS	O	_	_
.	.	XPS	O	_	_

A	a	E	O	_	_
questo	questo	DS	O	_	_
scopo	scopo	SS	O	_	_
speriamo	sperare	VI	O	_	_
assai	assai	B	O	_	_
nel	in/det	ES	O	_	_
francobollo	francobollo	SS	O	_	_
nazionale	nazionale	AS	O	_	_
che	che	CCHE	O	_	_
,	comma	XPW	O	_	_
specialmente	specialmente	B	O	_	_
con	con	E	O	_	_
la	il	RS	O	_	_
reclame	reclame	SS	O	_	_
fattagli	fattagli	VG+E	O	_	_
dall’	da/det	ES	O	_	_
Alto	alto	SPN	GPE	46.65596895	11.22964387
Adige	adige	SPN	GPE	46.65596895	11.22964387
deve	dovere	VI	O	_	_
andar	andare	VF	O	_	_
proprio	proprio	B	O	_	_
bene	bene	B	O	_	_
e	e	C	O	_	_
ottenere	ottenere	VF	O	_	_
un	uno	RS	O	_	_
largo	largo	AS	O	_	_
successo	successo	SS	O	_	_
presso	presso	E	O	_	_
tutti	tutto	DP	O	_	_
i	il	RP	O	_	_
trentini	trentino	SP	O	_	_
.	.	XPS	O	_	_

Ma	ma	C	O	_	_
soprattutto	soprattutto	B	O	_	_
,	comma	XPW	O	_	_
per	per	E	O	_	_
amore	amore	SS	O	_	_
della	di/det	ES	O	_	_
nostra	nostro	DS	O	_	_
terra	terra	SS	O	_	_
e	e	C	O	_	_
della	di/det	ES	O	_	_
nostra	nostro	DS	O	_	_
lingua	lingua	SS	O	_	_
,	comma	XPW	O	_	_
persisteremo	persistere	VI	O	_	_
con	con	E	O	_	_
tutta	tutto	DS	O	_	_
l’	il	RS	O	_	_
energia	energia	SS	O	_	_
nell’	in/det	ES	O	_	_
organizzarci	organizzare/pro/loc	VF+E	O	_	_
politicamente	politicamente	B	O	_	_
,	comma	XPW	O	_	_
e	e	C	O	_	_
uno	uno	PS	O	_	_
dei	di/det	EP	O	_	_
nostri	nostro	DP	O	_	_
compiti	compito	SP	O	_	_
maggiori	maggiore	AP	O	_	_
sarà	essere	VIY	O	_	_
di	di	E	O	_	_
guardarci	guardare/loc/pro	VF+E	O	_	_
bene	bene	B	O	_	_
dai	da/det	EP	O	_	_
vostri	vostro	DP	O	_	_
metodi	metodo	SP	O	_	_
che	che	CCHE	O	_	_
ci	ci	PP	O	_	_
hanno	avere	VIY	O	_	_
regalata	regalare	VSP	O	_	_
tanta	tanto	DS	O	_	_
miseria	miseria	SS	O	_	_
nazionale	nazionale	AS	O	_	_
.	.	XPS	O	_	_

Spetta	spettare	VI	O	_	_
a	a	E	O	_	_
noi	noi	PP	O	_	_
creare	creare	VF	O	_	_
la	il	RS	O	_	_
coscienza	coscienza	SS	O	_	_
del	di/det	ES	O	_	_
popolo	popolo	SS	O	_	_
,	comma	XPW	O	_	_
e	e	C	O	_	_
,	comma	XPW	O	_	_
state	essere	VPPY	O	_	_
certi	certi	SP	O	_	_
,	comma	XPW	O	_	_
condurremo	condurre	VI	O	_	_
in	in	E	O	_	_
porto	porto	SS	O	_	_
anche	anche	C	O	_	_
quest’	questo	DS	O	_	_
opera	opera	SS	O	_	_
,	comma	XPW	O	_	_
togliendo	togliere	VG	O	_	_
una	uno	RS	O	_	_
volta	volta	SS	O	_	_
per	per	E	O	_	_
sempre	sempre	B	O	_	_
il	il	RS	O	_	_
triste	triste	AS	O	_	_
spettacolo	spettacolo	SS	O	_	_
di	di	E	O	_	_
gente	gente	SS	O	_	_
che	che	CCHE	O	_	_
,	comma	XPW	O	_	_
come	come	CADV	O	_	_
fa	fare	VI	O	_	_
adesso	adesso	B	O	_	_
,	comma	XPW	O	_	_
vende	vendere	VI	O	_	_
le	il	RP	O	_	_
sue	suo	DP	O	_	_
convinzioni	convinzione	SP	O	_	_
nazionali	nazionale	AP	O	_	_
al	a/det	ES	O	_	_
miglior	miglior	AS	O	_	_
offerente	offerente	SS	O	_	_
.	.	XPS	O	_	_
