# total number of persons:7, total number of gpes:0
Non	non	B	O	_	_
pensiamo	pensare	VI	O	_	_
agli	a/det	EP	O	_	_
eroi	eroe	SP	O	_	_
di	di	E	O	_	_
Plutarco	plutarco	SPN	PER	_	_
,	comma	XPW	O	_	_
di	di	E	O	_	_
Cornelio	cornelio	SPN	PER	_	_
o	o	C	O	_	_
di	di	E	O	_	_
Carlyle	carlyle	SPN	PER	_	_
,	comma	XPW	O	_	_
né	né	B	O	_	_
ai	a/det	EP	O	_	_
figli	figlio	SP	O	_	_
della	di/det	ES	O	_	_
Gloria	gloria	SPN	PER	_	_
.	.	XPS	O	_	_

Nemmeno	nemmeno	B	O	_	_
agli	a/det	EP	O	_	_
altri	altro	PP	O	_	_
eroi	eroe	SP	O	_	_
ed	ed	C	O	_	_
alle	a/det	EP	O	_	_
eroine	eroina	SP	O	_	_
segnate	segnare	VPP	O	_	_
a	a	E	O	_	_
lettere	lettera	SP	O	_	_
d’	di	E	O	_	_
oro	oro	SS	O	_	_
sulle	su/det	EP	O	_	_
pagine	pagina	SP	O	_	_
della	di/det	ES	O	_	_
storia	storia	SS	O	_	_
,	comma	XPW	O	_	_
non	non	B	O	_	_
agli	a/det	EP	O	_	_
eroi	eroe	SP	O	_	_
civili	civile	AP	O	_	_
,	comma	XPW	O	_	_
militari	militare	AP	O	_	_
,	comma	XPW	O	_	_
né	né	C	O	_	_
a	a	E	O	_	_
quelli	quello	PP	O	_	_
dell’	di/det	ES	O	_	_
arte	arte	SS	O	_	_
o	o	C	O	_	_
del	di/det	ES	O	_	_
genio	genio	SS	O	_	_
.	.	XPS	O	_	_

Alla	a/det	ES	O	_	_
vigilia	vigilia	SS	O	_	_
d’	di	E	O	_	_
Ognisanti	ognisanti	SPN	O	_	_
voi	voi	PS	O	_	_
scomparite	scomparite	VPP	O	_	_
,	comma	XPW	O	_	_
o	o	C	O	_	_
eroi	eroe	SP	O	_	_
omerici	omerico	AP	O	_	_
,	comma	XPW	O	_	_
o	o	C	O	_	_
Leonida	leonida	SPN	PER	_	_
,	comma	XPW	O	_	_
o	o	C	O	_	_
Milziade	milziade	SPN	PER	_	_
,	comma	XPW	O	_	_
e	e	C	O	_	_
voi	voi	PP	O	_	_
,	comma	XPW	O	_	_
eroi	eroe	SP	O	_	_
fugaci	fugace	AP	O	_	_
delle	di/det	EP	O	_	_
guerre	guerra	SP	O	_	_
,	comma	XPW	O	_	_
dei	di/det	EP	O	_	_
rivolgimenti	rivolgimento	SP	O	_	_
moderni	moderno	AP	O	_	_
vi	vi	B	O	_	_
inabissate	inabissare	VPP	O	_	_
nella	in/det	ES	O	_	_
vostra	vostro	AS	O	_	_
polvere	polvere	SS	O	_	_
.	.	XPS	O	_	_

L’	il	RS	O	_	_
heros	heros	SS	O	_	_
si	rifl	PN	O	_	_
spoglia	spogliare	VI	O	_	_
della	di/det	ES	O	_	_
luce	luce	SS	O	_	_
diurna	diurno	AS	O	_	_
,	comma	XPW	O	_	_
s’	s’	PN	O	_	_
intensifica	intensificare	VI	O	_	_
e	e	C	O	_	_
s’	s’	PN	O	_	_
india	indiare	VI	O	_	_
.	.	XPS	O	_	_

Domani	domani	B	O	_	_
è	essere	VI	O	_	_
la	il	RS	O	_	_
festa	festa	SS	O	_	_
dei	di/det	EP	O	_	_
nostri	nostro	DP	O	_	_
Eroi	eroi	SPN	O	_	_
.	.	XPS	O	_	_

Eroi	eroi	SPN	O	_	_
dell’	di/det	ES	O	_	_
anfiteatro	anfiteatro	SS	O	_	_
,	comma	XPW	O	_	_
delle	di/det	EP	O	_	_
belve	belva	SP	O	_	_
,	comma	XPW	O	_	_
delle	di/det	EP	O	_	_
crocifissioni	crocifissione	SP	O	_	_
,	comma	XPW	O	_	_
delle	di/det	EP	O	_	_
torture	tortura	SP	O	_	_
,	comma	XPW	O	_	_
eroi	eroe	SP	O	_	_
dei	di/det	EP	O	_	_
lenti	lento	AP	O	_	_
martiri	martire	SP	O	_	_
,	comma	XPW	O	_	_
della	di/det	ES	O	_	_
vita	vita	SS	O	_	_
consumata	consumare	VSP	O	_	_
dal	da/det	ES	O	_	_
lavoro	lavoro	SS	O	_	_
sacro	sacro	AS	O	_	_
ad	ad	E	O	_	_
una	uno	RS	O	_	_
convinzione	convinzione	SS	O	_	_
,	comma	XPW	O	_	_
eroi	eroe	SP	O	_	_
dell’	di/det	ES	O	_	_
altare	altare	SS	O	_	_
e	e	C	O	_	_
del	di/det	ES	O	_	_
sacrificio	sacrificio	SS	O	_	_
.	.	XPS	O	_	_

Domani	domani	B	O	_	_
suoneranno	suonare	VI	O	_	_
le	il	RP	O	_	_
campane	campana	SP	O	_	_
a	a	E	O	_	_
distesa	distesa	SS	O	_	_
per	per	E	O	_	_
festeggiarvi	festeggiare/voi/loc	VF+E	O	_	_
tutti	tutto	PP	O	_	_
,	comma	XPW	O	_	_
o	o	C	O	_	_
Eroi	eroi	SPN	O	_	_
della	di/det	ES	O	_	_
religione	religione	SS	O	_	_
.	.	XPS	O	_	_

E	e	C	O	_	_
canteremo	cantare	VI	O	_	_
gloria	gloria	SS	O	_	_
a	a	E	O	_	_
Dio	dio	SS	O	_	_
d’	di	E	O	_	_
avervi	avere/loc/voi	VF+E	O	_	_
fatti	fatto	SP	O	_	_
e	e	C	O	_	_
chiamati	chiamare	VPP	O	_	_
a	a	E	O	_	_
Lui	lui	PS	O	_	_
,	comma	XPW	O	_	_
d’	di	E	O	_	_
avere	avere	VFY	O	_	_
stabilito	stabilire	VSP	O	_	_
il	il	RS	O	_	_
vostro	vostro	DS	O	_	_
esempio	esempio	SS	O	_	_
.	.	XPS	O	_	_

Quanti	quanto	DP	O	_	_
poverelli	poverello	SP	O	_	_
disconosciuti	disconosciuto	AP	O	_	_
,	comma	XPW	O	_	_
calunniati	calunniare	VPP	O	_	_
sono	essere	VI	O	_	_
fra	fra	E	O	_	_
voi	voi	PS	O	_	_
,	comma	XPW	O	_	_
quante	quanto	DP	O	_	_
grame	grame	SP	O	_	_
vecchierelle	vecchierelle	AP	O	_	_
dei	di/det	EP	O	_	_
nostri	nostro	DP	O	_	_
villaggi	villaggio	SP	O	_	_
,	comma	XPW	O	_	_
per	per	E	O	_	_
le	il	RP	O	_	_
quali	quale	PP	O	_	_
i	il	RP	O	_	_
contemporanei	contemporaneo	SP	O	_	_
ebbero	avere	VI	O	_	_
disprezzo	disprezzo	SS	O	_	_
,	comma	XPW	O	_	_
i	il	RP	O	_	_
posteri	postero	SP	O	_	_
l’	il	RS	O	_	_
oblio	oblio	SS	O	_	_
"!"	esclamation_mark	XPS	O	_	_

Domani	domani	B	O	_	_
molti	molto	PP	O	_	_
piangeranno	piangere	VI	O	_	_
su	su	B	O	_	_
di	di	E	O	_	_
una	uno	RS	O	_	_
tomba	tomba	SS	O	_	_
.	.	XPS	O	_	_

Ma	ma	C	O	_	_
quelli	quello	PP	O	_	_
che	che	CCHE	O	_	_
hanno	avere	VIY	O	_	_
diritto	diritto	VSP	O	_	_
di	di	E	O	_	_
avere	avere	VF	O	_	_
fiducia	fiducia	SS	O	_	_
,	comma	XPW	O	_	_
asciughino	asciugare	VI	O	_	_
le	il	RP	O	_	_
lagrime	lagrime	AP	O	_	_
.	.	XPS	O	_	_

Cristiano	cristiano	SPN	O	_	_
,	comma	XPW	O	_	_
i	il	RP	O	_	_
tuoi	tuo	DP	O	_	_
Fratelli	fratelli	SPN	O	_	_
Morti	morti	SPN	O	_	_
sono	essere	VI	O	_	_
Eroi	eroi	SPN	PER	_	_
e	e	C	O	_	_
di	di	E	O	_	_
fronte	fronte	SS	O	_	_
alla	a/det	ES	O	_	_
gloria	gloria	SS	O	_	_
loro	loro	DP	O	_	_
scompare	scompare	VF	O	_	_
e	e	C	O	_	_
s’	s’	PN	O	_	_
inabissa	inabissare	VI	O	_	_
la	il	RS	O	_	_
fama	fama	SS	O	_	_
e	e	C	O	_	_
lo	il	RS	O	_	_
splendore	splendore	SS	O	_	_
di	di	E	O	_	_
quaggiù	quaggiù	SS	O	_	_
.	.	XPS	O	_	_

D.	d.	YA	O	_	_
