# total number of persons:18, total number of gpes:33
(	open_parenthesis	XPB	O	_	_
Compagni	compagno	SP	O	_	_
dei	di/det	EP	O	_	_
burattini	burattino	SP	O	_	_
«	«	XPO	O	_	_
Città	città	SPN	O	_	_
di	di	E	O	_	_
Bolzano	bolzano	SPN	GPE	46.4981125	11.3547801
»	»	XPO	O	_	_
)	close_parenthesis	XPB	O	_	_
.	.	XPS	O	_	_

Il	il	RS	O	_	_
D.r	d.r	YA	O	_	_
Willi	willi	SPN	O	_	_
v.	v.	YA	O	_	_
Walther	walther	SPN	O	_	_
,	comma	XPW	O	_	_
rappresentante	rappresentante	SS	O	_	_
nella	in/det	ES	O	_	_
Dieta	dieta	SPN	O	_	_
della	di/det	ES	O	_	_
città	città	SN	O	_	_
di	di	E	O	_	_
Bolzano	bolzano	SPN	GPE	46.4981125	11.3547801
,	comma	XPW	O	_	_
ha	avere	VIY	O	_	_
pronunciato	pronunciare	VSP	O	_	_
in	in	E	O	_	_
un’	uno	RS	O	_	_
adunanza	adunanza	SS	O	_	_
elettorale	elettorale	AS	O	_	_
di	di	E	O	_	_
44	44	N	O	_	_
persone	persona	SP	O	_	_
un’	uno	RS	O	_	_
ardente	ardente	SS	O	_	_
filippica	filippica	AS	O	_	_
contro	contro	E	O	_	_
i	il	RP	O	_	_
cristiano-sociali	cristiano-sociali	SP	O	_	_
accusandoli	accusare/pro	VG+E	O	_	_
d’	di	E	O	_	_
aver	avere	VFY	O	_	_
mancato	mancare	VSP	O	_	_
nella	in/det	ES	O	_	_
questione	questione	SS	O	_	_
di	di	E	O	_	_
Fiemme	fiemme	SPN	O	_	_
di	di	E	O	_	_
coerenza	coerenza	SS	O	_	_
e	e	C	O	_	_
d’	di	E	O	_	_
aver	avere	VFY	O	_	_
avuto	avere	VSP	O	_	_
un	uno	RS	O	_	_
contegno	contegno	SS	O	_	_
indeciso	indeciso	AS	O	_	_
,	comma	XPW	O	_	_
in	in	E	O	_	_
recisa	reciso	AS	O	_	_
contradizione	contradizione	SS	O	_	_
coi	con/det	EP	O	_	_
sentimenti	sentimento	SP	O	_	_
di	di	E	O	_	_
un	uno	RS	O	_	_
galantuomo	galantuomo	SS	O	_	_
tedesco	tedesco	AS	O	_	_
.	.	XPS	O	_	_

Ci	ci	PP	O	_	_
siamo	essere	VIY	O	_	_
permessi	permettere	VPP	O	_	_
altra	altro	DS	O	_	_
volta	volta	SS	O	_	_
d’	di	E	O	_	_
illustrare	illustrare	VF	O	_	_
il	il	RS	O	_	_
funambolismo	funambolismo	SS	O	_	_
dei	di/det	EP	O	_	_
bolzanini	bolzanino	SP	O	_	_
ed	ed	C	O	_	_
in	in	E	O	_	_
modo	modo	SS	O	_	_
particolare	particolare	AS	O	_	_
del	di/det	ES	O	_	_
loro	loro	DP	O	_	_
deputato	deputato	SS	O	_	_
dietale	dietale	AS	O	_	_
nella	in/det	ES	O	_	_
questione	questione	SS	O	_	_
fiemmese	fiemmese	AS	O	_	_
,	comma	XPW	O	_	_
e	e	C	O	_	_
ci	ci	PP	O	_	_
è	essere	VIY	O	_	_
anche	anche	C	O	_	_
riuscito	riuscire	VSP	O	_	_
di	di	E	O	_	_
cogliere	cogliere	VF	O	_	_
il	il	RS	O	_	_
signor	signore	SS	O	_	_
Walther	walther	SPN	PER	_	_
nelle	in/det	EP	O	_	_
più	più	B	O	_	_
gravi	grave	AP	O	_	_
contradizioni	contradizioni	SP	O	_	_
.	.	XPS	O	_	_

Ma	ma	C	O	_	_
ieri	ieri	B	O	_	_
quella	quello	DS	O	_	_
faccia	faccia	SS	O	_	_
di	di	E	O	_	_
galantuomo	galantuomo	SS	O	_	_
si	rifl	PN	O	_	_
piglia	pigliare	VI	O	_	_
il	il	RS	O	_	_
resto	resto	SS	O	_	_
del	di/det	ES	O	_	_
Carlino	carlino	SPN	O	_	_
in	in	E	O	_	_
un	uno	RS	O	_	_
lungo	lungo	AS	O	_	_
articolo	articolo	SS	O	_	_
di	di	E	O	_	_
quasi	quasi	B	O	_	_
9	9	N	O	_	_
colonne	colonna	SP	O	_	_
,	comma	XPW	O	_	_
scritto	scrivere	VSP	O	_	_
e	e	C	O	_	_
firmato	firmare	VSP	O	_	_
dall’	da/det	ES	O	_	_
on	on	SN	O	_	_
.	.	XPS	O	_	_

Schöpfer	schöpfer	SPN	O	_	_
e	e	C	O	_	_
pubblicato	pubblicare	VSP	O	_	_
dai	da/det	EP	O	_	_
due	due	N	O	_	_
fogli	foglio	SP	O	_	_
cristiano-sociali	cristiano-sociali	AP	O	_	_
Tiroler	tiroler	SPN	O	_	_
e	e	C	O	_	_
Anzeiger	anzeiger	SPN	O	_	_
.	.	XPS	O	_	_

Al	a/det	ES	O	_	_
corifeo	corifeo	SS	O	_	_
cristiano-sociale	cristiano-sociale	AS	O	_	_
è	essere	VI	O	_	_
finalmente	finalmente	B	O	_	_
scappata	scappare	VSP	O	_	_
la	il	RS	O	_	_
pazienza	pazienza	SS	O	_	_
e	e	C	O	_	_
giacchè	giacchè	VI	O	_	_
il	il	RS	O	_	_
Walther	walther	SPN	PER	_	_
ha	avere	VIY	O	_	_
avuto	avere	VSP	O	_	_
la	il	RS	O	_	_
tolla	tolla	SS	O	_	_
di	di	E	O	_	_
rinfacciare	rinfacciare	VF	O	_	_
incoerenza	incoerenza	SS	O	_	_
e	e	C	O	_	_
mancanza	mancanza	SS	O	_	_
di	di	E	O	_	_
galantomenismo	galantomenismo	SS	O	_	_
ad	ad	E	O	_	_
altri	altro	PP	O	_	_
,	comma	XPW	O	_	_
l’	l’	PS	O	_	_
on	on	PN	O	_	_
.	.	XPS	O	_	_

Schöpfer	schöpfer	SPN	O	_	_
,	comma	XPW	O	_	_
il	il	RS	O	_	_
quale	quale	PS	O	_	_
oltre	oltre	E	O	_	_
di	di	E	O	_	_
una	uno	RS	O	_	_
buona	buono	AS	O	_	_
memoria	memoria	SS	O	_	_
dispone	disporre	VI	O	_	_
di	di	E	O	_	_
assicurati	assicurato	SP	O	_	_
punti	pungere	VPP	O	_	_
stenografici	stenografico	AP	O	_	_
s’	s’	PN	O	_	_
è	essere	VIY	O	_	_
dato	dare	VSP	O	_	_
cura	cura	SS	O	_	_
d’	di	E	O	_	_
illustrare	illustrare	VF	O	_	_
tutte	tutto	DP	O	_	_
le	il	RP	O	_	_
fasi	fase	SP	O	_	_
del	di/det	ES	O	_	_
compromesso	compromesso	SS	O	_	_
bolzanino	bolzanino	AS	O	_	_
fissando	fissare	VG	O	_	_
le	il	RP	O	_	_
varie	varie	SP	O	_	_
vesti	veste	SP	O	_	_
del	di/det	ES	O	_	_
camaleontismo	camaleontismo	SS	O	_	_
tedesco-liberale	tedesco-liberale	AS	O	_	_
e	e	C	O	_	_
in	in	E	O	_	_
specie	specie	SN	O	_	_
,	comma	XPW	O	_	_
dell’	di/det	ES	O	_	_
on	on	SN	O	_	_
.	.	XPS	O	_	_

Willi	willi	SPN	PER	_	_
.	.	XPS	O	_	_

Noi	noi	PP	O	_	_
non	non	B	O	_	_
tradurremo	tradurre	VI	O	_	_
tutta	tutto	DS	O	_	_
codesta	codesto	DS	O	_	_
storia	storia	SS	O	_	_
documentata	documentare	VSP	O	_	_
chè	chè	SS	O	_	_
non	non	B	O	_	_
sarebbe	essere	VI	O	_	_
facile	facile	AS	O	_	_
impresa	impresa	SS	O	_	_
,	comma	XPW	O	_	_
ma	ma	C	O	_	_
sulla	su/det	ES	O	_	_
scorta	scorta	SS	O	_	_
del	di/det	ES	O	_	_
prof.	prof.	SS	O	_	_
Schöpfer	schöpfer	SPN	PER	_	_
,	comma	XPW	O	_	_
riassumeremo	riassumere	VI	O	_	_
le	il	RP	O	_	_
singole	singolo	AP	O	_	_
fasi	fase	SP	O	_	_
,	comma	XPW	O	_	_
tanto	tanto	B	O	_	_
da	da	E	O	_	_
stabilire	stabilire	VF	O	_	_
l’	il	RS	O	_	_
evoluzioni	evoluzione	SP	O	_	_
più	più	B	O	_	_
notevoli	notevole	AP	O	_	_
di	di	E	O	_	_
un	uno	RS	O	_	_
arlecchino	arlecchino	SS	O	_	_
politico	politico	AS	O	_	_
che	che	CCHE	O	_	_
,	comma	XPW	O	_	_
a	a	E	O	_	_
sipario	sipario	SS	O	_	_
calato	calare	VSP	O	_	_
,	comma	XPW	O	_	_
s’	s’	PN	O	_	_
è	essere	VIY	O	_	_
permesso	permettere	VSP	O	_	_
di	di	E	O	_	_
pronunciare	pronunciare	VF	O	_	_
l’	il	RS	O	_	_
epilogo	epilogo	SS	O	_	_
in	in	E	O	_	_
tono	tono	SS	O	_	_
d’	di	E	O	_	_
Aristarco	aristarco	SPN	PER	_	_
.	.	XPS	O	_	_

ATTO	atto	SS	O	_	_
I	il	RP	O	_	_
Agosto	agosto	SPN	O	_	_
1909	1909	N	O	_	_
.	.	XPS	O	_	_

Sala	sala	SS	O	_	_
municipale	municipale	AS	O	_	_
di	di	E	O	_	_
Bolzano	bolzano	SPN	GPE	46.4981125	11.3547801
.	.	XPS	O	_	_

Sotto	sotto	E	O	_	_
la	il	RS	O	_	_
presidenza	presidenza	SS	O	_	_
del	di/det	ES	O	_	_
luogotenente	luogotenente	SS	O	_	_
,	comma	XPW	O	_	_
presenti	presente	AP	O	_	_
deputati	deputato	SP	O	_	_
italiani	italiano	AP	O	_	_
e	e	C	O	_	_
tedeschi	tedesco	AP	O	_	_
,	comma	XPW	O	_	_
i	il	RP	O	_	_
rappresentanti	rappresentante	SP	O	_	_
di	di	E	O	_	_
Trento	trento	SPN	GPE	46.0664228	11.1257601
e	e	C	O	_	_
di	di	E	O	_	_
Bolzano	bolzano	SPN	GPE	46.4981125	11.3547801
,	comma	XPW	O	_	_
si	rifl	PN	O	_	_
conchiude	conchiude	VI	O	_	_
il	il	RS	O	_	_
compromesso	compromesso	SS	O	_	_
fiemmese	fiemmese	AS	O	_	_
.	.	XPS	O	_	_

Il	il	RS	O	_	_
D.r	d.r	YA	O	_	_
Willi	willi	SPN	O	_	_
,	comma	XPW	O	_	_
quale	quale	PS	O	_	_
deputato	deputare	VSP	O	_	_
di	di	E	O	_	_
Bolzano	bolzano	SPN	GPE	46.4981125	11.3547801
e	e	C	O	_	_
segretario	segretario	SS	O	_	_
della	di/det	ES	O	_	_
camera	camera	SS	O	_	_
di	di	E	O	_	_
commercio	commercio	SS	O	_	_
vi	vi	B	O	_	_
aderisce	aderire	VI	O	_	_
espressamente	espressamente	B	O	_	_
,	comma	XPW	O	_	_
aggiungendo	aggiungere	VG	O	_	_
solo	solo	B	O	_	_
la	il	RS	O	_	_
riserva	riserva	SS	O	_	_
ch’	che	CCHE	O	_	_
egli	egli	PS	O	_	_
preferirebbe	preferire	VI	O	_	_
che	che	CCHE	O	_	_
la	il	RS	O	_	_
linea	linea	SS	O	_	_
di	di	E	O	_	_
S.	s.	YA	O	_	_
Lugano	lugano	SPN	GPE	46.0050102	8.9520281
partisse	partire	VI	O	_	_
non	non	B	O	_	_
da	da	E	O	_	_
Egna	egna	SPN	GPE	46.3169161	11.2725698
,	comma	XPW	O	_	_
ma	ma	C	O	_	_
da	da	E	O	_	_
Ora	ora	SPN	GPE	46.34687	11.29747
.	.	XPS	O	_	_

ATTO	atto	SS	O	_	_
II	ii	N	O	_	_
Il	il	RS	O	_	_
sottocomitato	sottocomitato	SS	O	_	_
eletto	eleggere	VSP	O	_	_
nella	in/det	ES	O	_	_
prima	primo	AS	O	_	_
propone	propone	SS	O	_	_
ad	ad	E	O	_	_
una	uno	RS	O	_	_
seconda	secondo	AS	O	_	_
adunanza	adunanza	SS	O	_	_
plenaria	plenario	AS	O	_	_
nel	in/det	ES	O	_	_
Municipio	municipio	SS	O	_	_
di	di	E	O	_	_
Bolzano	bolzano	SPN	GPE	46.4981125	11.3547801
il	il	RS	O	_	_
noto	noto	AS	O	_	_
piano	piano	SS	O	_	_
di	di	E	O	_	_
finanziazione	finanziazione	SS	O	_	_
della	di/det	ES	O	_	_
ferrovia	ferrovia	SS	O	_	_
del	di/det	ES	O	_	_
compromesso	compromesso	SS	O	_	_
.	.	XPS	O	_	_

In	in	E	O	_	_
questa	questo	DS	O	_	_
seconda	secondo	AS	O	_	_
adunanza	adunanza	SS	O	_	_
l’	l’	PS	O	_	_
on	on	PN	O	_	_
.	.	XPS	O	_	_

Willi	willi	SPN	PER	_	_
ha	avere	VIY	O	_	_
già	già	B	O	_	_
mutato	mutare	VSP	O	_	_
parere	parere	SS	O	_	_
e	e	C	O	_	_
cerca	cercare	VI	O	_	_
di	di	E	O	_	_
indebolire	indebolire	VF	O	_	_
con	con	E	O	_	_
reticenze	reticenza	SP	O	_	_
l’	il	RS	O	_	_
impegno	impegno	SS	O	_	_
preso	preso	AS	O	_	_
.	.	XPS	O	_	_

Il	il	RS	O	_	_
podestà	podestà	SN	O	_	_
D.r	d.r	YA	O	_	_
Perathoner	perathoner	SPN	O	_	_
,	comma	XPW	O	_	_
il	il	RS	O	_	_
quale	quale	PS	O	_	_
ha	avere	VIY	O	_	_
subodorato	subodorare	VSP	O	_	_
che	che	CCHE	O	_	_
il	il	RS	O	_	_
Walther	walther	SPN	PER	_	_
tenterebbe	tentare	VI	O	_	_
di	di	E	O	_	_
rinnegare	rinnegare	VF	O	_	_
la	il	RS	O	_	_
parola	parola	SS	O	_	_
data	dare	VSP	O	_	_
,	comma	XPW	O	_	_
non	non	B	O	_	_
interviene	intervenire	VI	O	_	_
alla	a/det	ES	O	_	_
seduta	seduta	SS	O	_	_
e	e	C	O	_	_
si	rifl	PN	O	_	_
richiude	richiudere	VI	O	_	_
al	a/det	ES	O	_	_
primo	primo	AS	O	_	_
piano	piano	SS	O	_	_
del	di/det	ES	O	_	_
suo	suo	DS	O	_	_
Municipio	municipio	SS	O	_	_
.	.	XPS	O	_	_

Evidentemente	evidentemente	B	O	_	_
non	non	B	O	_	_
vuole	volere	VI	O	_	_
partecipare	partecipare	VF	O	_	_
a	a	E	O	_	_
una	uno	RS	O	_	_
così	così	B	O	_	_
fatta	fare	VSP	O	_	_
dimostrazione	dimostrazione	SS	O	_	_
di	di	E	O	_	_
fides	fides	SS	O	_	_
graeca	graeca	AS	O	_	_
.	.	XPS	O	_	_

Nella	in/det	ES	O	_	_
stessa	stesso	DS	O	_	_
sessione	sessione	SS	O	_	_
,	comma	XPW	O	_	_
il	il	RS	O	_	_
collega	collega	SS	O	_	_
dell’	di/det	ES	O	_	_
on	on	SN	O	_	_
.	.	XPS	O	_	_

Walther	walther	SPN	PER	_	_
,	comma	XPW	O	_	_
il	il	RS	O	_	_
D.r	d.r	YA	O	_	_
Christomannos	christomannos	SPN	O	_	_
,	comma	XPW	O	_	_
ora	ora	B	O	_	_
defunto	defunto	AS	O	_	_
,	comma	XPW	O	_	_
avanzò	avanzare	VI	O	_	_
la	il	RS	O	_	_
seguente	seguente	SS	O	_	_
proposta	proposta	SS	O	_	_
:	:	XPS	O	_	_
si	rifl	PN	O	_	_
costruissero	costruire	VI	O	_	_
per	per	E	O	_	_
ora	ora	B	O	_	_
due	due	N	O	_	_
linee	linea	SP	O	_	_
,	comma	XPW	O	_	_
cioè	cioe`	B	O	_	_
quella	quello	PS	O	_	_
di	di	E	O	_	_
S.	s.	YA	O	_	_
Lugano	lugano	SPN	GPE	46.0050102	8.9520281
da	da	E	O	_	_
una	uno	RS	O	_	_
parte	parte	SS	O	_	_
e	e	C	O	_	_
dall’	da/det	ES	O	_	_
altra	altro	PS	O	_	_
una	uno	RS	O	_	_
linea	linea	SS	O	_	_
di	di	E	O	_	_
Val	val	SPN	O	_	_
di	di	E	O	_	_
Cembra	cembra	SPN	O	_	_
che	che	CCHE	O	_	_
andasse	andare	VI	O	_	_
da	da	E	O	_	_
Lavis	lavis	SPN	GPE	46.1397416	11.1102267
fino	fino	E	O	_	_
a	a	E	O	_	_
Grumes	grumes	SPN	GPE	46.2208416	11.29408
,	comma	XPW	O	_	_
aggiungendo	aggiungere	VG	O	_	_
che	che	CCHE	O	_	_
in	in	E	O	_	_
un	uno	RS	O	_	_
tempo	tempo	SS	O	_	_
posteriore	posteriore	AS	O	_	_
si	rifl	PN	O	_	_
potrebbe	potere	VI	O	_	_
aggiungere	aggiungere	VF	O	_	_
la	il	RS	O	_	_
continuazione	continuazione	SS	O	_	_
da	da	E	O	_	_
Grumes	grumes	SPN	GPE	46.2208416	11.29408
fino	fino	E	O	_	_
a	a	E	O	_	_
Cavalese	cavalese	SPN	GPE	46.2912	11.4604332
.	.	XPS	O	_	_

Il	il	RS	O	_	_
D.r	d.r	YA	O	_	_
Willi	willi	SPN	O	_	_
non	non	B	O	_	_
sollevò	sollevare	VI	O	_	_
alcuna	alcuno	DS	O	_	_
eccezione	eccezione	SS	O	_	_
contro	contro	E	O	_	_
la	il	RS	O	_	_
proposta	proposta	SS	O	_	_
del	di/det	ES	O	_	_
suo	suo	DS	O	_	_
consenziente	consenziente	SS	O	_	_
.	.	XPS	O	_	_

ATTO	atto	SPN	O	_	_
III	iii	N	O	_	_
Il	il	RS	O	_	_
podestà	podestà	SN	O	_	_
di	di	E	O	_	_
Bolzano	bolzano	SPN	GPE	46.4981125	11.3547801
,	comma	XPW	O	_	_
assieme	assieme	E	O	_	_
a	a	E	O	_	_
quello	quello	PS	O	_	_
di	di	E	O	_	_
Trento	trento	SPN	GPE	46.0664228	11.1257601
,	comma	XPW	O	_	_
consegna	consegna	SS	O	_	_
all’	a/det	ES	O	_	_
imperatore	imperatore	SS	O	_	_
una	uno	RS	O	_	_
supplica	supplica	SS	O	_	_
maiestatica	maiestatico	AS	O	_	_
,	comma	XPW	O	_	_
nella	in/det	ES	O	_	_
quale	quale	PS	O	_	_
si	rifl	PN	O	_	_
chiede	chiedere	VI	O	_	_
l’	il	RS	O	_	_
aiuto	aiuto	SS	O	_	_
dello	di/det	ES	O	_	_
Stato	stato	SS	O	_	_
per	per	E	O	_	_
la	il	RS	O	_	_
pacifica	pacifica	SS	O	_	_
opera	opera	SS	O	_	_
del	di/det	ES	O	_	_
compromesso	compromesso	SS	O	_	_
fiemmese	fiemmese	AS	O	_	_
.	.	XPS	O	_	_

Nello	in/det	ES	O	_	_
stesso	stesso	DS	O	_	_
tempo	tempo	SS	O	_	_
la	il	RS	O	_	_
Camera	camera	SS	O	_	_
di	di	E	O	_	_
Commercio	commercio	SS	O	_	_
di	di	E	O	_	_
Bolzano	bolzano	SPN	GPE	46.4981125	11.3547801
fa	fare	VI	O	_	_
voti	voto	SP	O	_	_
che	che	CCHE	O	_	_
il	il	RS	O	_	_
compromesso	compromesso	SS	O	_	_
venga	venire	VIY	O	_	_
eseguito	eseguire	VSP	O	_	_
,	comma	XPW	O	_	_
perché	perché	C	O	_	_
così	così	B	O	_	_
verranno	venire	VIY	O	_	_
aperte	aprire	VPP	O	_	_
al	a/det	ES	O	_	_
commercio	commercio	SS	O	_	_
due	due	N	O	_	_
fertili	fertile	AP	O	_	_
regioni	regione	SP	O	_	_
.	.	XPS	O	_	_

Segretario	segretario	SS	O	_	_
della	di/det	ES	O	_	_
Camera	camera	SS	O	_	_
di	di	E	O	_	_
Commercio	commercio	SPN	O	_	_
è	essere	VI	O	_	_
.	.	XPS	O	_	_

.	.	XPS	O	_	_

.	.	XPS	O	_	_

l’	l’	PS	O	_	_
on	on	B	O	_	_
.	.	XPS	O	_	_

D.r	d.r	YA	O	_	_
Willi	willi	SPN	O	_	_
v.	v.	YA	O	_	_
Walther	walther	SPN	O	_	_
"!"	esclamation_mark	XPS	O	_	_

Intermezzo	intermezzo	SPN	O	_	_
Nell’	in/det	ES	O	_	_
intermezzo	intermezzo	SS	O	_	_
la	il	RS	O	_	_
figura	figura	SS	O	_	_
del	di/det	ES	O	_	_
Walther	walther	SPN	PER	_	_
appare	apparire	VI	O	_	_
e	e	C	O	_	_
scompare	scomparire	VI	O	_	_
dietro	dietro	E	O	_	_
le	il	RP	O	_	_
ditte	ditta	SP	O	_	_
ufficiali	ufficiale	AP	O	_	_
:	:	XPS	O	_	_
camera	camera	SS	O	_	_
di	di	E	O	_	_
commercio	commercio	SS	O	_	_
,	comma	XPW	O	_	_
municipio	municipio	SS	O	_	_
di	di	E	O	_	_
Bolzano	bolzano	SPN	GPE	46.4981125	11.3547801
,	comma	XPW	O	_	_
concorso	concorrere	VSP	O	_	_
forestieri	forestiero	SP	O	_	_
.	.	XPS	O	_	_

Ma	ma	C	O	_	_
certo	certo	B	O	_	_
è	essere	VI	O	_	_
ch’	che	CCHE	O	_	_
egli	egli	PS	O	_	_
seppe	sapere	VI	O	_	_
della	di/det	ES	O	_	_
proposta	proposta	SS	O	_	_
sussurrata	sussurrare	VSP	O	_	_
dal	da/det	ES	O	_	_
D.r	d.r	YA	O	_	_
Christomannos	christomannos	SPN	O	_	_
negli	in/det	EP	O	_	_
orecchi	orecchio	SP	O	_	_
degli	di/det	EP	O	_	_
italiani	italiano	SP	O	_	_
:	:	XPS	O	_	_
appoggiateci	appoggiateci	VI	O	_	_
nella	in/det	ES	O	_	_
ferrovia	ferrovia	SS	O	_	_
della	di/det	ES	O	_	_
Bufalora	bufalora	SPN	O	_	_
e	e	C	O	_	_
noi	noi	PP	O	_	_
appoggeremo	appoggiare	VI	O	_	_
con	con	E	O	_	_
tutte	tutto	DP	O	_	_
le	il	RP	O	_	_
forze	forza	SP	O	_	_
il	il	RS	O	_	_
compromesso	compromesso	SS	O	_	_
fiemmese	fiemmese	AS	O	_	_
.	.	XPS	O	_	_

La	il	RS	O	_	_
ferrovia	ferrovia	SS	O	_	_
della	di/det	ES	O	_	_
Bufalora	bufalora	SPN	O	_	_
(	open_parenthesis	XPB	O	_	_
congiunzione	congiunzione	SS	O	_	_
della	di/det	ES	O	_	_
Venosta	venosta	SPN	O	_	_
colla	con/det	ES	O	_	_
Svizzera	svizzera	SPN	GPE	46.7985624	8.2319736
)	close_parenthesis	XPB	O	_	_
è	essere	VI	O	_	_
un	uno	RS	O	_	_
punto	punto	SS	O	_	_
di	di	E	O	_	_
contesa	contesa	SS	O	_	_
fra	fra	E	O	_	_
i	il	RP	O	_	_
tedeschi	tedesco	SP	O	_	_
stessi	stesso	AP	O	_	_
,	comma	XPW	O	_	_
parte	parte	SS	O	_	_
dei	di/det	EP	O	_	_
quali	quale	PP	O	_	_
vorrebbero	volere	VI	O	_	_
la	il	RS	O	_	_
congiunzione	congiunzione	SS	O	_	_
dell’	di/det	ES	O	_	_
Engadina	engadina	SPN	O	_	_
.	.	XPS	O	_	_

I	il	RP	O	_	_
bolzanini	bolzanino	SP	O	_	_
erano	essere	VI	O	_	_
pronti	pronto	AP	O	_	_
insomma	insomma	C	O	_	_
a	a	E	O	_	_
tradire	tradire	VF	O	_	_
parte	parte	SS	O	_	_
dei	di/det	EP	O	_	_
propri	proprio	DP	O	_	_
connazionali	connazionale	SP	O	_	_
,	comma	XPW	O	_	_
quando	quando	CADV	O	_	_
gli	il	RP	O	_	_
italiani	italiano	SP	O	_	_
li	li	PP	O	_	_
avessero	avere	VIY	O	_	_
aiutati	aiutare	VPP	O	_	_
.	.	XPS	O	_	_

Durante	durante	E	O	_	_
quest’	questo	DS	O	_	_
intermezzo	intermezzo	SS	O	_	_
la	il	RS	O	_	_
camera	camera	SS	O	_	_
di	di	E	O	_	_
commercio	commercio	SS	O	_	_
di	di	E	O	_	_
Bolzano	bolzano	SPN	GPE	46.4981125	11.3547801
,	comma	XPW	O	_	_
di	di	E	O	_	_
cui	cui	PN	O	_	_
Willi	willi	SPN	PER	_	_
è	essere	VI	O	_	_
segretario	segretario	SS	O	_	_
,	comma	XPW	O	_	_
manda	mandare	VI	O	_	_
alla	a/det	ES	O	_	_
Comunità	comunità	SN	O	_	_
generale	generale	AS	O	_	_
le	il	RP	O	_	_
note	nota	SP	O	_	_
lettere	lettere	AP	O	_	_
nelle	in/det	EP	O	_	_
quali	quale	PP	O	_	_
tenta	tentare	VI	O	_	_
di	di	E	O	_	_
distorre	distorre	VF	O	_	_
i	il	RP	O	_	_
fiemmazzi	fiemmazzi	SP	O	_	_
dal	da/det	ES	O	_	_
compromesso	compromesso	SS	O	_	_
.	.	XPS	O	_	_

Il	il	RS	O	_	_
prof.	prof.	SS	O	_	_
Schöpfer	schöpfer	SPN	PER	_	_
,	comma	XPW	O	_	_
se	se	C	O	_	_
crede	credere	VI	O	_	_
,	comma	XPW	O	_	_
troverà	trovare	VI	O	_	_
quest’	questo	DS	O	_	_
altra	altro	DS	O	_	_
evoluzione	evoluzione	SS	O	_	_
proteistica	proteistica	AS	O	_	_
del	di/det	ES	O	_	_
bolzanino	bolzanino	SS	O	_	_
,	comma	XPW	O	_	_
documentata	documentare	VSP	O	_	_
nella	in/det	ES	O	_	_
raccolta	raccolta	SS	O	_	_
del	di/det	ES	O	_	_
nostro	nostro	DS	O	_	_
giornale	giornale	SS	O	_	_
.	.	XPS	O	_	_

ATTO	atto	SS	O	_	_
IV	iv	N	O	_	_
Dicembre	dicembre	SPN	O	_	_
1911	1911	N	O	_	_
.	.	XPS	O	_	_

Sale	salire	VI	O	_	_
del	di/det	ES	O	_	_
Parlamento	parlamento	SS	O	_	_
.	.	XPS	O	_	_

Sono	essere	VIY	O	_	_
convocate	convocare	VPP	O	_	_
le	il	RP	O	_	_
note	noto	AP	O	_	_
conferenze	conferenza	SP	O	_	_
italo-tedesche	italo-tedesche	AP	O	_	_
presenti	presente	AP	O	_	_
,	comma	XPW	O	_	_
oltre	oltre	E	O	_	_
i	il	RP	O	_	_
deputati	deputato	SP	O	_	_
,	comma	XPW	O	_	_
Tambosi	tambosi	SPN	PER	_	_
,	comma	XPW	O	_	_
Perathoner	perathoner	SPN	PER	_	_
e	e	C	O	_	_
Kerschbaumer	kerschbaumer	SPN	PER	_	_
,	comma	XPW	O	_	_
presidente	presidente	SS	O	_	_
della	di/det	ES	O	_	_
Camera	camera	SS	O	_	_
di	di	E	O	_	_
commercio	commercio	SS	O	_	_
.	.	XPS	O	_	_

Ad	ad	E	O	_	_
unanimità	unanimità	SN	O	_	_
,	comma	XPW	O	_	_
compreso	comprendere	VSP	O	_	_
l’	il	RS	O	_	_
on	on	SN	O	_	_
.	.	XPS	O	_	_

Walther	walther	SPN	PER	_	_
,	comma	XPW	O	_	_
si	rifl	PN	O	_	_
decide	decidere	VI	O	_	_
di	di	E	O	_	_
presentare	presentare	VF	O	_	_
al	a/det	ES	O	_	_
governo	governo	SS	O	_	_
la	il	RS	O	_	_
proposta	proposta	SS	O	_	_
di	di	E	O	_	_
costruire	costruire	VF	O	_	_
per	per	E	O	_	_
ora	ora	B	O	_	_
la	il	RS	O	_	_
ferrovia	ferrovia	SS	O	_	_
di	di	E	O	_	_
S.	s.	YA	O	_	_
Lugano	lugano	SPN	GPE	46.0050102	8.9520281
e	e	C	O	_	_
di	di	E	O	_	_
Lavis	lavis	SPN	GPE	46.1397416	11.1102267
-	-	XPO	O	_	_
Grumes	grumes	SPN	GPE	46.2208416	11.29408
e	e	C	O	_	_
di	di	E	O	_	_
fissare	fissare	VF	O	_	_
per	per	E	O	_	_
legge	legge	SS	O	_	_
la	il	RS	O	_	_
continuazione	continuazione	SS	O	_	_
da	da	E	O	_	_
Grumes	grumes	SPN	GPE	46.2208416	11.29408
a	a	E	O	_	_
Cavalese	cavalese	SPN	GPE	46.2912	11.4604332
entro	entro	E	O	_	_
cinque	cinque	N	O	_	_
anni	anno	SP	O	_	_
.	.	XPS	O	_	_

La	il	RS	O	_	_
proposta	proposta	SS	O	_	_
venne	venire	VIY	O	_	_
propugnata	propugnare	VSP	O	_	_
innanzi	innanzi	E	O	_	_
al	a/det	ES	O	_	_
presidente	presidente	SS	O	_	_
dei	di/det	EP	O	_	_
ministri	ministro	SP	O	_	_
ed	ed	C	O	_	_
al	a/det	ES	O	_	_
ministro	ministro	SS	O	_	_
delle	di/det	EP	O	_	_
ferrovie	ferrovia	SP	O	_	_
da	da	E	O	_	_
un	uno	RS	O	_	_
comitato	comitato	SS	O	_	_
misto	misto	AS	O	_	_
,	comma	XPW	O	_	_
al	a/det	ES	O	_	_
quale	quale	PS	O	_	_
partecipò	partecipare	VI	O	_	_
anche	anche	C	O	_	_
l’	il	RS	O	_	_
on	on	B	O	_	_
.	.	XPS	O	_	_

Walther	walther	SPN	PER	_	_
.	.	XPS	O	_	_

Questi	questo	DP	O	_	_
prese	presa	SP	O	_	_
anzi	anzi	C	O	_	_
parola	parola	SS	O	_	_
,	comma	XPW	O	_	_
aderì	aderire	VI	O	_	_
ai	a/det	EP	O	_	_
due	due	N	O	_	_
oratori	oratorio	SP	O	_	_
precedenti	precedente	AP	O	_	_
Schraffl	schraffl	SPN	O	_	_
e	e	C	O	_	_
Gentili	gentili	SPN	PER	_	_
,	comma	XPW	O	_	_
aggiungendo	aggiungere	VG	O	_	_
:	:	XPS	O	_	_
«	«	XPO	O	_	_
Noi	noi	PP	O	_	_
saluteremmo	salutare	VI	O	_	_
con	con	E	O	_	_
piacere	piacere	VF	O	_	_
che	che	CCHE	O	_	_
con	con	E	O	_	_
una	uno	RS	O	_	_
soluzione	soluzione	SS	O	_	_
corrispondente	corrispondente	AS	O	_	_
fosse	essere	VI	O	_	_
sciolta	sciogliere	VSP	O	_	_
la	il	RS	O	_	_
questione	questione	SS	O	_	_
nel	in/det	ES	O	_	_
senso	senso	SS	O	_	_
che	che	CCHE	O	_	_
venissero	venire	VIY	O	_	_
costruite	costruire	VPP	O	_	_
entrambe	entrambe	VI	O	_	_
le	il	RP	O	_	_
congiunzioni	congiunzione	SP	O	_	_
»	»	XPO	O	_	_
.	.	XPS	O	_	_

Così	così	B	O	_	_
Walther	walther	SPN	PER	_	_
si	rifl	PN	O	_	_
poneva	porre	VI	O	_	_
di	di	E	O	_	_
nuovo	nuovo	AS	O	_	_
sul	su/det	ES	O	_	_
terreno	terreno	SS	O	_	_
del	di/det	ES	O	_	_
compromesso	compromesso	SS	O	_	_
,	comma	XPW	O	_	_
dopo	dopo	E	O	_	_
averlo	avere/pro	VF+E	O	_	_
parecchie	parecchio	AP	O	_	_
volte	volta	SP	O	_	_
rinnegato	rinnegare	VSP	O	_	_
.	.	XPS	O	_	_

Egli	egli	PS	O	_	_
era	essere	VI	O	_	_
non	non	B	O	_	_
soltanto	soltanto	B	O	_	_
per	per	E	O	_	_
l’	il	RS	O	_	_
immediata	immediato	AS	O	_	_
costruzione	costruzione	SS	O	_	_
della	di/det	ES	O	_	_
Lavis	lavis	SPN	GPE	46.1397416	11.1102267
-	-	XPO	O	_	_
Grumes	grumes	SPN	GPE	46.2208416	11.29408
,	comma	XPW	O	_	_
ma	ma	C	O	_	_
anche	anche	C	O	_	_
perché	perché	C	O	_	_
nella	in/det	ES	O	_	_
legge	legge	SS	O	_	_
venisse	venire	VIY	O	_	_
assicurata	assicurare	VSP	O	_	_
la	il	RS	O	_	_
continuazione	continuazione	SS	O	_	_
fino	fino	E	O	_	_
a	a	E	O	_	_
Cavalese	cavalese	SPN	GPE	46.2912	11.4604332
.	.	XPS	O	_	_

ATTO	atto	SS	O	_	_
V	v	SPN	O	_	_
Dieta	dieta	SPN	O	_	_
tirolese	tirolese	AS	O	_	_
.	.	XPS	O	_	_

Il	il	RS	O	_	_
governo	governo	SS	O	_	_
in	in	E	O	_	_
una	uno	RS	O	_	_
nota	nota	SS	O	_	_
alla	a/det	ES	O	_	_
luogotenenza	luogotenenza	SS	O	_	_
dichiara	dichiarare	VI	O	_	_
che	che	CCHE	O	_	_
il	il	RS	O	_	_
compromesso	compromesso	SS	O	_	_
per	per	E	O	_	_
riguardi	riguardo	SP	O	_	_
fiinanziari	fiinanziari	AP	O	_	_
viene	venire	VIY	O	_	_
respinto	respingere	VSP	O	_	_
.	.	XPS	O	_	_

Allora	allora	C	O	_	_
nella	in/det	ES	O	_	_
conferenza	conferenza	SS	O	_	_
dei	di/det	EP	O	_	_
capigruppi	capigruppi	SP	O	_	_
viene	venire	VIY	O	_	_
presentata	presentare	VSP	O	_	_
la	il	RS	O	_	_
proposta	proposta	SS	O	_	_
che	che	CCHE	O	_	_
frattanto	frattanto	B	O	_	_
la	il	RS	O	_	_
provincia	provincia	SS	O	_	_
per	per	E	O	_	_
conto	conto	SS	O	_	_
suo	suo	DS	O	_	_
sovvenzioni	sovvenzione	SP	O	_	_
la	il	RS	O	_	_
linea	linea	SS	O	_	_
di	di	E	O	_	_
Egna	egna	SPN	GPE	46.3169161	11.2725698
e	e	C	O	_	_
dell’	di/det	ES	O	_	_
Avisiana	avisiana	SPN	O	_	_
il	il	RS	O	_	_
tratto	tratto	SS	O	_	_
Lavis	lavis	SPN	GPE	46.1397416	11.1102267
-	-	XPO	O	_	_
Cembra	cembra	SPN	O	_	_
.	.	XPS	O	_	_

La	il	RS	O	_	_
proposta	proposta	SS	O	_	_
era	essere	VIY	O	_	_
stata	essere	VSPY	O	_	_
dichiarata	dichiarare	VSP	O	_	_
discutibile	discutibile	AS	O	_	_
,	comma	XPW	O	_	_
quando	quando	CADV	O	_	_
i	il	RP	O	_	_
rappresentanti	rappresentante	SP	O	_	_
della	di/det	ES	O	_	_
minoranza	minoranza	SS	O	_	_
liberale-conservatrice	liberale-conservatrice	AS	O	_	_
aggiunsero	aggiungere	VI	O	_	_
la	il	RS	O	_	_
pretesa	pretesa	SS	O	_	_
che	che	CCHE	O	_	_
qualora	qualora	B	O	_	_
la	il	RS	O	_	_
ferrovia	ferrovia	SS	O	_	_
avisiana	avisiana	AS	O	_	_
dovesse	dovere	VI	O	_	_
in	in	E	O	_	_
qualunque	qualunque	DS	O	_	_
tempo	tempo	SS	O	_	_
venir	venir	VIY	O	_	_
continuata	continuare	VSP	O	_	_
,	comma	XPW	O	_	_
ciò	ciò`	PS	O	_	_
potesse	potere	VI	O	_	_
accadere	accadere	VF	O	_	_
solo	solo	B	O	_	_
se	se	C	O	_	_
lo	il	RS	O	_	_
stato	stato	SS	O	_	_
si	rifl	PN	O	_	_
obbligasse	obbligare	VI	O	_	_
ad	ad	E	O	_	_
assumere	assumere	VF	O	_	_
al	a/det	ES	O	_	_
valore	valore	SS	O	_	_
nominale	nominale	AS	O	_	_
tutte	tutto	DP	O	_	_
le	il	RP	O	_	_
azioni	azione	SP	O	_	_
investite	investire	VPP	O	_	_
nella	in/det	ES	O	_	_
linea	linea	SS	O	_	_
di	di	E	O	_	_
S.	s.	YA	O	_	_
Lugano	lugano	SPN	GPE	46.0050102	8.9520281
.	.	XPS	O	_	_

Questa	questo	DS	O	_	_
clausola	clausola	SS	O	_	_
(	open_parenthesis	XPB	O	_	_
conclude	concludere	VI	O	_	_
anche	anche	C	O	_	_
il	il	RS	O	_	_
Schöpfer	schöpfer	SPN	O	_	_
)	close_parenthesis	XPB	O	_	_
non	non	B	O	_	_
poteva	potere	VI	O	_	_
avere	avere	VF	O	_	_
altro	altro	DS	O	_	_
scopo	scopo	SS	O	_	_
che	che	CCHE	O	_	_
quello	quello	PS	O	_	_
di	di	E	O	_	_
rendere	rendere	VF	O	_	_
impossibile	impossibile	AS	O	_	_
qualunque	qualunque	DS	O	_	_
accordo	accordo	SS	O	_	_
sulla	su/det	ES	O	_	_
ferrovia	ferrovia	SS	O	_	_
di	di	E	O	_	_
Fiemme	fiemme	SPN	O	_	_
.	.	XPS	O	_	_

Era	essere	VI	O	_	_
chiaro	chiaro	AS	O	_	_
che	che	CCHE	O	_	_
un	uno	RS	O	_	_
impegno	impegno	SS	O	_	_
simile	simile	AS	O	_	_
il	il	RS	O	_	_
governo	governo	SS	O	_	_
non	non	B	O	_	_
l’	l’	PS	O	_	_
avrebbe	avere	VIY	O	_	_
mai	mai	B	O	_	_
potuto	potere	VSP	O	_	_
assumere	assumere	VF	O	_	_
.	.	XPS	O	_	_

Dopo	dopo	E	O	_	_
tutte	tutto	DP	O	_	_
codeste	codesto	DP	O	_	_
evoluzioni	evoluzione	SP	O	_	_
il	il	RS	O	_	_
deputato	deputato	SS	O	_	_
arlecchino	arlecchino	AS	O	_	_
dichiara	dichiarare	VI	O	_	_
nel	in/det	ES	O	_	_
recente	recente	AS	O	_	_
comizio	comizio	SS	O	_	_
elettorale	elettorale	AS	O	_	_
dei	di/det	EP	O	_	_
44	44	N	O	_	_
che	che	CCHE	O	_	_
«	«	XPO	O	_	_
ognuno	ognuno	PS	O	_	_
il	il	RS	O	_	_
quale	quale	PS	O	_	_
ha	avere	VI	O	_	_
un	uno	RS	O	_	_
po’	po’	PN	O	_	_
di	di	E	O	_	_
sale	sale	SS	O	_	_
in	in	E	O	_	_
testa	testa	SS	O	_	_
doveva	dovere	VI	O	_	_
già	già	B	O	_	_
fin	fin	E	O	_	_
dapprincipio	dapprincipio	SS	O	_	_
capire	capire	VF	O	_	_
che	che	CCHE	O	_	_
il	il	RS	O	_	_
governo	governo	SS	O	_	_
non	non	B	O	_	_
costruirà	costruire	VI	O	_	_
mai	mai	B	O	_	_
due	due	N	O	_	_
linee	linea	SP	O	_	_
che	che	CCHE	O	_	_
non	non	B	O	_	_
rendono	rendere	VI	O	_	_
»	»	XPO	O	_	_
ed	ed	C	O	_	_
ha	avere	VI	O	_	_
la	il	RS	O	_	_
mutria	mutria	SS	O	_	_
di	di	E	O	_	_
rinfacciare	rinfacciare	VF	O	_	_
ai	a/det	EP	O	_	_
cristiano-sociali	cristiano-sociali	SP	O	_	_
un	uno	RS	O	_	_
contegno	contegno	SS	O	_	_
vacillante	vacillante	B	O	_	_
.	.	XPS	O	_	_

Non	non	B	O	_	_
solo	solo	B	O	_	_
,	comma	XPW	O	_	_
aggiungiamo	aggiungere	VI	O	_	_
noi	noi	PP	O	_	_
,	comma	XPW	O	_	_
ma	ma	C	O	_	_
ha	avere	VIY	O	_	_
anche	anche	C	O	_	_
il	il	RS	O	_	_
fegato	fegato	SS	O	_	_
di	di	E	O	_	_
apostrofare	apostrofare	VF	O	_	_
di	di	E	O	_	_
nuovo	nuovo	AS	O	_	_
i	il	RP	O	_	_
fiemmazzi	fiemmazzi	SP	O	_	_
e	e	C	O	_	_
di	di	E	O	_	_
offrire	offrire	VF	O	_	_
loro	loro	PP	O	_	_
il	il	RS	O	_	_
suo	suo	DS	O	_	_
appoggio	appoggio	SS	O	_	_
e	e	C	O	_	_
la	il	RS	O	_	_
sua	suo	DS	O	_	_
alleanza	alleanza	SS	O	_	_
"!"	esclamation_mark	XPS	O	_	_

Ma	ma	C	O	_	_
i	il	RP	O	_	_
fiemmesi	fiemmesi	SP	O	_	_
hanno	avere	VIY	O	_	_
già	già	B	O	_	_
risposto	rispondere	VSP	O	_	_
che	che	CCHE	O	_	_
per	per	E	O	_	_
loro	loro	PP	O	_	_
la	il	RS	O	_	_
questione	questione	SS	O	_	_
del	di/det	ES	O	_	_
tram	tram	SS	O	_	_
è	essere	VI	O	_	_
troppo	troppo	B	O	_	_
seria	serio	AS	O	_	_
per	per	E	O	_	_
compromettarla	compromettarla	VF+E	O	_	_
di	di	E	O	_	_
nuovo	nuovo	AS	O	_	_
col	con/det	ES	O	_	_
farne	fare/part	VF+E	O	_	_
il	il	RS	O	_	_
canovaccio	canovaccio	SS	O	_	_
di	di	E	O	_	_
una	uno	RS	O	_	_
rappresentazione	rappresentazione	SS	O	_	_
della	di/det	ES	O	_	_
compagnia	compagnia	SS	O	_	_
marionette	marionetta	SP	O	_	_
«	«	XPO	O	_	_
città	città	SN	O	_	_
di	di	E	O	_	_
Bolzano	bolzano	SPN	GPE	46.4981125	11.3547801
»	»	XPO	O	_	_
.	.	XPS	O	_	_
