# total number of persons:7, total number of gpes:7
Nella	in/det	ES	O	_	_
campagna	campagna	SS	O	_	_
elettorale	elettorale	AS	O	_	_
hanno	avere	VIY	O	_	_
predicato	predicare	VSP	O	_	_
e	e	C	O	_	_
ripetuto	ripetere	VSP	O	_	_
a	a	E	O	_	_
squarciagola	squarciagola	SS	O	_	_
:	:	XPS	O	_	_
La	il	RS	O	_	_
religione	religione	SS	O	_	_
non	non	B	O	_	_
c’	ci	B	O	_	_
entra	entrare	VI	O	_	_
.	.	XPS	O	_	_

Votare	votare	VF	O	_	_
vuol	volere	VI	O	_	_
dire	dire	VF	O	_	_
dichiararsi	dichiarare/rifl	VF+E	O	_	_
per	per	E	O	_	_
le	il	RP	O	_	_
tasse	tassa	SP	O	_	_
o	o	C	O	_	_
contro	contro	E	O	_	_
le	il	RP	O	_	_
tasse	tassa	SP	O	_	_
,	comma	XPW	O	_	_
per	per	E	O	_	_
il	il	RS	O	_	_
militarismo	militarismo	SS	O	_	_
o	o	C	O	_	_
contro	contro	E	O	_	_
il	il	RS	O	_	_
militarismo	militarismo	SS	O	_	_
,	comma	XPW	O	_	_
per	per	E	O	_	_
riforme	riforma	SP	O	_	_
sociali	sociale	AP	O	_	_
o	o	C	O	_	_
contro	contro	E	O	_	_
di	di	E	O	_	_
esse	esse	PP	O	_	_
.	.	XPS	O	_	_

Il	il	RS	O	_	_
resto	resto	SS	O	_	_
non	non	B	O	_	_
c’	ci	B	O	_	_
entra	entrare	VI	O	_	_
.	.	XPS	O	_	_

Noi	noi	PP	O	_	_
abbiamo	avere	VIY	O	_	_
risposto	rispondere	VSP	O	_	_
:	:	XPS	O	_	_
Elettori	elettore	SP	O	_	_
"!"	esclamation_mark	XPS	O	_	_

ricordatevi	ricordatevi	VSP	O	_	_
che	che	CCHE	O	_	_
il	il	RS	O	_	_
voto	voto	SS	O	_	_
ha	avere	VIY	O	_	_
soprattutto	soprattutto	VSP	O	_	_
un	uno	RS	O	_	_
significato	significato	SS	O	_	_
morale	morale	AS	O	_	_
.	.	XPS	O	_	_

Si	rifl	PN	O	_	_
tratta	trattare	VI	O	_	_
della	di/det	ES	O	_	_
concezione	concezione	SS	O	_	_
cristiana	cristiano	AS	O	_	_
della	di/det	ES	O	_	_
vita	vita	SS	O	_	_
,	comma	XPW	O	_	_
si	rifl	PN	O	_	_
tratta	trattare	VI	O	_	_
dell’	di/det	ES	O	_	_
indirizzo	indirizzo	SS	O	_	_
più	più	B	O	_	_
o	o	C	O	_	_
meno	meno	B	O	_	_
cristiano	cristiano	AS	O	_	_
della	di/det	ES	O	_	_
società	società	SN	O	_	_
civile	civile	AS	O	_	_
e	e	C	O	_	_
dei	di/det	EP	O	_	_
rapporti	rapporto	SP	O	_	_
colla	con/det	ES	O	_	_
società	società	SN	O	_	_
religiosa	religioso	AS	O	_	_
,	comma	XPW	O	_	_
cioè	cioe`	B	O	_	_
colla	con/det	ES	O	_	_
Chiesa	chiesa	SS	O	_	_
.	.	XPS	O	_	_

Prima	prima	C	O	_	_
di	di	E	O	_	_
votare	votare	VF	O	_	_
pensate	pensare	VPP	O	_	_
alla	a/det	ES	O	_	_
vostra	vostro	AS	O	_	_
coscienza	coscienza	SS	O	_	_
,	comma	XPW	O	_	_
ascoltate	ascoltare	VPP	O	_	_
la	il	RS	O	_	_
sua	suo	DS	O	_	_
voce	voce	SS	O	_	_
.	.	XPS	O	_	_

Ma	ma	C	O	_	_
i	il	RP	O	_	_
nostri	nostro	DP	O	_	_
avversari	avversario	SP	O	_	_
hanno	avere	VIY	O	_	_
ribattuto	ribattere	VSP	O	_	_
che	che	CCHE	O	_	_
tutto	tutto	DS	O	_	_
questo	questo	PS	O	_	_
era	essere	VI	O	_	_
invenzione	invenzione	SS	O	_	_
,	comma	XPW	O	_	_
uno	uno	PS	O	_	_
sfruttare	sfruttare	VF	O	_	_
da	da	E	O	_	_
parte	parte	SS	O	_	_
nostra	nostro	DS	O	_	_
il	il	RS	O	_	_
sentimento	sentimento	SS	O	_	_
religioso	religioso	AS	O	_	_
.	.	XPS	O	_	_

Chi	chi	CCHI	O	_	_
ha	avere	VIY	O	_	_
avuto	avere	VSP	O	_	_
ragione	ragione	SS	O	_	_
?	?	XPS	O	_	_

Guardate	guardate	SPN	O	_	_
quello	quello	PS	O	_	_
ch’	che	CCHE	O	_	_
è	essere	VIY	O	_	_
accaduto	accadere	VSP	O	_	_
nel	in/det	ES	O	_	_
ballottaggio	ballottaggio	SS	O	_	_
.	.	XPS	O	_	_

Si	rifl	PN	O	_	_
disputavano	disputare	VI	O	_	_
un	uno	RS	O	_	_
numero	numero	SS	O	_	_
considerevole	considerevole	AS	O	_	_
di	di	E	O	_	_
mandati	mandato	SP	O	_	_
.	.	XPS	O	_	_

L’	il	RS	O	_	_
esito	esito	SS	O	_	_
sarebbe	essere	VIY	O	_	_
stato	essere	VSP	O	_	_
decisivo	decisivo	AS	O	_	_
per	per	E	O	_	_
tutta	tutto	DS	O	_	_
l’	il	RS	O	_	_
attività	attività	SN	O	_	_
del	di/det	ES	O	_	_
Parlamento	parlamento	SS	O	_	_
.	.	XPS	O	_	_

Come	come	CADV	O	_	_
si	rifl	PN	O	_	_
formarono	formare	VI	O	_	_
le	il	RP	O	_	_
alleanze	alleanza	SP	O	_	_
?	?	XPS	O	_	_

Forse	forse	B	O	_	_
sulla	su/det	ES	O	_	_
base	base	SS	O	_	_
della	di/det	ES	O	_	_
riforma	riforma	SS	O	_	_
sociale	sociale	AS	O	_	_
,	comma	XPW	O	_	_
della	di/det	ES	O	_	_
riforma	riforma	SS	O	_	_
tributaria	tributario	AS	O	_	_
,	comma	XPW	O	_	_
di	di	E	O	_	_
leggi	leggio	SP	O	_	_
o	o	C	O	_	_
progetti	progetto	SP	O	_	_
economici	economico	AP	O	_	_
?	?	XPS	O	_	_

Guardate	guardate	SPN	O	_	_
a	a	E	O	_	_
Vienna	vienna	SPN	GPE	48.2083537	16.3725042
.	.	XPS	O	_	_

Da	da	E	O	_	_
una	uno	RS	O	_	_
parte	parte	SS	O	_	_
i	il	RP	O	_	_
cristiano-sociali	cristiano-sociali	SP	O	_	_
;	semicolon	XPS	O	_	_

rappresentanti	rappresentante	SP	O	_	_
del	di/det	ES	O	_	_
ceto	ceto	SS	O	_	_
medio	medio	AS	O	_	_
e	e	C	O	_	_
di	di	E	O	_	_
una	uno	RS	O	_	_
minoranza	minoranza	SS	O	_	_
operaia	operaio	AS	O	_	_
,	comma	XPW	O	_	_
propugnatori	propugnatore	SP	O	_	_
della	di/det	ES	O	_	_
riforma	riforma	SS	O	_	_
sociale	sociale	AS	O	_	_
,	comma	XPW	O	_	_
nemici	nemico	SP	O	_	_
della	di/det	ES	O	_	_
Borsa	borsa	SS	O	_	_
,	comma	XPW	O	_	_
dei	di/det	EP	O	_	_
cartelli	cartello	SP	O	_	_
,	comma	XPW	O	_	_
del	di/det	ES	O	_	_
commercio	commercio	SS	O	_	_
intermedio	intermedio	AS	O	_	_
,	comma	XPW	O	_	_
vera	vero	AS	O	_	_
causa	causa	SS	O	_	_
del	di/det	ES	O	_	_
rincaro	rincaro	SS	O	_	_
,	comma	XPW	O	_	_
amanti	amante	SP	O	_	_
della	di/det	ES	O	_	_
democrazia	democrazia	SS	O	_	_
,	comma	XPW	O	_	_
sì	sì	B	O	_	_
che	che	CCHE	O	_	_
a	a	E	O	_	_
loro	loro	PP	O	_	_
in	in	E	O	_	_
gran	grande	AS	O	_	_
parte	parte	SS	O	_	_
si	rifl	PN	O	_	_
deve	dovere	VI	O	_	_
il	il	RS	O	_	_
suffragio	suffragio	SS	O	_	_
universale	universale	AS	O	_	_
,	comma	XPW	O	_	_
fautori	fautore	SP	O	_	_
primi	primo	AP	O	_	_
delle	di/det	EP	O	_	_
leggi	leggio	SP	O	_	_
di	di	E	O	_	_
protezione	protezione	SS	O	_	_
operaia	operaio	AS	O	_	_
e	e	C	O	_	_
dell’	di/det	ES	O	_	_
assicurazione	assicurazione	SS	O	_	_
sociale	sociale	AS	O	_	_
.	.	XPS	O	_	_

Dall’	da/det	ES	O	_	_
altra	altro	PS	O	_	_
i	il	RP	O	_	_
candidati	candidato	SP	O	_	_
dell’	di/det	ES	O	_	_
alta	alto	AS	O	_	_
finanza	finanza	SS	O	_	_
e	e	C	O	_	_
degli	di/det	EP	O	_	_
speculatori	speculatore	SP	O	_	_
,	comma	XPW	O	_	_
i	il	RP	O	_	_
cartellisti	cartellista	SP	O	_	_
del	di/det	ES	O	_	_
ferro	ferro	SS	O	_	_
,	comma	XPW	O	_	_
dello	di/det	ES	O	_	_
zucchero	zucchero	SS	O	_	_
,	comma	XPW	O	_	_
del	di/det	ES	O	_	_
petrolio	petrolio	SS	O	_	_
,	comma	XPW	O	_	_
i	il	RP	O	_	_
monopolizzatori	monopolizzatore	SP	O	_	_
della	di/det	ES	O	_	_
grande	grande	AS	O	_	_
industria	industria	SS	O	_	_
e	e	C	O	_	_
del	di/det	ES	O	_	_
grande	grande	AS	O	_	_
commercio	commercio	SS	O	_	_
,	comma	XPW	O	_	_
i	il	RP	O	_	_
rappresentanti	rappresentante	SP	O	_	_
insomma	insomma	C	O	_	_
più	più	B	O	_	_
genuini	genuini	SP	O	_	_
della	di/det	ES	O	_	_
borghesia	borghesia	SS	O	_	_
grassa	grasso	AS	O	_	_
e	e	C	O	_	_
parassita	parassita	AS	O	_	_
,	comma	XPW	O	_	_
i	il	RP	O	_	_
candidati	candidato	SP	O	_	_
degli	di/det	EP	O	_	_
accumulatori	accumulatore	SP	O	_	_
della	di/det	ES	O	_	_
ricchezza	ricchezza	SS	O	_	_
che	che	CCHE	O	_	_
Bebel	bebel	SPN	O	_	_
disse	dire	VI	O	_	_
con	con	E	O	_	_
frase	frase	SS	O	_	_
felice	felice	AS	O	_	_
:	:	XPS	O	_	_
«	«	XPO	O	_	_
Die	die	SPN	O	_	_
oberen	oberen	VI	O	_	_
Zehntausend	zehntausend	SPN	PER	_	_
»	»	XPO	O	_	_
.	.	XPS	O	_	_

Costoro	costui	PP	O	_	_
tremano	tremare	VI	O	_	_
al	a/det	ES	O	_	_
pensiero	pensiero	SS	O	_	_
della	di/det	ES	O	_	_
prossima	prossimo	AS	O	_	_
riforma	riforma	SS	O	_	_
tributaria	tributario	AS	O	_	_
perché	perché	C	O	_	_
in	in	E	O	_	_
essa	essa	PS	O	_	_
per	per	E	O	_	_
volere	volere	VF	O	_	_
dei	di/det	EP	O	_	_
cristiano-sociali	cristiano-sociali	SP	O	_	_
dovevano	dovere	VI	O	_	_
essere	essere	VFY	O	_	_
colpite	colpire	VPP	O	_	_
le	il	RP	O	_	_
grosse	grosso	AP	O	_	_
rendite	rendita	SP	O	_	_
,	comma	XPW	O	_	_
tremano	tremare	VI	O	_	_
al	a/det	ES	O	_	_
pensiero	pensiero	SS	O	_	_
delle	di/det	EP	O	_	_
pensioni	pensione	SP	O	_	_
sociali	sociale	AP	O	_	_
,	comma	XPW	O	_	_
poiché	poiché	C	O	_	_
il	il	RS	O	_	_
peso	peso	SS	O	_	_
maggiore	maggiore	AS	O	_	_
si	rifl	PN	O	_	_
riverserà	riversare	VI	O	_	_
sulle	su/det	EP	O	_	_
spalle	spalla	SP	O	_	_
dei	di/det	EP	O	_	_
ricchi	ricco	SP	O	_	_
.	.	XPS	O	_	_

Ebbene	ebbene	C	O	_	_
?	?	XPS	O	_	_

Come	come	CADV	O	_	_
votarono	votare	VI	O	_	_
i	il	RP	O	_	_
socialisti	socialista	SP	O	_	_
,	comma	XPW	O	_	_
i	il	RP	O	_	_
presunti	presunti	SP	O	_	_
rappresentanti	rappresentante	AP	O	_	_
dei	di/det	EP	O	_	_
poveri	povero	SP	O	_	_
,	comma	XPW	O	_	_
i	il	RP	O	_	_
nemici	nemico	SP	O	_	_
più	più	B	O	_	_
dichiarati	dichiarato	AP	O	_	_
del	di/det	ES	O	_	_
capitale	capitale	SS	O	_	_
e	e	C	O	_	_
della	di/det	ES	O	_	_
borghesia	borghesia	SS	O	_	_
?	?	XPS	O	_	_

Tutti	tutto	PP	O	_	_
l’	l’	PS	O	_	_
hanno	avere	VIY	O	_	_
visto	vedere	VSP	O	_	_
.	.	XPS	O	_	_

In	in	E	O	_	_
massa	massa	SS	O	_	_
accorsero	accorrere	VI	O	_	_
i	il	RP	O	_	_
battaglioni	battaglione	SP	O	_	_
sociali	sociale	AP	O	_	_
,	comma	XPW	O	_	_
sia	sia	C	O	_	_
a	a	E	O	_	_
prestar	prestare	VF	O	_	_
soccorso	soccorso	SS	O	_	_
ai	a/det	EP	O	_	_
capitalisti	capitalista	SP	O	_	_
,	comma	XPW	O	_	_
e	e	C	O	_	_
agli	a/det	EP	O	_	_
oppositori	oppositore	SP	O	_	_
di	di	E	O	_	_
ogni	ogni	DS	O	_	_
riforma	riforma	SS	O	_	_
democratica	democratico	AS	O	_	_
.	.	XPS	O	_	_

Perché	perché	C	O	_	_
?	?	XPS	O	_	_

Perché	perché	C	O	_	_
si	rifl	PN	O	_	_
sono	essere	VIY	O	_	_
dimenticate	dimenticare	VPP	O	_	_
tutte	tutto	DP	O	_	_
le	il	RP	O	_	_
differenze	differenza	SP	O	_	_
,	comma	XPW	O	_	_
tutte	tutto	DP	O	_	_
le	il	RP	O	_	_
diversità	diversità	SN	O	_	_
d’	di	E	O	_	_
interessi	interesse	SP	O	_	_
economici	economico	AP	O	_	_
e	e	C	O	_	_
di	di	E	O	_	_
programmi	programma	SP	O	_	_
sociali	sociale	AP	O	_	_
e	e	C	O	_	_
si	rifl	PN	O	_	_
è	essere	VIY	O	_	_
guardato	guardare	VSP	O	_	_
invece	invece	B	O	_	_
alla	a/det	ES	O	_	_
questione	questione	SS	O	_	_
sostanziale	sostanziale	AS	O	_	_
,	comma	XPW	O	_	_
alla	a/det	ES	O	_	_
questione	questione	SS	O	_	_
prima	primo	AS	O	_	_
:	:	XPS	O	_	_
la	il	RS	O	_	_
concezione	concezione	SS	O	_	_
della	di/det	ES	O	_	_
vita	vita	SS	O	_	_
civile	civile	AS	O	_	_
.	.	XPS	O	_	_

Gli	il	RP	O	_	_
uni	uni	SP	O	_	_
erano	essere	VI	O	_	_
cristiani	cristiano	AP	O	_	_
,	comma	XPW	O	_	_
gli	il	RP	O	_	_
altri	altro	DP	O	_	_
anticristiani	anticristiani	SP	O	_	_
.	.	XPS	O	_	_

Gli	il	RP	O	_	_
uni	uni	SP	O	_	_
credono	credere	VI	O	_	_
che	che	CCHE	O	_	_
i	il	RP	O	_	_
principii	principii	SP	O	_	_
del	di/det	ES	O	_	_
cristianesimo	cristianesimo	AS	O	_	_
salveranno	salveranno	SS	O	_	_
gli	il	RP	O	_	_
stati	stato	SP	O	_	_
e	e	C	O	_	_
la	il	RS	O	_	_
società	società	SN	O	_	_
civile	civile	AS	O	_	_
,	comma	XPW	O	_	_
gli	il	RP	O	_	_
altri	altro	PP	O	_	_
vogliono	volere	VI	O	_	_
liberarsene	liberarsene	AP	O	_	_
.	.	XPS	O	_	_

Il	il	RS	O	_	_
Socialista	socialista	SS	O	_	_
Schuhmeier	schuhmeier	SPN	O	_	_
ha	avere	VIY	O	_	_
così	così	B	O	_	_
messo	mettere	VSP	O	_	_
sotto	sotto	B	O	_	_
i	il	RP	O	_	_
piedi	piede	SP	O	_	_
tutto	tutto	PS	O	_	_
il	il	RS	O	_	_
suo	suo	DS	O	_	_
marxismo	marxismo	SS	O	_	_
,	comma	XPW	O	_	_
per	per	E	O	_	_
ricordarsi	ricordare/rifl	VF+E	O	_	_
solo	solo	B	O	_	_
di	di	E	O	_	_
essere	essere	VF	O	_	_
un	uno	RS	O	_	_
propagandista	propagandista	SS	O	_	_
«	«	XPO	O	_	_
Los	los	SPN	O	_	_
von	von	VI	O	_	_
Rom	rom	SPN	O	_	_
»	»	XPO	O	_	_
,	comma	XPW	O	_	_
un	uno	RS	O	_	_
fratello	fratello	SS	O	_	_
massone	massone	SS	O	_	_
che	che	CCHE	O	_	_
doveva	dovere	VI	O	_	_
portare	portare	VF	O	_	_
il	il	RS	O	_	_
soccorso	soccorso	SS	O	_	_
dei	di/det	EP	O	_	_
suoi	suo	DP	O	_	_
battaglioni	battaglione	SP	O	_	_
proletari	proletario	AP	O	_	_
al	a/det	ES	O	_	_
candidato	candidato	SS	O	_	_
dell’	di/det	ES	O	_	_
alta	alto	AS	O	_	_
finanza	finanza	SS	O	_	_
Vittorio	vittorio	SPN	PER	_	_
Zenker	zenker	SPN	PER	_	_
,	comma	XPW	O	_	_
perché	perché	C	O	_	_
costui	costui	PP	O	_	_
fu	essere	VI	O	_	_
gran	grande	AS	O	_	_
maestro	maestro	SS	O	_	_
della	di/det	ES	O	_	_
loggia	loggia	SS	O	_	_
«	«	XPO	O	_	_
Pionier	pionier	SPN	O	_	_
»	»	XPO	O	_	_
e	e	C	O	_	_
nel	in/det	ES	O	_	_
1905	1905	N	O	_	_
malgrado	malgrado	E	O	_	_
la	il	RS	O	_	_
legislazione	legislazione	SS	O	_	_
austriaca	austriaco	AS	O	_	_
ricorse	ricorrere	VPP	O	_	_
fino	fino	E	O	_	_
all’	a/det	ES	O	_	_
ultima	ultimo	AS	O	_	_
istanza	istanza	SS	O	_	_
per	per	E	O	_	_
la	il	RS	O	_	_
fondazione	fondazione	SS	O	_	_
di	di	E	O	_	_
una	uno	RS	O	_	_
loggia	loggia	SS	O	_	_
centrale	centrale	AS	O	_	_
«	«	XPO	O	_	_
Austria	austria	SPN	GPE	47.2000338	13.199959
»	»	XPO	O	_	_
.	.	XPS	O	_	_

Alla	a/det	ES	O	_	_
vigilia	vigilia	SS	O	_	_
del	di/det	ES	O	_	_
ballottaggio	ballottaggio	SS	O	_	_
narra	narrare	VI	O	_	_
la	il	RS	O	_	_
Reichspost	reichspost	SPN	O	_	_
che	che	CCHE	O	_	_
certi	certi	VI	O	_	_
quartieri	quartiere	SP	O	_	_
vennero	venire	VIY	O	_	_
inondati	inondare	VPP	O	_	_
da	da	E	O	_	_
foglietti	foglietto	SP	O	_	_
sui	su/det	EP	O	_	_
quali	quale	PP	O	_	_
era	essere	VI	O	_	_
scritto	scrivere	VSP	O	_	_
:	:	XPS	O	_	_
«	«	XPO	O	_	_
Cari	cari	SPN	O	_	_
fr	fr	B	O	_	_
*	*	XPO	O	_	_
*	*	XPO	O	_	_
*	*	XPO	O	_	_
"!"	esclamation_mark	XPS	O	_	_

Date	data	SP	O	_	_
domani	domani	B	O	_	_
i	il	RP	O	_	_
vostri	vostro	DP	O	_	_
voti	voto	SP	O	_	_
a	a	E	O	_	_
uomini	uomo	SP	O	_	_
della	di/det	ES	O	_	_
luce	luce	SS	O	_	_
e	e	C	O	_	_
per	per	E	O	_	_
nessun	nessun	DS	O	_	_
conto	conto	SS	O	_	_
a	a	E	O	_	_
uomini	uomo	SP	O	_	_
delle	di/det	EP	O	_	_
tenebre	tenebra	SP	O	_	_
»	»	XPO	O	_	_
.	.	XPS	O	_	_

Chi	chi	CCHI	O	_	_
non	non	B	O	_	_
sa	sapere	VI	O	_	_
che	che	CCHE	O	_	_
cosa	cosa	SS	O	_	_
siano	essere	VI	O	_	_
luce	luce	SS	O	_	_
e	e	C	O	_	_
tenebre	tenebre	SS	O	_	_
per	per	E	O	_	_
la	il	RS	O	_	_
massoneria	massoneria	SS	O	_	_
universale	universale	AS	O	_	_
,	comma	XPW	O	_	_
e	e	C	O	_	_
com’	com’	B	O	_	_
essa	essa	PS	O	_	_
in	in	E	O	_	_
tutta	tutto	DS	O	_	_
l’	il	RS	O	_	_
Europa	europa	SPN	GPE	51.0000003	9.9999997
sia	essere	VI	O	_	_
sempre	sempre	B	O	_	_
,	comma	XPW	O	_	_
in	in	E	O	_	_
odio	odio	SS	O	_	_
al	a/det	ES	O	_	_
cristianesimo	cristianesimo	SS	O	_	_
,	comma	XPW	O	_	_
la	il	RS	O	_	_
suprema	suprema	SS	O	_	_
fattrice	fattrice	AS	O	_	_
dei	di/det	EP	O	_	_
più	più	B	O	_	_
mostruosi	mostruoso	AP	O	_	_
blocchi	blocco	SP	O	_	_
anticlericali	anticlericale	AP	O	_	_
?	?	XPS	O	_	_

Che	che	CCHE	O	_	_
importa	importare	VI	O	_	_
se	se	C	O	_	_
con	con	E	O	_	_
tale	tale	DS	O	_	_
alleanza	alleanza	SS	O	_	_
tutto	tutto	DS	O	_	_
il	il	RS	O	_	_
programma	programma	SS	O	_	_
del	di/det	ES	O	_	_
socialismo	socialismo	SS	O	_	_
è	essere	VI	O	_	_
vilmente	vilmente	B	O	_	_
tradito	tradire	VSP	O	_	_
?	?	XPS	O	_	_

Dopo	dopo	E	O	_	_
le	il	RP	O	_	_
elezioni	elezione	SP	O	_	_
del	di/det	ES	O	_	_
primo	primo	AS	O	_	_
scrutinio	scrutinio	SS	O	_	_
gli	il	RP	O	_	_
effetti	effetto	SP	O	_	_
sul	su/det	ES	O	_	_
listino	listino	SS	O	_	_
della	di/det	ES	O	_	_
borsa	borsa	SS	O	_	_
viennese	viennese	AS	O	_	_
segnano	segnare	VI	O	_	_
un	uno	RS	O	_	_
rialzo	rialzo	SS	O	_	_
.	.	XPS	O	_	_

Leggete	leggere	VI	O	_	_
la	il	RS	O	_	_
Sonn	sonn	SPN	PER	_	_
-	-	XPO	O	_	_
und	und	VI	O	_	_
Montagszeitung	montagszeitung	SPN	PER	_	_
di	di	E	O	_	_
lunedì	lunedì	SN	O	_	_
nella	in/det	ES	O	_	_
sua	suo	DS	O	_	_
rubrica	rubrica	SS	O	_	_
settimanale	settimanale	AS	O	_	_
dal	da/det	ES	O	_	_
Schottenring	schottenring	SPN	O	_	_
(	open_parenthesis	XPB	O	_	_
sede	sede	SS	O	_	_
della	di/det	ES	O	_	_
borsa	borsa	SS	O	_	_
)	close_parenthesis	XPB	O	_	_
e	e	C	O	_	_
troverete	trovare	VI	O	_	_
la	il	RS	O	_	_
spiegazione	spiegazione	SS	O	_	_
del	di/det	ES	O	_	_
rialzo	rialzo	SS	O	_	_
,	comma	XPW	O	_	_
data	dare	VSP	O	_	_
da	da	E	O	_	_
un	uno	RS	O	_	_
giornale	giornale	SS	O	_	_
competente	competente	AS	O	_	_
.	.	XPS	O	_	_

«	«	XPO	O	_	_
Anche	anche	C	O	_	_
la	il	RS	O	_	_
Borsa	borsa	SS	O	_	_
,	comma	XPW	O	_	_
scrive	scrivere	VI	O	_	_
il	il	RS	O	_	_
foglio	foglio	SS	O	_	_
dell’	di/det	ES	O	_	_
ebreo	ebreo	SS	O	_	_
Aaron	aaron	SPN	PER	_	_
Scorf	scorf	SPN	PER	_	_
,	comma	XPW	O	_	_
quale	quale	DS	O	_	_
punto	punto	SS	O	_	_
centrale	centrale	AS	O	_	_
degli	di/det	EP	O	_	_
interessi	interesse	SP	O	_	_
economici	economico	AP	O	_	_
e	e	C	O	_	_
capitalisti	capitalista	SP	O	_	_
,	comma	XPW	O	_	_
ci	ci	PP	O	_	_
ha	avere	VIY	O	_	_
tutte	tutto	DP	O	_	_
le	il	RP	O	_	_
ragioni	ragione	SP	O	_	_
di	di	E	O	_	_
essere	essere	VFY	O	_	_
soddisfatta	soddisfacere	VSP	O	_	_
del	di/det	ES	O	_	_
corso	corso	SS	O	_	_
della	di/det	ES	O	_	_
campagna	campagna	SS	O	_	_
elettorale	elettorale	AS	O	_	_
,	comma	XPW	O	_	_
ed	ed	C	O	_	_
essa	essa	PS	O	_	_
per	per	E	O	_	_
suo	suo	DS	O	_	_
conto	conto	SS	O	_	_
deve	dovere	VI	O	_	_
di	di	E	O	_	_
nuovo	nuovo	AS	O	_	_
fare	fare	VF	O	_	_
ogni	ogni	DS	O	_	_
sforzo	sforzo	SS	O	_	_
per	per	E	O	_	_
dare	dare	VF	O	_	_
nei	in/det	EP	O	_	_
ballottaggi	ballottaggio	SP	O	_	_
all’	a/det	ES	O	_	_
intonazione	intonazione	SS	O	_	_
già	già	B	O	_	_
presa	prendere	VSP	O	_	_
una	uno	RS	O	_	_
risonanza	risonanza	SS	O	_	_
ancora	ancora	C	O	_	_
più	più	B	O	_	_
forte	forte	AS	O	_	_
»	»	XPO	O	_	_
.	.	XPS	O	_	_

La	il	RS	O	_	_
Borsa	borsa	SS	O	_	_
dunque	dunque	C	O	_	_
,	comma	XPW	O	_	_
il	il	RS	O	_	_
grande	grande	AS	O	_	_
mercato	mercato	SS	O	_	_
del	di/det	ES	O	_	_
danaro	danaro	SS	O	_	_
e	e	C	O	_	_
del	di/det	ES	O	_	_
capitale	capitale	SS	O	_	_
doveva	dovere	VI	O	_	_
fare	fare	VF	O	_	_
e	e	C	O	_	_
ripetere	ripetere	VF	O	_	_
ogni	ogni	DS	O	_	_
sforzo	sforzo	SS	O	_	_
per	per	E	O	_	_
far	fare	VF	O	_	_
riuscire	riuscire	VF	O	_	_
liberali	liberale	SP	O	_	_
e	e	C	O	_	_
socialisti	socialista	SP	O	_	_
ad	ad	E	O	_	_
abbattere	abbattere	VF	O	_	_
i	il	RP	O	_	_
riformatori	riformatorio	SP	O	_	_
ed	ed	C	O	_	_
i	il	RP	O	_	_
democratici	democratico	SP	O	_	_
cristiani	cristiano	AP	O	_	_
.	.	XPS	O	_	_

Che	che	CCHE	O	_	_
cosa	cosa	SS	O	_	_
congiunge	congiungere	VI	O	_	_
dunque	dunque	C	O	_	_
la	il	RS	O	_	_
Borsa	borsa	SS	O	_	_
e	e	C	O	_	_
la	il	RS	O	_	_
Camera	camera	SS	O	_	_
del	di/det	ES	O	_	_
Lavoro	lavoro	SS	O	_	_
,	comma	XPW	O	_	_
il	il	RS	O	_	_
banchiere	banchiere	SS	O	_	_
ed	ed	C	O	_	_
il	il	RS	O	_	_
proletario	proletario	SS	O	_	_
?	?	XPS	O	_	_

L’	il	RS	O	_	_
odio	odio	SS	O	_	_
comune	comune	SS	O	_	_
al	a/det	ES	O	_	_
cristianesimo	cristianesimo	SS	O	_	_
e	e	C	O	_	_
la	il	RS	O	_	_
paura	paura	SS	O	_	_
che	che	CCHE	O	_	_
i	il	RP	O	_	_
suoi	suo	DP	O	_	_
principii	principii	AP	O	_	_
applicati	applicare	VPP	O	_	_
all’	a/det	ES	O	_	_
economia	economia	SS	O	_	_
pubblica	pubblico	AS	O	_	_
attraversino	attraversare	VI	O	_	_
i	il	RP	O	_	_
piani	piano	SP	O	_	_
tanto	tanto	B	O	_	_
della	di/det	ES	O	_	_
plutocrazia	plutocrazia	SS	O	_	_
che	che	CCHE	O	_	_
della	di/det	ES	O	_	_
rivoluzione	rivoluzione	SS	O	_	_
.	.	XPS	O	_	_

La	il	RS	O	_	_
domenica	domenica	SS	O	_	_
prima	prima	E	O	_	_
del	di/det	ES	O	_	_
ballottaggio	ballottaggio	SS	O	_	_
l’	il	RS	O	_	_
Arbeiterzeitung	arbeiterzeitung	SPN	O	_	_
dava	dare	VI	O	_	_
ai	a/det	EP	O	_	_
connubiardi	connubiardi	SP	O	_	_
la	il	RS	O	_	_
parola	parola	SS	O	_	_
d’	di	E	O	_	_
ordine	ordine	SS	O	_	_
:	:	XPS	O	_	_
essere	essere	VF	O	_	_
necessario	necessario	AS	O	_	_
scacciare	scacciare	VF	O	_	_
il	il	RS	O	_	_
cristianesimo	cristianesimo	SS	O	_	_
dalla	da/det	ES	O	_	_
vita	vita	SS	O	_	_
pubblica	pubblico	AS	O	_	_
delle	di/det	EP	O	_	_
città	città	SN	O	_	_
e	e	C	O	_	_
ridurlo	ridurlo	VF+E	O	_	_
a	a	E	O	_	_
paganesimo	paganesimo	SS	O	_	_
,	comma	XPW	O	_	_
cioè	cioe`	B	O	_	_
ad	ad	E	O	_	_
una	uno	RS	O	_	_
confessione	confessione	SS	O	_	_
dei	di/det	EP	O	_	_
pagi	pagi	SP	O	_	_
,	comma	XPW	O	_	_
dei	di/det	EP	O	_	_
paesi	paese	SP	O	_	_
di	di	E	O	_	_
montagna	montagna	SS	O	_	_
.	.	XPS	O	_	_

Questa	questo	PS	O	_	_
la	il	RS	O	_	_
parola	parola	SS	O	_	_
d’	di	E	O	_	_
ordine	ordine	SS	O	_	_
colla	con/det	ES	O	_	_
quale	quale	PS	O	_	_
l’	il	RS	O	_	_
ibrido	ibrido	AS	O	_	_
connubio	connubio	SS	O	_	_
soverchiò	soverchiò	AS	O	_	_
i	il	RP	O	_	_
cristiano-sociali	cristiano-sociali	SP	O	_	_
.	.	XPS	O	_	_

Non	non	B	O	_	_
c’	ci	B	O	_	_
entrava	entrare	VI	O	_	_
dunque	dunque	C	O	_	_
la	il	RS	O	_	_
religione	religione	SS	O	_	_
?	?	XPS	O	_	_

Non	non	B	O	_	_
era	essere	VI	O	_	_
dunque	dunque	C	O	_	_
vero	vero	AS	O	_	_
quello	quello	PS	O	_	_
che	che	CCHE	O	_	_
affermavamo	affermare	VI	O	_	_
noi	noi	PP	O	_	_
che	che	CCHE	O	_	_
il	il	RS	O	_	_
voto	voto	SS	O	_	_
ha	avere	VIY	O	_	_
sopratutto	sopratutto	B	O	_	_
significato	significare	VSP	O	_	_
e	e	C	O	_	_
valore	valore	SS	O	_	_
morale	morale	AS	O	_	_
di	di	E	O	_	_
fronte	fronte	SS	O	_	_
alla	a/det	ES	O	_	_
concezione	concezione	SS	O	_	_
della	di/det	ES	O	_	_
vita	vita	SS	O	_	_
?	?	XPS	O	_	_

Chi	chi	CCHI	O	_	_
non	non	B	O	_	_
vuol	volere	VI	O	_	_
crederlo	credere/pro	VF+E	O	_	_
ancora	ancora	B	O	_	_
,	comma	XPW	O	_	_
legga	leggere	VI	O	_	_
la	il	RS	O	_	_
Neue	neue	SPN	O	_	_
Freie	freie	SPN	O	_	_
Presse	presse	SPN	O	_	_
di	di	E	O	_	_
questi	questo	DP	O	_	_
giorni	giorno	SP	O	_	_
.	.	XPS	O	_	_

Vi	vi	B	O	_	_
troverà	trovare	VI	O	_	_
le	il	RP	O	_	_
congratulazioni	congratulazione	SP	O	_	_
di	di	E	O	_	_
tutto	tutto	DS	O	_	_
il	il	RS	O	_	_
mondo	mondo	SS	O	_	_
anticristiano	anticristiano	AS	O	_	_
e	e	C	O	_	_
massonico	massonico	AS	O	_	_
,	comma	XPW	O	_	_
il	il	RS	O	_	_
satanico	satanico	AS	O	_	_
giubilo	giubilo	SS	O	_	_
dell’	di/det	ES	O	_	_
anticlericalismo	anticlericalismo	SS	O	_	_
nazionale	nazionale	AS	O	_	_
.	.	XPS	O	_	_

Il	il	RS	O	_	_
rincaro	rincaro	SS	O	_	_
dei	di/det	EP	O	_	_
viveri	viveri	SP	O	_	_
è	essere	VIY	O	_	_
ora	ora	B	O	_	_
passato	passare	VSP	O	_	_
in	in	E	O	_	_
seconda	seconda	SS	O	_	_
linea	linea	AS	O	_	_
,	comma	XPW	O	_	_
il	il	RS	O	_	_
pretesto	pretesto	SS	O	_	_
ha	avere	VIY	O	_	_
fatto	fare	VSP	O	_	_
il	il	RS	O	_	_
suo	suo	DS	O	_	_
servizio	servizio	SS	O	_	_
e	e	C	O	_	_
si	rifl	PN	O	_	_
rivelano	rivelare	VI	O	_	_
spudoratamente	spudoratamente	B	O	_	_
le	il	RP	O	_	_
cause	causa	SP	O	_	_
di	di	E	O	_	_
tutta	tutto	DS	O	_	_
la	il	RS	O	_	_
campagna	campagna	SS	O	_	_
.	.	XPS	O	_	_

Quello	quello	PS	O	_	_
che	che	CCHE	O	_	_
è	essere	VIY	O	_	_
accaduto	accadere	VSP	O	_	_
a	a	E	O	_	_
Vienna	vienna	SPN	GPE	48.2083537	16.3725042
,	comma	XPW	O	_	_
si	rifl	PN	O	_	_
è	essere	VIY	O	_	_
ripetuto	ripetere	VSP	O	_	_
dovunque	dovunque	B	O	_	_
.	.	XPS	O	_	_

Nel	in/det	ES	O	_	_
Vorarlberg	vorarlberg	SPN	GPE	47.25	9.9166667
gli	il	RP	O	_	_
operai	operaio	SP	O	_	_
socialisti	socialista	AP	O	_	_
vennero	venire	VI	O	_	_
condotti	condotto	SP	O	_	_
a	a	E	O	_	_
votare	votare	VF	O	_	_
per	per	E	O	_	_
il	il	RS	O	_	_
deputato	deputato	SS	O	_	_
dei	di/det	EP	O	_	_
fabbricanti	fabbricante	SP	O	_	_
dr.	dottore	SS	O	_	_
Kinz	kinz	SPN	PER	_	_
pur	pur	C	O	_	_
di	di	E	O	_	_
abbattere	abbattere	VF	O	_	_
il	il	RS	O	_	_
dr.	dottore	SS	O	_	_
Drexel	drexel	SPN	PER	_	_
,	comma	XPW	O	_	_
il	il	RS	O	_	_
relatore	relatore	SS	O	_	_
dell’	di/det	ES	O	_	_
assicurazione	assicurazione	SS	O	_	_
sociale	sociale	AS	O	_	_
,	comma	XPW	O	_	_
ecc.	ecc.	YA	O	_	_
uno	uno	PS	O	_	_
degli	di/det	EP	O	_	_
uomini	uomo	SP	O	_	_
socialmente	socialmente	B	O	_	_
e	e	C	O	_	_
democraticamente	democraticamente	B	O	_	_
più	più	B	O	_	_
colti	colto	AP	O	_	_
,	comma	XPW	O	_	_
uno	uno	PS	O	_	_
degli	di/det	EP	O	_	_
scolari	scolaro	SP	O	_	_
più	più	B	O	_	_
intelligenti	intelligente	AP	O	_	_
della	di/det	ES	O	_	_
scuola	scuola	SS	O	_	_
cattolica	cattolico	AS	O	_	_
socialista	socialista	AS	O	_	_
della	di/det	ES	O	_	_
Germania	germania	SPN	GPE	51.0834196	10.4234469
.	.	XPS	O	_	_

In	in	E	O	_	_
Boemia	boemia	SPN	GPE	50.1272222	14.19638889
vennero	venire	VI	O	_	_
fatti	fatto	SP	O	_	_
cadere	cadere	VF	O	_	_
tutti	tutto	DP	O	_	_
i	il	RP	O	_	_
deputati	deputato	SP	O	_	_
czechi	czechi	AP	O	_	_
cattolici	cattolico	AP	O	_	_
,	comma	XPW	O	_	_
e	e	C	O	_	_
lo	lo	PS	O	_	_
stesso	stesso	DS	O	_	_
si	rifl	PN	O	_	_
dica	dire	VI	O	_	_
della	di/det	ES	O	_	_
Galizia	galizia	SPN	O	_	_
.	.	XPS	O	_	_

I	il	RP	O	_	_
rappresentanti	rappresentante	SP	O	_	_
del	di/det	ES	O	_	_
pensiero	pensiero	SS	O	_	_
cristiano	cristiano	AS	O	_	_
in	in	E	O	_	_
Parlamento	parlamento	SS	O	_	_
sono	essere	VI	O	_	_
ora	ora	B	O	_	_
una	uno	RS	O	_	_
minoranza	minoranza	SS	O	_	_
notevole	notevole	AS	O	_	_
,	comma	XPW	O	_	_
per	per	E	O	_	_
quanto	quanto	QNS	O	_	_
anche	anche	C	O	_	_
prima	primo	AS	O	_	_
non	non	B	O	_	_
fossero	essere	VI	O	_	_
maggioranza	maggioranza	SS	O	_	_
.	.	XPS	O	_	_

Per	per	E	O	_	_
il	il	RS	O	_	_
contrario	contrario	SS	O	_	_
gli	il	RP	O	_	_
aderenti	aderente	SP	O	_	_
della	di/det	ES	O	_	_
«	«	XPO	O	_	_
scuola	scuola	SS	O	_	_
libera	libero	AS	O	_	_
»	»	XPO	O	_	_
,	comma	XPW	O	_	_
del	di/det	ES	O	_	_
divorzio	divorzio	SS	O	_	_
,	comma	XPW	O	_	_
del	di/det	ES	O	_	_
Kulturkampf	kulturkampf	SPN	O	_	_
sono	essere	VI	O	_	_
in	in	E	O	_	_
aumento	aumento	SS	O	_	_
.	.	XPS	O	_	_

La	il	RS	O	_	_
lezione	lezione	SS	O	_	_
quindi	quindi	C	O	_	_
per	per	E	O	_	_
noi	noi	PP	O	_	_
cattolici	cattolico	AP	O	_	_
è	essere	VI	O	_	_
eloquentissima	eloquente	AS	O	_	_
.	.	XPS	O	_	_

Guai	guai	SS	O	_	_
se	se	C	O	_	_
ci	ci	PP	O	_	_
assopiamo	assopire	VI	O	_	_
in	in	E	O	_	_
una	uno	RS	O	_	_
comoda	comodo	AS	O	_	_
illusione	illusione	SS	O	_	_
.	.	XPS	O	_	_

Anche	anche	C	O	_	_
nel	in/det	ES	O	_	_
nostro	nostro	DS	O	_	_
paese	paese	SS	O	_	_
il	il	RS	O	_	_
fenomeno	fenomeno	SS	O	_	_
ha	avere	VIY	O	_	_
avuto	avere	VSP	O	_	_
le	il	RP	O	_	_
sue	suo	DP	O	_	_
comparse	comparsa	SP	O	_	_
.	.	XPS	O	_	_

È	essere	VI	O	_	_
necessario	necessario	AS	O	_	_
che	che	CCHE	O	_	_
clero	clero	SS	O	_	_
e	e	C	O	_	_
laicato	laicato	VSP	O	_	_
si	rifl	PN	O	_	_
riscuotano	riscuotere	VI	O	_	_
e	e	C	O	_	_
che	che	CCHE	O	_	_
vengano	venire	VIY	O	_	_
richiamati	richiamare	VPP	O	_	_
ad	ad	E	O	_	_
un	uno	RS	O	_	_
lavoro	lavoro	SS	O	_	_
più	più	B	O	_	_
continuato	continuato	AS	O	_	_
e	e	C	O	_	_
più	più	B	O	_	_
cosciente	cosciente	AS	O	_	_
.	.	XPS	O	_	_

È	essere	VI	O	_	_
necessario	necessario	AS	O	_	_
che	che	CCHE	O	_	_
il	il	RS	O	_	_
nostro	nostro	DS	O	_	_
popolo	popolo	SS	O	_	_
venga	venire	VIY	O	_	_
illuminato	illuminare	VSP	O	_	_
,	comma	XPW	O	_	_
affinché	affinché	C	O	_	_
nel	in/det	ES	O	_	_
periodo	periodo	SS	O	_	_
elettorale	elettorale	AS	O	_	_
non	non	B	O	_	_
si	rifl	PN	O	_	_
faccia	fare	VI	O	_	_
pecora	pecora	SS	O	_	_
dei	di/det	EP	O	_	_
suoi	suo	DP	O	_	_
nemici	nemico	SP	O	_	_
.	.	XPS	O	_	_

Cattolici	cattolico	SP	O	_	_
trentini	trentino	AP	O	_	_
,	comma	XPW	O	_	_
all’erta!	all’erta!	SPN	O	_	_
Amici	amici	SPN	O	_	_
,	comma	XPW	O	_	_
al	a/det	ES	O	_	_
lavoro	lavoro	SS	O	_	_
"!"	esclamation_mark	XPS	O	_	_
