# total number of persons:5, total number of gpes:10
Vienna	vienna	SPN	GPE	48.2083537	16.3725042
,	comma	XPW	O	_	_
19	19	N	O	_	_
.	.	XPS	O	_	_

A	a	E	O	_	_
breve	breve	AS	O	_	_
intervallo	intervallo	SS	O	_	_
di	di	E	O	_	_
tempo	tempo	SS	O	_	_
dalla	da/det	ES	O	_	_
conferenza	conferenza	SS	O	_	_
sociale	sociale	AS	O	_	_
dello	di/det	ES	O	_	_
studente	studente	SS	O	_	_
Susat	susat	SPN	O	_	_
,	comma	XPW	O	_	_
ecco	ecco	B	O	_	_
la	il	RS	O	_	_
conferenza	conferenza	SS	O	_	_
dello	di/det	ES	O	_	_
studente	studente	SS	O	_	_
Ruatti	ruatti	SPN	PER	_	_
già	già	B	O	_	_
noto	noto	AS	O	_	_
ai	a/det	EP	O	_	_
lettori	lettore	SP	O	_	_
del	di/det	ES	O	_	_
Trentino	trentino	SPN	GPE	46.102869	11.12961993
per	per	E	O	_	_
le	il	RP	O	_	_
sue	suo	DP	O	_	_
note	nota	SP	O	_	_
solarine	solarine	AP	O	_	_
.	.	XPS	O	_	_

Una	uno	RS	O	_	_
conferenza	conferenza	SS	O	_	_
storica	storico	AS	O	_	_
e	e	C	O	_	_
patriottica	patriottico	AS	O	_	_
:	:	XPS	O	_	_
Un	uno	RS	O	_	_
triste	triste	AS	O	_	_
anniversario	anniversario	SS	O	_	_
.	.	XPS	O	_	_

È	essere	VIY	O	_	_
stato	essere	VSP	O	_	_
–	–	XPO	O	_	_
il	il	RS	O	_	_
14	14	N	O	_	_
marzo	marzo	SS	O	_	_
–	–	XPO	O	_	_
il	il	RS	O	_	_
II	ii	N	O	_	_
anniversario	anniversario	SS	O	_	_
della	di/det	ES	O	_	_
esecuzione	esecuzione	SS	O	_	_
della	di/det	ES	O	_	_
pena	pena	SS	O	_	_
capitale	capitale	AS	O	_	_
di	di	E	O	_	_
quattro	quattro	N	O	_	_
giudicariesi	giudicariesi	SP	O	_	_
,	comma	XPW	O	_	_
rei	rei	VI	O	_	_
di	di	E	O	_	_
aver	avere	VFY	O	_	_
partecipato	partecipare	VSP	O	_	_
,	comma	XPW	O	_	_
come	come	CADV	O	_	_
capi	capo	SP	O	_	_
,	comma	XPW	O	_	_
alla	a/det	ES	O	_	_
tumultuosa	tumultuoso	AS	O	_	_
distruzione	distruzione	SS	O	_	_
del	di/det	ES	O	_	_
dazio	dazio	SS	O	_	_
di	di	E	O	_	_
Tempesta	tempesta	SPN	O	_	_
a	a	E	O	_	_
Riva	riva	SPN	GPE	45.883333	10.85
il	il	RS	O	_	_
19	19	N	O	_	_
agosto	agosto	SS	O	_	_
1768	1768	N	O	_	_
.	.	XPS	O	_	_

Il	il	RS	O	_	_
conferenziere	conferenziere	SS	O	_	_
,	comma	XPW	O	_	_
forte	forte	AS	O	_	_
di	di	E	O	_	_
storia	storia	SS	O	_	_
patria	patrio	AS	O	_	_
,	comma	XPW	O	_	_
ci	ci	B	O	_	_
fece	fare	VI	O	_	_
rivivere	rivivere	VF	O	_	_
quei	quello	DP	O	_	_
giorni	giorno	SP	O	_	_
calamitosi	calamitoso	AP	O	_	_
del	di/det	ES	O	_	_
nostro	nostro	DS	O	_	_
Trentino	trentino	SPN	GPE	46.102869	11.12961993
;	semicolon	XPS	O	_	_

fece	fare	VI	O	_	_
passare	passare	VF	O	_	_
un	uno	RS	O	_	_
brivido	brivido	SS	O	_	_
nell’	in/det	ES	O	_	_
anima	anima	SS	O	_	_
colla	con/det	ES	O	_	_
narrazione	narrazione	SS	O	_	_
delle	di/det	EP	O	_	_
soperchierie	soperchieria	SP	O	_	_
dei	di/det	EP	O	_	_
conti	conto	SP	O	_	_
del	di/det	ES	O	_	_
Tirolo	tirolo	SPN	GPE	47.223193	11.5261028
e	e	C	O	_	_
dei	di/det	EP	O	_	_
soldati	soldato	SP	O	_	_
di	di	E	O	_	_
Maria	maria	SPN	PER	_	_
Teresa	teresa	SPN	PER	_	_
e	e	C	O	_	_
di	di	E	O	_	_
Giuseppe	giuseppe	SPN	PER	_	_
II	ii	N	O	_	_
nei	in/det	EP	O	_	_
paesi	paese	SP	O	_	_
che	che	CCHE	O	_	_
venivano	venire	VI	O	_	_
tolti	tolto	SP	O	_	_
,	comma	XPW	O	_	_
coi	con/det	EP	O	_	_
fatti	fatto	SP	O	_	_
prima	prima	C	O	_	_
che	che	CCHE	O	_	_
coi	con/det	EP	O	_	_
colpi	colpo	SP	O	_	_
di	di	E	O	_	_
legge	legge	SS	O	_	_
,	comma	XPW	O	_	_
al	a/det	ES	O	_	_
Principe	principe	SPN	O	_	_
Vescovo	vescovo	SS	O	_	_
,	comma	XPW	O	_	_
impotente	impotente	AS	O	_	_
a	a	E	O	_	_
proteggere	proteggere	VF	O	_	_
i	il	RP	O	_	_
nostri	nostro	DP	O	_	_
avi	avo	SP	O	_	_
dalla	da/det	ES	O	_	_
ragion	ragion	SS	O	_	_
della	di/det	ES	O	_	_
forza	forza	SS	O	_	_
degli	di/det	EP	O	_	_
usurpatori	usurpatore	SP	O	_	_
.	.	XPS	O	_	_

La	il	RS	O	_	_
decapitazione	decapitazione	SS	O	_	_
del	di/det	ES	O	_	_
14	14	N	O	_	_
marzo	marzo	SS	O	_	_
1772	1772	N	O	_	_
fu	essere	VI	O	_	_
l’	il	RS	O	_	_
episodio	episodio	SS	O	_	_
,	comma	XPW	O	_	_
non	non	B	O	_	_
unico	unico	AS	O	_	_
né	né	C	O	_	_
ultimo	ultimo	AS	O	_	_
,	comma	XPW	O	_	_
saliente	saliente	AS	O	_	_
della	di/det	ES	O	_	_
repressione	repressione	SS	O	_	_
crudele	crudele	AS	O	_	_
del	di/det	ES	O	_	_
malcontento	malcontento	SS	O	_	_
incomposto	incomposto	AS	O	_	_
,	comma	XPW	O	_	_
se	se	C	O	_	_
si	rifl	PN	O	_	_
vuole	volere	VI	O	_	_
,	comma	XPW	O	_	_
ma	ma	C	O	_	_
giustificato	giustificare	VSP	O	_	_
di	di	E	O	_	_
fronte	fronte	SS	O	_	_
alla	a/det	ES	O	_	_
dannosa	dannoso	AS	O	_	_
imposizione	imposizione	SS	O	_	_
di	di	E	O	_	_
dazi	dazio	SP	O	_	_
da	da	E	O	_	_
parte	parte	SS	O	_	_
del	di/det	ES	O	_	_
governo	governo	SS	O	_	_
.	.	XPS	O	_	_

Ricollegò	ricollegare	VI	O	_	_
quei	quello	DP	O	_	_
fatti	fatto	SP	O	_	_
così	così	B	O	_	_
eloquenti	eloquente	AP	O	_	_
di	di	E	O	_	_
allora	allora	C	O	_	_
colla	con/det	ES	O	_	_
iniqua	iniquo	AS	O	_	_
lotta	lotta	SS	O	_	_
dei	di/det	EP	O	_	_
pangermanisti	pangermanista	SP	O	_	_
e	e	C	O	_	_
in	in	E	O	_	_
generale	generale	SS	O	_	_
del	di/det	ES	O	_	_
Volksbund	volksbund	SPN	O	_	_
in	in	E	O	_	_
particolare	particolare	SS	O	_	_
,	comma	XPW	O	_	_
contro	contro	E	O	_	_
il	il	RS	O	_	_
Vescovo	vescovo	SS	O	_	_
di	di	E	O	_	_
Trento	trento	SPN	GPE	46.0664228	11.1257601
e	e	C	O	_	_
invitò	invitare	VI	O	_	_
con	con	E	O	_	_
forti	forte	AP	O	_	_
parole	parola	SP	O	_	_
gli	il	RP	O	_	_
ascoltanti	ascoltanti	SP	O	_	_
a	a	E	O	_	_
stringersi	stringere/rifl	VF+E	O	_	_
intorno	intorno	E	O	_	_
al	a/det	ES	O	_	_
pastore	pastore	SS	O	_	_
,	comma	XPW	O	_	_
con	con	E	O	_	_
la	il	RS	O	_	_
coscienza	coscienza	SS	O	_	_
attiva	attivo	AS	O	_	_
di	di	E	O	_	_
italiani	italiano	SP	O	_	_
e	e	C	O	_	_
cattolici	cattolico	SP	O	_	_
serbando	serbare	VG	O	_	_
fede	fede	SS	O	_	_
alla	a/det	ES	O	_	_
religione	religione	SS	O	_	_
e	e	C	O	_	_
agli	a/det	EP	O	_	_
ideali	ideale	SP	O	_	_
dei	di/det	EP	O	_	_
nostri	nostro	DP	O	_	_
padri	padre	SP	O	_	_
.	.	XPS	O	_	_

Fu	essere	VI	O	_	_
applauditissimo	applaudito	AS	O	_	_
.	.	XPS	O	_	_

E	e	C	O	_	_
gli	il	RP	O	_	_
applausi	applauso	SP	O	_	_
raddoppiarono	raddoppiare	VI	O	_	_
insistenti	insistente	AP	O	_	_
quando	quando	CADV	O	_	_
il	il	RS	O	_	_
presidente	presidente	SS	O	_	_
invitò	invitare	VI	O	_	_
a	a	E	O	_	_
parlare	parlare	VF	O	_	_
l’	il	RS	O	_	_
on	on	SN	O	_	_
.	.	XPS	O	_	_

Degasperi	degasperi	SPN	O	_	_
.	.	XPS	O	_	_

Come	come	CADV	O	_	_
si	rifl	PN	O	_	_
sa	sapere	VI	O	_	_
il	il	RS	O	_	_
d.r	d.r	YA	O	_	_
Degasperi	degasperi	SPN	O	_	_
parla	parlare	VI	O	_	_
agli	a/det	EP	O	_	_
operai	operaio	SP	O	_	_
,	comma	XPW	O	_	_
al	a/det	ES	O	_	_
nostro	nostro	DS	O	_	_
popolo	popolo	SS	O	_	_
:	:	XPS	O	_	_
semplice	semplice	AS	O	_	_
,	comma	XPW	O	_	_
affettuoso	affettuoso	AS	O	_	_
,	comma	XPW	O	_	_
forte	forte	AS	O	_	_
.	.	XPS	O	_	_

Ricordò	ricordò	SPN	O	_	_
,	comma	XPW	O	_	_
ricordò	ricordare	VI	O	_	_
le	il	RP	O	_	_
prime	primo	AP	O	_	_
conferenze	conferenza	SP	O	_	_
fatte	fare	VPP	O	_	_
da	da	E	O	_	_
lui	lui	PS	O	_	_
,	comma	XPW	O	_	_
iniziate	iniziare	VPP	O	_	_
da	da	E	O	_	_
lui	lui	PS	O	_	_
e	e	C	O	_	_
dai	da/det	EP	O	_	_
pochi	poco	DP	O	_	_
colleghi	collega	SP	O	_	_
di	di	E	O	_	_
allora	allora	C	O	_	_
agli	a/det	EP	O	_	_
emigrati	emigrato	SP	O	_	_
trentini	trentino	AP	O	_	_
a	a	E	O	_	_
Vienna	vienna	SPN	GPE	48.2083537	16.3725042
;	semicolon	XPS	O	_	_

ricordò	ricordare	VI	O	_	_
l’	il	RS	O	_	_
entusiasmo	entusiasmo	SS	O	_	_
di	di	E	O	_	_
allora	allora	C	O	_	_
,	comma	XPW	O	_	_
c’	ci	B	O	_	_
era	essere	VI	O	_	_
un	uno	RS	O	_	_
accento	accento	SS	O	_	_
di	di	E	O	_	_
amore	amore	SS	O	_	_
nostalgico	nostalgico	AS	O	_	_
nelle	in/det	EP	O	_	_
sue	suo	DP	O	_	_
parole	parola	SP	O	_	_
.	.	XPS	O	_	_

E	e	C	O	_	_
poi	poi	B	O	_	_
parlò	parlare	VI	O	_	_
della	di/det	ES	O	_	_
vera	vero	AS	O	_	_
cultura	cultura	SS	O	_	_
spirituale	spirituale	AS	O	_	_
che	che	CCHE	O	_	_
consiste	consistere	VI	O	_	_
,	comma	XPW	O	_	_
non	non	B	O	_	_
,	comma	XPW	O	_	_
o	o	C	O	_	_
non	non	B	O	_	_
principalmente	principalmente	B	O	_	_
,	comma	XPW	O	_	_
nel	in/det	ES	O	_	_
seguire	seguire	VF	O	_	_
e	e	C	O	_	_
nel	in/det	ES	O	_	_
partecipare	partecipare	VF	O	_	_
ai	a/det	EP	O	_	_
comodi	comodo	SP	O	_	_
materiali	materiale	AP	O	_	_
del	di/det	ES	O	_	_
progresso	progresso	SS	O	_	_
materiale	materiale	AS	O	_	_
;	semicolon	XPS	O	_	_

finché	finché	C	O	_	_
è	essere	VIY	O	_	_
incatenata	incatenare	VSP	O	_	_
alla	a/det	ES	O	_	_
materia	materia	SS	O	_	_
l’	il	RS	O	_	_
anima	anima	SS	O	_	_
è	essere	VI	O	_	_
fredda	freddo	AS	O	_	_
,	comma	XPW	O	_	_
insoddisfatta	insoddisfatto	AS	O	_	_
,	comma	XPW	O	_	_
se	se	C	O	_	_
la	il	RS	O	_	_
materia	materia	SS	O	_	_
,	comma	XPW	O	_	_
cioè	cioe`	B	O	_	_
tutto	tutto	PS	O	_	_
il	il	RS	O	_	_
complesso	complesso	SS	O	_	_
dei	di/det	EP	O	_	_
progressi	progresso	SP	O	_	_
materiali	materiale	AP	O	_	_
,	comma	XPW	O	_	_
non	non	B	O	_	_
vengono	venire	VIY	O	_	_
guardati	guardare	VPP	O	_	_
con	con	E	O	_	_
l’	il	RS	O	_	_
occhio	occhio	SS	O	_	_
dello	di/det	ES	O	_	_
spirito	spirito	SS	O	_	_
,	comma	XPW	O	_	_
che	che	CCHE	O	_	_
ha	avere	VI	O	_	_
bisogni	bisogno	SP	O	_	_
e	e	C	O	_	_
finalità	finalità	SN	O	_	_
che	che	CCHE	O	_	_
il	il	RS	O	_	_
tempo	tempo	SS	O	_	_
non	non	B	O	_	_
può	potere	VI	O	_	_
soddisfare	soddisfacere	VF	O	_	_
.	.	XPS	O	_	_

La	il	RS	O	_	_
vita	vita	SS	O	_	_
morale	morale	AS	O	_	_
,	comma	XPW	O	_	_
la	il	RS	O	_	_
vita	vita	SS	O	_	_
religiosa	religioso	AS	O	_	_
,	comma	XPW	O	_	_
sentite	sentire	VPP	O	_	_
,	comma	XPW	O	_	_
vissute	vivere	VPP	O	_	_
,	comma	XPW	O	_	_
armonizzate	armonizzare	VPP	O	_	_
,	comma	XPW	O	_	_
fanno	fare	VI	O	_	_
progredire	progredire	VF	O	_	_
l’	il	RS	O	_	_
uomo	uomo	SS	O	_	_
e	e	C	O	_	_
danno	dare	VI	O	_	_
un	uno	RS	O	_	_
significato	significato	SS	O	_	_
al	a/det	ES	O	_	_
lavoro	lavoro	SS	O	_	_
quotidiano	quotidiano	AS	O	_	_
;	semicolon	XPS	O	_	_

il	il	RS	O	_	_
resto	resto	SS	O	_	_
,	comma	XPW	O	_	_
scompagnato	scompagnare	VSP	O	_	_
da	da	E	O	_	_
quelle	quello	DP	O	_	_
due	due	N	O	_	_
vite	vita	SP	O	_	_
,	comma	XPW	O	_	_
o	o	C	O	_	_
da	da	E	O	_	_
quei	quello	DP	O	_	_
due	due	N	O	_	_
palpiti	palpito	SP	O	_	_
di	di	E	O	_	_
una	uno	RS	O	_	_
sola	solo	AS	O	_	_
vita	vita	SS	O	_	_
,	comma	XPW	O	_	_
sono	essere	VI	O	_	_
poco	poco	B	O	_	_
più	più	B	O	_	_
che	che	CCHE	O	_	_
un	uno	RS	O	_	_
miraggio	miraggio	SS	O	_	_
.	.	XPS	O	_	_

Lontani	lontani	SPN	O	_	_
dal	da/det	ES	O	_	_
Trentino	trentino	SPN	GPE	46.102869	11.12961993
o	o	C	O	_	_
vicini	vicino	SP	O	_	_
al	a/det	ES	O	_	_
paese	paese	SS	O	_	_
che	che	CCHE	O	_	_
li	li	PP	O	_	_
ha	avere	VIY	O	_	_
educati	educare	VPP	O	_	_
alla	a/det	ES	O	_	_
religione	religione	SS	O	_	_
,	comma	XPW	O	_	_
i	il	RP	O	_	_
nostri	nostro	DP	O	_	_
fratelli	fratello	SP	O	_	_
devono	dovere	VI	O	_	_
crescere	crescere	VF	O	_	_
,	comma	XPW	O	_	_
sviluppare	sviluppare	VF	O	_	_
quella	quello	DS	O	_	_
prima	primo	AS	O	_	_
educazione	educazione	SS	O	_	_
,	comma	XPW	O	_	_
sviluppare	sviluppare	VF	O	_	_
e	e	C	O	_	_
alimentare	alimentare	VF	O	_	_
le	il	RP	O	_	_
loro	loro	DP	O	_	_
opere	opera	SP	O	_	_
,	comma	XPW	O	_	_
l’	il	RS	O	_	_
amore	amore	SS	O	_	_
alla	a/det	ES	O	_	_
chiesa	chiesa	SS	O	_	_
del	di/det	ES	O	_	_
paese	paese	SS	O	_	_
natale	natale	AS	O	_	_
e	e	C	O	_	_
al	a/det	ES	O	_	_
Trentino	trentino	SPN	GPE	46.102869	11.12961993
,	comma	XPW	O	_	_
che	che	CCHE	O	_	_
lotta	lottare	VI	O	_	_
per	per	E	O	_	_
la	il	RS	O	_	_
tutela	tutela	SS	O	_	_
della	di/det	ES	O	_	_
religione	religione	SS	O	_	_
e	e	C	O	_	_
per	per	E	O	_	_
la	il	RS	O	_	_
difesa	difesa	SS	O	_	_
della	di/det	ES	O	_	_
nazionalità	nazionalità	SN	O	_	_
.	.	XPS	O	_	_

L’	il	RS	O	_	_
on	on	SN	O	_	_
.	.	XPS	O	_	_

Degasperi	degasperi	SPN	O	_	_
,	comma	XPW	O	_	_
richiamandosi	richiamare/rifl	VG+E	O	_	_
ai	a/det	EP	O	_	_
fatti	fatto	SP	O	_	_
recenti	recente	AP	O	_	_
,	comma	XPW	O	_	_
aggiunse	aggiungere	VI	O	_	_
che	che	CCHE	O	_	_
l’	il	RS	O	_	_
odio	odio	SS	O	_	_
anticlericale	anticlericale	AS	O	_	_
vive	vivere	VI	O	_	_
ancora	ancora	B	O	_	_
nel	in/det	ES	O	_	_
nostro	nostro	DS	O	_	_
paese	paese	SS	O	_	_
;	semicolon	XPS	O	_	_

che	che	CCHE	O	_	_
vi	vi	B	O	_	_
sia	essere	VI	O	_	_
chi	chi	CCHI	O	_	_
lo	lo	PS	O	_	_
attizzi	attizzare	VI	O	_	_
è	essere	VI	O	_	_
prova	prova	SS	O	_	_
recente	recente	AS	O	_	_
la	il	RS	O	_	_
tentata	tentata	AS	O	_	_
propaganda	propaganda	SS	O	_	_
dell’	di/det	ES	O	_	_
on	on	SN	O	_	_
.	.	XPS	O	_	_

Podrecca	podrecca	SPN	PER	_	_
.	.	XPS	O	_	_

Io	io	PS	O	_	_
sono	essere	VI	O	_	_
d’	di	E	O	_	_
avviso	avviso	SS	O	_	_
che	che	CCHE	O	_	_
di	di	E	O	_	_
fronte	fronte	SS	O	_	_
a	a	E	O	_	_
siffatta	siffatto	AS	O	_	_
propaganda	propaganda	SS	O	_	_
i	il	RP	O	_	_
cattolici	cattolico	SP	O	_	_
devono	dovere	VI	O	_	_
intensificare	intensificare	VF	O	_	_
la	il	RS	O	_	_
propria	propria	AS	O	_	_
.	.	XPS	O	_	_

Tutto	tutto	PS	O	_	_
il	il	RS	O	_	_
male	male	SS	O	_	_
non	non	B	O	_	_
viene	venire	VI	O	_	_
per	per	E	O	_	_
nuocere	nuocere	VF	O	_	_
ed	ed	C	O	_	_
è	essere	VI	O	_	_
preferibile	preferibile	AS	O	_	_
che	che	CCHE	O	_	_
qualche	qualche	DS	O	_	_
corifeo	corifeo	SS	O	_	_
del	di/det	ES	O	_	_
socialismo	socialismo	SS	O	_	_
parli	parlare	VI	O	_	_
nel	in/det	ES	O	_	_
Trentino	trentino	SPN	GPE	46.102869	11.12961993
un	uno	RS	O	_	_
Podrecca	podrecca	SPN	PER	_	_
piuttosto	piuttosto	B	O	_	_
che	che	CCHE	O	_	_
un	uno	RS	O	_	_
propagandista	propagandista	SS	O	_	_
all’	a/det	ES	O	_	_
acqua	acqua	SS	O	_	_
di	di	E	O	_	_
rose	roso	AP	O	_	_
.	.	XPS	O	_	_

Le	il	RP	O	_	_
intemperanze	intemperanza	SP	O	_	_
anticlericali	anticlericale	AP	O	_	_
risvegliano	risvegliare	VI	O	_	_
le	il	RP	O	_	_
coscienze	coscienza	SP	O	_	_
indifferenti	indifferente	AP	O	_	_
e	e	C	O	_	_
disingannano	disingannare	VI	O	_	_
gli	il	RP	O	_	_
illusi	illuso	SP	O	_	_
.	.	XPS	O	_	_

È	essere	VI	O	_	_
da	da	E	O	_	_
codesto	codesto	DS	O	_	_
cozzo	cozzo	SS	O	_	_
oramai	oramai	B	O	_	_
inevitabile	inevitabile	AS	O	_	_
delle	di/det	EP	O	_	_
idee	idea	SP	O	_	_
e	e	C	O	_	_
delle	di/det	EP	O	_	_
tendenze	tendenza	SP	O	_	_
che	che	CCHE	O	_	_
i	il	RP	O	_	_
cattolici	cattolico	SP	O	_	_
devono	dovere	VI	O	_	_
saper	sapere	VF	O	_	_
trarre	trarre	VF	O	_	_
una	uno	RS	O	_	_
conoscenza	conoscenza	SS	O	_	_
realistica	realistico	AS	O	_	_
delle	di/det	EP	O	_	_
nostre	nostro	DP	O	_	_
condizioni	condizione	SP	O	_	_
morali	morale	AP	O	_	_
e	e	C	O	_	_
intellettuali	intellettuale	AP	O	_	_
:	:	XPS	O	_	_
evitarlo	evitare/pro	VF+E	O	_	_
oggi	oggi	B	O	_	_
o	o	C	O	_	_
riuscire	riuscire	VF	O	_	_
a	a	E	O	_	_
soffocarne	soffocare/part	VF+E	O	_	_
l’	il	RS	O	_	_
urto	urto	SS	O	_	_
domani	domani	B	O	_	_
è	essere	VI	O	_	_
forse	forse	B	O	_	_
cullarsi	cullare/rifl	VF+E	O	_	_
in	in	E	O	_	_
un	uno	RS	O	_	_
sogno	sogno	SS	O	_	_
che	che	CCHE	O	_	_
non	non	B	O	_	_
è	essere	VI	O	_	_
più	più	B	O	_	_
realtà	realtà	SN	O	_	_
.	.	XPS	O	_	_

Interrotto	interrotto	SPN	O	_	_
spesso	spesso	B	O	_	_
da	da	E	O	_	_
applausi	applauso	SP	O	_	_
e	e	C	O	_	_
da	da	E	O	_	_
«	«	XPO	O	_	_
bene	bene	B	O	_	_
,	comma	XPW	O	_	_
bravo	bravo	AS	O	_	_
»	»	XPO	O	_	_
alla	a/det	ES	O	_	_
fine	fine	SS	O	_	_
l’	il	RS	O	_	_
oratore	oratore	SS	O	_	_
fu	essere	VIY	O	_	_
fatto	fare	VSP	O	_	_
segno	segno	SS	O	_	_
a	a	E	O	_	_
una	uno	RS	O	_	_
ovazione	ovazione	SS	O	_	_
scrosciante	scrosciante	AS	O	_	_
.	.	XPS	O	_	_

A	a	E	O	_	_
una	uno	RS	O	_	_
parola	parola	SS	O	_	_
del	di/det	ES	O	_	_
presidente	presidente	SS	O	_	_
tutti	tutto	PP	O	_	_
si	rifl	PN	O	_	_
alzarono	alzare	VI	O	_	_
in	in	E	O	_	_
piedi	piede	SP	O	_	_
a	a	E	O	_	_
segno	segno	SS	O	_	_
di	di	E	O	_	_
ringraziamento	ringraziamento	SS	O	_	_
al	a/det	ES	O	_	_
simpatico	simpatico	AS	O	_	_
deputato	deputato	SS	O	_	_
.	.	XPS	O	_	_

Anche	anche	C	O	_	_
il	il	RS	O	_	_
17	17	N	O	_	_
marzo	marzo	SS	O	_	_
fu	essere	VIY	O	_	_
così	così	B	O	_	_
,	comma	XPW	O	_	_
un	uno	RS	O	_	_
giorno	giorno	SS	O	_	_
di	di	E	O	_	_
utile	utile	SS	O	_	_
contatto	contatto	AS	O	_	_
fra	fra	E	O	_	_
studenti	studente	SP	O	_	_
e	e	C	O	_	_
operai	operaio	SP	O	_	_
,	comma	XPW	O	_	_
un	uno	RS	O	_	_
altro	altro	DS	O	_	_
passo	passo	SS	O	_	_
in	in	E	O	_	_
avanti	avanti	E	O	_	_
verso	verso	E	O	_	_
l’	il	RS	O	_	_
unione	unione	SS	O	_	_
,	comma	XPW	O	_	_
in	in	E	O	_	_
una	uno	RS	O	_	_
sola	solo	AS	O	_	_
forza	forza	SS	O	_	_
sociale	sociale	AS	O	_	_
,	comma	XPW	O	_	_
del	di/det	ES	O	_	_
lavoro	lavoro	SS	O	_	_
e	e	C	O	_	_
della	di/det	ES	O	_	_
scienza	scienza	SS	O	_	_
.	.	XPS	O	_	_
