# total number of persons:1, total number of gpes:14
L’	il	RS	O	_	_
Alto	alto	SPN	GPE	46.65596895	11.22964387
Adige	adige	SPN	GPE	46.65596895	11.22964387
grida	gridare	VI	O	_	_
alla	a/det	ES	O	_	_
vittoria	vittoria	SS	O	_	_
clerico-governativa	clerico-governativa	AS	O	_	_
.	.	XPS	O	_	_

Chi	chi	CCHI	O	_	_
ha	avere	VIY	O	_	_
vinto	vincere	VSP	O	_	_
,	comma	XPW	O	_	_
sono	essere	VI	O	_	_
i	il	RP	O	_	_
veterani	veterano	SP	O	_	_
e	e	C	O	_	_
le	il	RP	O	_	_
guardie	guardia	SP	O	_	_
di	di	E	O	_	_
pubblica	pubblico	AS	O	_	_
sicurezza	sicurezza	SS	O	_	_
che	che	CCHE	O	_	_
votarono	votare	VI	O	_	_
per	per	E	O	_	_
i	il	RP	O	_	_
«	«	XPO	O	_	_
clericali	clericale	AP	O	_	_
»	»	XPO	O	_	_
.	.	XPS	O	_	_

E	e	C	O	_	_
il	il	RS	O	_	_
giornale	giornale	SS	O	_	_
di	di	E	O	_	_
via	via	SS	O	_	_
Dordi	dordi	SPN	O	_	_
non	non	B	O	_	_
ha	avere	VIY	O	_	_
visto	vedere	VSP	O	_	_
il	il	RS	O	_	_
popolo	popolo	SS	O	_	_
di	di	E	O	_	_
Trento	trento	SPN	GPE	46.0664228	11.1257601
che	che	CCHE	O	_	_
si	rifl	PN	O	_	_
è	essere	VIY	O	_	_
ribellato	ribellare	VSP	O	_	_
alle	a/det	EP	O	_	_
prepotenze	prepotenza	SP	O	_	_
dell’	di/det	ES	O	_	_
oligarchia	oligarchia	SS	O	_	_
radicale	radicale	AS	O	_	_
e	e	C	O	_	_
,	comma	XPW	O	_	_
stanco	stanco	AS	O	_	_
dello	di/det	ES	O	_	_
sgoverno	sgoverno	SS	O	_	_
della	di/det	ES	O	_	_
stessa	stesso	DS	O	_	_
,	comma	XPW	O	_	_
ne	ne	PN	O	_	_
ha	avere	VIY	O	_	_
fatto	fare	VSP	O	_	_
giustizia	giustizia	SS	O	_	_
.	.	XPS	O	_	_

Non	non	B	O	_	_
ricorda	ricordare	VI	O	_	_
nemmeno	nemmeno	B	O	_	_
che	che	CCHE	O	_	_
il	il	RS	O	_	_
comitato	comitato	SS	O	_	_
liberale	liberale	AS	O	_	_
invocò	invocare	VI	O	_	_
l’	il	RS	O	_	_
aiuto	aiuto	SS	O	_	_
delle	di/det	EP	O	_	_
guardie	guardia	SP	O	_	_
e	e	C	O	_	_
dei	di/det	EP	O	_	_
veterani	veterano	SP	O	_	_
,	comma	XPW	O	_	_
inviando	inviare	VG	O	_	_
loro	loro	PP	O	_	_
la	il	RS	O	_	_
preziosa	prezioso	AS	O	_	_
lista	lista	SS	O	_	_
di	di	E	O	_	_
uomini	uomo	SP	O	_	_
non	non	B	O	_	_
scelti	scegliere	VPP	O	_	_
dal	da/det	ES	O	_	_
popolo	popolo	SS	O	_	_
e	e	C	O	_	_
che	che	CCHE	O	_	_
al	a/det	ES	O	_	_
popolo	popolo	SS	O	_	_
si	rifl	PN	O	_	_
volevano	volere	VI	O	_	_
imporre	imporre	VF	O	_	_
,	comma	XPW	O	_	_
come	come	CADV	O	_	_
nei	in/det	EP	O	_	_
bei	bei	SP	O	_	_
tempi	tempo	SP	O	_	_
andati	andato	AP	O	_	_
;	semicolon	XPS	O	_	_

l’	il	RS	O	_	_
inaspettato	inaspettato	AS	O	_	_
ripudio	ripudio	SS	O	_	_
dato	dare	VSP	O	_	_
dalla	da/det	ES	O	_	_
cittadinanza	cittadinanza	SS	O	_	_
agli	a/det	EP	O	_	_
amministratori	amministratore	SP	O	_	_
della	di/det	ES	O	_	_
Democratica	democratica	SPN	O	_	_
gli	gli	PS	O	_	_
ha	avere	VIY	O	_	_
fatto	fare	VSP	O	_	_
perdere	perdere	VF	O	_	_
il	il	RS	O	_	_
cervello	cervello	SS	O	_	_
e	e	C	O	_	_
così	così	B	O	_	_
egli	egli	PS	O	_	_
va	andare	VI	O	_	_
febbricitando	febbricitando	VG	O	_	_
in	in	E	O	_	_
vane	vano	AP	O	_	_
fantasie	fantasia	SP	O	_	_
.	.	XPS	O	_	_

Pure	pure	B	O	_	_
,	comma	XPW	O	_	_
ha	avere	VI	O	_	_
anche	anche	C	O	_	_
qualche	qualche	DS	O	_	_
lucido	lucido	AS	O	_	_
intervallo	intervallo	SS	O	_	_
,	comma	XPW	O	_	_
e	e	C	O	_	_
scrive	scrivere	VI	O	_	_
:	:	XPS	O	_	_
«	«	XPO	O	_	_
Ma	ma	C	O	_	_
noi	noi	PP	O	_	_
crediamo	credere	VI	O	_	_
che	che	CCHE	O	_	_
sarebbe	essere	VI	O	_	_
un	uno	RS	O	_	_
grave	grave	AS	O	_	_
errore	errore	SS	O	_	_
il	il	RS	O	_	_
tentare	tentare	VF	O	_	_
di	di	E	O	_	_
sminuire	sminuire	VF	O	_	_
l’	il	RS	O	_	_
importanza	importanza	SS	O	_	_
della	di/det	ES	O	_	_
odierna	odierno	AS	O	_	_
affermazione	affermazione	SS	O	_	_
dei	di/det	EP	O	_	_
nostri	nostro	DP	O	_	_
avversari	avversario	SP	O	_	_
»	»	XPO	O	_	_
.	.	XPS	O	_	_

Ecco	ecco	B	O	_	_
con	con	E	O	_	_
ciò	ciò`	PS	O	_	_
giudicate	giudicare	VPP	O	_	_
dallo	da/det	ES	O	_	_
stesso	stesso	DS	O	_	_
Alto	alto	SPN	GPE	46.65596895	11.22964387
Adige	adige	SPN	GPE	46.65596895	11.22964387
le	il	RP	O	_	_
bubbole	bubbola	SP	O	_	_
di	di	E	O	_	_
cui	cui	PN	O	_	_
iersera	iersera	VI	O	_	_
infiorò	infiorare	VI	O	_	_
le	il	RP	O	_	_
sue	suo	DP	O	_	_
colonne	colonna	SP	O	_	_
.	.	XPS	O	_	_

Egli	egli	PS	O	_	_
lamenta	lamentare	VI	O	_	_
poi	poi	B	O	_	_
la	il	RS	O	_	_
mancanza	mancanza	SS	O	_	_
di	di	E	O	_	_
organizzazione	organizzazione	SS	O	_	_
fra	fra	E	O	_	_
i	il	RP	O	_	_
liberali	liberale	SP	O	_	_
.	.	XPS	O	_	_

Ma	ma	C	O	_	_
non	non	B	O	_	_
ricorda	ricordare	VI	O	_	_
che	che	CCHE	O	_	_
fu	essere	VI	O	_	_
proprio	proprio	B	O	_	_
esso	esso	PS	O	_	_
a	a	E	O	_	_
scindere	scindere	VF	O	_	_
il	il	RS	O	_	_
proprio	proprio	DS	O	_	_
campo	campo	SS	O	_	_
colle	con/det	EP	O	_	_
sue	suo	DP	O	_	_
intemperanze	intemperanza	SP	O	_	_
?	?	XPS	O	_	_

Del	di/det	ES	O	_	_
resto	resto	SS	O	_	_
non	non	B	O	_	_
è	essere	VI	O	_	_
che	che	CCHE	O	_	_
il	il	RS	O	_	_
comitato	comitato	SS	O	_	_
liberale	liberale	AS	O	_	_
non	non	B	O	_	_
abbia	avere	VIY	O	_	_
lavorato	lavorare	VSP	O	_	_
a	a	E	O	_	_
tutt’	tutt’	DS	O	_	_
uomo	uomo	SS	O	_	_
.	.	XPS	O	_	_

Ma	ma	C	O	_	_
anche	anche	C	O	_	_
i	il	RP	O	_	_
nostri	nostro	DP	O	_	_
–	–	XPO	O	_	_
è	essere	VI	O	_	_
doveroso	doveroso	AS	O	_	_
il	il	RS	O	_	_
dirlo	dire/pro	VF+E	O	_	_
–	–	XPO	O	_	_
superarono	superare	VI	O	_	_
se	se	C	O	_	_
stessi	stare	VI	O	_	_
nella	in/det	ES	O	_	_
propaganda	propaganda	SS	O	_	_
e	e	C	O	_	_
con	con	E	O	_	_
occhio	occhio	SS	O	_	_
vigile	vigile	AS	O	_	_
scopersero	scopersero	VI	O	_	_
e	e	C	O	_	_
impedirono	impedire	VI	O	_	_
molte	molto	DP	O	_	_
gherminelle	gherminella	SP	O	_	_
degli	di/det	EP	O	_	_
avversari	avversario	SP	O	_	_
.	.	XPS	O	_	_

Però	però	C	O	_	_
il	il	RS	O	_	_
massimo	massimo	AS	O	_	_
aiuto	aiuto	SS	O	_	_
venne	venire	VIY	O	_	_
dai	da/det	EP	O	_	_
democratici	democratico	AP	O	_	_
stessi	stessi	SP	O	_	_
che	che	CCHE	O	_	_
,	comma	XPW	O	_	_
incocciandosi	incocciare/rifl	VG+E	O	_	_
a	a	E	O	_	_
ritardare	ritardare	VF	O	_	_
ed	ed	C	O	_	_
eludere	eludere	VF	O	_	_
la	il	RS	O	_	_
riforma	riforma	SS	O	_	_
elettorale	elettorale	AS	O	_	_
,	comma	XPW	O	_	_
caricando	caricare	VG	O	_	_
i	il	RP	O	_	_
cittadini	cittadino	SP	O	_	_
di	di	E	O	_	_
debiti	debito	SP	O	_	_
e	e	C	O	_	_
d’	di	E	O	_	_
imposte	imposta	SP	O	_	_
,	comma	XPW	O	_	_
mostrando	mostrare	VG	O	_	_
d’	di	E	O	_	_
infischiarsene	infischiarsene	SS	O	_	_
di	di	E	O	_	_
tutto	tutto	PS	O	_	_
e	e	C	O	_	_
di	di	E	O	_	_
tutti	tutto	DP	O	_	_
,	comma	XPW	O	_	_
finirono	finire	VI	O	_	_
collo	con/det	ES	O	_	_
stancare	stancare	VF	O	_	_
anche	anche	C	O	_	_
i	il	RP	O	_	_
più	più	B	O	_	_
pazienti	paziente	AP	O	_	_
,	comma	XPW	O	_	_
che	che	CCHE	O	_	_
si	rifl	PN	O	_	_
scossero	scuotere	VI	O	_	_
,	comma	XPW	O	_	_
si	rifl	PN	O	_	_
rivoltarono	rivoltare	VI	O	_	_
e	e	C	O	_	_
fecero	fare	VI	O	_	_
giustizia	giustizia	SS	O	_	_
.	.	XPS	O	_	_

L’	il	RS	O	_	_
Alto	alto	SPN	GPE	46.65596895	11.22964387
Adige	adige	SPN	GPE	46.65596895	11.22964387
si	rifl	PN	O	_	_
consola	consolare	VI	O	_	_
che	che	CCHE	O	_	_
la	il	RS	O	_	_
sconfitta	sconfitta	SS	O	_	_
di	di	E	O	_	_
ieri	ieri	B	O	_	_
«	«	XPO	O	_	_
non	non	B	O	_	_
dà	dare	VI	O	_	_
l’	il	RS	O	_	_
amministrazione	amministrazione	SS	O	_	_
cittadina	cittadino	AS	O	_	_
nelle	in/det	EP	O	_	_
mani	mano	SP	O	_	_
dei	di/det	EP	O	_	_
clericali	clericale	SP	O	_	_
»	»	XPO	O	_	_
.	.	XPS	O	_	_

Magra	magra	SPN	O	_	_
consolazione	consolazione	SS	O	_	_
"!"	esclamation_mark	XPS	O	_	_

L’	il	RS	O	_	_
essenziale	essenziale	SS	O	_	_
è	essere	VI	O	_	_
che	che	CCHE	O	_	_
essa	essa	PS	O	_	_
ha	avere	VIY	O	_	_
tolto	togliere	VSP	O	_	_
la	il	RS	O	_	_
base	base	SS	O	_	_
della	di/det	ES	O	_	_
maggioranza	maggioranza	SS	O	_	_
ai	a/det	EP	O	_	_
signori	signore	SP	O	_	_
radicali	radicale	AP	O	_	_
che	che	CCHE	O	_	_
siedono	sedere	VI	O	_	_
in	in	E	O	_	_
Comune	comune	SS	O	_	_
,	comma	XPW	O	_	_
i	il	RP	O	_	_
quali	quale	PP	O	_	_
di	di	E	O	_	_
qui	qui	B	O	_	_
innanzi	innanzi	E	O	_	_
,	comma	XPW	O	_	_
per	per	E	O	_	_
quanto	quanto	QNS	O	_	_
–	–	XPO	O	_	_
preferendo	preferire	VG	O	_	_
il	il	RS	O	_	_
sistema	sistema	SS	O	_	_
austriaco	austriaco	AS	O	_	_
all’	a/det	ES	O	_	_
italiano	italiano	SS	O	_	_
–	–	XPO	O	_	_
rimangono	rimanere	VI	O	_	_
nei	in/det	EP	O	_	_
loro	loro	DP	O	_	_
seggi	seggio	SP	O	_	_
,	comma	XPW	O	_	_
non	non	B	O	_	_
possono	potere	VI	O	_	_
più	più	B	O	_	_
parlate	parlata	SP	O	_	_
in	in	E	O	_	_
nome	nome	SS	O	_	_
della	di/det	ES	O	_	_
cittadinanza	cittadinanza	SS	O	_	_
che	che	CCHE	O	_	_
ha	avere	VIY	O	_	_
dato	dare	VSP	O	_	_
loro	loro	PP	O	_	_
la	il	RS	O	_	_
lezione	lezione	SS	O	_	_
meritata	meritato	AS	O	_	_
,	comma	XPW	O	_	_
proprio	proprio	B	O	_	_
nel	in/det	ES	O	_	_
momento	momento	SS	O	_	_
in	in	E	O	_	_
cui	cui	PN	O	_	_
,	comma	XPW	O	_	_
con	con	E	O	_	_
iniqua	iniqua	SS	O	_	_
riforma	riforma	SS	O	_	_
elettorale	elettorale	AS	O	_	_
,	comma	XPW	O	_	_
volevano	volere	VI	O	_	_
perpetuare	perpetuare	VF	O	_	_
il	il	RS	O	_	_
sopravvento	sopravvento	SS	O	_	_
dell’	di/det	ES	O	_	_
oligarchia	oligarchia	SS	O	_	_
,	comma	XPW	O	_	_
ridendosi	ridere/rifl	VG+E	O	_	_
della	di/det	ES	O	_	_
rappresentanza	rappresentanza	SS	O	_	_
proporzionale	proporzionale	AS	O	_	_
.	.	XPS	O	_	_

Ma	ma	C	O	_	_
la	il	RS	O	_	_
loro	loro	DP	O	_	_
sete	sete	SS	O	_	_
di	di	E	O	_	_
dominio	dominio	SS	O	_	_
li	li	PP	O	_	_
ha	avere	VIY	O	_	_
traditi	tradire	VPP	O	_	_
e	e	C	O	_	_
vedremo	vedere	VI	O	_	_
se	se	C	O	_	_
oggi	oggi	B	O	_	_
,	comma	XPW	O	_	_
ridotti	ridurre	VPP	O	_	_
a	a	E	O	_	_
minoranza	minoranza	SS	O	_	_
,	comma	XPW	O	_	_
miglioreranno	migliorare	VI	O	_	_
i	il	RP	O	_	_
loro	loro	DP	O	_	_
propositi	proposito	SP	O	_	_
"!"	esclamation_mark	XPS	O	_	_

L’	il	RS	O	_	_
Alto	alto	SPN	GPE	46.65596895	11.22964387
Adige	adige	SPN	GPE	46.65596895	11.22964387
rivela	rivelare	VI	O	_	_
ancora	ancora	B	O	_	_
la	il	RS	O	_	_
«	«	XPO	O	_	_
penosa	penoso	AS	O	_	_
impressione	impressione	SS	O	_	_
»	»	XPO	O	_	_
che	che	CCHE	O	_	_
la	il	RS	O	_	_
sconfitta	sconfitta	SS	O	_	_
toccata	toccare	VSP	O	_	_
ieri	ieri	B	O	_	_
dal	da/det	ES	O	_	_
suo	suo	DS	O	_	_
partito	partito	SS	O	_	_
a	a	E	O	_	_
Trento	trento	SPN	GPE	46.0664228	11.1257601
farà	fare	VI	O	_	_
sui	su/det	EP	O	_	_
suoi	suo	DP	O	_	_
consenzienti	consenzienti	SP	O	_	_
di	di	E	O	_	_
tutto	tutto	DS	O	_	_
il	il	RS	O	_	_
Trentino	trentino	SPN	GPE	46.102869	11.12961993
.	.	XPS	O	_	_

Alla	a/det	ES	O	_	_
«	«	XPO	O	_	_
penosa	penoso	AS	O	_	_
impressione	impressione	SS	O	_	_
»	»	XPO	O	_	_
–	–	XPO	O	_	_
può	potere	VI	O	_	_
stare	stare	VF	O	_	_
sicuro	sicuro	AS	O	_	_
l’	il	RS	O	_	_
Alto	alto	SPN	GPE	46.65596895	11.22964387
Adige	adige	SPN	GPE	46.65596895	11.22964387
–	–	XPO	O	_	_
si	rifl	PN	O	_	_
aggiungeranno	aggiungere	VI	O	_	_
anche	anche	C	O	_	_
i	il	RP	O	_	_
commenti	commento	SP	O	_	_
all’	a/det	ES	O	_	_
indirizzo	indirizzo	SS	O	_	_
di	di	E	O	_	_
chi	chi	CCHI	O	_	_
con	con	E	O	_	_
un	uno	RS	O	_	_
radicalismo	radicalismo	SS	O	_	_
piazzaiolo	piazzaiolo	AS	O	_	_
,	comma	XPW	O	_	_
colle	con/det	EP	O	_	_
alleanze	alleanze	AP	O	_	_
socialiste	socialista	SP	O	_	_
,	comma	XPW	O	_	_
colla	con/det	ES	O	_	_
intolleranza	intolleranza	SS	O	_	_
e	e	C	O	_	_
colla	con/det	ES	O	_	_
prepotenza	prepotenza	SS	O	_	_
preparò	preparare	VI	O	_	_
tale	tale	DS	O	_	_
giornata	giornata	SS	O	_	_
.	.	XPS	O	_	_

E	e	C	O	_	_
produrrà	produrre	VI	O	_	_
invece	invece	B	O	_	_
un	uno	RS	O	_	_
senso	senso	SS	O	_	_
di	di	E	O	_	_
sollievo	sollievo	SS	O	_	_
nella	in/det	ES	O	_	_
immensa	immenso	AS	O	_	_
maggioranza	maggioranza	SS	O	_	_
di	di	E	O	_	_
tutto	tutto	DS	O	_	_
il	il	RS	O	_	_
paese	paese	SS	O	_	_
l’	il	RS	O	_	_
apprendere	apprendere	VF	O	_	_
che	che	CCHE	O	_	_
finalmente	finalmente	B	O	_	_
anche	anche	C	O	_	_
nel	in/det	ES	O	_	_
centro	centro	SS	O	_	_
del	di/det	ES	O	_	_
Trentino	trentino	SPN	GPE	46.102869	11.12961993
prevalse	prevalere	VI	O	_	_
chi	chi	CCHI	O	_	_
la	la	PS	O	_	_
pensa	pensare	VI	O	_	_
e	e	C	O	_	_
la	il	RS	O	_	_
sente	sente	SS	O	_	_
all’	a/det	ES	O	_	_
unisono	unisono	SS	O	_	_
col	con/det	ES	O	_	_
nostro	nostro	DS	O	_	_
popolo	popolo	SS	O	_	_
,	comma	XPW	O	_	_
che	che	CCHE	O	_	_
ebbe	avere	VI	O	_	_
–	–	XPO	O	_	_
purtroppo	purtroppo	B	O	_	_
–	–	XPO	O	_	_
intenti	intento	SP	O	_	_
audaci	audace	AP	O	_	_
ed	ed	C	O	_	_
occasione	occasione	SS	O	_	_
di	di	E	O	_	_
vedere	vedere	VF	O	_	_
quali	quale	PP	O	_	_
fossero	essere	VI	O	_	_
le	il	RP	O	_	_
accoglienze	accoglienza	SP	O	_	_
che	che	CCHE	O	_	_
il	il	RS	O	_	_
Municipio	municipio	SS	O	_	_
e	e	C	O	_	_
i	il	RP	O	_	_
liberali	liberale	SP	O	_	_
accordavano	accordare	VI	O	_	_
alla	a/det	ES	O	_	_
stragrande	stragrande	AS	O	_	_
maggioranza	maggioranza	SS	O	_	_
dei	di/det	EP	O	_	_
figli	figlio	SP	O	_	_
della	di/det	ES	O	_	_
terra	terra	SS	O	_	_
,	comma	XPW	O	_	_
rei	rei	VI	O	_	_
di	di	E	O	_	_
non	non	B	O	_	_
abbassare	abbassare	VF	O	_	_
il	il	RS	O	_	_
collo	con/det	ES	O	_	_
e	e	C	O	_	_
accettare	accettare	VF	O	_	_
il	il	RS	O	_	_
giogo	giogo	SS	O	_	_
di	di	E	O	_	_
un	uno	RS	O	_	_
cenacolo	cenacolo	SS	O	_	_
di	di	E	O	_	_
qualche	qualche	DS	O	_	_
caffè	caffè	SS	O	_	_
o	o	C	O	_	_
dei	di/det	EP	O	_	_
signorotti	signorotto	SP	O	_	_
della	di/det	ES	O	_	_
Lega	lega	SPN	O	_	_
democratica	democratico	AS	O	_	_
.	.	XPS	O	_	_

Oggi	oggi	B	O	_	_
il	il	RS	O	_	_
Trentino	trentino	SPN	GPE	46.102869	11.12961993
si	rifl	PN	O	_	_
rallegra	rallegrare	VI	O	_	_
,	comma	XPW	O	_	_
gioisce	gioire	VI	O	_	_
e	e	C	O	_	_
plaude	plaudere	VI	O	_	_
che	che	CCHE	O	_	_
anche	anche	C	O	_	_
in	in	E	O	_	_
Trento	trento	SPN	GPE	46.0664228	11.1257601
,	comma	XPW	O	_	_
nel	in/det	ES	O	_	_
cuore	cuore	SS	O	_	_
del	di/det	ES	O	_	_
paese	paese	SS	O	_	_
,	comma	XPW	O	_	_
si	rifl	PN	O	_	_
fa	fare	VI	O	_	_
breccia	breccia	SS	O	_	_
una	uno	RS	O	_	_
nuova	nuovo	AS	O	_	_
vita	vita	SS	O	_	_
"!"	esclamation_mark	XPS	O	_	_

Il	il	RS	O	_	_
Popolo	popolo	SPN	O	_	_
–	–	XPO	O	_	_
da	da	E	O	_	_
fedele	fedele	AS	O	_	_
servitore	servitore	SS	O	_	_
dei	di/det	EP	O	_	_
radicali	radicale	SP	O	_	_
,	comma	XPW	O	_	_
che	che	CCHE	O	_	_
difese	difendere	VI	O	_	_
la	il	RS	O	_	_
tassa	tassa	SS	O	_	_
sui	su/det	EP	O	_	_
quartieri	quartiere	SP	O	_	_
,	comma	XPW	O	_	_
che	che	CCHE	O	_	_
predicò	predicare	VI	O	_	_
l’	il	RS	O	_	_
astensione	astensione	SS	O	_	_
,	comma	XPW	O	_	_
così	così	B	O	_	_
ben	ben	B	O	_	_
mantenuta	mantenere	VSP	O	_	_
e	e	C	O	_	_
che	che	CCHE	O	_	_
insegnò	insegnare	VI	O	_	_
ai	a/det	EP	O	_	_
radicali	radicale	SP	O	_	_
come	come	CADV	O	_	_
potevano	potere	VI	O	_	_
eludere	eludere	VF	O	_	_
la	il	RS	O	_	_
rappresentanza	rappresentanza	SS	O	_	_
proporzionale	proporzionale	AS	O	_	_
–	–	XPO	O	_	_
e	e	C	O	_	_
il	il	RS	O	_	_
Popolo	popolo	SPN	O	_	_
commenta	commentare	VI	O	_	_
da	da	E	O	_	_
par	par	SS	O	_	_
suo	suo	DS	O	_	_
l’	il	RS	O	_	_
esito	esito	SS	O	_	_
delle	di/det	EP	O	_	_
elezioni	elezione	SP	O	_	_
.	.	XPS	O	_	_

Trova	trovare	VI	O	_	_
anche	anche	C	O	_	_
lui	lui	PS	O	_	_
che	che	CCHE	O	_	_
fra	fra	E	O	_	_
i	il	RP	O	_	_
liberali	liberale	SP	O	_	_
prevalse	prevalso	AP	O	_	_
«	«	XPO	O	_	_
lo	il	RS	O	_	_
spirito	spirito	SS	O	_	_
di	di	E	O	_	_
cricca	cricca	SS	O	_	_
»	»	XPO	O	_	_
;	semicolon	XPS	O	_	_

ma	ma	C	O	_	_
la	il	RS	O	_	_
colpa	colpa	SS	O	_	_
maggiore	maggiore	AS	O	_	_
la	il	RS	O	_	_
vede	vedere	VI	O	_	_
in	in	E	O	_	_
ciò	ciò`	PS	O	_	_
che	che	CCHE	O	_	_
i	il	RP	O	_	_
liberali	liberale	SP	O	_	_
commisero	commiserare	VI	O	_	_
«	«	XPO	O	_	_
balordaggini	balordaggine	SP	O	_	_
sopra	sopra	E	O	_	_
balordaggini	balordaggine	SP	O	_	_
»	»	XPO	O	_	_
,	comma	XPW	O	_	_
chiamando	chiamare	VG	O	_	_
fra	fra	E	O	_	_
il	il	RS	O	_	_
resto	resto	SS	O	_	_
«	«	XPO	O	_	_
la	il	RS	O	_	_
minoranza	minoranza	SS	O	_	_
a	a	E	O	_	_
fare	fare	VF	O	_	_
la	il	RS	O	_	_
revisione	revisione	SS	O	_	_
dei	di/det	EP	O	_	_
preventivi	preventivo	SP	O	_	_
»	»	XPO	O	_	_
e	e	C	O	_	_
accettandone	accettandone	SS	O	_	_
qualche	qualche	DS	O	_	_
proposta	proposta	SS	O	_	_
.	.	XPS	O	_	_

Ecco	ecco	B	O	_	_
l’	il	RS	O	_	_
amico	amico	SS	O	_	_
del	di/det	ES	O	_	_
popolo	popolo	SS	O	_	_
,	comma	XPW	O	_	_
il	il	RS	O	_	_
fautore	fautore	SS	O	_	_
del	di/det	ES	O	_	_
controllo	controllo	SS	O	_	_
"!"	esclamation_mark	XPS	O	_	_

Bisogna	bisognare	VI	O	_	_
escludere	escludere	VF	O	_	_
la	il	RS	O	_	_
minoranza	minoranza	SS	O	_	_
dall’	da/det	ES	O	_	_
esame	esame	SS	O	_	_
dei	di/det	EP	O	_	_
preventivi	preventivo	SP	O	_	_
"!"	esclamation_mark	XPS	O	_	_

Avete	avere	VIY	O	_	_
capito	capire	VSP	O	_	_
?	?	XPS	O	_	_

Nella	in/det	ES	O	_	_
pignatta	pignatta	SS	O	_	_
non	non	B	O	_	_
ci	ci	B	O	_	_
devono	dovere	VI	O	_	_
vedere	vedere	VF	O	_	_
e	e	C	O	_	_
rimestare	rimestare	VF	O	_	_
che	che	CCHE	O	_	_
lor	lor	VI	O	_	_
signori	signore	SP	O	_	_
"!"	esclamation_mark	XPS	O	_	_

Se	se	C	O	_	_
questa	questo	PS	O	_	_
non	non	B	O	_	_
è	essere	VI	O	_	_
una	uno	RS	O	_	_
prostituzione	prostituzione	SS	O	_	_
al	a/det	ES	O	_	_
partito	partito	SS	O	_	_
radicale	radicale	AS	O	_	_
,	comma	XPW	O	_	_
quale	quale	PS	O	_	_
sarà	essere	VI	O	_	_
mai	mai	B	O	_	_
?	?	XPS	O	_	_

E	e	C	O	_	_
poi	poi	B	O	_	_
venga	venire	VI	O	_	_
ancora	ancora	B	O	_	_
Il	il	RS	O	_	_
Popolo	popolo	SPN	O	_	_
a	a	E	O	_	_
parlarci	parlare/pro/loc	VF+E	O	_	_
di	di	E	O	_	_
difesa	difesa	SS	O	_	_
delle	di/det	EP	O	_	_
minoranze	minoranza	SP	O	_	_
,	comma	XPW	O	_	_
e	e	C	O	_	_
si	rifl	PN	O	_	_
atteggi	atteggiare	VI	O	_	_
–	–	XPO	O	_	_
se	rifl	PN	O	_	_
ne	ne	PN	O	_	_
ha	avere	VIY	O	_	_
ancora	ancora	B	O	_	_
la	il	RS	O	_	_
fronte	fronte	SS	O	_	_
–	–	XPO	O	_	_
a	a	E	O	_	_
difensore	difensore	SS	O	_	_
degli	di/det	EP	O	_	_
interessi	interesse	SP	O	_	_
popolari	popolare	AP	O	_	_
"!"	esclamation_mark	XPS	O	_	_

Il	il	RS	O	_	_
Messaggero	messaggero	SPN	O	_	_
di	di	E	O	_	_
iersera	iersera	SS	O	_	_
parla	parlare	VI	O	_	_
di	di	E	O	_	_
«	«	XPO	O	_	_
arti	arte	SP	O	_	_
clericali	clericale	AP	O	_	_
»	»	XPO	O	_	_
usate	usare	VPP	O	_	_
all’	a/det	ES	O	_	_
ultimo	ultimo	AS	O	_	_
momento	momento	SS	O	_	_
per	per	E	O	_	_
conquistare	conquistare	VF	O	_	_
voti	voto	SP	O	_	_
,	comma	XPW	O	_	_
di	di	E	O	_	_
«	«	XPO	O	_	_
ampie	ampio	AP	O	_	_
giustificazioni	giustificazione	SP	O	_	_
»	»	XPO	O	_	_
e	e	C	O	_	_
proteste	protesta	SP	O	_	_
sdegnose	sdegnoso	AP	O	_	_
di	di	E	O	_	_
guardie	guardia	SP	O	_	_
municipali	municipale	AP	O	_	_
accusate	accusare	VPP	O	_	_
di	di	E	O	_	_
fare	fare	VF	O	_	_
i	il	RP	O	_	_
galoppini	galoppino	SP	O	_	_
liberali	liberale	AP	O	_	_
;	semicolon	XPS	O	_	_

nota	noto	AS	O	_	_
l’	il	RS	O	_	_
intervento	intervento	SS	O	_	_
di	di	E	O	_	_
socialisti	socialista	SP	O	_	_
e	e	C	O	_	_
prevede	prevedere	VI	O	_	_
le	il	RP	O	_	_
dimissioni	dimissione	SP	O	_	_
in	in	E	O	_	_
massa	massa	SS	O	_	_
dei	di/det	EP	O	_	_
consiglieri	consigliere	SP	O	_	_
liberali	liberale	AP	O	_	_
,	comma	XPW	O	_	_
il	il	RS	O	_	_
commissario	commissario	SS	O	_	_
governativo	governativo	AS	O	_	_
e	e	C	O	_	_
nuove	nuovo	AP	O	_	_
elezioni	elezione	SP	O	_	_
.	.	XPS	O	_	_

Non	non	B	O	_	_
vale	valere	VI	O	_	_
la	il	RS	O	_	_
pena	pena	SS	O	_	_
di	di	E	O	_	_
occuparci	occupare/pro/loc	VF+E	O	_	_
dei	di/det	EP	O	_	_
mezzi	mezzo	SP	O	_	_
meschini	meschino	AP	O	_	_
con	con	E	O	_	_
cui	cui	PN	O	_	_
si	rifl	PN	O	_	_
tenta	tentare	VI	O	_	_
di	di	E	O	_	_
sminuire	sminuire	VF	O	_	_
l’	il	RS	O	_	_
esito	esito	SS	O	_	_
delle	di/det	EP	O	_	_
elezioni	elezione	SP	O	_	_
,	comma	XPW	O	_	_
e	e	C	O	_	_
quanto	quanto	B	O	_	_
alle	a/det	EP	O	_	_
dimissioni	dimissione	SP	O	_	_
,	comma	XPW	O	_	_
al	a/det	ES	O	_	_
commissario	commissario	SS	O	_	_
ecc.,	ecc.,	SPN	O	_	_
l’	il	RS	O	_	_
Alto	alto	SPN	GPE	46.65596895	11.22964387
Adige	adige	SPN	GPE	46.65596895	11.22964387
ha	avere	VIY	O	_	_
già	già	B	O	_	_
fatto	fare	VSP	O	_	_
capire	capire	VF	O	_	_
che	che	CCHE	O	_	_
i	il	RP	O	_	_
«	«	XPO	O	_	_
signori	signore	SP	O	_	_
»	»	XPO	O	_	_
restano	restare	VI	O	_	_
al	a/det	ES	O	_	_
posto	posto	SS	O	_	_
anche	anche	C	O	_	_
senza	senza	E	O	_	_
maggioranza	maggioranza	SS	O	_	_
nei	in/det	EP	O	_	_
corpi	corpo	SP	O	_	_
elettorali	elettorale	AP	O	_	_
.	.	XPS	O	_	_

Adesso	adesso	B	O	_	_
probabilmente	probabilmente	B	O	_	_
si	rifl	PN	O	_	_
richiameranno	richiamare	VI	O	_	_
alla	a/det	ES	O	_	_
proporzionale	proporzionale	AS	O	_	_
con	con	E	O	_	_
benefici	beneficio	SP	O	_	_
maggiori	maggiore	AP	O	_	_
di	di	E	O	_	_
quelli	quello	PP	O	_	_
onde	onde	VI	O	_	_
volevano	volere	VI	O	_	_
ornarla	ornare/pro	VF+E	O	_	_
il	il	RS	O	_	_
compagno	compagno	SS	O	_	_
Briand	briand	SPN	PER	_	_
in	in	E	O	_	_
Francia	francia	SPN	GPE	46.603354	1.8883335
e	e	C	O	_	_
Il	il	RS	O	_	_
Popolo	popolo	SPN	O	_	_
a	a	E	O	_	_
Trento	trento	SPN	GPE	46.0664228	11.1257601
.	.	XPS	O	_	_
