# total number of persons:0, total number of gpes:1
Dalle	da/det	EP	O	_	_
relazioni	relazione	SP	O	_	_
pervenuteci	pervenuteci	AP	O	_	_
da	da	E	O	_	_
parecchi	parecchio	AP	O	_	_
luoghi	luogo	SP	O	_	_
e	e	C	O	_	_
pubblicate	pubblicare	VPP	O	_	_
sul	su/det	ES	O	_	_
nostro	nostro	DS	O	_	_
giornale	giornale	SS	O	_	_
,	comma	XPW	O	_	_
si	rifl	PN	O	_	_
è	essere	VIY	O	_	_
potuto	potere	VSP	O	_	_
vedere	vedere	VF	O	_	_
con	con	E	O	_	_
quanto	quanto	QNS	O	_	_
favore	favore	SS	O	_	_
sia	essere	VIY	O	_	_
stata	essere	VSPY	O	_	_
accolta	accogliere	VSP	O	_	_
l’	il	RS	O	_	_
istituzione	istituzione	SS	O	_	_
della	di/det	ES	O	_	_
Cassa	cassa	SS	O	_	_
centrale	centrale	AS	O	_	_
cattolica	cattolico	AS	O	_	_
di	di	E	O	_	_
mutuo	mutuo	SS	O	_	_
soccorso	soccorso	AS	O	_	_
.	.	XPS	O	_	_

E	e	C	O	_	_
il	il	RS	O	_	_
favore	favore	SS	O	_	_
è	essere	VI	O	_	_
veramente	veramente	B	O	_	_
giustificato	giustificare	VSP	O	_	_
.	.	XPS	O	_	_

Anzitutto	anzitutto	B	O	_	_
la	il	RS	O	_	_
Cassa	cassa	SS	O	_	_
centrale	centrale	AS	O	_	_
provvede	provvedere	VI	O	_	_
agli	a/det	EP	O	_	_
operai	operaio	SP	O	_	_
ammalati	ammalare	VPP	O	_	_
in	in	E	O	_	_
modo	modo	SS	O	_	_
molto	molto	B	O	_	_
più	più	B	O	_	_
vantaggioso	vantaggioso	AS	O	_	_
che	che	CCHE	O	_	_
le	il	RP	O	_	_
presenti	presente	AP	O	_	_
casse	cassa	SP	O	_	_
distrettuali	distrettuale	AP	O	_	_
,	comma	XPW	O	_	_
giacché	giacché	C	O	_	_
il	il	RS	O	_	_
contributo	contributo	SS	O	_	_
che	che	CCHE	O	_	_
gli	il	RP	O	_	_
operai	operaio	SP	O	_	_
devono	dovere	VI	O	_	_
versare	versare	VF	O	_	_
è	essere	VI	O	_	_
più	più	B	O	_	_
piccolo	piccolo	AS	O	_	_
e	e	C	O	_	_
il	il	RS	O	_	_
sussidio	sussidio	SS	O	_	_
che	che	CCHE	O	_	_
ne	ne	PN	O	_	_
ricevono	ricevere	VI	O	_	_
è	essere	VI	O	_	_
maggiore	maggiore	AS	O	_	_
.	.	XPS	O	_	_

Per	per	E	O	_	_
esempio	esempio	SS	O	_	_
gli	il	RP	O	_	_
operai	operaio	SP	O	_	_
dai	da/det	EP	O	_	_
31	31	N	O	_	_
ai	a/det	EP	O	_	_
50	50	N	O	_	_
anni	anno	SP	O	_	_
con	con	E	O	_	_
cor	cor	SS	O	_	_
.	.	XPS	O	_	_

1.06	1.06	N	O	_	_
di	di	E	O	_	_
contributo	contributo	SS	O	_	_
mensile	mensile	AS	O	_	_
ricevono	ricevere	VI	O	_	_
in	in	E	O	_	_
caso	caso	SS	O	_	_
di	di	E	O	_	_
malattia	malattia	SS	O	_	_
,	comma	XPW	O	_	_
oltre	oltre	E	O	_	_
l’	il	RS	O	_	_
assistenza	assistenza	SS	O	_	_
medica	medico	AS	O	_	_
le	il	RP	O	_	_
medicine	medicina	SP	O	_	_
,	comma	XPW	O	_	_
un	uno	RS	O	_	_
sussidio	sussidio	SS	O	_	_
di	di	E	O	_	_
una	uno	RS	O	_	_
corona	corona	SS	O	_	_
al	a/det	ES	O	_	_
giorno	giorno	SS	O	_	_
;	semicolon	XPS	O	_	_

con	con	E	O	_	_
cor	cor	SS	O	_	_
.	.	XPS	O	_	_

1.66	1.66	N	O	_	_
di	di	E	O	_	_
contributo	contributo	SS	O	_	_
mensile	mensile	AS	O	_	_
,	comma	XPW	O	_	_
un	uno	RS	O	_	_
sussidio	sussidio	SS	O	_	_
giornaliero	giornaliero	AS	O	_	_
di	di	E	O	_	_
2	2	N	O	_	_
corone	corone	SS	O	_	_
,	comma	XPW	O	_	_
e	e	C	O	_	_
con	con	E	O	_	_
un	uno	RS	O	_	_
contributo	contributo	SS	O	_	_
mensile	mensile	AS	O	_	_
di	di	E	O	_	_
cor	cor	SS	O	_	_
.	.	XPS	O	_	_

2.86	2.86	N	O	_	_
un	uno	RS	O	_	_
sussidio	sussidio	SS	O	_	_
giornaliero	giornaliero	AS	O	_	_
di	di	E	O	_	_
4	4	N	O	_	_
corone	corone	SS	O	_	_
,	comma	XPW	O	_	_
sempre	sempre	B	O	_	_
,	comma	XPW	O	_	_
s’	s’	PN	O	_	_
intende	intendere	VI	O	_	_
,	comma	XPW	O	_	_
oltre	oltre	E	O	_	_
l’	il	RS	O	_	_
assistenza	assistenza	SS	O	_	_
medica	medico	AS	O	_	_
e	e	C	O	_	_
le	il	RP	O	_	_
medicine	medicina	SP	O	_	_
.	.	XPS	O	_	_

Di	di	E	O	_	_
più	più	B	O	_	_
:	:	XPS	O	_	_
mentre	mentre	C	O	_	_
le	il	RP	O	_	_
casse	cassa	SP	O	_	_
distrettuali	distrettuale	AP	O	_	_
non	non	B	O	_	_
passano	passare	VI	O	_	_
il	il	RS	O	_	_
sussidio	sussidio	SS	O	_	_
che	che	CCHE	O	_	_
per	per	E	O	_	_
20	20	N	O	_	_
settimane	settimana	SP	O	_	_
,	comma	XPW	O	_	_
la	il	RS	O	_	_
Cassa	cassa	SS	O	_	_
centrale	centrale	AS	O	_	_
lo	lo	PS	O	_	_
passa	passare	VI	O	_	_
per	per	E	O	_	_
52	52	N	O	_	_
settimane	settimana	SP	O	_	_
,	comma	XPW	O	_	_
e	e	C	O	_	_
precisamente	precisamente	B	O	_	_
per	per	E	O	_	_
26	26	N	O	_	_
nella	in/det	ES	O	_	_
cifra	cifra	SS	O	_	_
suesposta	suesposto	AS	O	_	_
,	comma	XPW	O	_	_
per	per	E	O	_	_
altre	altro	DP	O	_	_
26	26	N	O	_	_
nella	in/det	ES	O	_	_
metà	metà	SN	O	_	_
nell’	in/det	ES	O	_	_
ammontare	ammontare	VF	O	_	_
della	di/det	ES	O	_	_
stessa	stesso	DS	O	_	_
.	.	XPS	O	_	_

Ma	ma	C	O	_	_
la	il	RS	O	_	_
cassa	cassa	SS	O	_	_
centrale	centrale	AS	O	_	_
offre	offrire	VI	O	_	_
altri	altro	DP	O	_	_
e	e	C	O	_	_
ben	ben	B	O	_	_
maggiori	maggiore	AP	O	_	_
vantaggi	vantaggio	SP	O	_	_
.	.	XPS	O	_	_

Essa	essa	PS	O	_	_
non	non	B	O	_	_
accoglie	accogliere	VI	O	_	_
nel	in/det	ES	O	_	_
suo	suo	DS	O	_	_
seno	seno	SS	O	_	_
soltanto	soltanto	B	O	_	_
gli	il	RP	O	_	_
operai	operaio	SP	O	_	_
ma	ma	C	O	_	_
anche	anche	C	O	_	_
i	il	RP	O	_	_
piccoli	piccolo	AP	O	_	_
padroni	padrone	SP	O	_	_
,	comma	XPW	O	_	_
i	il	RP	O	_	_
quali	quale	PP	O	_	_
,	comma	XPW	O	_	_
in	in	E	O	_	_
caso	caso	SS	O	_	_
di	di	E	O	_	_
malattia	malattia	SS	O	_	_
,	comma	XPW	O	_	_
si	rifl	PN	O	_	_
trovano	trovare	VI	O	_	_
ben	ben	B	O	_	_
spesso	spesso	B	O	_	_
in	in	E	O	_	_
strette	stretta	SP	O	_	_
peggiori	peggiore	AP	O	_	_
degli	di/det	EP	O	_	_
operai	operaio	SP	O	_	_
medesimi	medesimo	AP	O	_	_
.	.	XPS	O	_	_

Inoltre	inoltre	B	O	_	_
,	comma	XPW	O	_	_
allargando	allargare	VG	O	_	_
la	il	RS	O	_	_
cerchia	cerchia	SS	O	_	_
dei	di/det	EP	O	_	_
propri	proprio	DP	O	_	_
soci	socio	SP	O	_	_
anche	anche	C	O	_	_
ai	a/det	EP	O	_	_
contadini	contadino	SP	O	_	_
,	comma	XPW	O	_	_
rende	rendere	VI	O	_	_
partecipe	partecipe	AS	O	_	_
dei	di/det	EP	O	_	_
benefici	beneficio	SP	O	_	_
dell’	di/det	ES	O	_	_
assicurazione	assicurazione	SS	O	_	_
la	il	RS	O	_	_
classe	classe	SS	O	_	_
agricola	agricolo	AS	O	_	_
,	comma	XPW	O	_	_
la	il	RS	O	_	_
quale	quale	PS	O	_	_
,	comma	XPW	O	_	_
per	per	E	O	_	_
questo	questo	DS	O	_	_
riguardo	riguardo	SS	O	_	_
,	comma	XPW	O	_	_
rimase	rimanere	VI	O	_	_
finora	finora	B	O	_	_
abbandonata	abbandonato	AS	O	_	_
.	.	XPS	O	_	_

Chi	chi	CCHI	O	_	_
sa	sapere	VI	O	_	_
quale	quale	PS	O	_	_
sia	essere	VI	O	_	_
l’	il	RS	O	_	_
importanza	importanza	SS	O	_	_
sociale	sociale	AS	O	_	_
di	di	E	O	_	_
questa	questo	DS	O	_	_
classe	classe	SS	O	_	_
,	comma	XPW	O	_	_
specialmente	specialmente	B	O	_	_
in	in	E	O	_	_
paesi	paese	SP	O	_	_
come	come	CADV	O	_	_
il	il	RS	O	_	_
nostro	nostro	DS	O	_	_
Trentino	trentino	SPN	GPE	46.102869	11.12961993
;	semicolon	XPS	O	_	_

chi	chi	CCHI	O	_	_
sa	sapere	VI	O	_	_
ancora	ancora	B	O	_	_
in	in	E	O	_	_
quale	quale	PS	O	_	_
misera	misero	AS	O	_	_
condizione	condizione	SS	O	_	_
si	rifl	PN	O	_	_
trovi	trovare	VI	O	_	_
spesso	spesso	B	O	_	_
ridotto	ridotto	AS	O	_	_
il	il	RS	O	_	_
contadino	contadino	SS	O	_	_
ammalato	ammalare	VSP	O	_	_
,	comma	XPW	O	_	_
non	non	B	O	_	_
potrà	potere	VI	O	_	_
fare	fare	VF	O	_	_
a	a	E	O	_	_
meno	meno	B	O	_	_
di	di	E	O	_	_
comprendere	comprendere	VF	O	_	_
come	come	CADV	O	_	_
la	il	RS	O	_	_
Cassa	cassa	SS	O	_	_
centrale	centrale	AS	O	_	_
risponda	rispondere	VI	O	_	_
a	a	E	O	_	_
una	uno	RS	O	_	_
vera	vero	AS	O	_	_
necessità	necessità	SN	O	_	_
e	e	C	O	_	_
possa	potere	VI	O	_	_
essere	essere	VF	O	_	_
apportatrice	apportatrice	SS	O	_	_
di	di	E	O	_	_
immenso	immenso	SS	O	_	_
bene	bene	B	O	_	_
economico	economico	AS	O	_	_
e	e	C	O	_	_
morale	morale	AS	O	_	_
.	.	XPS	O	_	_

Infine	infine	B	O	_	_
la	il	RS	O	_	_
Cassa	cassa	SS	O	_	_
centrale	centrale	AS	O	_	_
nella	in/det	ES	O	_	_
sua	suo	DS	O	_	_
vasta	vasto	AS	O	_	_
sfera	sfera	SS	O	_	_
comprende	comprendere	VI	O	_	_
,	comma	XPW	O	_	_
oltre	oltre	E	O	_	_
gli	il	RP	O	_	_
operai	operaio	SP	O	_	_
,	comma	XPW	O	_	_
i	il	RP	O	_	_
piccoli	piccolo	AP	O	_	_
possidenti	possidente	SP	O	_	_
e	e	C	O	_	_
gli	il	RP	O	_	_
agricoltori	agricoltore	SP	O	_	_
,	comma	XPW	O	_	_
anche	anche	C	O	_	_
ogni	ogni	DS	O	_	_
altra	altro	DS	O	_	_
persona	persona	SS	O	_	_
di	di	E	O	_	_
sentimenti	sentimento	SP	O	_	_
e	e	C	O	_	_
di	di	E	O	_	_
condotta	condotta	SS	O	_	_
cristiana	cristiano	AS	O	_	_
,	comma	XPW	O	_	_
ed	ed	C	O	_	_
è	essere	VI	O	_	_
così	così	B	O	_	_
che	che	CCHE	O	_	_
rende	rendere	VI	O	_	_
possibile	possibile	AS	O	_	_
un	uno	RS	O	_	_
forte	forte	AS	O	_	_
sussidio	sussidio	SS	O	_	_
di	di	E	O	_	_
malattia	malattia	SS	O	_	_
con	con	E	O	_	_
contributi	contributo	SP	O	_	_
tenui	tenue	AP	O	_	_
,	comma	XPW	O	_	_
e	e	C	O	_	_
che	che	CCHE	O	_	_
applica	applicare	VI	O	_	_
i	il	RP	O	_	_
frutti	frutto	SP	O	_	_
della	di/det	ES	O	_	_
previdenza	previdenza	SS	O	_	_
e	e	C	O	_	_
dell’	di/det	ES	O	_	_
associazione	associazione	SS	O	_	_
con	con	E	O	_	_
una	uno	RS	O	_	_
vastità	vastità	SN	O	_	_
che	che	CCHE	O	_	_
alle	a/det	EP	O	_	_
altre	altro	DP	O	_	_
casse	cassa	SP	O	_	_
per	per	E	O	_	_
ammalati	ammalato	SP	O	_	_
è	essere	VI	O	_	_
affatto	affatto	B	O	_	_
sconosciuta	sconosciuto	AS	O	_	_
.	.	XPS	O	_	_

Ma	ma	C	O	_	_
la	il	RS	O	_	_
Cassa	cassa	SS	O	_	_
centrale	centrale	AS	O	_	_
non	non	B	O	_	_
provvede	provvedere	VI	O	_	_
soltanto	soltanto	B	O	_	_
alle	a/det	EP	O	_	_
più	più	B	O	_	_
svariate	svariato	AP	O	_	_
classi	classe	SP	O	_	_
sociali	sociale	AP	O	_	_
e	e	C	O	_	_
a	a	E	O	_	_
un	uno	RS	O	_	_
numero	numero	SS	O	_	_
stragrande	stragrande	VI	O	_	_
di	di	E	O	_	_
persone	persona	SP	O	_	_
;	semicolon	XPS	O	_	_

provvede	provvedere	VI	O	_	_
anche	anche	C	O	_	_
a	a	E	O	_	_
molteplici	molteplice	AP	O	_	_
bisogni	bisogno	SP	O	_	_
.	.	XPS	O	_	_

Lasciando	lasciare	VG	O	_	_
da	da	E	O	_	_
parte	parte	SS	O	_	_
che	che	CCHE	O	_	_
ai	a/det	EP	O	_	_
contributi	contributo	SP	O	_	_
sopra	sopra	E	O	_	_
accennati	accennati	SP	O	_	_
corrisponde	corrispondere	VI	O	_	_
anche	anche	C	O	_	_
un	uno	RS	O	_	_
piccolo	piccolo	AS	O	_	_
sussidio	sussidio	SS	O	_	_
ai	a/det	EP	O	_	_
superstiti	superstite	SP	O	_	_
in	in	E	O	_	_
caso	caso	SS	O	_	_
di	di	E	O	_	_
morte	morte	SS	O	_	_
dell’	di/det	ES	O	_	_
infermo	infermo	SS	O	_	_
,	comma	XPW	O	_	_
essa	essa	PS	O	_	_
ha	avere	VI	O	_	_
rami	ramo	SP	O	_	_
speciali	speciale	AP	O	_	_
di	di	E	O	_	_
assicurazione	assicurazione	SS	O	_	_
per	per	E	O	_	_
il	il	RS	O	_	_
caso	caso	SS	O	_	_
di	di	E	O	_	_
morte	morte	SS	O	_	_
,	comma	XPW	O	_	_
per	per	E	O	_	_
la	il	RS	O	_	_
vecchiaia	vecchiaia	SS	O	_	_
,	comma	XPW	O	_	_
per	per	E	O	_	_
l’	il	RS	O	_	_
invalidità	invalidità	SN	O	_	_
,	comma	XPW	O	_	_
per	per	E	O	_	_
le	il	RP	O	_	_
vedove	vedova	SP	O	_	_
,	comma	XPW	O	_	_
per	per	E	O	_	_
gli	il	RP	O	_	_
orfani	orfano	SP	O	_	_
,	comma	XPW	O	_	_
per	per	E	O	_	_
terze	terze	AS	O	_	_
persone	persona	SP	O	_	_
che	che	CCHE	O	_	_
l’	il	RS	O	_	_
assicurante	assicurante	SS	O	_	_
vuole	volere	VI	O	_	_
beneficare	beneficare	VF	O	_	_
solidamente	solidamente	B	O	_	_
.	.	XPS	O	_	_

Si	rifl	PN	O	_	_
veda	vedere	VI	O	_	_
quale	quale	DS	O	_	_
immenso	immenso	AS	O	_	_
campo	campo	SS	O	_	_
di	di	E	O	_	_
benefici	beneficio	SP	O	_	_
sociali	sociale	AP	O	_	_
si	rifl	PN	O	_	_
schiude	schiudere	VI	O	_	_
in	in	E	O	_	_
questo	questo	DS	O	_	_
modo	modo	SS	O	_	_
al	a/det	ES	O	_	_
nuovo	nuovo	AS	O	_	_
istituto	istituto	SS	O	_	_
.	.	XPS	O	_	_

Non	non	B	O	_	_
è	essere	VI	O	_	_
quindi	quindi	C	O	_	_
meraviglia	meravigliare	VI	O	_	_
che	che	CCHE	O	_	_
tutti	tutto	PP	O	_	_
coloro	colui	PP	O	_	_
che	che	CCHE	O	_	_
ne	ne	PN	O	_	_
presero	prendere	VI	O	_	_
finora	finora	B	O	_	_
un’	uno	RS	O	_	_
esatta	esatto	AS	O	_	_
cognizione	cognizione	SS	O	_	_
,	comma	XPW	O	_	_
lo	lo	PS	O	_	_
abbiamo	avere	VIY	O	_	_
altamente	altamente	B	O	_	_
lodato	lodare	VSP	O	_	_
e	e	C	O	_	_
vi	vi	B	O	_	_
abbiano	avere	VIY	O	_	_
dato	dare	VSP	O	_	_
il	il	RS	O	_	_
proprio	proprio	DS	O	_	_
nome	nome	SS	O	_	_
,	comma	XPW	O	_	_
e	e	C	O	_	_
noi	noi	PP	O	_	_
speriamo	sperare	VI	O	_	_
che	che	CCHE	O	_	_
fra	fra	E	O	_	_
non	non	B	O	_	_
molto	molto	B	O	_	_
si	rifl	PN	O	_	_
possa	potere	VI	O	_	_
passare	passare	VF	O	_	_
alla	a/det	ES	O	_	_
formale	formale	AS	O	_	_
costituzione	costituzione	SS	O	_	_
della	di/det	ES	O	_	_
Cassa	cassa	SS	O	_	_
centrale	centrale	AS	O	_	_
.	.	XPS	O	_	_

Intanto	intanto	B	O	_	_
tutti	tutto	PP	O	_	_
coloro	colui	PP	O	_	_
cui	cui	PN	O	_	_
sta	stare	VI	O	_	_
a	a	E	O	_	_
cuore	cuore	SS	O	_	_
il	il	RS	O	_	_
buon	buon	AS	O	_	_
esito	esito	SS	O	_	_
e	e	C	O	_	_
la	il	RS	O	_	_
pronta	pronto	AS	O	_	_
entrata	entrata	SS	O	_	_
in	in	E	O	_	_
attività	attività	SN	O	_	_
della	di/det	ES	O	_	_
Cassa	cassa	SS	O	_	_
,	comma	XPW	O	_	_
ne	ne	PN	O	_	_
studino	studiare	VI	O	_	_
gli	il	RP	O	_	_
statuti	statuto	SP	O	_	_
,	comma	XPW	O	_	_
provvedano	provvedere	VI	O	_	_
perché	perché	C	O	_	_
in	in	E	O	_	_
apposite	apposito	AP	O	_	_
conferenze	conferenza	SP	O	_	_
siano	essere	VI	O	_	_
quanto	quanto	B	O	_	_
prima	prima	B	O	_	_
spiegati	spiegare	VPP	O	_	_
al	a/det	ES	O	_	_
popolo	popolo	SS	O	_	_
e	e	C	O	_	_
specialmente	specialmente	B	O	_	_
ai	a/det	EP	O	_	_
membri	membro	SP	O	_	_
delle	di/det	EP	O	_	_
Società	società	SN	O	_	_
agricole	agricolo	AP	O	_	_
ed	ed	C	O	_	_
operaie	operaie	SP	O	_	_
cattoliche	cattolico	AP	O	_	_
;	semicolon	XPS	O	_	_

spediscano	spedire	VI	O	_	_
premurosamente	premurosamente	B	O	_	_
le	il	RP	O	_	_
adesioni	adesione	SP	O	_	_
raccolte	raccogliere	VPP	O	_	_
e	e	C	O	_	_
così	così	B	O	_	_
fra	fra	E	O	_	_
poco	poco	B	O	_	_
gli	il	RP	O	_	_
operai	operaio	SP	O	_	_
,	comma	XPW	O	_	_
gli	il	RP	O	_	_
agricoltori	agricoltore	SP	O	_	_
,	comma	XPW	O	_	_
i	il	RP	O	_	_
piccoli	piccolo	AP	O	_	_
possidenti	possidente	SP	O	_	_
,	comma	XPW	O	_	_
il	il	RS	O	_	_
laicato	laicato	SS	O	_	_
ed	ed	C	O	_	_
il	il	RS	O	_	_
clero	clero	SS	O	_	_
(	open_parenthesis	XPB	O	_	_
chè	chè	VI	O	_	_
anche	anche	C	O	_	_
questo	questo	PS	O	_	_
può	potere	VI	O	_	_
approfittare	approfittare	VF	O	_	_
con	con	E	O	_	_
utilità	utilità	SN	O	_	_
della	di/det	ES	O	_	_
Cassa	cassa	SS	O	_	_
centrale	centrale	AS	O	_	_
)	close_parenthesis	XPB	O	_	_
.	.	XPS	O	_	_

Potranno	potere	VI	O	_	_
sentire	sentire	VF	O	_	_
gli	il	RP	O	_	_
immediati	immediati	SP	O	_	_
e	e	C	O	_	_
benefici	beneficio	SP	O	_	_
effetti	effetti	AP	O	_	_
che	che	CCHE	O	_	_
la	la	PS	O	_	_
Cassa	cassa	SS	O	_	_
centrale	centrale	AS	O	_	_
cattolica	cattolico	AS	O	_	_
di	di	E	O	_	_
mutuo	mutuo	SS	O	_	_
soccorso	soccorso	AS	O	_	_
,	comma	XPW	O	_	_
è	essere	VIY	O	_	_
destinata	destinare	VSP	O	_	_
a	a	E	O	_	_
portare	portare	VF	O	_	_
.	.	XPS	O	_	_
