# total number of persons:6, total number of gpes:6
Vienna	vienna	SPN	GPE	48.2083537	16.3725042
,	comma	XPW	O	_	_
2	2	N	O	_	_
sera	sera	SS	O	_	_
Questa	questo	DS	O	_	_
sera	sera	SS	O	_	_
spira	spirare	VI	O	_	_
in	in	E	O	_	_
Budapest	budapest	SPN	GPE	47.48138955	19.14607278
l’	il	RS	O	_	_
aria	aria	SS	O	_	_
della	di/det	ES	O	_	_
Comune	comune	SS	O	_	_
e	e	C	O	_	_
Stefano	stefano	SPN	PER	_	_
Tisza	tisza	SPN	PER	_	_
deve	dovere	VI	O	_	_
rivivere	rivivere	VF	O	_	_
in	in	E	O	_	_
sé	sé	PN	O	_	_
qualche	qualche	DS	O	_	_
cosa	cosa	SS	O	_	_
delle	di/det	EP	O	_	_
vigilie	vigilia	SP	O	_	_
angosciose	angoscioso	AP	O	_	_
di	di	E	O	_	_
Adolfo	adolfo	SPN	PER	_	_
Thiers	thiers	SPN	PER	_	_
.	.	XPS	O	_	_

È	essere	VI	O	_	_
vero	vero	AS	O	_	_
,	comma	XPW	O	_	_
la	il	RS	O	_	_
sua	suo	DS	O	_	_
situazione	situazione	SS	O	_	_
è	essere	VI	O	_	_
più	più	B	O	_	_
favorevole	favorevole	AS	O	_	_
,	comma	XPW	O	_	_
perché	perché	C	O	_	_
non	non	B	O	_	_
si	rifl	PN	O	_	_
poggia	poggiare	VI	O	_	_
sulla	su/det	ES	O	_	_
dubbia	dubbio	AS	O	_	_
fedeltà	fedeltà	SN	O	_	_
della	di/det	ES	O	_	_
guardia	guardia	SS	O	_	_
nazionale	nazionale	AS	O	_	_
,	comma	XPW	O	_	_
ma	ma	C	O	_	_
sui	su/det	EP	O	_	_
battaglioni	battaglione	SP	O	_	_
degli	di/det	EP	O	_	_
honweds	honweds	SP	O	_	_
e	e	C	O	_	_
sulle	su/det	EP	O	_	_
mitragliatrici	mitragliatrice	SP	O	_	_
dell’	di/det	ES	O	_	_
esercito	esercito	SS	O	_	_
comune	comune	SS	O	_	_
.	.	XPS	O	_	_

I	il	RP	O	_	_
socialisti	socialista	SP	O	_	_
hanno	avere	VIY	O	_	_
pubblicato	pubblicare	VSP	O	_	_
anche	anche	C	O	_	_
questa	questo	DS	O	_	_
volta	volta	SS	O	_	_
il	il	RS	O	_	_
solito	solito	SS	O	_	_
manifesto	manifesto	AS	O	_	_
ai	a/det	EP	O	_	_
soldati	soldato	SP	O	_	_
,	comma	XPW	O	_	_
perché	perché	C	O	_	_
non	non	B	O	_	_
facciano	fare	VI	O	_	_
fuoco	fuoco	SS	O	_	_
sui	su/det	EP	O	_	_
fratelli	fratello	SP	O	_	_
:	:	XPS	O	_	_
ma	ma	C	O	_	_
il	il	RS	O	_	_
governo	governo	SS	O	_	_
ha	avere	VIY	O	_	_
provveduto	provveduto	VSP	O	_	_
che	che	CCHE	O	_	_
tale	tale	DS	O	_	_
fratellanza	fratellanza	SS	O	_	_
non	non	B	O	_	_
esista	esistere	VI	O	_	_
e	e	C	O	_	_
che	che	CCHE	O	_	_
i	il	RP	O	_	_
dimostranti	dimostrante	SP	O	_	_
si	rifl	PN	O	_	_
trovino	trovare	VI	O	_	_
di	di	E	O	_	_
fronte	fronte	SS	O	_	_
alla	a/det	ES	O	_	_
cieca	cieco	AS	O	_	_
obbedienza	obbedienza	SS	O	_	_
degli	di/det	EP	O	_	_
slovachi	slovachi	SP	O	_	_
ed	ed	C	O	_	_
alle	a/det	EP	O	_	_
armi	arme	SP	O	_	_
dei	di/det	EP	O	_	_
croati	croato	SP	O	_	_
e	e	C	O	_	_
dei	di/det	EP	O	_	_
bosniaci	bosniaci	SP	O	_	_
,	comma	XPW	O	_	_
i	il	RP	O	_	_
quali	quale	PP	O	_	_
vedono	vedere	VI	O	_	_
negli	in/det	EP	O	_	_
abitanti	abitante	SP	O	_	_
di	di	E	O	_	_
Budapest	budapest	SPN	GPE	47.48138955	19.14607278
non	non	B	O	_	_
i	il	RP	O	_	_
compagni	compagno	SP	O	_	_
ma	ma	C	O	_	_
i	il	RP	O	_	_
dominatori	dominatore	SP	O	_	_
.	.	XPS	O	_	_

L’	il	RS	O	_	_
ora	ora	SS	O	_	_
è	essere	VI	O	_	_
tuttavia	tuttavia	B	O	_	_
molto	molto	B	O	_	_
seria	serio	AS	O	_	_
ed	ed	C	O	_	_
ansiosa	ansioso	AS	O	_	_
l’	il	RS	O	_	_
attesa	attesa	SS	O	_	_
.	.	XPS	O	_	_

Tisza	tisza	SPN	O	_	_
e	e	C	O	_	_
Lukacs	lukacs	SPN	PER	_	_
non	non	B	O	_	_
sono	essere	VI	O	_	_
dei	di/det	EP	O	_	_
sentimentali	sentimentale	SP	O	_	_
e	e	C	O	_	_
da	da	E	O	_	_
mesi	mese	SP	O	_	_
affrontano	affrontare	VI	O	_	_
le	il	RP	O	_	_
ire	ire	SP	O	_	_
,	comma	XPW	O	_	_
gli	il	RP	O	_	_
odi	ode	SP	O	_	_
,	comma	XPW	O	_	_
gli	il	RP	O	_	_
attentati	attentato	SP	O	_	_
dei	di/det	EP	O	_	_
loro	loro	DP	O	_	_
avversari	avversario	SP	O	_	_
con	con	E	O	_	_
una	uno	RS	O	_	_
tenacia	tenacia	SS	O	_	_
e	e	C	O	_	_
con	con	E	O	_	_
un’	uno	RS	O	_	_
audacia	audacia	SS	O	_	_
che	che	CCHE	O	_	_
altri	altro	DP	O	_	_
uomini	uomo	SP	O	_	_
di	di	E	O	_	_
stato	stato	SS	O	_	_
in	in	E	O	_	_
situazioni	situazione	SP	O	_	_
consimili	consimile	AP	O	_	_
si	rifl	PN	O	_	_
sono	essere	VIY	O	_	_
augurati	augurare	VPP	O	_	_
invano	invano	B	O	_	_
.	.	XPS	O	_	_

È	essere	VI	O	_	_
probabile	probabile	AS	O	_	_
quindi	quindi	C	O	_	_
che	che	CCHE	O	_	_
oramai	oramai	B	O	_	_
,	comma	XPW	O	_	_
messi	mettere	VPP	O	_	_
su	su	E	O	_	_
questa	questo	DS	O	_	_
via	via	SS	O	_	_
,	comma	XPW	O	_	_
non	non	B	O	_	_
indietreggeranno	indietreggiare	VI	O	_	_
a	a	E	O	_	_
nessun	nessun	DS	O	_	_
costo	costo	SS	O	_	_
.	.	XPS	O	_	_

Non	non	B	O	_	_
saranno	essere	VIY	O	_	_
frasi	frasi	VPP	O	_	_
quindi	quindi	C	O	_	_
quelle	quello	PP	O	_	_
del	di/det	ES	O	_	_
manifesto	manifesto	SS	O	_	_
del	di/det	ES	O	_	_
prefetto	prefetto	SS	O	_	_
di	di	E	O	_	_
polizia	polizia	SS	O	_	_
il	il	RS	O	_	_
quale	quale	PS	O	_	_
avverte	avvertire	VI	O	_	_
che	che	CCHE	O	_	_
al	a/det	ES	O	_	_
primo	primo	AS	O	_	_
assembramento	assembramento	SS	O	_	_
dopo	dopo	E	O	_	_
uno	uno	RS	O	_	_
squillo	squillo	SS	O	_	_
si	rifl	PN	O	_	_
farà	fare	VI	O	_	_
fuoco	fuoco	SS	O	_	_
.	.	XPS	O	_	_

Tutto	tutto	PS	O	_	_
è	essere	VIY	O	_	_
previsto	prevedere	VSP	O	_	_
,	comma	XPW	O	_	_
come	come	CADV	O	_	_
alla	a/det	ES	O	_	_
vigilia	vigilia	SS	O	_	_
di	di	E	O	_	_
una	uno	RS	O	_	_
grande	grande	AS	O	_	_
battaglia	battaglia	SS	O	_	_
.	.	XPS	O	_	_

Da	da	E	O	_	_
una	uno	RS	O	_	_
settimana	settimana	SS	O	_	_
si	rifl	PN	O	_	_
sono	essere	VIY	O	_	_
visti	vedere	VPP	O	_	_
entrare	entrare	VF	O	_	_
in	in	E	O	_	_
città	città	SN	O	_	_
da	da	E	O	_	_
tutte	tutto	DP	O	_	_
le	il	RP	O	_	_
parti	parte	SP	O	_	_
,	comma	XPW	O	_	_
fanteria	fanteria	SS	O	_	_
,	comma	XPW	O	_	_
artiglieria	artiglieria	SS	O	_	_
e	e	C	O	_	_
gendarmi	gendarme	SP	O	_	_
a	a	E	O	_	_
cavallo	cavallo	SS	O	_	_
.	.	XPS	O	_	_

Si	rifl	PN	O	_	_
annunzia	annunziare	VI	O	_	_
pubblicamente	pubblicamente	B	O	_	_
che	che	CCHE	O	_	_
la	il	RS	O	_	_
città	città	SN	O	_	_
è	essere	VI	O	_	_
divisa	diviso	AS	O	_	_
in	in	E	O	_	_
sei	sei	N	O	_	_
quartieri	quartiere	SP	O	_	_
di	di	E	O	_	_
guerra	guerra	SS	O	_	_
,	comma	XPW	O	_	_
che	che	CCHE	O	_	_
al	a/det	ES	O	_	_
tal	tale	SS	O	_	_
crocevia	crocevia	AS	O	_	_
sarà	essere	VIY	O	_	_
postato	postare	VSP	O	_	_
il	il	RS	O	_	_
tal	tale	SS	O	_	_
battaglione	battaglione	SS	O	_	_
e	e	C	O	_	_
sulla	su/det	ES	O	_	_
tal	tale	SS	O	_	_
piazza	piazza	SS	O	_	_
verranno	venire	VIY	O	_	_
puntate	puntare	VPP	O	_	_
le	il	RP	O	_	_
mitragliatrici	mitragliatrice	SP	O	_	_
.	.	XPS	O	_	_

Si	rifl	PN	O	_	_
sa	sapere	VI	O	_	_
anche	anche	C	O	_	_
dove	dove	CADV	O	_	_
prenderanno	prendere	VI	O	_	_
stanza	stanza	SS	O	_	_
le	il	RP	O	_	_
ambulanze	ambulanza	SP	O	_	_
e	e	C	O	_	_
s’	s’	PN	O	_	_
è	essere	VIY	O	_	_
fatto	fare	VSP	O	_	_
un	uno	RS	O	_	_
certo	certo	B	O	_	_
preventivo	preventivo	AS	O	_	_
per	per	E	O	_	_
i	il	RP	O	_	_
letti	letto	SP	O	_	_
occorrenti	occorrente	AP	O	_	_
negli	in/det	EP	O	_	_
ospedali	ospedale	SP	O	_	_
:	:	XPS	O	_	_
le	il	RP	O	_	_
carceri	carcere	SP	O	_	_
poi	poi	B	O	_	_
sono	essere	VIY	O	_	_
state	essere	VPPY	O	_	_
votate	votare	VPP	O	_	_
,	comma	XPW	O	_	_
perché	perché	C	O	_	_
ci	ci	B	O	_	_
sia	essere	VI	O	_	_
posto	posto	SS	O	_	_
per	per	E	O	_	_
i	il	RP	O	_	_
nuovi	nuovo	AP	O	_	_
inquilini	inquilino	SP	O	_	_
.	.	XPS	O	_	_

Si	rifl	PN	O	_	_
assicura	assicurare	VI	O	_	_
che	che	CCHE	O	_	_
la	il	RS	O	_	_
forza	forza	SS	O	_	_
armata	armato	AS	O	_	_
a	a	E	O	_	_
disposizione	disposizione	SS	O	_	_
del	di/det	ES	O	_	_
governo	governo	SS	O	_	_
conti	conto	SP	O	_	_
60.000	60.000	N	O	_	_
uomini	uomo	SP	O	_	_
,	comma	XPW	O	_	_
due	due	N	O	_	_
corpi	corpo	SP	O	_	_
d’	di	E	O	_	_
esercito	esercito	SS	O	_	_
accampati	accampare	VPP	O	_	_
nella	in/det	ES	O	_	_
capitale	capitale	SS	O	_	_
,	comma	XPW	O	_	_
coi	con/det	EP	O	_	_
loro	loro	DP	O	_	_
forni	forno	SP	O	_	_
,	comma	XPW	O	_	_
colle	con/det	EP	O	_	_
loro	loro	PP	O	_	_
cucine	cucine	AP	O	_	_
,	comma	XPW	O	_	_
coi	con/det	EP	O	_	_
pionieri	pioniere	SP	O	_	_
e	e	C	O	_	_
con	con	E	O	_	_
la	il	RS	O	_	_
croce	croce	SS	O	_	_
rossa	rosso	AS	O	_	_
.	.	XPS	O	_	_

Ci	ci	PP	O	_	_
si	rifl	PN	O	_	_
prepara	preparare	VI	O	_	_
dunque	dunque	C	O	_	_
come	come	CADV	O	_	_
alla	a/det	ES	O	_	_
guerra	guerra	SS	O	_	_
civile	civile	AS	O	_	_
facendo	fare	VG	O	_	_
tesoro	tesoro	SS	O	_	_
di	di	E	O	_	_
tutte	tutto	DP	O	_	_
le	il	RP	O	_	_
esperienze	esperienza	SP	O	_	_
,	comma	XPW	O	_	_
raccolte	raccogliere	VPP	O	_	_
e	e	C	O	_	_
commentate	commentare	VPP	O	_	_
dagli	da/det	EP	O	_	_
annali	annali	SP	O	_	_
di	di	E	O	_	_
polizia	polizia	SS	O	_	_
in	in	E	O	_	_
un	uno	RS	O	_	_
secolo	secolo	SS	O	_	_
di	di	E	O	_	_
torbidi	torbido	SP	O	_	_
e	e	C	O	_	_
di	di	E	O	_	_
moti	moto	SP	O	_	_
rivoluzionari	rivoluzionario	AP	O	_	_
.	.	XPS	O	_	_

In	in	E	O	_	_
questo	questo	DS	O	_	_
riguardo	riguardo	SS	O	_	_
il	il	RS	O	_	_
piano	piano	SS	O	_	_
di	di	E	O	_	_
Stefano	stefano	SPN	PER	_	_
Tisza	tisza	SPN	PER	_	_
sarà	essere	VI	O	_	_
di	di	E	O	_	_
un	uno	RS	O	_	_
esempio	esempio	SS	O	_	_
pratico	pratico	AS	O	_	_
e	e	C	O	_	_
completo	completo	AS	O	_	_
di	di	E	O	_	_
quella	quello	PS	O	_	_
che	che	CCHE	O	_	_
si	rifl	PN	O	_	_
dice	dire	VI	O	_	_
la	il	RS	O	_	_
politica	politica	SS	O	_	_
della	di/det	ES	O	_	_
mano	mano	SS	O	_	_
di	di	E	O	_	_
ferro	ferro	SS	O	_	_
spinta	spinto	AS	O	_	_
fino	fino	E	O	_	_
alle	a/det	EP	O	_	_
ultime	ultimo	AP	O	_	_
conseguenze	conseguenza	SP	O	_	_
.	.	XPS	O	_	_

Dall’	da/det	ES	O	_	_
altra	altro	DS	O	_	_
parte	parte	SS	O	_	_
i	il	RP	O	_	_
preparativi	preparativo	SP	O	_	_
non	non	B	O	_	_
sono	essere	VI	O	_	_
meno	meno	B	O	_	_
grandi	grande	AP	O	_	_
e	e	C	O	_	_
meno	meno	B	O	_	_
completi	completo	AP	O	_	_
.	.	XPS	O	_	_

I	il	RP	O	_	_
75.000	75.000	N	O	_	_
lavoratori	lavoratore	SP	O	_	_
organizzati	organizzato	AP	O	_	_
di	di	E	O	_	_
Budapest	budapest	SPN	GPE	47.48138955	19.14607278
hanno	avere	VIY	O	_	_
accumulato	accumulare	VSP	O	_	_
da	da	E	O	_	_
mesi	mese	SP	O	_	_
i	il	RP	O	_	_
loro	loro	DP	O	_	_
risparmi	risparmio	SP	O	_	_
nella	in/det	ES	O	_	_
cassa	cassa	SS	O	_	_
di	di	E	O	_	_
guerra	guerra	SS	O	_	_
che	che	CCHE	O	_	_
si	rifl	PN	O	_	_
dice	dire	VI	O	_	_
superi	supero	SP	O	_	_
ormai	ormai	B	O	_	_
i	il	RP	O	_	_
due	due	N	O	_	_
milioni	milione	SP	O	_	_
;	semicolon	XPS	O	_	_

ma	ma	C	O	_	_
la	il	RS	O	_	_
cassa	cassa	SS	O	_	_
è	essere	VIY	O	_	_
stata	essere	VSPY	O	_	_
naturalmente	naturalmente	B	O	_	_
messa	mettere	VSP	O	_	_
al	a/det	ES	O	_	_
sicuro	sicuro	AS	O	_	_
,	comma	XPW	O	_	_
qui	qui	B	O	_	_
a	a	E	O	_	_
Vienna	vienna	SPN	GPE	48.2083537	16.3725042
,	comma	XPW	O	_	_
donde	donde	B	O	_	_
un	uno	RS	O	_	_
compagno	compagno	SS	O	_	_
verrà	venire	VI	O	_	_
a	a	E	O	_	_
portare	portare	VF	O	_	_
i	il	RP	O	_	_
contanti	contante	SP	O	_	_
,	comma	XPW	O	_	_
quando	quando	CADV	O	_	_
la	il	RS	O	_	_
direzione	direzione	SS	O	_	_
dello	di/det	ES	O	_	_
sciopero	sciopero	SS	O	_	_
vorrà	volere	VI	O	_	_
e	e	C	O	_	_
quanti	quanto	DP	O	_	_
vorrà	volere	VI	O	_	_
.	.	XPS	O	_	_

La	il	RS	O	_	_
direzione	direzione	SS	O	_	_
ha	avere	VIY	O	_	_
anche	anche	C	O	_	_
previsto	prevedere	VSP	O	_	_
il	il	RS	O	_	_
proprio	proprio	DS	O	_	_
arresto	arresto	SS	O	_	_
e	e	C	O	_	_
ne	ne	PN	O	_	_
ha	avere	VIY	O	_	_
fatto	fare	VSP	O	_	_
eleggere	eleggere	VF	O	_	_
segretamente	segretamente	B	O	_	_
altre	altro	DP	O	_	_
quattro	quattro	N	O	_	_
,	comma	XPW	O	_	_
le	il	RP	O	_	_
quali	quale	PP	O	_	_
subentrerebbero	subentrare	VI	O	_	_
successivamente	successivamente	B	O	_	_
,	comma	XPW	O	_	_
quando	quando	CADV	O	_	_
le	il	RP	O	_	_
precedenti	precedente	SP	O	_	_
scomparissero	scomparire	VI	O	_	_
nelle	in/det	EP	O	_	_
prigioni	prigione	SP	O	_	_
.	.	XPS	O	_	_

Il	il	RS	O	_	_
giornale	giornale	SS	O	_	_
del	di/det	ES	O	_	_
partito	partito	SS	O	_	_
che	che	CCHE	O	_	_
sarà	essere	VI	O	_	_
l’	il	RS	O	_	_
unico	unico	AS	O	_	_
foglio	foglio	SS	O	_	_
,	comma	XPW	O	_	_
il	il	RS	O	_	_
quale	quale	PS	O	_	_
potrà	potere	VI	O	_	_
uscire	uscire	VF	O	_	_
,	comma	XPW	O	_	_
ha	avere	VI	O	_	_
in	in	E	O	_	_
pronto	pronto	SS	O	_	_
oltre	oltre	E	O	_	_
la	il	RS	O	_	_
redazione	redazione	SS	O	_	_
solita	solito	AS	O	_	_
,	comma	XPW	O	_	_
altre	altro	DP	O	_	_
due	due	N	O	_	_
di	di	E	O	_	_
riserva	riserva	SS	O	_	_
.	.	XPS	O	_	_

Lo	il	RS	O	_	_
sciopero	sciopero	SS	O	_	_
scoppierà	scoppiare	VI	O	_	_
,	comma	XPW	O	_	_
quando	quando	CADV	O	_	_
verrà	venire	VIY	O	_	_
dato	dare	VSP	O	_	_
il	il	RS	O	_	_
segnale	segnale	SS	O	_	_
,	comma	XPW	O	_	_
ma	ma	C	O	_	_
che	che	CCHE	O	_	_
cosa	cosa	SS	O	_	_
significherà	significare	VI	O	_	_
in	in	E	O	_	_
tale	tale	DS	O	_	_
caso	caso	SS	O	_	_
lo	il	RS	O	_	_
scoppio	scoppio	SS	O	_	_
.	.	XPS	O	_	_

Sarà	essere	VI	O	_	_
la	il	RS	O	_	_
rivolta	rivolta	SS	O	_	_
sanguinosa	sanguinoso	AS	O	_	_
,	comma	XPW	O	_	_
le	il	RP	O	_	_
barricate	barricata	SP	O	_	_
,	comma	XPW	O	_	_
o	o	C	O	_	_
la	il	RS	O	_	_
semplice	semplice	AS	O	_	_
astensione	astensione	SS	O	_	_
dal	da/det	ES	O	_	_
lavoro	lavoro	SS	O	_	_
"!"	esclamation_mark	XPS	O	_	_

Nessuno	nessuno	PS	O	_	_
lo	lo	PS	O	_	_
può	potere	VI	O	_	_
dire	dire	VF	O	_	_
per	per	E	O	_	_
certo	certo	B	O	_	_
,	comma	XPW	O	_	_
ma	ma	C	O	_	_
non	non	B	O	_	_
v’	v’	B	O	_	_
è	essere	VI	O	_	_
dubbio	dubbio	AS	O	_	_
che	che	CCHE	O	_	_
il	il	RS	O	_	_
linguaggio	linguaggio	SS	O	_	_
della	di/det	ES	O	_	_
stampa	stampa	SS	O	_	_
e	e	C	O	_	_
dei	di/det	EP	O	_	_
manifesti	manifesto	SP	O	_	_
socialisti	socialista	AP	O	_	_
redatti	redigere	VPP	O	_	_
in	in	E	O	_	_
uno	uno	RS	O	_	_
stile	stile	SS	O	_	_
prettamente	prettamente	B	O	_	_
rivoluzionario	rivoluzionario	AS	O	_	_
e	e	C	O	_	_
la	il	RS	O	_	_
dichiarazione	dichiarazione	SS	O	_	_
fatta	fare	VSP	O	_	_
dai	da/det	EP	O	_	_
capi	capo	SP	O	_	_
innanzi	innanzi	B	O	_	_
al	a/det	ES	O	_	_
prefetto	prefetto	SS	O	_	_
di	di	E	O	_	_
polizia	polizia	SS	O	_	_
di	di	E	O	_	_
non	non	B	O	_	_
poter	potere	VF	O	_	_
assumere	assumere	VF	O	_	_
alcuna	alcuno	DS	O	_	_
responsabilità	responsabilità	SN	O	_	_
sono	essere	VI	O	_	_
dei	di/det	EP	O	_	_
sintomi	sintomo	SP	O	_	_
assai	assai	B	O	_	_
gravi	grave	AP	O	_	_
.	.	XPS	O	_	_

I	il	RP	O	_	_
direttori	direttorio	SP	O	_	_
dello	di/det	ES	O	_	_
sciopero	sciopero	SS	O	_	_
hanno	avere	VIY	O	_	_
però	però	C	O	_	_
anche	anche	C	O	_	_
aggiunto	aggiungere	VSP	O	_	_
che	che	CCHE	O	_	_
si	rifl	PN	O	_	_
tratterà	trattare	VI	O	_	_
di	di	E	O	_	_
sola	solo	AS	O	_	_
astensione	astensione	SS	O	_	_
dal	da/det	ES	O	_	_
lavoro	lavoro	SS	O	_	_
.	.	XPS	O	_	_

Vogliono	volere	VI	O	_	_
prendere	prendere	VF	O	_	_
la	il	RS	O	_	_
città	città	SN	O	_	_
per	per	E	O	_	_
fame	fame	SS	O	_	_
,	comma	XPW	O	_	_
non	non	B	O	_	_
all’	a/det	ES	O	_	_
arma	arma	SS	O	_	_
bianca	bianco	AS	O	_	_
.	.	XPS	O	_	_

Ma	ma	C	O	_	_
chi	chi	CCHI	O	_	_
garantirà	garantire	VI	O	_	_
la	il	RS	O	_	_
pace	pace	SS	O	_	_
,	comma	XPW	O	_	_
dopo	dopo	E	O	_	_
una	uno	RS	O	_	_
dichiarazione	dichiarazione	SS	O	_	_
di	di	E	O	_	_
guerra	guerra	SS	O	_	_
fatta	fare	VSP	O	_	_
con	con	E	O	_	_
tanta	tanto	DS	O	_	_
veemenza	veemenza	SS	O	_	_
.	.	XPS	O	_	_

I	il	RP	O	_	_
cittadini	cittadino	SP	O	_	_
,	comma	XPW	O	_	_
a	a	E	O	_	_
buon	buon	AS	O	_	_
conto	conto	SS	O	_	_
,	comma	XPW	O	_	_
hanno	avere	VIY	O	_	_
badato	badare	VSP	O	_	_
a	a	E	O	_	_
riempire	riempire	VF	O	_	_
le	il	RP	O	_	_
dispense	dispensa	SP	O	_	_
.	.	XPS	O	_	_

Il	il	RS	O	_	_
governo	governo	SS	O	_	_
ha	avere	VIY	O	_	_
abolito	abolire	VSP	O	_	_
per	per	E	O	_	_
oggi	oggi	B	O	_	_
il	il	RS	O	_	_
riposo	riposo	SS	O	_	_
festivo	festivo	AS	O	_	_
dei	di/det	EP	O	_	_
negozi	negozio	SP	O	_	_
,	comma	XPW	O	_	_
ed	ed	C	O	_	_
essi	essi	PP	O	_	_
vengono	venire	VIY	O	_	_
presi	prendere	VPP	O	_	_
d’	di	E	O	_	_
assalto	assalto	SS	O	_	_
.	.	XPS	O	_	_

Il	il	RS	O	_	_
pane	pane	SS	O	_	_
,	comma	XPW	O	_	_
la	il	RS	O	_	_
carne	carne	SS	O	_	_
,	comma	XPW	O	_	_
le	le	PS	O	_	_
uova	uova	VI	O	_	_
hanno	avere	VIY	O	_	_
subito	subire	VSP	O	_	_
un	uno	RS	O	_	_
notevole	notevole	AS	O	_	_
rialzo	rialzo	SS	O	_	_
dei	di/det	EP	O	_	_
prezzi	prezzo	SP	O	_	_
.	.	XPS	O	_	_

Anche	anche	C	O	_	_
le	il	RP	O	_	_
candele	candela	SP	O	_	_
sono	essere	VI	O	_	_
un	uno	RS	O	_	_
genere	genere	SS	O	_	_
rincarato	rincarare	VSP	O	_	_
.	.	XPS	O	_	_

Si	rifl	PN	O	_	_
teme	temere	VI	O	_	_
lo	il	RS	O	_	_
sciopero	sciopero	SS	O	_	_
dei	di/det	EP	O	_	_
gasisti	gasista	SP	O	_	_
e	e	C	O	_	_
degli	di/det	EP	O	_	_
elettricisti	elettricista	SP	O	_	_
:	:	XPS	O	_	_
e	e	C	O	_	_
perfino	perfino	B	O	_	_
lassù	lassù	B	O	_	_
a	a	E	O	_	_
Buda	buda	SPN	PER	_	_
nel	in/det	ES	O	_	_
palazzo	palazzo	SS	O	_	_
della	di/det	ES	O	_	_
Corte	corte	SS	O	_	_
gli	il	RP	O	_	_
operai	operaio	SP	O	_	_
stanno	stare	VI	O	_	_
adattando	adattare	VG	O	_	_
ai	a/det	EP	O	_	_
candelabri	candelabro	SP	O	_	_
le	il	RP	O	_	_
candele	candela	SP	O	_	_
di	di	E	O	_	_
stearina	stearina	SS	O	_	_
.	.	XPS	O	_	_

Domani	domani	B	O	_	_
la	il	RS	O	_	_
luce	luce	SS	O	_	_
può	potere	VI	O	_	_
cessare	cessare	VF	O	_	_
ed	ed	C	O	_	_
allora	allora	C	O	_	_
torneremo	tornare	VI	O	_	_
ai	a/det	EP	O	_	_
moccoli	moccolo	SP	O	_	_
medioevali	medioevali	AP	O	_	_
,	comma	XPW	O	_	_
scomparendo	scomparire	VG	O	_	_
come	come	CADV	O	_	_
per	per	E	O	_	_
incanto	incanto	SS	O	_	_
il	il	RS	O	_	_
bagliore	bagliore	SS	O	_	_
dei	di/det	EP	O	_	_
cristalli	cristallo	SP	O	_	_
e	e	C	O	_	_
delle	di/det	EP	O	_	_
armi	arme	SP	O	_	_
dorate	dorato	AP	O	_	_
,	comma	XPW	O	_	_
il	il	RS	O	_	_
luccichio	luccichio	SS	O	_	_
dei	di/det	EP	O	_	_
trabanti	trabante	SP	O	_	_
,	comma	XPW	O	_	_
e	e	C	O	_	_
lo	il	RS	O	_	_
sfolgorio	sfolgorio	SS	O	_	_
delle	di/det	EP	O	_	_
livree	livrea	SP	O	_	_
fregiate	fregiare	VPP	O	_	_
d’	di	E	O	_	_
argento	argento	SS	O	_	_
e	e	C	O	_	_
di	di	E	O	_	_
rubini	rubino	SP	O	_	_
.	.	XPS	O	_	_

Ci	ci	PP	O	_	_
ritroviamo	ritrovare	VI	O	_	_
così	così	B	O	_	_
nella	in/det	ES	O	_	_
penombra	penombra	SS	O	_	_
della	di/det	ES	O	_	_
resipiscienza	resipiscienza	SS	O	_	_
e	e	C	O	_	_
della	di/det	ES	O	_	_
meditazione	meditazione	SS	O	_	_
.	.	XPS	O	_	_

È	essere	VI	O	_	_
forse	forse	B	O	_	_
l’	il	RS	O	_	_
ora	ora	SS	O	_	_
in	in	E	O	_	_
cui	cui	PN	O	_	_
anche	anche	C	O	_	_
il	il	RS	O	_	_
fiero	fiero	SS	O	_	_
calvinista	calvinista	AS	O	_	_
poggia	poggiare	VI	O	_	_
il	il	RS	O	_	_
gomito	gomito	SS	O	_	_
sul	su/det	ES	O	_	_
tavolo	tavolo	SS	O	_	_
e	e	C	O	_	_
sulla	su/det	ES	O	_	_
mano	mano	SS	O	_	_
la	il	RS	O	_	_
testa	testa	SS	O	_	_
pensosa	pensoso	AS	O	_	_
.	.	XPS	O	_	_

L’	il	RS	O	_	_
energia	energia	SS	O	_	_
,	comma	XPW	O	_	_
il	il	RS	O	_	_
coraggio	coraggio	SS	O	_	_
,	comma	XPW	O	_	_
la	il	RS	O	_	_
forza	forza	SS	O	_	_
indomabile	indomabile	AS	O	_	_
di	di	E	O	_	_
quest’	questo	DS	O	_	_
uomo	uomo	SS	O	_	_
potè	potè	VI	O	_	_
senza	senza	E	O	_	_
dubbio	dubbio	AS	O	_	_
incutere	incutere	VF	O	_	_
in	in	E	O	_	_
qualche	qualche	DS	O	_	_
momento	momento	SS	O	_	_
il	il	RS	O	_	_
più	più	B	O	_	_
profondo	profondo	AS	O	_	_
rispetto	rispetto	SS	O	_	_
.	.	XPS	O	_	_

C’	ci	B	O	_	_
è	essere	VI	O	_	_
in	in	E	O	_	_
Stefano	stefano	SPN	PER	_	_
Tisza	tisza	SPN	PER	_	_
la	il	RS	O	_	_
tempra	tempra	SS	O	_	_
bismarkiana	bismarkiana	AS	O	_	_
,	comma	XPW	O	_	_
la	il	RS	O	_	_
fede	fede	SS	O	_	_
dell’	di/det	ES	O	_	_
uomo	uomo	SS	O	_	_
forte	forte	AS	O	_	_
,	comma	XPW	O	_	_
la	il	RS	O	_	_
volontà	volontà	SN	O	_	_
del	di/det	ES	O	_	_
tiranno	tiranno	SS	O	_	_
buono	buono	AS	O	_	_
,	comma	XPW	O	_	_
come	come	CADV	O	_	_
talvolta	talvolta	B	O	_	_
,	comma	XPW	O	_	_
invocarono	invocare	VI	O	_	_
i	il	RP	O	_	_
greci	greci	SP	O	_	_
nella	in/det	ES	O	_	_
democrazia	democrazia	SS	O	_	_
decadente	decadente	AS	O	_	_
.	.	XPS	O	_	_

Ma	ma	C	O	_	_
oggi	oggi	B	O	_	_
che	che	CCHE	O	_	_
difende	difendere	VI	O	_	_
il	il	RS	O	_	_
dominio	dominio	SS	O	_	_
magiaro	magiaro	AS	O	_	_
sulla	su/det	ES	O	_	_
maggioranza	maggioranza	SS	O	_	_
delle	di/det	EP	O	_	_
altre	altro	DP	O	_	_
nazioni	nazione	SP	O	_	_
e	e	C	O	_	_
che	che	CCHE	O	_	_
vuole	volere	VI	O	_	_
circondarlo	circondare/pro	VF+E	O	_	_
del	di/det	ES	O	_	_
presidio	presidio	SS	O	_	_
di	di	E	O	_	_
un	uno	RS	O	_	_
sistema	sistema	SS	O	_	_
elettorale	elettorale	AS	O	_	_
odiosissimo	odioso	AS	O	_	_
,	comma	XPW	O	_	_
oggi	oggi	B	O	_	_
che	che	CCHE	O	_	_
fa	fare	VI	O	_	_
puntare	puntare	VF	O	_	_
i	il	RP	O	_	_
cannoni	cannone	SP	O	_	_
contro	contro	E	O	_	_
chi	chi	CCHI	O	_	_
protesta	protesta	SS	O	_	_
e	e	C	O	_	_
domanda	domanda	SS	O	_	_
meno	meno	B	O	_	_
ingiustizie	ingiustizia	SP	O	_	_
,	comma	XPW	O	_	_
noi	noi	PP	O	_	_
sentiamo	sentire	VI	O	_	_
che	che	CCHE	O	_	_
fra	fra	E	O	_	_
noi	noi	PP	O	_	_
e	e	C	O	_	_
lui	lui	PS	O	_	_
c’	ci	B	O	_	_
è	essere	VI	O	_	_
un	uno	RS	O	_	_
abisso	abisso	SS	O	_	_
e	e	C	O	_	_
che	che	CCHE	O	_	_
la	il	RS	O	_	_
sua	suo	DS	O	_	_
energia	energia	SS	O	_	_
non	non	B	O	_	_
è	essere	VI	O	_	_
se	se	C	O	_	_
non	non	B	O	_	_
l’	il	RS	O	_	_
otracotante	otracotante	AS	O	_	_
ferocia	ferocia	SS	O	_	_
che	che	CCHE	O	_	_
gli	gli	PS	O	_	_
lasciarono	lasciare	VI	O	_	_
nel	in/det	ES	O	_	_
sangue	sangue	SS	O	_	_
quei	quello	DP	O	_	_
suoi	suo	DP	O	_	_
antenati	antenati	AP	O	_	_
vestiti	vestito	SP	O	_	_
di	di	E	O	_	_
pelle	pelle	SP	O	_	_
di	di	E	O	_	_
tigre	tigre	SS	O	_	_
e	e	C	O	_	_
masticatori	masticatorio	SP	O	_	_
di	di	E	O	_	_
carne	carne	SS	O	_	_
cruda	crudo	AS	O	_	_
.	.	XPS	O	_	_

Lo	il	RS	O	_	_
sente	sentire	VI	O	_	_
egli	egli	PS	O	_	_
questo	questo	DS	O	_	_
vuoto	vuoto	SS	O	_	_
che	che	CCHE	O	_	_
va	andare	VI	O	_	_
creandosi	creare/rifl	VG+E	O	_	_
attorno	attorno	E	O	_	_
al	a/det	ES	O	_	_
mondo	mondo	SS	O	_	_
civile	civile	AS	O	_	_
e	e	C	O	_	_
non	non	B	O	_	_
prevede	prevedere	VI	O	_	_
che	che	CCHE	O	_	_
la	il	RS	O	_	_
sua	suo	DS	O	_	_
oasi	oasi	SN	O	_	_
asiatica	asiatico	AS	O	_	_
che	che	CCHE	O	_	_
vuole	volere	VI	O	_	_
ricostituire	ricostituire	VF	O	_	_
non	non	B	O	_	_
potrà	potere	VI	O	_	_
resistere	resistere	VF	O	_	_
a	a	E	O	_	_
lungo	lungo	AS	O	_	_
alle	a/det	EP	O	_	_
«	«	XPO	O	_	_
infiltrazioni	infiltrazione	SP	O	_	_
»	»	XPO	O	_	_
europee	europeo	AP	O	_	_
"!"	esclamation_mark	XPS	O	_	_

Non	non	B	O	_	_
si	rifl	PN	O	_	_
accorge	accorgere	VI	O	_	_
che	che	CCHE	O	_	_
il	il	RS	O	_	_
suo	suo	DS	O	_	_
conservatorismo	conservatorismo	SS	O	_	_
estremo	estremo	AS	O	_	_
spinge	spingere	VI	O	_	_
tutti	tutto	PP	O	_	_
perfino	perfino	B	O	_	_
i	il	RP	O	_	_
cattolici	cattolico	SP	O	_	_
in	in	E	O	_	_
braccio	braccio	SS	O	_	_
al	a/det	ES	O	_	_
radicalismo	radicalismo	SS	O	_	_
politico	politico	AS	O	_	_
"!"	esclamation_mark	XPS	O	_	_

Pare	parere	VI	O	_	_
invero	inverare	VI	O	_	_
che	che	CCHE	O	_	_
non	non	B	O	_	_
veda	vedere	VI	O	_	_
,	comma	XPW	O	_	_
non	non	B	O	_	_
senta	sentire	VI	O	_	_
,	comma	XPW	O	_	_
non	non	B	O	_	_
avverta	avvertire	VI	O	_	_
.	.	XPS	O	_	_

Egli	egli	PS	O	_	_
si	rifl	PN	O	_	_
crede	credere	VI	O	_	_
il	il	RS	O	_	_
Messia	messia	SS	O	_	_
della	di/det	ES	O	_	_
rigenerazione	rigenerazione	SS	O	_	_
ungherese	ungherese	AS	O	_	_
,	comma	XPW	O	_	_
l’	il	RS	O	_	_
uomo	uomo	SS	O	_	_
provvidenziale	provvidenziale	AS	O	_	_
della	di/det	ES	O	_	_
storia	storia	SS	O	_	_
.	.	XPS	O	_	_

E	e	C	O	_	_
ripensando	ripensare	VG	O	_	_
la	il	RS	O	_	_
via	via	SS	O	_	_
percorsa	percorso	AS	O	_	_
,	comma	XPW	O	_	_
crede	credere	VI	O	_	_
forse	forse	B	O	_	_
in	in	E	O	_	_
quest’	questo	DS	O	_	_
ora	ora	SS	O	_	_
che	che	CCHE	O	_	_
sia	essere	VI	O	_	_
un	uno	RS	O	_	_
momento	momento	SS	O	_	_
decisivo	decisivo	AS	O	_	_
in	in	E	O	_	_
cui	cui	PN	O	_	_
convenga	convenire	VI	O	_	_
più	più	B	O	_	_
che	che	CCHE	O	_	_
mai	mai	B	O	_	_
perseverare	perseverare	VF	O	_	_
ed	ed	C	O	_	_
insistere	insistere	VF	O	_	_
con	con	E	O	_	_
uno	uno	RS	O	_	_
sforzo	sforzo	SS	O	_	_
supremo	supremo	AS	O	_	_
.	.	XPS	O	_	_

Intorno	intorno	E	O	_	_
a	a	E	O	_	_
lui	lui	PS	O	_	_
si	rifl	PN	O	_	_
giuoca	giuocare	VI	O	_	_
l’	il	RS	O	_	_
egemonia	egemonia	SS	O	_	_
e	e	C	O	_	_
l’	il	RS	O	_	_
avvenire	avvenire	SS	O	_	_
della	di/det	ES	O	_	_
nazione	nazione	SS	O	_	_
.	.	XPS	O	_	_

Con	con	E	O	_	_
questa	questo	DS	O	_	_
fede	fede	SS	O	_	_
attende	attendere	VI	O	_	_
ed	ed	C	O	_	_
ascolta	ascoltare	VI	O	_	_
i	il	RP	O	_	_
rumori	rumore	SP	O	_	_
della	di/det	ES	O	_	_
strada	strada	SS	O	_	_
.	.	XPS	O	_	_

Per	per	E	O	_	_
lui	lui	PS	O	_	_
non	non	B	O	_	_
c’	ci	B	O	_	_
è	essere	VI	O	_	_
Versailles	versailles	SPN	GPE	48.8035403	2.1266886
:	:	XPS	O	_	_
il	il	RS	O	_	_
destino	destino	SS	O	_	_
è	essere	VI	O	_	_
qui	qui	B	O	_	_
e	e	C	O	_	_
si	rifl	PN	O	_	_
decide	decidere	VI	O	_	_
in	in	E	O	_	_
questo	questo	DS	O	_	_
momento	momento	SS	O	_	_
.	.	XPS	O	_	_
