# total number of persons:4, total number of gpes:5
Le	il	RP	O	_	_
Neue	neue	SPN	O	_	_
Tiroler	tiroler	SPN	O	_	_
Stimmen	stimmen	SPN	O	_	_
di	di	E	O	_	_
oggi	oggi	B	O	_	_
scrivono	scrivere	VI	O	_	_
:	:	XPS	O	_	_
«	«	XPO	O	_	_
Nell’	in/det	ES	O	_	_
ultima	ultimo	AS	O	_	_
giunta	giunta	SS	O	_	_
il	il	RS	O	_	_
referato	referato	SS	O	_	_
di	di	E	O	_	_
tutti	tutto	DP	O	_	_
gli	il	RP	O	_	_
istituti	istituto	SP	O	_	_
provinciali	provinciale	AP	O	_	_
spettava	spettare	VI	O	_	_
al	a/det	ES	O	_	_
barone	barone	SS	O	_	_
Sternbach	sternbach	SPN	PER	_	_
.	.	XPS	O	_	_

Ora	ora	B	O	_	_
invece	invece	C	O	_	_
come	come	CADV	O	_	_
ci	ci	PP	O	_	_
assicura	assicurare	VI	O	_	_
,	comma	XPW	O	_	_
i	il	RP	O	_	_
partiti	partito	SP	O	_	_
di	di	E	O	_	_
maggioranza	maggioranza	SS	O	_	_
nella	in/det	ES	O	_	_
Dieta	dieta	SPN	O	_	_
,	comma	XPW	O	_	_
cioè	cioe`	B	O	_	_
i	il	RP	O	_	_
cristiano-sociali	cristiano-sociali	SP	O	_	_
e	e	C	O	_	_
gli	il	RP	O	_	_
italiani	italiano	SP	O	_	_
si	rifl	PN	O	_	_
sono	essere	VIY	O	_	_
accordati	accordare	VPP	O	_	_
d’	di	E	O	_	_
introdurre	introdurre	VF	O	_	_
in	in	E	O	_	_
questo	questo	DS	O	_	_
punto	punto	SS	O	_	_
un	uno	RS	O	_	_
cambiamento	cambiamento	SS	O	_	_
.	.	XPS	O	_	_

Si	rifl	PN	O	_	_
vuol	volere	VI	O	_	_
far	fare	VF	O	_	_
le	il	RP	O	_	_
cose	cosa	SP	O	_	_
in	in	E	O	_	_
modo	modo	SS	O	_	_
che	che	CCHE	O	_	_
gli	il	RP	O	_	_
istituti	istituto	SP	O	_	_
provinciali	provinciale	AP	O	_	_
vengano	venire	VIY	O	_	_
tolti	togliere	VPP	O	_	_
al	a/det	ES	O	_	_
bar	bar	SN	O	_	_
.	.	XPS	O	_	_

Sternbach	sternbach	SPN	PER	_	_
e	e	C	O	_	_
vengano	venire	VIY	O	_	_
divisi	dividere	VPP	O	_	_
secondo	secondo	E	O	_	_
la	il	RS	O	_	_
pertinenza	pertinenza	SS	O	_	_
nazionale	nazionale	AS	O	_	_
,	comma	XPW	O	_	_
e	e	C	O	_	_
precisamente	precisamente	B	O	_	_
verrebbero	venire	VIY	O	_	_
assegnati	assegnare	VPP	O	_	_
gli	il	RP	O	_	_
istituti	istituto	SP	O	_	_
a	a	E	O	_	_
nord	nord	SN	O	_	_
di	di	E	O	_	_
Salorno	salorno	SPN	GPE	46.2396083	11.2110749
al	a/det	ES	O	_	_
deputato	deputato	SS	O	_	_
Schraffel	schraffel	SPN	O	_	_
,	comma	XPW	O	_	_
gli	il	RP	O	_	_
altri	altro	PP	O	_	_
a	a	E	O	_	_
sud	sud	SN	O	_	_
al	a/det	ES	O	_	_
d.r	d.r	YA	O	_	_
Conci	conci	SPN	O	_	_
.	.	XPS	O	_	_

Di	di	E	O	_	_
tale	tale	DS	O	_	_
attuazione	attuazione	SS	O	_	_
senza	senza	E	O	_	_
rumori	rumore	SP	O	_	_
di	di	E	O	_	_
un	uno	RS	O	_	_
pezzo	pezzo	SS	O	_	_
di	di	E	O	_	_
autonomia	autonomia	SS	O	_	_
nei	in/det	EP	O	_	_
circoli	circolo	SP	O	_	_
del	di/det	ES	O	_	_
Tirolo	tirolo	SPN	GPE	47.223193	11.5261028
tedesco	tedesco	AS	O	_	_
si	rifl	PN	O	_	_
è	essere	VI	O	_	_
poco	poco	B	O	_	_
edificati	edificati	AP	O	_	_
.	.	XPS	O	_	_

Considerazioni	considerazione	SP	O	_	_
politiche	politico	AP	O	_	_
e	e	C	O	_	_
non	non	B	O	_	_
meno	meno	B	O	_	_
economiche	economico	AP	O	_	_
devono	dovere	VI	O	_	_
provocare	provocare	VF	O	_	_
l’	il	RS	O	_	_
opposizione	opposizione	SS	O	_	_
contro	contro	E	O	_	_
tale	tale	DS	O	_	_
procedimento	procedimento	SS	O	_	_
.	.	XPS	O	_	_

Si	rifl	PN	O	_	_
pensi	pensare	VI	O	_	_
solo	solo	B	O	_	_
che	che	CCHE	O	_	_
con	con	E	O	_	_
ciò	ciò`	PS	O	_	_
l’	il	RS	O	_	_
importante	importante	AS	O	_	_
,	comma	XPW	O	_	_
dove	dove	CADV	O	_	_
l’	il	RS	O	_	_
irredentismo	irredentismo	SS	O	_	_
già	già	B	O	_	_
s’	s’	PN	O	_	_
aggira	aggirare	VI	O	_	_
per	per	E	O	_	_
le	il	RP	O	_	_
teste	testa	SP	O	_	_
,	comma	XPW	O	_	_
verrebbe	venire	VIY	O	_	_
ridotto	ridurre	VSP	O	_	_
tutto	tutto	PS	O	_	_
sotto	sotto	E	O	_	_
direzione	direzione	SS	O	_	_
italiana	italiano	AS	O	_	_
e	e	C	O	_	_
sotto	sotto	E	O	_	_
influsso	influsso	SS	O	_	_
italiano	italiano	AS	O	_	_
.	.	XPS	O	_	_

Tutto	tutto	PS	O	_	_
il	il	RS	O	_	_
rispetto	rispetto	SS	O	_	_
per	per	E	O	_	_
la	il	RS	O	_	_
persona	persona	SS	O	_	_
del	di/det	ES	O	_	_
signor	signore	SS	O	_	_
d.r	d.r	YA	O	_	_
Conci	concio	SP	O	_	_
in	in	E	O	_	_
tutti	tutto	DP	O	_	_
i	il	RP	O	_	_
riguardi	riguardo	SP	O	_	_
,	comma	XPW	O	_	_
ma	ma	C	O	_	_
l’	il	RS	O	_	_
istituto	istituto	SS	O	_	_
di	di	E	O	_	_
S.	s.	YA	GPE	45.44697205	12.34729863
Michele	michele	SPN	GPE	45.44697205	12.34729863
i	il	RP	O	_	_
tirolesi	tirolese	SP	O	_	_
del	di/det	ES	O	_	_
sud	sud	SN	O	_	_
non	non	B	O	_	_
vogliono	volere	VI	O	_	_
affidarlo	affidare/pro	VF+E	O	_	_
a	a	E	O	_	_
nessun	nessun	DS	O	_	_
italiano	italiano	SS	O	_	_
.	.	XPS	O	_	_

Una	uno	RS	O	_	_
tale	tale	AS	O	_	_
misura	misura	SS	O	_	_
incontrerebbe	incontrare	VI	O	_	_
la	il	RS	O	_	_
più	più	B	O	_	_
decisa	deciso	AS	O	_	_
opposizione	opposizione	SS	O	_	_
dei	di/det	EP	O	_	_
circoli	circolo	SP	O	_	_
interessati	interessato	AP	O	_	_
del	di/det	ES	O	_	_
possesso	possesso	SS	O	_	_
fondiario	fondiario	AS	O	_	_
tirolese	tirolese	AS	O	_	_
meridionale	meridionale	AS	O	_	_
,	comma	XPW	O	_	_
e	e	C	O	_	_
non	non	B	O	_	_
a	a	E	O	_	_
torto	torto	SS	O	_	_
;	semicolon	XPS	O	_	_

gli	il	RP	O	_	_
è	essere	VI	O	_	_
pur	pur	B	O	_	_
facile	facile	AS	O	_	_
dimostrare	dimostrare	VF	O	_	_
che	che	CCHE	O	_	_
è	essere	VIY	O	_	_
mantenuto	mantenere	VSP	O	_	_
in	in	E	O	_	_
gran	grande	AS	O	_	_
parte	parte	SS	O	_	_
con	con	E	O	_	_
denari	denaro	SP	O	_	_
tedeschi	tedesco	AP	O	_	_
e	e	C	O	_	_
che	che	CCHE	O	_	_
i	il	RP	O	_	_
contadini	contadino	SP	O	_	_
tedeschi	tedesco	AP	O	_	_
del	di/det	ES	O	_	_
Tirolo	tirolo	SPN	GPE	47.223193	11.5261028
meridionale	meridionale	AS	O	_	_
sono	essere	VIY	O	_	_
interessati	interessare	VPP	O	_	_
nell’	in/det	ES	O	_	_
istituto	istituto	SS	O	_	_
non	non	B	O	_	_
meno	meno	B	O	_	_
degli	di/det	EP	O	_	_
italiani	italiano	SP	O	_	_
.	.	XPS	O	_	_

Se	se	C	O	_	_
l’	il	RS	O	_	_
istituto	istituto	SS	O	_	_
viene	venire	VI	O	_	_
a	a	E	O	_	_
cadere	cadere	VF	O	_	_
sotto	sotto	E	O	_	_
comando	comando	SS	O	_	_
italiano	italiano	AS	O	_	_
chi	chi	CCHI	O	_	_
ci	ci	PP	O	_	_
garantisce	garantire	VI	O	_	_
che	che	CCHE	O	_	_
esso	esso	PS	O	_	_
continuerà	continuare	VI	O	_	_
a	a	E	O	_	_
tener	tenere	VF	O	_	_
conto	conto	SS	O	_	_
in	in	E	O	_	_
modo	modo	SS	O	_	_
corrispondente	corrispondente	AS	O	_	_
degli	di/det	EP	O	_	_
interessi	interesse	SP	O	_	_
economici	economico	AP	O	_	_
dei	di/det	EP	O	_	_
tirolesi	tirolese	SP	O	_	_
tedeschi	tedesco	AP	O	_	_
?	?	XPS	O	_	_

Certo	certo	B	O	_	_
che	che	CCHE	O	_	_
con	con	E	O	_	_
tale	tale	DS	O	_	_
divisione	divisione	SS	O	_	_
si	rifl	PN	O	_	_
soddisferebbe	soddisferebbe	VI	O	_	_
un	uno	RS	O	_	_
grande	grande	AS	O	_	_
desiderio	desiderio	SS	O	_	_
degli	di/det	EP	O	_	_
italiani	italiano	SP	O	_	_
e	e	C	O	_	_
si	rifl	PN	O	_	_
ascenderebbe	ascendere	VI	O	_	_
un	uno	RS	O	_	_
nuovo	nuovo	AS	O	_	_
gradino	gradino	SS	O	_	_
della	di/det	ES	O	_	_
scala	scala	SS	O	_	_
autonomistica	autonomistico	AS	O	_	_
.	.	XPS	O	_	_

Ma	ma	C	O	_	_
vorremmo	volere	VI	O	_	_
vedere	vedere	VF	O	_	_
i	il	RP	O	_	_
partiti	partito	SP	O	_	_
tedeschi	tedesco	AP	O	_	_
,	comma	XPW	O	_	_
che	che	CCHE	O	_	_
darebbero	dare	VI	O	_	_
il	il	RS	O	_	_
loro	loro	DP	O	_	_
assenso	assenso	SS	O	_	_
a	a	E	O	_	_
questo	questo	DS	O	_	_
piano	piano	SS	O	_	_
che	che	CCHE	O	_	_
strazia	straziare	VI	O	_	_
l’	il	RS	O	_	_
unità	unità	SN	O	_	_
provinciale	provinciale	AS	O	_	_
"!"	esclamation_mark	XPS	O	_	_

»	»	XPO	O	_	_
.	.	XPS	O	_	_

Abbiamo	avere	VIY	O	_	_
riportato	riportare	VSP	O	_	_
per	per	E	O	_	_
intero	intero	AS	O	_	_
l’	il	RS	O	_	_
articolo	articolo	SS	O	_	_
del	di/det	ES	O	_	_
giornale	giornale	SS	O	_	_
conservativo	conservativo	AS	O	_	_
,	comma	XPW	O	_	_
affinché	affinché	C	O	_	_
tutti	tutto	DP	O	_	_
gli	il	RP	O	_	_
onesti	onesto	SP	O	_	_
si	rifl	PN	O	_	_
possano	potere	VI	O	_	_
fare	fare	VF	O	_	_
un’	uno	RS	O	_	_
idea	idea	SS	O	_	_
della	di/det	ES	O	_	_
sua	suo	DS	O	_	_
perfidia	perfidia	SS	O	_	_
.	.	XPS	O	_	_

Evidentemente	evidentemente	B	O	_	_
l’	il	RS	O	_	_
articolo	articolo	SS	O	_	_
è	essere	VI	O	_	_
diretto	diretto	AS	O	_	_
anzitutto	anzitutto	B	O	_	_
contro	contro	E	O	_	_
i	il	RP	O	_	_
cristiano-sociali	cristiano-sociali	SP	O	_	_
.	.	XPS	O	_	_

Le	il	RP	O	_	_
Stimmen	stimmen	SPN	O	_	_
,	comma	XPW	O	_	_
come	come	CADV	O	_	_
hanno	avere	VIY	O	_	_
fatto	fare	VSP	O	_	_
in	in	E	O	_	_
altra	altro	DS	O	_	_
occasione	occasione	SS	O	_	_
,	comma	XPW	O	_	_
in	in	E	O	_	_
un	uno	RS	O	_	_
modo	modo	SS	O	_	_
indegno	indegno	AS	O	_	_
di	di	E	O	_	_
un	uno	RS	O	_	_
giornale	giornale	SS	O	_	_
cattolico	cattolico	AS	O	_	_
,	comma	XPW	O	_	_
aizzano	aizzare	VI	O	_	_
contro	contro	E	O	_	_
i	il	RP	O	_	_
cristiano-sociali	cristiano-sociali	SP	O	_	_
i	il	RP	O	_	_
radicali	radicale	SP	O	_	_
e	e	C	O	_	_
i	il	RP	O	_	_
liberali	liberale	SP	O	_	_
tedeschi	tedesco	AP	O	_	_
,	comma	XPW	O	_	_
accusando	accusare	VG	O	_	_
i	il	RP	O	_	_
cristiano-sociali	cristiano-sociali	SP	O	_	_
di	di	E	O	_	_
tradimento	tradimento	SS	O	_	_
nazionale	nazionale	AS	O	_	_
.	.	XPS	O	_	_

E	e	C	O	_	_
in	in	E	O	_	_
questo	questo	DS	O	_	_
caso	caso	SS	O	_	_
a	a	E	O	_	_
vantaggio	vantaggio	SS	O	_	_
di	di	E	O	_	_
chi	chi	CCHI	O	_	_
?	?	XPS	O	_	_

In	in	E	O	_	_
favore	favore	SS	O	_	_
del	di/det	ES	O	_	_
barone	barone	SS	O	_	_
Sternbach	sternbach	SPN	PER	_	_
,	comma	XPW	O	_	_
di	di	E	O	_	_
un	uno	RS	O	_	_
liberale	liberale	SS	O	_	_
della	di/det	ES	O	_	_
più	più	B	O	_	_
bell’	bello	AS	O	_	_
acqua	acqua	SS	O	_	_
,	comma	XPW	O	_	_
di	di	E	O	_	_
un	uno	RS	O	_	_
uomo	uomo	SS	O	_	_
che	che	CCHE	O	_	_
nell’	in/det	ES	O	_	_
amministrazione	amministrazione	SS	O	_	_
provinciale	provinciale	AS	O	_	_
rappresenta	rappresentare	VI	O	_	_
non	non	B	O	_	_
solo	solo	B	O	_	_
lo	il	RS	O	_	_
spirito	spirito	SS	O	_	_
tedesco	tedesco	AS	O	_	_
nazionale	nazionale	AS	O	_	_
ma	ma	C	O	_	_
anche	anche	C	O	_	_
quel	quel	PS	O	_	_
grande	grande	AS	O	_	_
possesso	possesso	SS	O	_	_
che	che	CCHE	O	_	_
appoggia	appoggiare	VI	O	_	_
il	il	RS	O	_	_
Wahrmund	wahrmund	SPN	O	_	_
.	.	XPS	O	_	_

Non	non	B	O	_	_
importa	importare	VI	O	_	_
,	comma	XPW	O	_	_
il	il	RS	O	_	_
giornale	giornale	SS	O	_	_
del	di/det	ES	O	_	_
cattolicismo	cattolicismo	SS	O	_	_
genuino	genuino	AS	O	_	_
,	comma	XPW	O	_	_
vescovile	vescovile	AS	O	_	_
,	comma	XPW	O	_	_
patentato	patentato	VSP	O	_	_
,	comma	XPW	O	_	_
vuole	volere	VI	O	_	_
azzeccarne	azzeccare/part	VF+E	O	_	_
una	uno	PS	O	_	_
ai	a/det	EP	O	_	_
cristiano-sociali	cristiano-sociali	SP	O	_	_
e	e	C	O	_	_
quindi	quindi	C	O	_	_
lancia	lanciare	VI	O	_	_
la	il	RS	O	_	_
bomba	bomba	SS	O	_	_
.	.	XPS	O	_	_

E	e	C	O	_	_
di	di	E	O	_	_
questa	questo	DS	O	_	_
approfitteranno	approfittare	VI	O	_	_
certamente	certamente	B	O	_	_
gli	il	RP	O	_	_
altri	altro	PP	O	_	_
giornali	giornale	SP	O	_	_
tedeschi	tedesco	AP	O	_	_
,	comma	XPW	O	_	_
dando	dare	VG	O	_	_
l’	il	RS	O	_	_
attacco	attacco	SS	O	_	_
violento	violento	AS	O	_	_
contro	contro	E	O	_	_
gli	il	RP	O	_	_
italiani	italiano	SP	O	_	_
,	comma	XPW	O	_	_
facendo	fare	VG	O	_	_
loro	loro	PP	O	_	_
sentire	sentire	VF	O	_	_
fino	fino	E	O	_	_
al	a/det	ES	O	_	_
midollo	midollo	SS	O	_	_
delle	di/det	EP	O	_	_
ossa	ossa	SS	O	_	_
che	che	CCHE	O	_	_
sono	essere	VI	O	_	_
in	in	E	O	_	_
minoranza	minoranza	SS	O	_	_
,	comma	XPW	O	_	_
provocandoli	provocandoli	SP	O	_	_
a	a	E	O	_	_
sangue	sangue	SS	O	_	_
.	.	XPS	O	_	_

.	.	XPS	O	_	_

.	.	XPS	O	_	_

Così	così	B	O	_	_
avremo	avere	VI	O	_	_
la	il	RS	O	_	_
pace	pace	SS	O	_	_
,	comma	XPW	O	_	_
la	il	RS	O	_	_
concordia	concordia	SS	O	_	_
,	comma	XPW	O	_	_
il	il	RS	O	_	_
lavoro	lavoro	SS	O	_	_
,	comma	XPW	O	_	_
l’	il	RS	O	_	_
unità	unità	SN	O	_	_
della	di/det	ES	O	_	_
provincia	provincia	SS	O	_	_
,	comma	XPW	O	_	_
che	che	CCHE	O	_	_
tanto	tanto	PS	O	_	_
sta	stare	VI	O	_	_
a	a	E	O	_	_
cuore	cuore	SS	O	_	_
alle	a/det	EP	O	_	_
Stimmen	stimmen	SPN	O	_	_
.	.	XPS	O	_	_

Denunziamo	denunziare	VI	O	_	_
fin	fin	E	O	_	_
d’	di	E	O	_	_
ora	ora	B	O	_	_
alla	a/det	ES	O	_	_
pubblica	pubblico	AS	O	_	_
opinione	opinione	SS	O	_	_
questo	questo	DS	O	_	_
contegno	contegno	SS	O	_	_
della	di/det	ES	O	_	_
stampa	stampa	SS	O	_	_
conservativa	conservativo	AS	O	_	_
.	.	XPS	O	_	_

Noi	noi	PP	O	_	_
non	non	B	O	_	_
ci	ci	PP	O	_	_
siamo	essere	VIY	O	_	_
mai	mai	B	O	_	_
immischiati	immischiare	VPP	O	_	_
nella	in/det	ES	O	_	_
lotta	lotta	SS	O	_	_
fratricida	fratricida	AS	O	_	_
fra	fra	E	O	_	_
cristiano-sociali	cristiano-sociali	SP	O	_	_
e	e	C	O	_	_
conservatori	conservatorio	SP	O	_	_
ma	ma	C	O	_	_
quando	quando	CADV	O	_	_
questa	questo	DS	O	_	_
lotta	lotta	SS	O	_	_
si	rifl	PN	O	_	_
voglia	volere	VI	O	_	_
continuare	continuare	VF	O	_	_
a	a	E	O	_	_
nostre	nostro	DP	O	_	_
spese	spesa	SP	O	_	_
dobbiamo	dovere	VI	O	_	_
levare	levare	VF	O	_	_
la	il	RS	O	_	_
voce	voce	SS	O	_	_
.	.	XPS	O	_	_

In	in	E	O	_	_
quanto	quanto	B	O	_	_
alla	a/det	ES	O	_	_
cosa	cosa	SS	O	_	_
in	in	E	O	_	_
sé	sé	PN	O	_	_
,	comma	XPW	O	_	_
siamo	essere	VI	O	_	_
in	in	E	O	_	_
grado	grado	SS	O	_	_
di	di	E	O	_	_
smentire	smentire	VF	O	_	_
che	che	CCHE	O	_	_
fra	fra	E	O	_	_
italiani	italiano	SP	O	_	_
e	e	C	O	_	_
cristiano-sociali	cristiano-sociali	AP	O	_	_
sia	essere	VIY	O	_	_
avvenuto	avvenire	VSP	O	_	_
un	uno	RS	O	_	_
accordo	accordo	SS	O	_	_
per	per	E	O	_	_
una	uno	RS	O	_	_
divisione	divisione	SS	O	_	_
nazionale	nazionale	AS	O	_	_
degli	di/det	EP	O	_	_
istituti	istituto	SP	O	_	_
provinciali	provinciale	AP	O	_	_
.	.	XPS	O	_	_

Ciò	ciò`	PS	O	_	_
non	non	B	O	_	_
toglie	togliere	VI	O	_	_
che	che	CCHE	O	_	_
le	il	RP	O	_	_
ragioni	ragione	SP	O	_	_
che	che	CCHE	O	_	_
portano	portare	VI	O	_	_
le	il	RP	O	_	_
Stimmen	stimmen	SPN	O	_	_
in	in	E	O	_	_
favore	favore	SS	O	_	_
dell’	di/det	ES	O	_	_
amministrazione	amministrazione	SS	O	_	_
del	di/det	ES	O	_	_
bar	bar	SN	O	_	_
.	.	XPS	O	_	_

Sternbach	sternbach	SPN	PER	_	_
siano	essere	VI	O	_	_
senza	senza	E	O	_	_
fondamento	fondamento	SS	O	_	_
.	.	XPS	O	_	_

La	il	RS	O	_	_
mira	mira	SS	O	_	_
politica	politico	AS	O	_	_
è	essere	VI	O	_	_
troppo	troppo	B	O	_	_
palese	palese	AS	O	_	_
,	comma	XPW	O	_	_
perché	perché	C	O	_	_
le	il	RP	O	_	_
Stimmen	stimmen	SPN	O	_	_
possano	potere	VI	O	_	_
parlare	parlare	VF	O	_	_
di	di	E	O	_	_
riguardi	riguardo	SP	O	_	_
economici	economico	AP	O	_	_
i	il	RP	O	_	_
quali	quale	PP	O	_	_
tutti	tutto	PP	O	_	_
determinerebbero	determinare	VI	O	_	_
che	che	CCHE	O	_	_
l’	il	RS	O	_	_
amministrazione	amministrazione	SS	O	_	_
di	di	E	O	_	_
S.	s.	YA	GPE	45.44697205	12.34729863
Michele	michele	SPN	GPE	45.44697205	12.34729863
sia	sia	C	O	_	_
in	in	E	O	_	_
mano	mano	SS	O	_	_
di	di	E	O	_	_
un	uno	RS	O	_	_
italiano	italiano	SS	O	_	_
il	il	RS	O	_	_
quale	quale	PS	O	_	_
ha	avere	VIY	O	_	_
per	per	E	O	_	_
lo	il	RS	O	_	_
meno	meno	B	O	_	_
la	il	RS	O	_	_
qualifica	qualifica	SS	O	_	_
che	che	CCHE	O	_	_
può	potere	VI	O	_	_
avere	avere	VF	O	_	_
un	uno	RS	O	_	_
tedesco	tedesco	SS	O	_	_
.	.	XPS	O	_	_

Noi	noi	PP	O	_	_
non	non	B	O	_	_
intendiamo	intendere	VI	O	_	_
però	però	C	O	_	_
oggi	oggi	B	O	_	_
di	di	E	O	_	_
discutere	discutere	VF	O	_	_
;	semicolon	XPS	O	_	_

ci	ci	PP	O	_	_
limitiamo	limitare	VI	O	_	_
a	a	E	O	_	_
segnalare	segnalare	VF	O	_	_
l’	il	RS	O	_	_
articolo	articolo	SS	O	_	_
delle	di/det	EP	O	_	_
Stimmen	stimmen	SPN	O	_	_
e	e	C	O	_	_
a	a	E	O	_	_
mettere	mettere	VF	O	_	_
a	a	E	O	_	_
nudo	nudo	SS	O	_	_
questo	questo	DS	O	_	_
nuovo	nuovo	AS	O	_	_
tentativo	tentativo	SS	O	_	_
di	di	E	O	_	_
attaccare	attaccare	VF	O	_	_
i	il	RP	O	_	_
cristiano-sociali	cristiano-sociali	SP	O	_	_
,	comma	XPW	O	_	_
a	a	E	O	_	_
costo	costo	SS	O	_	_
anche	anche	C	O	_	_
d’	di	E	O	_	_
inasprire	inasprire	VF	O	_	_
il	il	RS	O	_	_
conflitto	conflitto	SS	O	_	_
tra	tra	E	O	_	_
le	il	RP	O	_	_
due	due	N	O	_	_
nazioni	nazione	SP	O	_	_
della	di/det	ES	O	_	_
provincia	provincia	SS	O	_	_
.	.	XPS	O	_	_

Il	il	RS	O	_	_
clero	clero	SS	O	_	_
e	e	C	O	_	_
i	il	RP	O	_	_
contadini	contadino	SP	O	_	_
devono	dovere	VI	O	_	_
prenderne	prendere/part	VF+E	O	_	_
nota	noto	AS	O	_	_
.	.	XPS	O	_	_
