# total number of persons:2, total number of gpes:13
Gli	il	RP	O	_	_
adriatici	adriatico	SP	O	_	_
,	comma	XPW	O	_	_
gente	gente	SS	O	_	_
di	di	E	O	_	_
mare	mare	SS	O	_	_
,	comma	XPW	O	_	_
si	rifl	PN	O	_	_
sono	essere	VIY	O	_	_
palesati	palesare	VPP	O	_	_
di	di	E	O	_	_
nuovo	nuovo	AS	O	_	_
per	per	E	O	_	_
quei	quello	DP	O	_	_
gran	grande	AP	O	_	_
politiconi	politicone	SP	O	_	_
che	che	CCHE	O	_	_
vogliono	volere	VI	O	_	_
essere	essere	VF	O	_	_
.	.	XPS	O	_	_

Il	il	RS	O	_	_
giacobinismo	giacobinismo	SS	O	_	_
è	essere	VI	O	_	_
sempre	sempre	B	O	_	_
stato	essere	VSP	O	_	_
in	in	E	O	_	_
loro	loro	PP	O	_	_
più	più	B	O	_	_
forte	forte	AS	O	_	_
del	di/det	ES	O	_	_
liberalismo	liberalismo	SS	O	_	_
e	e	C	O	_	_
dell’	di/det	ES	O	_	_
idea	idea	SS	O	_	_
nazionale	nazionale	AS	O	_	_
e	e	C	O	_	_
,	comma	XPW	O	_	_
mentre	mentre	C	O	_	_
a	a	E	O	_	_
parole	parola	SP	O	_	_
hanno	avere	VIY	O	_	_
spesso	spesso	B	O	_	_
fatto	fare	VSP	O	_	_
appello	appello	SS	O	_	_
all’	a/det	ES	O	_	_
unità	unità	SN	O	_	_
ed	ed	C	O	_	_
alla	a/det	ES	O	_	_
concordia	concordia	SS	O	_	_
dei	di/det	EP	O	_	_
partiti	partito	SP	O	_	_
,	comma	XPW	O	_	_
non	non	B	O	_	_
si	rifl	PN	O	_	_
sono	essere	VIY	O	_	_
poi	poi	B	O	_	_
affaticati	affaticare	VPP	O	_	_
davvero	davvero	B	O	_	_
a	a	E	O	_	_
rendere	rendere	VF	O	_	_
in	in	E	O	_	_
pratica	pratica	SS	O	_	_
attuabile	attuabile	AS	O	_	_
ed	ed	C	O	_	_
agevole	agevole	AS	O	_	_
l’	il	RS	O	_	_
avvicinamento	avvicinamento	SS	O	_	_
invocato	invocato	AS	O	_	_
.	.	XPS	O	_	_

Lo	lo	PS	O	_	_
sanno	sapere	VI	O	_	_
i	il	RP	O	_	_
nostri	nostro	DP	O	_	_
deputati	deputato	SP	O	_	_
sacerdoti	sacerdoti	AP	O	_	_
o	o	C	O	_	_
di	di	E	O	_	_
sentimenti	sentimento	SP	O	_	_
cattolici	cattolico	AP	O	_	_
,	comma	XPW	O	_	_
quante	quanto	DP	O	_	_
volte	volta	SP	O	_	_
il	il	RS	O	_	_
contegno	contegno	SS	O	_	_
di	di	E	O	_	_
qualche	qualche	DS	O	_	_
collega	collega	SS	O	_	_
dell’	di/det	ES	O	_	_
Adria	adria	SPN	O	_	_
non	non	B	O	_	_
avrebbe	avere	VIY	O	_	_
giustificato	giustificare	VSP	O	_	_
l’	il	RS	O	_	_
abbandono	abbandono	SS	O	_	_
di	di	E	O	_	_
alleanze	alleanza	SP	O	_	_
,	comma	XPW	O	_	_
apparentemente	apparentemente	B	O	_	_
volute	volere	VPP	O	_	_
da	da	E	O	_	_
tutti	tutto	PP	O	_	_
.	.	XPS	O	_	_

E	e	C	O	_	_
se	se	C	O	_	_
è	essere	VI	O	_	_
così	così	B	O	_	_
di	di	E	O	_	_
uomini	uomo	SP	O	_	_
già	già	B	O	_	_
fatti	fare	VPP	O	_	_
,	comma	XPW	O	_	_
nei	in/det	EP	O	_	_
quali	quale	DP	O	_	_
la	il	RS	O	_	_
ponderazione	ponderazione	SS	O	_	_
dovrebbe	dovere	VI	O	_	_
infrenare	infrenare	VF	O	_	_
la	il	RS	O	_	_
passione	passione	SS	O	_	_
di	di	E	O	_	_
partito	partito	SS	O	_	_
,	comma	XPW	O	_	_
non	non	B	O	_	_
meravigliamoci	meravigliamoci	VI	O	_	_
se	se	C	O	_	_
la	il	RS	O	_	_
generazione	generazione	SS	O	_	_
nuova	nuovo	AS	O	_	_
più	più	B	O	_	_
sincera	sincero	AS	O	_	_
e	e	C	O	_	_
più	più	B	O	_	_
impulsiva	impulsivo	AS	O	_	_
,	comma	XPW	O	_	_
sorpassa	sorpassare	VI	O	_	_
i	il	RP	O	_	_
vecchi	vecchio	AP	O	_	_
nel	in/det	ES	O	_	_
dimostrare	dimostrare	VF	O	_	_
espertamente	espertamente	B	O	_	_
il	il	RS	O	_	_
malanimo	malanimo	SS	O	_	_
che	che	CCHE	O	_	_
la	il	RS	O	_	_
agita	agita	SS	O	_	_
dentro	dentro	B	O	_	_
.	.	XPS	O	_	_

Gli	il	RP	O	_	_
studenti	studente	SP	O	_	_
adriatici	adriatico	AP	O	_	_
hanno	avere	VIY	O	_	_
sempre	sempre	B	O	_	_
portato	portare	VSP	O	_	_
nella	in/det	ES	O	_	_
lotta	lotta	SS	O	_	_
universitaria	universitario	AS	O	_	_
la	il	RS	O	_	_
nota	nota	SS	O	_	_
più	più	B	O	_	_
leggera	leggero	AS	O	_	_
e	e	C	O	_	_
meno	meno	B	O	_	_
politica	politico	AS	O	_	_
.	.	XPS	O	_	_

Anni	anno	SP	O	_	_
or	or	B	O	_	_
sono	essere	VI	O	_	_
,	comma	XPW	O	_	_
s’	s’	PN	O	_	_
è	essere	VIY	O	_	_
cacciato	cacciare	VSP	O	_	_
dal	da/det	ES	O	_	_
comitato	comitato	SS	O	_	_
viennese	viennese	AS	O	_	_
pro	pro	E	O	_	_
università	università	SN	O	_	_
italiana	italiano	AS	O	_	_
il	il	RS	O	_	_
rappresentante	rappresentante	SS	O	_	_
dell’	di/det	ES	O	_	_
Unione	unione	SS	O	_	_
univ.	univ.	AS	O	_	_
cattolica	cattolico	AS	O	_	_
perché	perché	C	O	_	_
non	non	B	O	_	_
dava	dare	VI	O	_	_
spiegazioni	spiegazione	SP	O	_	_
«	«	XPO	O	_	_
soddisfacenti	soddisfacente	AP	O	_	_
»	»	XPO	O	_	_
circa	circa	B	O	_	_
la	il	RS	O	_	_
questione	questione	SS	O	_	_
romana	romano	AS	O	_	_
ed	ed	C	O	_	_
altre	altro	DP	O	_	_
cose	cosa	SP	O	_	_
che	che	CCHE	O	_	_
gli	il	RP	O	_	_
ingenui	ingenuo	SP	O	_	_
credevano	credere	VI	O	_	_
non	non	B	O	_	_
c’	ci	B	O	_	_
entrassero	entrare	VI	O	_	_
affatto	affatto	B	O	_	_
con	con	E	O	_	_
la	il	RS	O	_	_
lotta	lotta	SS	O	_	_
universitaria	universitario	AS	O	_	_
.	.	XPS	O	_	_

Altra	altro	DS	O	_	_
volta	volta	SS	O	_	_
,	comma	XPW	O	_	_
presentatisi	presentatisi	AP	O	_	_
alcuni	alcuni	DP	O	_	_
studenti	studente	SP	O	_	_
dell’	di/det	ES	O	_	_
Unione	unione	SS	O	_	_
ad	ad	E	O	_	_
un’	uno	RS	O	_	_
adunanza	adunanza	SS	O	_	_
pubblica	pubblico	AS	O	_	_
pro	pro	E	O	_	_
università	università	SN	O	_	_
alla	a/det	ES	O	_	_
quale	quale	PS	O	_	_
s’	s’	PN	O	_	_
erano	essere	VIY	O	_	_
invitati	invitare	VPP	O	_	_
tutti	tutto	PP	O	_	_
gl’	il	RP	O	_	_
italiani	italiano	AP	O	_	_
fu	essere	VI	O	_	_
loro	loro	DP	O	_	_
impedito	impedito	SS	O	_	_
d’	di	E	O	_	_
entrare	entrare	VF	O	_	_
perché	perché	C	O	_	_
i	il	RP	O	_	_
«	«	XPO	O	_	_
cattolici	cattolico	SP	O	_	_
»	»	XPO	O	_	_
non	non	B	O	_	_
si	rifl	PN	O	_	_
riconoscevano	riconoscere	VI	O	_	_
come	come	CADV	O	_	_
italiani	italiano	SP	O	_	_
.	.	XPS	O	_	_

E	e	C	O	_	_
questo	questo	DS	O	_	_
spirito	spirito	SS	O	_	_
di	di	E	O	_	_
setta	setta	SS	O	_	_
,	comma	XPW	O	_	_
d’	di	E	O	_	_
intolleranza	intolleranza	SS	O	_	_
,	comma	XPW	O	_	_
continuò	continuare	VI	O	_	_
via	via	B	O	_	_
via	via	B	O	_	_
per	per	E	O	_	_
tutta	tutto	DS	O	_	_
la	il	RS	O	_	_
lotta	lotta	SS	O	_	_
fino	fino	E	O	_	_
a	a	E	O	_	_
cestinare	cestinare	VF	O	_	_
i	il	RP	O	_	_
telegrammi	telegramma	SP	O	_	_
della	di/det	ES	O	_	_
nostra	nostro	DS	O	_	_
associazione	associazione	SS	O	_	_
spediti	spedire	VPP	O	_	_
a	a	E	O	_	_
un	uno	RS	O	_	_
congresso	congresso	SS	O	_	_
universitario	universitario	AS	O	_	_
a	a	E	O	_	_
Trieste	trieste	SPN	GPE	45.6500335	13.7706559
.	.	XPS	O	_	_

Perfino	perfino	E	O	_	_
la	il	RS	O	_	_
sera	sera	SS	O	_	_
tragica	tragico	AS	O	_	_
in	in	E	O	_	_
Innsbruck	innsbruck	SPN	GPE	47.2654296	11.3927685
,	comma	XPW	O	_	_
durante	durante	E	O	_	_
l’	il	RS	O	_	_
allegra	allegro	AS	O	_	_
adunanza	adunanza	SS	O	_	_
,	comma	XPW	O	_	_
le	il	RP	O	_	_
parole	parola	SP	O	_	_
dei	di/det	EP	O	_	_
nostri	nostro	DP	O	_	_
furono	essere	VI	O	_	_
dapprima	dapprima	B	O	_	_
azzittite	azzittite	AP	O	_	_
e	e	C	O	_	_
tollerate	tollerare	VPP	O	_	_
solo	solo	B	O	_	_
quando	quando	CADV	O	_	_
la	il	RS	O	_	_
minoranza	minoranza	SS	O	_	_
giacobina	giacobino	AS	O	_	_
si	rifl	PN	O	_	_
accorse	accorrere	VI	O	_	_
di	di	E	O	_	_
essere	essere	VF	O	_	_
tale	tale	AS	O	_	_
,	comma	XPW	O	_	_
e	e	C	O	_	_
ci	ci	PP	O	_	_
vollero	volere	VI	O	_	_
la	il	RS	O	_	_
feroce	feroce	AS	O	_	_
prepotenza	prepotenza	SS	O	_	_
tedesca	tedesco	AS	O	_	_
,	comma	XPW	O	_	_
le	il	RP	O	_	_
bastonate	bastonata	SP	O	_	_
e	e	C	O	_	_
le	il	RP	O	_	_
revolverate	revolverata	SP	O	_	_
per	per	E	O	_	_
far	fare	VF	O	_	_
nascere	nascere	VF	O	_	_
nel	in/det	ES	O	_	_
cuore	cuore	SS	O	_	_
di	di	E	O	_	_
alcuni	alcuni	DP	O	_	_
settari	settario	SP	O	_	_
il	il	RS	O	_	_
senso	senso	SS	O	_	_
della	di/det	ES	O	_	_
comune	comune	SS	O	_	_
sventura	sventura	SS	O	_	_
e	e	C	O	_	_
dei	di/det	EP	O	_	_
comuni	comune	SP	O	_	_
ideali	ideale	AP	O	_	_
,	comma	XPW	O	_	_
di	di	E	O	_	_
fronte	fronte	SS	O	_	_
ai	a/det	EP	O	_	_
quali	quale	PP	O	_	_
per	per	E	O	_	_
il	il	RS	O	_	_
momento	momento	SS	O	_	_
almeno	almeno	B	O	_	_
le	il	RP	O	_	_
idee	idea	SP	O	_	_
di	di	E	O	_	_
parte	parte	SS	O	_	_
dovevano	dovere	VI	O	_	_
passare	passare	VF	O	_	_
in	in	E	O	_	_
seconda	secondo	AS	O	_	_
linea	linea	SS	O	_	_
.	.	XPS	O	_	_

Ma	ma	C	O	_	_
la	il	RS	O	_	_
scuola	scuola	SS	O	_	_
delle	di/det	EP	O	_	_
prigioni	prigione	SP	O	_	_
d’	di	E	O	_	_
Innsbruck	innsbruck	SPN	GPE	47.2654296	11.3927685
non	non	B	O	_	_
sembra	sembrare	VI	O	_	_
abbia	avere	VIY	O	_	_
prodotto	produrre	VSP	O	_	_
frutti	frutto	SP	O	_	_
duraturi	duraturo	AP	O	_	_
.	.	XPS	O	_	_

Par	par	SPN	O	_	_
quasi	quasi	B	O	_	_
si	rifl	PN	O	_	_
debba	dovere	VI	O	_	_
dire	dire	VF	O	_	_
:	:	XPS	O	_	_
grattate	grattato	AP	O	_	_
lo	il	RS	O	_	_
studente	studente	SS	O	_	_
adriatico	adriatico	AS	O	_	_
e	e	C	O	_	_
vi	vi	B	O	_	_
troverete	trovare	VI	O	_	_
l’	il	RS	O	_	_
anticlericale	anticlericale	SS	O	_	_
,	comma	XPW	O	_	_
o	o	C	O	_	_
meglio	meglio	B	O	_	_
il	il	RS	O	_	_
settario	settario	SS	O	_	_
.	.	XPS	O	_	_

Precisamente	precisamente	B	O	_	_
,	comma	XPW	O	_	_
perché	perché	C	O	_	_
i	il	RP	O	_	_
lettori	lettore	SP	O	_	_
dal	da/det	ES	O	_	_
cenno	cenno	SS	O	_	_
che	che	CCHE	O	_	_
ne	ne	PN	O	_	_
abbiamo	avere	VIY	O	_	_
dato	dare	VSP	O	_	_
,	comma	XPW	O	_	_
hanno	avere	VIY	O	_	_
potuto	potere	VSP	O	_	_
vedere	vedere	VF	O	_	_
come	come	CADV	O	_	_
i	il	RP	O	_	_
nazionalisti	nazionalista	SP	O	_	_
se	se	C	O	_	_
la	la	PS	O	_	_
prendano	prendere	VI	O	_	_
anche	anche	C	O	_	_
coi	con/det	EP	O	_	_
loro	loro	DP	O	_	_
colleghi	collega	SP	O	_	_
socialisti	socialista	AP	O	_	_
e	e	C	O	_	_
come	come	CADV	O	_	_
nell’	in/det	ES	O	_	_
adunanza	adunanza	SS	O	_	_
preparatoria	preparatorio	AS	O	_	_
al	a/det	ES	O	_	_
congresso	congresso	SS	O	_	_
abbiano	avere	VIY	O	_	_
cacciato	cacciare	VSP	O	_	_
dalla	da/det	ES	O	_	_
sala	sala	SS	O	_	_
i	il	RP	O	_	_
socialisti	socialista	SP	O	_	_
elevando	elevare	VG	O	_	_
a	a	E	O	_	_
conchiuso	conchiuso	SS	O	_	_
che	che	CCHE	O	_	_
la	il	RS	O	_	_
lotta	lotta	SS	O	_	_
per	per	E	O	_	_
l’	il	RS	O	_	_
università	università	SN	O	_	_
non	non	B	O	_	_
può	potere	VI	O	_	_
essere	essere	VFY	O	_	_
fatta	fare	VSP	O	_	_
che	che	CCHE	O	_	_
da	da	E	O	_	_
studenti	studente	SP	O	_	_
del	di/det	ES	O	_	_
partito	partito	SS	O	_	_
irredentista	irredentista	AS	O	_	_
.	.	XPS	O	_	_

Coi	con/det	EP	O	_	_
socialisti	socialista	SP	O	_	_
però	però	C	O	_	_
a	a	E	O	_	_
Trieste	trieste	SPN	GPE	45.6500335	13.7706559
non	non	B	O	_	_
si	rifl	PN	O	_	_
scherza	scherzare	VI	O	_	_
,	comma	XPW	O	_	_
e	e	C	O	_	_
al	a/det	ES	O	_	_
comizio	comizio	SS	O	_	_
pro	pro	E	O	_	_
università	università	SN	O	_	_
,	comma	XPW	O	_	_
si	rifl	PN	O	_	_
è	essere	VIY	O	_	_
venuto	venire	VSP	O	_	_
ad	ad	E	O	_	_
una	uno	RS	O	_	_
specie	specie	SN	O	_	_
di	di	E	O	_	_
compromesso	compromesso	SS	O	_	_
,	comma	XPW	O	_	_
mascherando	mascherare	VG	O	_	_
nell’	in/det	ES	O	_	_
ordine	ordine	SS	O	_	_
del	di/det	ES	O	_	_
giorno	giorno	SS	O	_	_
un	uno	RS	O	_	_
biasimo	biasimo	SS	O	_	_
ai	a/det	EP	O	_	_
capi	capo	SP	O	_	_
liberali	liberale	AP	O	_	_
e	e	C	O	_	_
un	uno	RS	O	_	_
voto	voto	SS	O	_	_
di	di	E	O	_	_
fiducia	fiducia	SS	O	_	_
ai	a/det	EP	O	_	_
capi	capo	SP	O	_	_
socialisti	socialista	AP	O	_	_
,	comma	XPW	O	_	_
ai	a/det	EP	O	_	_
quali	quale	PP	O	_	_
,	comma	XPW	O	_	_
come	come	CADV	O	_	_
direttori	direttorio	SP	O	_	_
delle	di/det	EP	O	_	_
masse	massa	SP	O	_	_
,	comma	XPW	O	_	_
si	rifl	PN	O	_	_
affida	affidare	VI	O	_	_
il	il	RS	O	_	_
compito	compito	SS	O	_	_
di	di	E	O	_	_
continuare	continuare	VF	O	_	_
la	il	RS	O	_	_
lotta	lotta	SS	O	_	_
.	.	XPS	O	_	_

Per	per	E	O	_	_
i	il	RP	O	_	_
«	«	XPO	O	_	_
clericali	clericale	AP	O	_	_
»	»	XPO	O	_	_
invece	invece	C	O	_	_
non	non	B	O	_	_
metteva	mettere	VI	O	_	_
conto	conto	SS	O	_	_
di	di	E	O	_	_
prendersi	prendere/rifl	VF+E	O	_	_
tante	tanto	DP	O	_	_
brighe	briga	SP	O	_	_
.	.	XPS	O	_	_

S’	s’	PN	O	_	_
è	essere	VIY	O	_	_
parlato	parlare	VSP	O	_	_
d’	di	E	O	_	_
oscurantismo	oscurantismo	SS	O	_	_
di	di	E	O	_	_
un’	uno	RS	O	_	_
intera	intero	AS	O	_	_
provincia	provincia	SS	O	_	_
,	comma	XPW	O	_	_
il	il	RS	O	_	_
Friuli	friuli	SPN	GPE	46.151042	13.055904
,	comma	XPW	O	_	_
s’	s’	PN	O	_	_
è	essere	VIY	O	_	_
dichiarato	dichiarare	VSP	O	_	_
apertamente	apertamente	B	O	_	_
che	che	CCHE	O	_	_
non	non	B	O	_	_
si	rifl	PN	O	_	_
vuole	volere	VI	O	_	_
l’	il	RS	O	_	_
università	università	SN	O	_	_
in	in	E	O	_	_
altri	altro	DP	O	_	_
siti	sito	SP	O	_	_
che	che	CCHE	O	_	_
non	non	B	O	_	_
sia	essere	VI	O	_	_
Trieste	trieste	SPN	GPE	45.6500335	13.7706559
,	comma	XPW	O	_	_
perché	perché	C	O	_	_
non	non	B	O	_	_
si	rifl	PN	O	_	_
vuole	volere	VI	O	_	_
una	uno	RS	O	_	_
«	«	XPO	O	_	_
fabbrica	fabbrica	SS	O	_	_
di	di	E	O	_	_
preti	prete	SP	O	_	_
»	»	XPO	O	_	_
e	e	C	O	_	_
via	via	B	O	_	_
dicendo	dire	VG	O	_	_
.	.	XPS	O	_	_

E	e	C	O	_	_
questo	questo	PS	O	_	_
s’	s’	PN	O	_	_
è	essere	VIY	O	_	_
detto	dire	VSP	O	_	_
dagli	da/det	EP	O	_	_
oratori	oratorio	SP	O	_	_
ufficiali	ufficiale	AP	O	_	_
in	in	E	O	_	_
cui	cui	PN	O	_	_
s’	s’	PN	O	_	_
era	essere	VIY	O	_	_
proclamato	proclamare	VSP	O	_	_
non	non	B	O	_	_
dovevano	dovere	VI	O	_	_
esserci	esserci	YF	O	_	_
che	che	CCHE	O	_	_
italiani	italiano	AP	O	_	_
.	.	XPS	O	_	_

Ma	ma	C	O	_	_
a	a	E	O	_	_
Trieste	trieste	SPN	GPE	45.6500335	13.7706559
i	il	RP	O	_	_
giovanotti	giovanotto	SP	O	_	_
hanno	avere	VI	O	_	_
coraggio	coraggio	SS	O	_	_
,	comma	XPW	O	_	_
sapevano	sapere	VI	O	_	_
benissimo	benissimo	B	O	_	_
,	comma	XPW	O	_	_
che	che	CCHE	O	_	_
gli	gli	PS	O	_	_
«	«	XPO	O	_	_
oscurantisti	oscurantista	SP	O	_	_
»	»	XPO	O	_	_
del	di/det	ES	O	_	_
Friuli	friuli	SPN	GPE	46.151042	13.055904
erano	essere	VI	O	_	_
lontani	lontano	AP	O	_	_
parecchio	parecchio	B	O	_	_
,	comma	XPW	O	_	_
che	che	CCHE	O	_	_
i	il	RP	O	_	_
preti	prete	SP	O	_	_
degli	di/det	EP	O	_	_
altri	altro	DP	O	_	_
siti	sito	SP	O	_	_
non	non	B	O	_	_
avevano	avere	VI	O	_	_
alcun	alcuno	DS	O	_	_
imperio	imperio	SS	O	_	_
nelle	in/det	EP	O	_	_
vie	via	SP	O	_	_
di	di	E	O	_	_
Trieste	trieste	SPN	GPE	45.6500335	13.7706559
,	comma	XPW	O	_	_
e	e	C	O	_	_
non	non	B	O	_	_
potevano	potere	VI	O	_	_
muovere	muovere	VF	O	_	_
la	il	RS	O	_	_
folla	folla	SS	O	_	_
,	comma	XPW	O	_	_
in	in	E	O	_	_
cui	cui	PN	O	_	_
poi	poi	B	O	_	_
s’	s’	PN	O	_	_
imbatterono	imbattere	VI	O	_	_
davvero	davvero	B	O	_	_
.	.	XPS	O	_	_

E	e	C	O	_	_
hanno	avere	VIY	O	_	_
lasciato	lasciare	VSP	O	_	_
libero	libero	AS	O	_	_
sfogo	sfogo	SS	O	_	_
allo	a/det	ES	O	_	_
spirito	spirito	SS	O	_	_
settario	settario	AS	O	_	_
.	.	XPS	O	_	_

Ognuno	ognuno	PS	O	_	_
vede	vedere	VI	O	_	_
quanto	quanto	QNS	O	_	_
simili	simile	AP	O	_	_
tirate	tirata	SP	O	_	_
giovino	giovare	VI	O	_	_
alla	a/det	ES	O	_	_
concordia	concordia	SS	O	_	_
predicata	predicato	AS	O	_	_
.	.	XPS	O	_	_

Un	uno	RS	O	_	_
cattolico	cattolico	AS	O	_	_
franco	franco	SS	O	_	_
potrà	potere	VI	O	_	_
sopportare	sopportare	VF	O	_	_
un	uno	RS	O	_	_
ambiente	ambiente	SS	O	_	_
glaciale	glaciale	AS	O	_	_
,	comma	XPW	O	_	_
ostile	ostile	AS	O	_	_
,	comma	XPW	O	_	_
offese	offese	AS	O	_	_
giammai	giammai	B	O	_	_
.	.	XPS	O	_	_

Intanto	intanto	B	O	_	_
l’	il	RS	O	_	_
Eco	eco	SPN	O	_	_
del	di/det	ES	O	_	_
Litorale	litorale	SPN	O	_	_
,	comma	XPW	O	_	_
organo	organo	SS	O	_	_
del	di/det	ES	O	_	_
Friuli	friuli	SPN	GPE	46.151042	13.055904
«	«	XPO	O	_	_
oscurantista	oscurantista	AS	O	_	_
»	»	XPO	O	_	_
scrive	scrivere	VI	O	_	_
:	:	XPS	O	_	_
«	«	XPO	O	_	_
Non	non	B	O	_	_
c’	ci	B	O	_	_
è	essere	VI	O	_	_
male	male	B	O	_	_
:	:	XPS	O	_	_
noi	noi	PP	O	_	_
terremo	tenere	VI	O	_	_
nota	noto	AS	O	_	_
di	di	E	O	_	_
queste	questo	DP	O	_	_
parole	parola	SP	O	_	_
del	di/det	ES	O	_	_
Pellis	pellis	SPN	O	_	_
il	il	RS	O	_	_
quale	quale	PS	O	_	_
della	di/det	ES	O	_	_
questione	questione	SS	O	_	_
universitaria	universitario	AS	O	_	_
vuole	volere	VI	O	_	_
fare	fare	VF	O	_	_
una	uno	RS	O	_	_
questione	questione	SS	O	_	_
di	di	E	O	_	_
partito	partito	SS	O	_	_
,	comma	XPW	O	_	_
una	uno	RS	O	_	_
questione	questione	SS	O	_	_
del	di/det	ES	O	_	_
suo	suo	DS	O	_	_
partito	partito	SS	O	_	_
.	.	XPS	O	_	_

Terremo	tenere	VI	O	_	_
nota	noto	AS	O	_	_
di	di	E	O	_	_
queste	questo	DP	O	_	_
sue	suo	DP	O	_	_
frasi	frase	SP	O	_	_
tanto	tanto	B	O	_	_
più	più	B	O	_	_
che	che	CCHE	O	_	_
,	comma	XPW	O	_	_
giorni	giorno	SP	O	_	_
fa	fa	B	O	_	_
,	comma	XPW	O	_	_
gli	il	RP	O	_	_
studenti	studente	SP	O	_	_
friulani	friulano	AP	O	_	_
erano	essere	VIY	O	_	_
venuti	venire	VPP	O	_	_
a	a	E	O	_	_
cercare	cercare	VF	O	_	_
il	il	RS	O	_	_
nostro	nostro	DS	O	_	_
appoggio	appoggio	SS	O	_	_
perché	perché	C	O	_	_
la	il	RS	O	_	_
questione	questione	SS	O	_	_
dell’	di/det	ES	O	_	_
Università	università	SN	O	_	_
italiana	italiano	AS	O	_	_
è	essere	VI	O	_	_
questione	questione	SS	O	_	_
di	di	E	O	_	_
tutti	tutto	DP	O	_	_
gli	il	RP	O	_	_
italiani	italiano	SP	O	_	_
.	.	XPS	O	_	_

Avevamo	avere	VIY	O	_	_
sottoscritto	sottoscrivere	VSP	O	_	_
a	a	E	O	_	_
questa	questo	DS	O	_	_
frase	frase	SS	O	_	_
,	comma	XPW	O	_	_
pur	pur	C	O	_	_
riservandoci	riservare/pro/loc	VG+E	O	_	_
la	il	RS	O	_	_
nostra	nostro	DS	O	_	_
linea	linea	SS	O	_	_
di	di	E	O	_	_
condotta	condotta	SS	O	_	_
.	.	XPS	O	_	_

Ora	ora	B	O	_	_
è	essere	VIY	O	_	_
venuta	venire	VSP	O	_	_
la	il	RS	O	_	_
dichiarazione	dichiarazione	SS	O	_	_
di	di	E	O	_	_
Trieste	trieste	SPN	GPE	45.6500335	13.7706559
a	a	E	O	_	_
dare	dare	VF	O	_	_
uno	uno	RS	O	_	_
schiaffo	schiaffo	SS	O	_	_
a	a	E	O	_	_
tutti	tutto	DP	O	_	_
i	il	RP	O	_	_
cattolici	cattolico	SP	O	_	_
del	di/det	ES	O	_	_
Friuli	friuli	SPN	GPE	46.151042	13.055904
.	.	XPS	O	_	_

Noi	noi	PP	O	_	_
non	non	B	O	_	_
conosciamo	conoscere	VI	O	_	_
a	a	E	O	_	_
fondo	fondo	SS	O	_	_
il	il	RS	O	_	_
sig.	sig.	SS	O	_	_
Pellis	pellis	SPN	PER	_	_
,	comma	XPW	O	_	_
certo	certo	B	O	_	_
che	che	CCHE	O	_	_
il	il	RS	O	_	_
nostro	nostro	DS	O	_	_
pensiero	pensiero	SS	O	_	_
sul	su/det	ES	O	_	_
suo	suo	DS	O	_	_
agire	agire	VF	O	_	_
è	essere	VI	O	_	_
già	già	B	O	_	_
formato	formare	VSP	O	_	_
.	.	XPS	O	_	_

Ci	ci	PP	O	_	_
aspettavamo	aspettare	VI	O	_	_
una	uno	RS	O	_	_
cosa	cosa	SS	O	_	_
simile	simile	AS	O	_	_
;	semicolon	XPS	O	_	_

per	per	E	O	_	_
certa	certa	SS	O	_	_
gente	gente	B	O	_	_
l’	il	RS	O	_	_
amore	amore	SS	O	_	_
del	di/det	ES	O	_	_
partito	partito	SS	O	_	_
è	essere	VI	O	_	_
sempre	sempre	B	O	_	_
stato	essere	VSP	O	_	_
superiore	superiore	AS	O	_	_
all’	a/det	ES	O	_	_
amore	amore	SS	O	_	_
alla	a/det	ES	O	_	_
propria	propria	DS	O	_	_
nazionalità	nazionalità	SN	O	_	_
»	»	XPO	O	_	_
.	.	XPS	O	_	_

E	e	C	O	_	_
che	che	CCHE	O	_	_
dobbiamo	dovere	VI	O	_	_
aggiungere	aggiungere	VF	O	_	_
noi	noi	PP	O	_	_
trentini	trentino	AP	O	_	_
?	?	XPS	O	_	_

Una	uno	RS	O	_	_
cosa	cosa	SS	O	_	_
solo	solo	B	O	_	_
:	:	XPS	O	_	_
Ragazzi	ragazzi	SPN	O	_	_
,	comma	XPW	O	_	_
ci	ci	B	O	_	_
rivedremo	rivedere	VI	O	_	_
a	a	E	O	_	_
Filippi	filippi	SPN	PER	_	_
"!"	esclamation_mark	XPS	O	_	_

Verrà	venire	VI	O	_	_
un	uno	RS	O	_	_
tempo	tempo	SS	O	_	_
,	comma	XPW	O	_	_
in	in	E	O	_	_
cui	cui	PN	O	_	_
gli	il	RP	O	_	_
oscurantisti	oscurantista	SP	O	_	_
entreranno	entrare	VI	O	_	_
in	in	E	O	_	_
lizza	lizza	SS	O	_	_
con	con	E	O	_	_
le	il	RP	O	_	_
armi	arme	SP	O	_	_
del	di/det	ES	O	_	_
voto	voto	SS	O	_	_
e	e	C	O	_	_
della	di/det	ES	O	_	_
democrazia	democrazia	SS	O	_	_
,	comma	XPW	O	_	_
verrà	venire	VI	O	_	_
un	uno	RS	O	_	_
tempo	tempo	SS	O	_	_
in	in	E	O	_	_
cui	cui	PN	O	_	_
questo	questo	DS	O	_	_
popolo	popolo	SS	O	_	_
,	comma	XPW	O	_	_
che	che	CCHE	O	_	_
disprezzate	disprezzare	VI	O	_	_
,	comma	XPW	O	_	_
manderà	mandare	VI	O	_	_
al	a/det	ES	O	_	_
parlamento	parlamento	SS	O	_	_
deputati	deputare	VPP	O	_	_
che	che	CCHE	O	_	_
per	per	E	O	_	_
il	il	RS	O	_	_
numero	numero	SS	O	_	_
e	e	C	O	_	_
l’	il	RS	O	_	_
energia	energia	SS	O	_	_
sapranno	sapere	VI	O	_	_
imporsi	imporsi	VF+E	O	_	_
.	.	XPS	O	_	_

E	e	C	O	_	_
allora	allora	C	O	_	_
codesti	codesto	DP	O	_	_
ragazzi	ragazzo	SP	O	_	_
brecciaiuoli	brecciaiuoli	AP	O	_	_
e	e	C	O	_	_
rivoluzionari	rivoluzionario	AP	O	_	_
,	comma	XPW	O	_	_
codesta	codesto	DS	O	_	_
gente	gente	SS	O	_	_
di	di	E	O	_	_
mare	mare	SS	O	_	_
,	comma	XPW	O	_	_
così	così	B	O	_	_
poco	poco	B	O	_	_
conscia	conscia	VI	O	_	_
della	di/det	ES	O	_	_
responsabilità	responsabilità	SN	O	_	_
e	e	C	O	_	_
gravità	gravità	SN	O	_	_
dell’	di/det	ES	O	_	_
ora	ora	SS	O	_	_
che	che	CCHE	O	_	_
corre	correre	VI	O	_	_
,	comma	XPW	O	_	_
dovrà	dovere	VI	O	_	_
fare	fare	VF	O	_	_
i	il	RP	O	_	_
conti	conto	SP	O	_	_
con	con	E	O	_	_
noi	noi	PP	O	_	_
,	comma	XPW	O	_	_
a	a	E	O	_	_
meno	meno	B	O	_	_
che	che	CCHE	O	_	_
non	non	B	O	_	_
si	rifl	PN	O	_	_
preferisca	preferire	VI	O	_	_
seppellire	seppellire	VF	O	_	_
qualunque	qualunque	DS	O	_	_
idea	idea	SS	O	_	_
d’	di	E	O	_	_
alleanza	alleanza	SS	O	_	_
,	comma	XPW	O	_	_
d’	di	E	O	_	_
unione	unione	SS	O	_	_
.	.	XPS	O	_	_

In	in	E	O	_	_
tal	tale	SS	O	_	_
caso	caso	SS	O	_	_
,	comma	XPW	O	_	_
la	il	RS	O	_	_
campagna	campagna	SS	O	_	_
nostra	nostro	DS	O	_	_
avrà	avere	VI	O	_	_
almeno	almeno	B	O	_	_
servito	servire	VSP	O	_	_
a	a	E	O	_	_
scoprire	scoprire	VF	O	_	_
la	il	RS	O	_	_
cancrena	cancrena	SS	O	_	_
che	che	CCHE	O	_	_
infirma	infirmare	VI	O	_	_
e	e	C	O	_	_
corrode	corrodere	VI	O	_	_
gli	il	RP	O	_	_
italiani	italiano	SP	O	_	_
in	in	E	O	_	_
Austria	austria	SPN	GPE	47.2000338	13.199959
,	comma	XPW	O	_	_
preparando	preparare	VG	O	_	_
così	così	B	O	_	_
un	uno	RS	O	_	_
avvenire	avvenire	SS	O	_	_
migliore	migliore	AS	O	_	_
.	.	XPS	O	_	_
