# total number of persons:7, total number of gpes:10
Lo	il	RS	O	_	_
scioglimento	scioglimento	SS	O	_	_
della	di/det	ES	O	_	_
Camera	camera	SPN	O	_	_
ha	avere	VIY	O	_	_
colto	cogliere	VSP	O	_	_
i	il	RP	O	_	_
partiti	partito	SP	O	_	_
all’improvviso.	all’improvviso.	SPN	O	_	_
Per	per	E	O	_	_
il	il	RS	O	_	_
Trentino	trentino	SPN	GPE	46.102869	11.12961993
poi	poi	B	O	_	_
esso	esso	PS	O	_	_
doveva	dovere	VI	O	_	_
recare	recare	VF	O	_	_
grandi	grande	AP	O	_	_
amarezze	amarezza	SP	O	_	_
,	comma	XPW	O	_	_
perché	perché	C	O	_	_
troncava	troncare	VI	O	_	_
speranze	speranza	SP	O	_	_
che	che	CCHE	O	_	_
parevano	parere	VI	O	_	_
vicine	vicino	AP	O	_	_
al	a/det	ES	O	_	_
compimento	compimento	SS	O	_	_
.	.	XPS	O	_	_

Nessuna	nessun	DS	O	_	_
meraviglia	meraviglia	SS	O	_	_
quindi	quindi	C	O	_	_
,	comma	XPW	O	_	_
se	se	C	O	_	_
il	il	RS	O	_	_
nostro	nostro	DS	O	_	_
partito	partito	SS	O	_	_
entrò	entrare	VI	O	_	_
nella	in/det	ES	O	_	_
campagna	campagna	SS	O	_	_
elettorale	elettorale	AS	O	_	_
di	di	E	O	_	_
malavoglia	malavoglia	SS	O	_	_
e	e	C	O	_	_
con	con	E	O	_	_
una	uno	RS	O	_	_
certa	certo	DS	O	_	_
stanchezza	stanchezza	SS	O	_	_
.	.	XPS	O	_	_

Vennero	venire	VI	O	_	_
prima	prima	E	O	_	_
le	il	RP	O	_	_
difficoltà	difficoltà	SN	O	_	_
per	per	E	O	_	_
le	il	RP	O	_	_
candidature	candidatura	SP	O	_	_
in	in	E	O	_	_
seguito	seguito	SS	O	_	_
al	a/det	ES	O	_	_
ritiro	ritiro	SS	O	_	_
di	di	E	O	_	_
tre	tre	N	O	_	_
deputati	deputato	SP	O	_	_
;	semicolon	XPS	O	_	_

poi	poi	B	O	_	_
quando	quando	CADV	O	_	_
si	rifl	PN	O	_	_
doveva	dovere	VI	O	_	_
battere	battere	VF	O	_	_
la	il	RS	O	_	_
campagna	campagna	SS	O	_	_
,	comma	XPW	O	_	_
ci	ci	PP	O	_	_
trovammo	trovare	VI	O	_	_
ridotti	ridotto	SP	O	_	_
ad	ad	E	O	_	_
un	uno	RS	O	_	_
gruppo	gruppo	SS	O	_	_
esiguo	esiguo	AS	O	_	_
,	comma	XPW	O	_	_
non	non	B	O	_	_
più	più	B	O	_	_
fresco	fresco	AS	O	_	_
nemmeno	nemmeno	B	O	_	_
questo	questo	PS	O	_	_
,	comma	XPW	O	_	_
ma	ma	C	O	_	_
stanco	stanco	AS	O	_	_
per	per	E	O	_	_
le	il	RP	O	_	_
lotte	lotta	SP	O	_	_
elettorali	elettorale	AP	O	_	_
combattute	combattere	VPP	O	_	_
nell’	in/det	ES	O	_	_
inverno	inverno	SS	O	_	_
.	.	XPS	O	_	_

Tuttavia	tuttavia	C	O	_	_
l’	il	RS	O	_	_
entusiasmo	entusiasmo	SS	O	_	_
sopperì	sopperire	VI	O	_	_
al	a/det	ES	O	_	_
numero	numero	SS	O	_	_
ed	ed	C	O	_	_
alle	a/det	EP	O	_	_
forze	forza	SP	O	_	_
.	.	XPS	O	_	_

Adunanze	adunanza	SP	O	_	_
private	privato	AP	O	_	_
,	comma	XPW	O	_	_
comizi	comizio	SP	O	_	_
pubblici	pubblico	AP	O	_	_
,	comma	XPW	O	_	_
contraddittori	contraddittorio	SP	O	_	_
si	rifl	PN	O	_	_
susseguirono	susseguire	VI	O	_	_
fino	fino	E	O	_	_
all’	a/det	ES	O	_	_
ultimo	ultimo	AS	O	_	_
momento	momento	SS	O	_	_
,	comma	XPW	O	_	_
fino	fino	E	O	_	_
ieri	ieri	B	O	_	_
sera	sera	SS	O	_	_
.	.	XPS	O	_	_

Poiché	poiché	C	O	_	_
non	non	B	O	_	_
conveniva	convenire	VI	O	_	_
nasconderci	nascondere/loc/pro	VF+E	O	_	_
che	che	CCHE	O	_	_
l’	il	RS	O	_	_
entusiasmo	entusiasmo	SS	O	_	_
ed	ed	C	O	_	_
il	il	RS	O	_	_
concorso	concorso	SS	O	_	_
del	di/det	ES	O	_	_
1907	1907	N	O	_	_
si	rifl	PN	O	_	_
erano	essere	VIY	O	_	_
ottenuti	ottenere	VPP	O	_	_
con	con	E	O	_	_
una	uno	RS	O	_	_
campagna	campagna	SS	O	_	_
di	di	E	O	_	_
5	5	N	O	_	_
mesi	mese	SP	O	_	_
,	comma	XPW	O	_	_
e	e	C	O	_	_
che	che	CCHE	O	_	_
questa	questo	DS	O	_	_
volta	volta	SS	O	_	_
invece	invece	B	O	_	_
il	il	RS	O	_	_
tempo	tempo	SS	O	_	_
breve	breve	AS	O	_	_
e	e	C	O	_	_
la	il	RS	O	_	_
precocità	precocità	SN	O	_	_
dello	di/det	ES	O	_	_
scioglimento	scioglimento	SS	O	_	_
erano	essere	VI	O	_	_
in	in	E	O	_	_
tal	tale	SS	O	_	_
riguardo	riguardo	SS	O	_	_
circostanze	circostanza	SP	O	_	_
negative	negativo	AP	O	_	_
.	.	XPS	O	_	_

Si	rifl	PN	O	_	_
aggiungano	aggiungere	VI	O	_	_
l’	il	RS	O	_	_
emigrazione	emigrazione	SS	O	_	_
ed	ed	C	O	_	_
i	il	RP	O	_	_
lavori	lavoro	SP	O	_	_
per	per	E	O	_	_
i	il	RP	O	_	_
bachi	baco	SP	O	_	_
da	da	E	O	_	_
seta	seta	SS	O	_	_
.	.	XPS	O	_	_

In	in	E	O	_	_
certe	certo	DP	O	_	_
vallate	vallata	SP	O	_	_
,	comma	XPW	O	_	_
come	come	CADV	O	_	_
in	in	E	O	_	_
Fiemme	fiemme	SPN	O	_	_
,	comma	XPW	O	_	_
Primiero	primiero	SPN	O	_	_
,	comma	XPW	O	_	_
Folgaria	folgaria	SPN	O	_	_
,	comma	XPW	O	_	_
Vallarsa	vallarsa	SPN	O	_	_
,	comma	XPW	O	_	_
Alta	alta	SPN	O	_	_
Val	val	SPN	O	_	_
di	di	E	O	_	_
Sole	sole	SPN	O	_	_
,	comma	XPW	O	_	_
mancano	mancare	VI	O	_	_
dove	dove	CADV	O	_	_
un	uno	RS	O	_	_
terzo	terzo	SS	O	_	_
,	comma	XPW	O	_	_
dove	dove	CADV	O	_	_
più	più	B	O	_	_
di	di	E	O	_	_
un	uno	RS	O	_	_
terzo	terzo	SS	O	_	_
di	di	E	O	_	_
elettori	elettore	SP	O	_	_
.	.	XPS	O	_	_

Per	per	E	O	_	_
l’	il	RS	O	_	_
allevamento	allevamento	SS	O	_	_
del	di/det	ES	O	_	_
bestiame	bestiame	SS	O	_	_
molte	molto	DP	O	_	_
famiglie	famiglia	SP	O	_	_
sono	essere	VI	O	_	_
già	già	B	O	_	_
a	a	E	O	_	_
mezza	mezzo	AS	O	_	_
montagna	montagna	SS	O	_	_
;	semicolon	XPS	O	_	_

per	per	E	O	_	_
i	il	RP	O	_	_
bachi	baco	SP	O	_	_
da	da	E	O	_	_
seta	seta	SS	O	_	_
,	comma	XPW	O	_	_
nei	in/det	EP	O	_	_
paesi	paese	SP	O	_	_
di	di	E	O	_	_
collina	collina	SS	O	_	_
,	comma	XPW	O	_	_
in	in	E	O	_	_
Valsugana	valsugana	SPN	O	_	_
ecc.	ecc.	VI	O	_	_
proprio	proprio	B	O	_	_
in	in	E	O	_	_
questi	questo	DP	O	_	_
giorni	giorno	SP	O	_	_
si	rifl	PN	O	_	_
lavora	lavorare	VI	O	_	_
a	a	E	O	_	_
furia	furia	SS	O	_	_
,	comma	XPW	O	_	_
cosicché	cosicché	C	O	_	_
bisogna	bisognare	VI	O	_	_
attendersi	attendere/rifl	VF+E	O	_	_
che	che	CCHE	O	_	_
il	il	RS	O	_	_
corso	corso	SS	O	_	_
alle	a/det	EP	O	_	_
urne	urna	SP	O	_	_
sia	sia	C	O	_	_
molto	molto	B	O	_	_
minore	minore	AS	O	_	_
di	di	E	O	_	_
quello	quello	DS	O	_	_
raggiunto	raggiunto	SS	O	_	_
nella	in/det	ES	O	_	_
prima	primo	AS	O	_	_
metà	metà	SN	O	_	_
del	di/det	ES	O	_	_
maggio	maggio	SS	O	_	_
1907	1907	N	O	_	_
.	.	XPS	O	_	_

Non	non	B	O	_	_
occorre	occorrere	VI	O	_	_
aggiungere	aggiungere	VF	O	_	_
che	che	CCHE	O	_	_
la	il	RS	O	_	_
grande	grande	AS	O	_	_
maggioranza	maggioranza	SS	O	_	_
dei	di/det	EP	O	_	_
nuovi	nuovo	AP	O	_	_
votanti	votante	SP	O	_	_
,	comma	XPW	O	_	_
per	per	E	O	_	_
le	il	RP	O	_	_
loro	loro	DP	O	_	_
convinzioni	convinzione	SP	O	_	_
e	e	C	O	_	_
per	per	E	O	_	_
i	il	RP	O	_	_
loro	loro	DP	O	_	_
interessi	interesse	SP	O	_	_
aderiscono	aderire	VI	O	_	_
al	a/det	ES	O	_	_
programma	programma	SS	O	_	_
popolare	popolare	AS	O	_	_
e	e	C	O	_	_
che	che	CCHE	O	_	_
quindi	quindi	C	O	_	_
lo	lo	PS	O	_	_
scarso	scarso	VI	O	_	_
concorso	concorso	SS	O	_	_
è	essere	VIY	O	_	_
tutto	tutto	PS	O	_	_
a	a	E	O	_	_
nostro	nostro	DS	O	_	_
danno	danno	SS	O	_	_
.	.	XPS	O	_	_

Il	il	RS	O	_	_
nostro	nostro	DS	O	_	_
partito	partito	SS	O	_	_
ha	avere	VIY	O	_	_
avuto	avere	VSP	O	_	_
questa	questo	DS	O	_	_
volta	volta	SS	O	_	_
una	uno	RS	O	_	_
posizione	posizione	SS	O	_	_
difficile	difficile	AS	O	_	_
nel	in/det	ES	O	_	_
collegio	collegio	SS	O	_	_
rurale	rurale	AS	O	_	_
di	di	E	O	_	_
Rovereto	rovereto	SPN	GPE	45.8915375	11.0384953
.	.	XPS	O	_	_

I	il	RP	O	_	_
candidati	candidato	SP	O	_	_
oltre	oltre	E	O	_	_
il	il	RS	O	_	_
nostro	nostro	DS	O	_	_
sono	essere	VI	O	_	_
quattro	quattro	N	O	_	_
:	:	XPS	O	_	_
Postingher	postingher	SPN	O	_	_
,	comma	XPW	O	_	_
liberale	liberale	AS	O	_	_
;	semicolon	XPS	O	_	_

Flor	flor	SPN	PER	_	_
,	comma	XPW	O	_	_
socialista	socialista	SS	O	_	_
;	semicolon	XPS	O	_	_

Adami	adami	SPN	PER	_	_
della	di/det	ES	O	_	_
Lega	lega	SS	O	_	_
d’	di	E	O	_	_
Isera	isera	SPN	O	_	_
.	.	XPS	O	_	_

Ma	ma	C	O	_	_
il	il	RS	O	_	_
peggio	peggio	SS	O	_	_
è	essere	VI	O	_	_
che	che	CCHE	O	_	_
si	rifl	PN	O	_	_
è	essere	VIY	O	_	_
tentato	tentare	VSP	O	_	_
con	con	E	O	_	_
tutti	tutto	DP	O	_	_
i	il	RP	O	_	_
mezzi	mezzo	SP	O	_	_
di	di	E	O	_	_
portare	portare	VF	O	_	_
la	il	RS	O	_	_
discordia	discordia	SS	O	_	_
anche	anche	C	O	_	_
nel	in/det	ES	O	_	_
nostro	nostro	DS	O	_	_
campo	campo	SS	O	_	_
.	.	XPS	O	_	_

In	in	E	O	_	_
tutta	tutto	DS	O	_	_
la	il	RS	O	_	_
valle	valle	SS	O	_	_
sono	essere	VIY	O	_	_
affissi	affiggere	VPP	O	_	_
i	il	RP	O	_	_
manifesti	manifesto	SP	O	_	_
che	che	CCHE	O	_	_
invitano	invitare	VI	O	_	_
gli	il	RP	O	_	_
«	«	XPO	O	_	_
elettori	elettore	SP	O	_	_
cattolici	cattolico	AP	O	_	_
»	»	XPO	O	_	_
a	a	E	O	_	_
votare	votare	VF	O	_	_
per	per	E	O	_	_
don	don	SN	O	_	_
Panizza	panizza	SPN	PER	_	_
.	.	XPS	O	_	_

Ed	ed	C	O	_	_
è	essere	VI	O	_	_
ormai	ormai	B	O	_	_
certo	certo	B	O	_	_
che	che	CCHE	O	_	_
parte	parte	SS	O	_	_
dei	di/det	EP	O	_	_
voti	voto	SP	O	_	_
andranno	andare	VI	O	_	_
così	così	B	O	_	_
perduti	perduto	AP	O	_	_
.	.	XPS	O	_	_

I	il	RP	O	_	_
leghisti	leghista	SP	O	_	_
ricorrono	ricorrere	VI	O	_	_
poi	poi	B	O	_	_
al	a/det	ES	O	_	_
terrorismo	terrorismo	SS	O	_	_
più	più	B	O	_	_
aperto	aperto	AS	O	_	_
.	.	XPS	O	_	_

Va	andare	VI	O	_	_
notato	notare	VSP	O	_	_
che	che	CCHE	O	_	_
in	in	E	O	_	_
certi	certo	DP	O	_	_
paesi	paese	SP	O	_	_
fra	fra	E	O	_	_
aderenti	aderente	SP	O	_	_
della	di/det	ES	O	_	_
Lega	lega	SPN	O	_	_
,	comma	XPW	O	_	_
socialisti	socialista	SP	O	_	_
ed	ed	C	O	_	_
olimpostingheriani	olimpostingheriani	SP	O	_	_
non	non	B	O	_	_
si	rifl	PN	O	_	_
sa	sapere	VI	O	_	_
più	più	B	O	_	_
distinguere	distinguere	VF	O	_	_
.	.	XPS	O	_	_

È	essere	VIY	O	_	_
tutta	tutto	DS	O	_	_
una	uno	RS	O	_	_
massa	massa	SS	O	_	_
eterogenea	eterogeneo	AS	O	_	_
che	che	CCHE	O	_	_
si	rifl	PN	O	_	_
muove	muovere	VI	O	_	_
all’	a/det	ES	O	_	_
assalto	assalto	SS	O	_	_
delle	di/det	EP	O	_	_
nostre	nostro	DP	O	_	_
posizioni	posizione	SP	O	_	_
.	.	XPS	O	_	_

I	il	RP	O	_	_
liberali	liberale	SP	O	_	_
hanno	avere	VIY	O	_	_
concentrato	concentrare	VSP	O	_	_
i	il	RP	O	_	_
loro	loro	DP	O	_	_
sforzi	sforzo	SP	O	_	_
nel	in/det	ES	O	_	_
collegio	collegio	SS	O	_	_
dell’	di/det	ES	O	_	_
on	on	SN	O	_	_
.	.	XPS	O	_	_

Tonelli	tonelli	SPN	PER	_	_
ed	ed	C	O	_	_
in	in	E	O	_	_
quello	quello	DS	O	_	_
anaune-solandro	anaune-solandro	SS	O	_	_
.	.	XPS	O	_	_

Naturalmente	naturalmente	B	O	_	_
non	non	B	O	_	_
fanno	fare	VI	O	_	_
la	il	RS	O	_	_
propaganda	propaganda	SS	O	_	_
in	in	E	O	_	_
base	base	SS	O	_	_
al	a/det	ES	O	_	_
loro	loro	DP	O	_	_
programma	programma	SS	O	_	_
ma	ma	C	O	_	_
cercano	cercare	VI	O	_	_
di	di	E	O	_	_
trarre	trarre	VF	O	_	_
partito	partito	SS	O	_	_
da	da	E	O	_	_
circostanze	circostanza	SP	O	_	_
locali	locale	AP	O	_	_
.	.	XPS	O	_	_

In	in	E	O	_	_
Giudicarie	giudicarie	SPN	O	_	_
hanno	avere	VIY	O	_	_
spedito	spedire	VSP	O	_	_
a	a	E	O	_	_
tutti	tutto	DP	O	_	_
i	il	RP	O	_	_
comuni	comune	SP	O	_	_
un	uno	RS	O	_	_
bilioso	bilioso	AS	O	_	_
articolo	articolo	SS	O	_	_
sulla	su/det	ES	O	_	_
ferrovia	ferrovia	SS	O	_	_
giudicariese	giudicariese	AS	O	_	_
,	comma	XPW	O	_	_
contro	contro	E	O	_	_
la	il	RS	O	_	_
Banca	banca	SPN	O	_	_
Industriale	industriale	SPN	O	_	_
,	comma	XPW	O	_	_
cui	cui	PN	O	_	_
si	rifl	PN	O	_	_
accusa	accusare	VI	O	_	_
perfino	perfino	B	O	_	_
di	di	E	O	_	_
mancato	mancato	AS	O	_	_
patriottismo	patriottismo	SS	O	_	_
perché	perché	C	O	_	_
la	il	RS	O	_	_
Banca	banca	SPN	O	_	_
Industriale	industriale	SPN	O	_	_
usa	usare	VI	O	_	_
anche	anche	C	O	_	_
ingegneri	ingegnere	SP	O	_	_
tedeschi	tedesco	AP	O	_	_
:	:	XPS	O	_	_
come	come	CADV	O	_	_
se	se	C	O	_	_
i	il	RP	O	_	_
progettanti	progettanti	SP	O	_	_
dell’	di/det	ES	O	_	_
ex	ex	SN	O	_	_
comitato	comitato	SS	O	_	_
tramviario	tramviario	AS	O	_	_
o	o	C	O	_	_
i	il	RP	O	_	_
fornitori	fornitore	SP	O	_	_
della	di/det	ES	O	_	_
centrale	centrale	SS	O	_	_
sul	su/det	ES	O	_	_
Sarca	sarca	SPN	O	_	_
fossero	essere	VIY	O	_	_
stati	essere	VPP	O	_	_
italiani	italiano	AP	O	_	_
"!"	esclamation_mark	XPS	O	_	_

L’	il	RS	O	_	_
attacco	attacco	SS	O	_	_
contro	contro	E	O	_	_
la	il	RS	O	_	_
Banca	banca	SPN	O	_	_
Industriale	industriale	SPN	O	_	_
era	essere	VI	O	_	_
ributtante	ributtante	B	O	_	_
.	.	XPS	O	_	_

Avremmo	avere	VIY	O	_	_
avuto	avere	VSP	O	_	_
in	in	E	O	_	_
mano	mano	SS	O	_	_
del	di/det	ES	O	_	_
buono	buono	SS	O	_	_
da	da	E	O	_	_
rispondere	rispondere	VF	O	_	_
.	.	XPS	O	_	_

Ma	ma	C	O	_	_
abbiamo	avere	VIY	O	_	_
voluto	volere	VSP	O	_	_
dimostrare	dimostrare	VF	O	_	_
che	che	CCHE	O	_	_
preferiamo	preferire	VI	O	_	_
piuttosto	piuttosto	B	O	_	_
perdere	perdere	VF	O	_	_
eventualmente	eventualmente	B	O	_	_
dei	di/det	EP	O	_	_
voti	voto	SP	O	_	_
che	che	CCHE	O	_	_
sfruttare	sfruttare	VF	O	_	_
in	in	E	O	_	_
una	uno	RS	O	_	_
campagna	campagna	SS	O	_	_
elettorale	elettorale	AS	O	_	_
una	uno	RS	O	_	_
questione	questione	SS	O	_	_
economicamente	economicamente	B	O	_	_
complessa	complesso	AS	O	_	_
.	.	XPS	O	_	_

Se	se	C	O	_	_
«	«	XPO	O	_	_
L’	il	RS	O	_	_
Alto	alto	SPN	GPE	46.65596895	11.22964387
Adige	adige	SPN	GPE	46.65596895	11.22964387
»	»	XPO	O	_	_
per	per	E	O	_	_
la	il	RS	O	_	_
sua	suo	DS	O	_	_
opera	opera	SS	O	_	_
grettamente	grettamente	B	O	_	_
piccina	piccino	AS	O	_	_
di	di	E	O	_	_
difficoltare	difficoltare	VF	O	_	_
la	il	RS	O	_	_
finanziazione	finanziazione	SS	O	_	_
e	e	C	O	_	_
per	per	E	O	_	_
i	il	RP	O	_	_
suoi	suo	DP	O	_	_
articoli	articolo	SP	O	_	_
patriottici	patriottico	AP	O	_	_
,	comma	XPW	O	_	_
dove	dove	CADV	O	_	_
si	rifl	PN	O	_	_
mettono	mettere	VI	O	_	_
in	in	E	O	_	_
contrasto	contrasto	SS	O	_	_
gli	il	RP	O	_	_
interessati	interessato	SP	O	_	_
,	comma	XPW	O	_	_
guadagnerà	guadagnare	VI	O	_	_
dei	di/det	EP	O	_	_
voti	voto	SP	O	_	_
,	comma	XPW	O	_	_
buon	buon	AS	O	_	_
pro	pro	E	O	_	_
gli	gli	PS	O	_	_
faccia	fare	VI	O	_	_
"!"	esclamation_mark	XPS	O	_	_

Sono	essere	VI	O	_	_
le	il	RP	O	_	_
vittorie	vittoria	SP	O	_	_
del	di/det	ES	O	_	_
patriottismo	patriottismo	SS	O	_	_
liberale	liberale	AS	O	_	_
.	.	XPS	O	_	_

Per	per	E	O	_	_
il	il	RS	O	_	_
collegio	collegio	SS	O	_	_
anaune-solandro	anaune-solandro	AS	O	_	_
i	il	RP	O	_	_
liberali	liberale	SP	O	_	_
nutrono	nutrono	VI	O	_	_
grandi	grande	AP	O	_	_
speranze	speranza	SP	O	_	_
.	.	XPS	O	_	_

Ieri	ieri	B	O	_	_
tutti	tutto	DP	O	_	_
gli	il	RP	O	_	_
avvocati	avvocato	SP	O	_	_
di	di	E	O	_	_
Cles	cles	SPN	GPE	46.3652616	11.0332447
ed	ed	C	O	_	_
il	il	RS	O	_	_
dr.	dottore	SS	O	_	_
Menestrina	menestrina	SPN	PER	_	_
di	di	E	O	_	_
Trento	trento	SPN	GPE	46.0664228	11.1257601
si	rifl	PN	O	_	_
sono	essere	VIY	O	_	_
gettati	gettare	VPP	O	_	_
sui	su/det	EP	O	_	_
paesi	paese	SP	O	_	_
del	di/det	ES	O	_	_
collegio	collegio	SS	O	_	_
.	.	XPS	O	_	_

Propaganda	propaganda	SS	O	_	_
liberale	liberale	AS	O	_	_
?	?	XPS	O	_	_

Nemmeno	nemmeno	B	O	_	_
per	per	E	O	_	_
sogno	sogno	SS	O	_	_
.	.	XPS	O	_	_

Ma	ma	C	O	_	_
propaganda	propaganda	SS	O	_	_
per	per	E	O	_	_
l’	il	RS	O	_	_
allevamento	allevamento	SS	O	_	_
del	di/det	ES	O	_	_
bestiame	bestiame	SS	O	_	_
.	.	XPS	O	_	_

I	il	RP	O	_	_
voti	voto	SP	O	_	_
per	per	E	O	_	_
il	il	RS	O	_	_
cav.	cav.	SS	O	_	_
Stanchina	stanchina	SPN	PER	_	_
saranno	essere	VIY	O	_	_
voti	voto	SP	O	_	_
di	di	E	O	_	_
aderenze	aderenza	SP	O	_	_
personali	personale	AP	O	_	_
e	e	C	O	_	_
sono	essere	VI	O	_	_
in	in	E	O	_	_
piccola	piccolo	AS	O	_	_
parte	parte	SS	O	_	_
voti	voto	SP	O	_	_
di	di	E	O	_	_
programma	programma	SS	O	_	_
liberale	liberale	AS	O	_	_
.	.	XPS	O	_	_

In	in	E	O	_	_
specie	specie	B	O	_	_
nei	in/det	EP	O	_	_
paesi	paese	SP	O	_	_
attorno	attorno	B	O	_	_
a	a	E	O	_	_
Livo	livo	SPN	GPE	46.404711	11.019271
si	rifl	PN	O	_	_
ritiene	ritenere	VI	O	_	_
che	che	CCHE	O	_	_
avrà	avere	VI	O	_	_
una	uno	RS	O	_	_
votazione	votazione	SS	O	_	_
buona	buono	AS	O	_	_
.	.	XPS	O	_	_

Da	da	E	O	_	_
notarsi	notare/rifl	VF+E	O	_	_
che	che	CCHE	O	_	_
mentre	mentre	C	O	_	_
in	in	E	O	_	_
campagna	campagna	SS	O	_	_
fanno	fare	VI	O	_	_
gli	il	RP	O	_	_
ultra-agrari	ultra-agrari	SP	O	_	_
,	comma	XPW	O	_	_
a	a	E	O	_	_
Trento	trento	SPN	GPE	46.0664228	11.1257601
l’	l’	PS	O	_	_
on	on	B	O	_	_
.	.	XPS	O	_	_

Bertolini	bertolini	SPN	PER	_	_
combatte	combattere	VI	O	_	_
il	il	RS	O	_	_
candidato	candidato	SS	O	_	_
popolare	popolare	AS	O	_	_
perché	perché	C	O	_	_
aderente	aderente	AS	O	_	_
a	a	E	O	_	_
un	uno	RS	O	_	_
partito	partito	SS	O	_	_
il	il	RS	O	_	_
quale	quale	PS	O	_	_
propugna	propugnare	VI	O	_	_
sovratutto	sovratutto	SS	O	_	_
gli	il	RP	O	_	_
interessi	interesse	SP	O	_	_
rurali	rurale	AP	O	_	_
.	.	XPS	O	_	_

In	in	E	O	_	_
Fiemme	fiemme	SPN	O	_	_
GR	gr	N	O	_	_
(	open_parenthesis	XPB	O	_	_
l’	il	RS	O	_	_
ex	ex	SN	O	_	_
commissario	commissario	SS	O	_	_
Rizzoli	rizzoli	SPN	O	_	_
?	?	XPS	O	_	_

)	close_parenthesis	XPB	O	_	_
ha	avere	VIY	O	_	_
diffuso	diffondere	VSP	O	_	_
un	uno	RS	O	_	_
appello	appello	SS	O	_	_
ai	a/det	EP	O	_	_
vicini	vicino	SP	O	_	_
per	per	E	O	_	_
il	il	RS	O	_	_
candidato	candidato	SS	O	_	_
liberale	liberale	AS	O	_	_
.	.	XPS	O	_	_

All’	a/det	ES	O	_	_
ultimo	ultimo	AS	O	_	_
momento	momento	SS	O	_	_
è	essere	VIY	O	_	_
sorta	sorgere	VSP	O	_	_
di	di	E	O	_	_
nuovo	nuovo	AS	O	_	_
la	il	RS	O	_	_
candidatura	candidatura	SS	O	_	_
volksbundista	volksbundista	AS	O	_	_
del	di/det	ES	O	_	_
P.	p.	YA	O	_	_
Chiocchetti	chiocchetti	SPN	O	_	_
.	.	XPS	O	_	_

I	il	RP	O	_	_
socialisti	socialista	SP	O	_	_
sperano	sperare	VI	O	_	_
in	in	E	O	_	_
un	uno	RS	O	_	_
aumento	aumento	SS	O	_	_
del	di/det	ES	O	_	_
numero	numero	SS	O	_	_
totale	totale	AS	O	_	_
dei	di/det	EP	O	_	_
voti	voto	SP	O	_	_
in	in	E	O	_	_
tutto	tutto	DS	O	_	_
il	il	RS	O	_	_
Trentino	trentino	SPN	GPE	46.102869	11.12961993
,	comma	XPW	O	_	_
perché	perché	C	O	_	_
molti	molto	DP	O	_	_
liberali	liberale	SP	O	_	_
,	comma	XPW	O	_	_
dove	dove	CADV	O	_	_
non	non	B	O	_	_
hanno	avere	VI	O	_	_
una	uno	RS	O	_	_
candidatura	candidatura	SS	O	_	_
propria	propria	AS	O	_	_
,	comma	XPW	O	_	_
voteranno	votare	VI	O	_	_
per	per	E	O	_	_
i	il	RP	O	_	_
socialisti	socialista	SP	O	_	_
.	.	XPS	O	_	_

Nelle	in/det	EP	O	_	_
città	città	SN	O	_	_
il	il	RS	O	_	_
ballottaggio	ballottaggio	SS	O	_	_
è	essere	VI	O	_	_
probabilissimo	probabile	AS	O	_	_
.	.	XPS	O	_	_

Dubbio	dubbio	SPN	O	_	_
è	essere	VI	O	_	_
solo	solo	B	O	_	_
chi	chi	CCHI	O	_	_
entrerà	entrare	VI	O	_	_
in	in	E	O	_	_
ballottaggio	ballottaggio	SS	O	_	_
.	.	XPS	O	_	_

Nel	in/det	ES	O	_	_
collegio	collegio	SS	O	_	_
meridionale	meridionale	AS	O	_	_
influiscono	influire	VI	O	_	_
contro	contro	E	O	_	_
di	di	E	O	_	_
noi	noi	PP	O	_	_
le	il	RP	O	_	_
stesse	stesso	AP	O	_	_
circostanze	circostanza	SP	O	_	_
che	che	CCHE	O	_	_
ci	ci	PP	O	_	_
stanno	stare	VI	O	_	_
di	di	E	O	_	_
contro	contro	E	O	_	_
nei	in/det	EP	O	_	_
collegi	collegio	SP	O	_	_
rurali	rurale	AP	O	_	_
,	comma	XPW	O	_	_
senza	senza	C	O	_	_
dire	dire	VF	O	_	_
della	di/det	ES	O	_	_
abolita	abolita	SS	O	_	_
sede	sede	SS	O	_	_
elettorale	elettorale	AS	O	_	_
di	di	E	O	_	_
Ala	ala	SPN	GPE	33.2588817	-86.8295337
.	.	XPS	O	_	_

Nonostante	nonostante	E	O	_	_
tutte	tutto	DP	O	_	_
queste	questo	DP	O	_	_
difficoltà	difficoltà	SN	O	_	_
il	il	RS	O	_	_
partito	partito	SS	O	_	_
popolare	popolare	AS	O	_	_
può	potere	VI	O	_	_
guardare	guardare	VF	O	_	_
con	con	E	O	_	_
soddisfazione	soddisfazione	SS	O	_	_
a	a	E	O	_	_
questa	questo	DS	O	_	_
campagna	campagna	SS	O	_	_
.	.	XPS	O	_	_

Essa	essa	PS	O	_	_
venne	venire	VIY	O	_	_
combattuta	combattere	VSP	O	_	_
a	a	E	O	_	_
bandiera	bandiera	SS	O	_	_
spiegata	spiegare	VSP	O	_	_
in	in	E	O	_	_
nome	nome	SS	O	_	_
del	di/det	ES	O	_	_
proprio	proprio	B	O	_	_
programma	programma	SS	O	_	_
e	e	C	O	_	_
dei	di/det	EP	O	_	_
propri	proprio	DP	O	_	_
meriti	merito	SP	O	_	_
,	comma	XPW	O	_	_
senza	senza	C	O	_	_
ricorrere	ricorrere	VF	O	_	_
alle	a/det	EP	O	_	_
losche	losco	AP	O	_	_
manovre	manovra	SP	O	_	_
,	comma	XPW	O	_	_
agli	a/det	EP	O	_	_
infingimenti	infingimento	SP	O	_	_
,	comma	XPW	O	_	_
ai	a/det	EP	O	_	_
localismi	localismi	SP	O	_	_
,	comma	XPW	O	_	_
alle	a/det	EP	O	_	_
pressioni	pressione	SP	O	_	_
degli	di/det	EP	O	_	_
avversari	avversario	SP	O	_	_
.	.	XPS	O	_	_

Questa	questo	DS	O	_	_
sera	sera	SS	O	_	_
l’	il	RS	O	_	_
edizione	edizione	SS	O	_	_
straordinaria	straordinario	AS	O	_	_
del	di/det	ES	O	_	_
Trentino	trentino	SPN	GPE	46.102869	11.12961993
uscirà	uscire	VI	O	_	_
coi	con/det	EP	O	_	_
risultati	risultato	SP	O	_	_
che	che	CCHE	O	_	_
ci	ci	PP	O	_	_
saranno	essere	VIY	O	_	_
pervenuti	pervenire	VPP	O	_	_
.	.	XPS	O	_	_
