# total number of persons:1, total number of gpes:14
«	«	XPO	O	_	_
L’	il	RS	O	_	_
Alto	alto	SPN	GPE	46.65596895	11.22964387
Adige	adige	SPN	GPE	46.65596895	11.22964387
»	»	XPO	O	_	_
ha	avere	VIY	O	_	_
taciuto	tacere	VSP	O	_	_
tutti	tutto	PP	O	_	_
questi	questo	DP	O	_	_
giorni	giorno	SP	O	_	_
quando	quando	CADV	O	_	_
noi	noi	PP	O	_	_
abbiamo	avere	VIY	O	_	_
provocato	provocare	VSP	O	_	_
il	il	RS	O	_	_
suo	suo	DS	O	_	_
parere	parere	SS	O	_	_
sopra	sopra	E	O	_	_
i	il	RP	O	_	_
fatti	fatto	SP	O	_	_
e	e	C	O	_	_
criteri	criterio	SP	O	_	_
amministrativi	amministrativo	AP	O	_	_
della	di/det	ES	O	_	_
città	città	SN	O	_	_
.	.	XPS	O	_	_

Non	non	B	O	_	_
accettò	accettare	VI	O	_	_
la	il	RS	O	_	_
discussione	discussione	SS	O	_	_
sul	su/det	ES	O	_	_
terreno	terreno	SS	O	_	_
dei	di/det	EP	O	_	_
bilanci	bilancio	SP	O	_	_
,	comma	XPW	O	_	_
delle	di/det	EP	O	_	_
investizioni	investizioni	SP	O	_	_
,	comma	XPW	O	_	_
dei	di/det	EP	O	_	_
debiti	debito	SP	O	_	_
delle	di/det	EP	O	_	_
industrie	industria	SP	O	_	_
,	comma	XPW	O	_	_
delle	di/det	EP	O	_	_
tasse	tassa	SP	O	_	_
comunali	comunale	AP	O	_	_
.	.	XPS	O	_	_

Per	per	E	O	_	_
suo	suo	DS	O	_	_
conto	conto	SS	O	_	_
preferì	preferire	VI	O	_	_
che	che	CCHE	O	_	_
gli	il	RP	O	_	_
elettori	elettore	SP	O	_	_
ignorassero	ignorare	VI	O	_	_
lo	il	RS	O	_	_
stato	stato	SS	O	_	_
finanziario	finanziario	AS	O	_	_
della	di/det	ES	O	_	_
città	città	SN	O	_	_
e	e	C	O	_	_
i	il	RP	O	_	_
rimedi	rimedio	SP	O	_	_
che	che	CCHE	O	_	_
si	rifl	PN	O	_	_
propongono	proporre	VI	O	_	_
gli	il	RP	O	_	_
uni	uni	SP	O	_	_
e	e	C	O	_	_
gli	il	RP	O	_	_
altri	altro	PP	O	_	_
per	per	E	O	_	_
rimediarvi	rimediare/loc/voi	VF+E	O	_	_
.	.	XPS	O	_	_

I	il	RP	O	_	_
cittadini	cittadino	SP	O	_	_
non	non	B	O	_	_
ne	ne	PN	O	_	_
devono	dovere	VI	O	_	_
saper	sapere	VF	O	_	_
nulla	nulla	PS	O	_	_
.	.	XPS	O	_	_

Se	rifl	PN	O	_	_
ne	ne	PN	O	_	_
accorgeranno	accorgere	VI	O	_	_
quando	quando	CADV	O	_	_
i	il	RP	O	_	_
nuovi	nuovo	AP	O	_	_
pesi	peso	SP	O	_	_
minacciati	minacciare	VPP	O	_	_
dal	da/det	ES	O	_	_
programma	programma	SS	O	_	_
liberale	liberale	AS	O	_	_
piomberanno	piombare	VI	O	_	_
loro	loro	PP	O	_	_
addosso	addossare	VI	O	_	_
.	.	XPS	O	_	_

Ma	ma	C	O	_	_
questa	questo	DS	O	_	_
sera	sera	SS	O	_	_
prevedendo	prevedere	VG	O	_	_
che	che	CCHE	O	_	_
noi	noi	PP	O	_	_
non	non	B	O	_	_
avremmo	avere	VIY	O	_	_
potuto	potere	VSP	O	_	_
ribattere	ribattere	VF	O	_	_
scoppiò	scoppiare	VI	O	_	_
la	il	RS	O	_	_
solita	solito	AS	O	_	_
bomba	bomba	SS	O	_	_
.	.	XPS	O	_	_

Noi	noi	PP	O	_	_
siamo	essere	VI	O	_	_
antipatrioti	antipatrioti	AP	O	_	_
,	comma	XPW	O	_	_
antinazionali	antinazionale	AP	O	_	_
,	comma	XPW	O	_	_
anti-italiani	anti-italiani	AP	O	_	_
.	.	XPS	O	_	_

La	il	RS	O	_	_
nostra	nostro	DS	O	_	_
entrata	entrata	SS	O	_	_
in	in	E	O	_	_
comune	comune	SS	O	_	_
«	«	XPO	O	_	_
segnerà	segnare	VI	O	_	_
il	il	RS	O	_	_
tramonto	tramonto	SS	O	_	_
di	di	E	O	_	_
tutte	tutto	DP	O	_	_
le	il	RP	O	_	_
più	più	B	O	_	_
belle	belle	AS	O	_	_
idealità	idealità	SN	O	_	_
,	comma	XPW	O	_	_
la	il	RS	O	_	_
fine	fine	SS	O	_	_
di	di	E	O	_	_
tutte	tutto	DP	O	_	_
le	il	RP	O	_	_
più	più	B	O	_	_
nobili	nobile	AP	O	_	_
tradizioni	tradizione	SP	O	_	_
»	»	XPO	O	_	_
.	.	XPS	O	_	_

E	e	C	O	_	_
questa	questo	DS	O	_	_
volta	volta	SS	O	_	_
come	come	CADV	O	_	_
prova	prova	SS	O	_	_
del	di/det	ES	O	_	_
nostro	nostro	DS	O	_	_
antinazionalismo	antinazionalismo	SS	O	_	_
si	rifl	PN	O	_	_
ricorre	ricorrere	VI	O	_	_
non	non	B	O	_	_
alla	a/det	ES	O	_	_
solita	solito	AS	O	_	_
poesiuzza	poesiuzza	SS	O	_	_
tirolese	tirolese	AS	O	_	_
,	comma	XPW	O	_	_
ma	ma	C	O	_	_
ad	ad	E	O	_	_
una	uno	RS	O	_	_
circolare	circolare	SS	O	_	_
che	che	CCHE	O	_	_
alcuni	alcuni	DP	O	_	_
signori	signore	SP	O	_	_
di	di	E	O	_	_
Arco	arco	SPN	GPE	45.9180142	10.8861395
avrebbero	avere	VIY	O	_	_
mandata	mandare	VSP	O	_	_
ai	a/det	EP	O	_	_
tedeschi	tedesco	SP	O	_	_
villeggianti	villeggiante	AP	O	_	_
ed	ed	C	O	_	_
ai	a/det	EP	O	_	_
loro	loro	DP	O	_	_
amici	amico	SP	O	_	_
per	per	E	O	_	_
erigere	erigere	VF	O	_	_
un	uno	RS	O	_	_
monumento	monumento	SS	O	_	_
all’	a/det	ES	O	_	_
arciduca	arciduca	SS	O	_	_
Alberto	alberto	SPN	PER	_	_
.	.	XPS	O	_	_

Noi	noi	PP	O	_	_
di	di	E	O	_	_
questa	questo	DS	O	_	_
circolare	circolare	VF	O	_	_
non	non	B	O	_	_
sappiamo	sapere	VI	O	_	_
nulla	nulla	PS	O	_	_
,	comma	XPW	O	_	_
non	non	B	O	_	_
l’	l’	PS	O	_	_
abbiamo	avere	VIY	O	_	_
vista	vedere	VSP	O	_	_
,	comma	XPW	O	_	_
né	né	C	O	_	_
sappiamo	sapere	VI	O	_	_
chi	chi	CCHI	O	_	_
l’	l’	PS	O	_	_
abbia	avere	VIY	O	_	_
scritta	scrivere	VSP	O	_	_
.	.	XPS	O	_	_

Ma	ma	C	O	_	_
ad	ad	E	O	_	_
ogni	ogni	DS	O	_	_
modo	modo	SS	O	_	_
fra	fra	E	O	_	_
i	il	RP	O	_	_
firmatari	firmatario	SP	O	_	_
riferiti	riferire	VPP	O	_	_
dall’	da/det	ES	O	_	_
«	«	XPO	O	_	_
Alto	alto	SPN	GPE	46.65596895	11.22964387
Adige	adige	SPN	GPE	46.65596895	11.22964387
»	»	XPO	O	_	_
sono	essere	VI	O	_	_
anche	anche	C	O	_	_
persone	persona	SP	O	_	_
appartenenti	appartenere	VPP	O	_	_
al	a/det	ES	O	_	_
partito	partito	SS	O	_	_
liberale	liberale	AS	O	_	_
nazionale	nazionale	AS	O	_	_
,	comma	XPW	O	_	_
come	come	CADV	O	_	_
tutta	tutto	DS	O	_	_
l’	il	RS	O	_	_
amministrazione	amministrazione	SS	O	_	_
arcense	arcense	AS	O	_	_
non	non	B	O	_	_
è	essere	VI	O	_	_
amministrazione	amministrazione	SS	O	_	_
clericale	clericale	AS	O	_	_
,	comma	XPW	O	_	_
ma	ma	C	O	_	_
una	uno	RS	O	_	_
coalizione	coalizione	SS	O	_	_
indipendente	indipendente	AS	O	_	_
dai	da/det	EP	O	_	_
partiti	partito	SP	O	_	_
politici	politico	AP	O	_	_
formatasi	formatasi	SP	O	_	_
per	per	E	O	_	_
rimediare	rimediare	VF	O	_	_
al	a/det	ES	O	_	_
disastro	disastro	SS	O	_	_
e	e	C	O	_	_
all’	a/det	ES	O	_	_
irregolarità	irregolarità	SN	O	_	_
di	di	E	O	_	_
un’	uno	RS	O	_	_
infelice	infelice	AS	O	_	_
amministrazione	amministrazione	SS	O	_	_
liberale	liberale	AS	O	_	_
nazionale	nazionale	AS	O	_	_
.	.	XPS	O	_	_

Inferire	inferire	VF	O	_	_
dall’	da/det	ES	O	_	_
amministrazione	amministrazione	SS	O	_	_
di	di	E	O	_	_
Arco	arco	SPN	GPE	45.9180142	10.8861395
all’	a/det	ES	O	_	_
amministrazione	amministrazione	SS	O	_	_
di	di	E	O	_	_
Trento	trento	SPN	GPE	46.0664228	11.1257601
non	non	B	O	_	_
ha	avere	VI	O	_	_
senso	senso	SS	O	_	_
,	comma	XPW	O	_	_
se	se	C	O	_	_
non	non	B	O	_	_
in	in	E	O	_	_
quanto	quanto	B	O	_	_
che	che	CCHE	O	_	_
anche	anche	C	O	_	_
a	a	E	O	_	_
Trento	trento	SPN	GPE	46.0664228	11.1257601
la	il	RS	O	_	_
mala	malo	AS	O	_	_
amministrazione	amministrazione	SS	O	_	_
di	di	E	O	_	_
un	uno	RS	O	_	_
partito	partito	SS	O	_	_
renderebbe	rendere	VI	O	_	_
necessaria	necessario	AS	O	_	_
la	il	RS	O	_	_
coalizione	coalizione	SS	O	_	_
di	di	E	O	_	_
tutti	tutto	PP	O	_	_
per	per	E	O	_	_
rimediarvi	rimediare/loc/voi	VF+E	O	_	_
.	.	XPS	O	_	_

Ma	ma	C	O	_	_
l’	il	RS	O	_	_
«	«	XPO	O	_	_
Alto	alto	SPN	GPE	46.65596895	11.22964387
Adige	adige	SPN	GPE	46.65596895	11.22964387
»	»	XPO	O	_	_
è	essere	VIY	O	_	_
ricorso	ricorrere	VSP	O	_	_
a	a	E	O	_	_
quest’	questo	DS	O	_	_
atto	atto	SS	O	_	_
infame	infame	AS	O	_	_
dell’	di/det	ES	O	_	_
ultima	ultimo	AS	O	_	_
ora	ora	B	O	_	_
per	per	E	O	_	_
scagliare	scagliare	VF	O	_	_
su	su	E	O	_	_
di	di	E	O	_	_
noi	noi	PP	O	_	_
ancora	ancora	B	O	_	_
una	uno	RS	O	_	_
volta	volta	SS	O	_	_
l’	il	RS	O	_	_
anatema	anatema	SS	O	_	_
dei	di/det	EP	O	_	_
patriotti	patriotta	SP	O	_	_
.	.	XPS	O	_	_

L’	il	RS	O	_	_
insulto	insulto	SS	O	_	_
non	non	B	O	_	_
ci	ci	PP	O	_	_
tocca	toccare	VI	O	_	_
ed	ed	C	O	_	_
i	il	RP	O	_	_
fatti	fatto	SP	O	_	_
stanno	stare	VI	O	_	_
a	a	E	O	_	_
provare	provare	VF	O	_	_
la	il	RS	O	_	_
malignità	malignità	SN	O	_	_
della	di/det	ES	O	_	_
calunnia	calunnia	SS	O	_	_
.	.	XPS	O	_	_

Cattivi	cattivo	SP	O	_	_
italiani	italiano	AP	O	_	_
,	comma	XPW	O	_	_
pessimi	pessimo	AP	O	_	_
cittadini	cittadino	SP	O	_	_
?	?	XPS	O	_	_

"!"	esclamation_mark	XPS	O	_	_

Noi	noi	PP	O	_	_
protestiamo	protestare	VI	O	_	_
fieramente	fieramente	B	O	_	_
contro	contro	E	O	_	_
queste	questo	DP	O	_	_
arti	arte	SP	O	_	_
infami	infame	AP	O	_	_
ed	ed	C	O	_	_
indegne	indegno	AP	O	_	_
del	di/det	ES	O	_	_
giornale	giornale	SS	O	_	_
di	di	E	O	_	_
un	uno	RS	O	_	_
partito	partito	SS	O	_	_
che	che	CCHE	O	_	_
si	rifl	PN	O	_	_
rispetta	rispettare	VI	O	_	_
.	.	XPS	O	_	_

Anche	anche	C	O	_	_
recentemente	recentemente	B	O	_	_
per	per	E	O	_	_
calunniarci	calunniare/loc/pro	VF+E	O	_	_
di	di	E	O	_	_
fronte	fronte	SS	O	_	_
ai	a/det	EP	O	_	_
connazionali	connazionale	SP	O	_	_
del	di/det	ES	O	_	_
Regno	regno	SPN	O	_	_
si	rifl	PN	O	_	_
telegrafò	telegrafare	VI	O	_	_
da	da	E	O	_	_
Trento	trento	SPN	GPE	46.0664228	11.1257601
al	a/det	ES	O	_	_
Secolo	secolo	SPN	O	_	_
che	che	CCHE	O	_	_
per	per	E	O	_	_
protestare	protestare	VF	O	_	_
«	«	XPO	O	_	_
contro	contro	E	O	_	_
le	il	RP	O	_	_
mene	mena	SP	O	_	_
dei	di/det	EP	O	_	_
clericali	clericale	AP	O	_	_
trentini	trentino	SP	O	_	_
i	il	RP	O	_	_
quali	quale	PP	O	_	_
ostacolano	ostacolare	VI	O	_	_
l’	il	RS	O	_	_
Esposizione	esposizione	SS	O	_	_
di	di	E	O	_	_
Roma	roma	SPN	GPE	41.8933439	12.4830718
»	»	XPO	O	_	_
,	comma	XPW	O	_	_
l’	il	RS	O	_	_
«	«	XPO	O	_	_
Alto	alto	SPN	GPE	46.65596895	11.22964387
Adige	adige	SPN	GPE	46.65596895	11.22964387
»	»	XPO	O	_	_
lanciò	lanciare	VI	O	_	_
l’	il	RS	O	_	_
idea	idea	SS	O	_	_
di	di	E	O	_	_
un	uno	RS	O	_	_
pellegrinaggio	pellegrinaggio	SS	O	_	_
di	di	E	O	_	_
trentini	trentino	SP	O	_	_
nella	in/det	ES	O	_	_
capitale	capitale	SS	O	_	_
.	.	XPS	O	_	_

È	essere	VI	O	_	_
sempre	sempre	B	O	_	_
così	così	B	O	_	_
.	.	XPS	O	_	_

Tutti	tutto	DP	O	_	_
i	il	RP	O	_	_
giorni	giorno	SP	O	_	_
i	il	RP	O	_	_
signori	signore	SP	O	_	_
liberali	liberale	AP	O	_	_
ricorrono	ricorrere	VI	O	_	_
all’	a/det	ES	O	_	_
aiuto	aiuto	SS	O	_	_
nostro	nostro	DS	O	_	_
quando	quando	CADV	O	_	_
si	rifl	PN	O	_	_
tratta	trattare	VI	O	_	_
di	di	E	O	_	_
salvare	salvare	VF	O	_	_
l’	il	RS	O	_	_
integrità	integrità	SN	O	_	_
nazionale	nazionale	AS	O	_	_
del	di/det	ES	O	_	_
paese	paese	SS	O	_	_
o	o	C	O	_	_
di	di	E	O	_	_
ravvivare	ravvivare	VF	O	_	_
il	il	RS	O	_	_
sentimento	sentimento	SS	O	_	_
di	di	E	O	_	_
italianità	italianità	SN	O	_	_
in	in	E	O	_	_
mezzo	mezzo	SS	O	_	_
alle	a/det	EP	O	_	_
nostre	nostro	DP	O	_	_
popolazioni	popolazione	SP	O	_	_
.	.	XPS	O	_	_

In	in	E	O	_	_
Fassa	fassa	SPN	O	_	_
,	comma	XPW	O	_	_
in	in	E	O	_	_
Folgaria	folgaria	SPN	GPE	45.9149727	11.173015
,	comma	XPW	O	_	_
a	a	E	O	_	_
Lavarone	lavarone	SPN	GPE	45.94128935	11.28863808
,	comma	XPW	O	_	_
a	a	E	O	_	_
Roverè	roverè	SPN	O	_	_
della	di/det	ES	O	_	_
Luna	luna	SPN	O	_	_
,	comma	XPW	O	_	_
a	a	E	O	_	_
Salorno	salorno	SPN	GPE	46.2396083	11.2110749
e	e	C	O	_	_
dovunque	dovunque	VI	O	_	_
con	con	E	O	_	_
sacrificio	sacrificio	SS	O	_	_
fa	fare	VI	O	_	_
d’	di	E	O	_	_
uopo	uopo	SS	O	_	_
lavorare	lavorare	VF	O	_	_
per	per	E	O	_	_
l’	il	RS	O	_	_
italianità	italianità	SN	O	_	_
del	di/det	ES	O	_	_
nostro	nostro	DS	O	_	_
paese	paese	SS	O	_	_
noi	noi	PP	O	_	_
veniamo	venare	VI	O	_	_
richiesti	richiedere	VPP	O	_	_
e	e	C	O	_	_
riconosciuti	riconoscere	VPP	O	_	_
per	per	E	O	_	_
l’	il	RS	O	_	_
opera	opera	SS	O	_	_
nostra	nostro	AS	O	_	_
.	.	XPS	O	_	_

Ma	ma	C	O	_	_
a	a	E	O	_	_
Trento	trento	SPN	GPE	46.0664228	11.1257601
nei	in/det	EP	O	_	_
momenti	momento	SP	O	_	_
delle	di/det	EP	O	_	_
elezioni	elezione	SP	O	_	_
diventiamo	diventare	VI	O	_	_
antipatriotti	antipatriotti	AP	O	_	_
.	.	XPS	O	_	_

Ma	ma	C	O	_	_
è	essere	VI	O	_	_
chiaro	chiaro	AS	O	_	_
che	che	CCHE	O	_	_
tanto	tanto	B	O	_	_
all’	a/det	ES	O	_	_
interno	interno	AS	O	_	_
quanto	quanto	B	O	_	_
fuori	fuori	E	O	_	_
del	di/det	ES	O	_	_
paese	paese	SS	O	_	_
si	rifl	PN	O	_	_
vuole	volere	VI	O	_	_
sfruttare	sfruttare	VF	O	_	_
il	il	RS	O	_	_
nazionalismo	nazionalismo	SS	O	_	_
ed	ed	C	O	_	_
il	il	RS	O	_	_
patriottismo	patriottismo	SS	O	_	_
per	per	E	O	_	_
strappare	strappare	VF	O	_	_
agli	a/det	EP	O	_	_
ignari	ignaro	AP	O	_	_
quell’	quell	DS	O	_	_
applauso	applauso	SS	O	_	_
che	che	CCHE	O	_	_
il	il	RS	O	_	_
partito	partito	SS	O	_	_
nazionale	nazionale	AS	O	_	_
non	non	B	O	_	_
può	potere	VI	O	_	_
meritare	meritare	VF	O	_	_
per	per	E	O	_	_
le	il	RP	O	_	_
sue	suo	DP	O	_	_
opere	opera	SP	O	_	_
.	.	XPS	O	_	_

Elettori	elettore	SP	O	_	_
,	comma	XPW	O	_	_
vorrete	volere	VI	O	_	_
voi	voi	PS	O	_	_
prestarvi	prestarvi	VI	O	_	_
un’	uno	RS	O	_	_
altra	altro	DS	O	_	_
volta	volta	SS	O	_	_
a	a	E	O	_	_
questo	questo	DS	O	_	_
vergognoso	vergognoso	AS	O	_	_
trucco	trucco	SS	O	_	_
politico	politico	AS	O	_	_
?	?	XPS	O	_	_

Guardateli	guardateli	VI	O	_	_
in	in	E	O	_	_
faccia	faccia	SS	O	_	_
questi	questo	DP	O	_	_
patriotti	patriotta	SP	O	_	_
e	e	C	O	_	_
giudicate	giudicare	VPP	O	_	_
il	il	RS	O	_	_
loro	loro	PP	O	_	_
patriottismo	patriottismo	SS	O	_	_
dalle	da/det	EP	O	_	_
loro	loro	PP	O	_	_
azioni	azione	SP	O	_	_
.	.	XPS	O	_	_
