# total number of persons:18, total number of gpes:29
I	il	RP	O	_	_
giovani	giovane	SP	O	_	_
liberali	liberale	AP	O	_	_
L’	il	RS	O	_	_
oratore	oratore	SS	O	_	_
ricorda	ricordare	VI	O	_	_
qui	qui	B	O	_	_
il	il	RS	O	_	_
radicalismo	radicalismo	SS	O	_	_
e	e	C	O	_	_
l’	il	RS	O	_	_
anticlericalismo	anticlericalismo	SS	O	_	_
della	di/det	ES	O	_	_
scuola	scuola	SS	O	_	_
del	di/det	ES	O	_	_
Popolo	popolo	SPN	O	_	_
,	comma	XPW	O	_	_
di	di	E	O	_	_
cui	cui	PN	O	_	_
furono	essere	VI	O	_	_
alunni	alunno	SP	O	_	_
i	il	RP	O	_	_
cosiddetti	cosiddetti	SP	O	_	_
«	«	XPO	O	_	_
giovani	giovane	SP	O	_	_
liberali	liberale	AP	O	_	_
»	»	XPO	O	_	_
,	comma	XPW	O	_	_
fondatori	fondatore	SP	O	_	_
della	di/det	ES	O	_	_
Lega	lega	SPN	O	_	_
democratica	democratico	AS	O	_	_
.	.	XPS	O	_	_

Ogni	ogni	DS	O	_	_
pretesto	pretesto	SS	O	_	_
era	essere	VI	O	_	_
buono	buono	AS	O	_	_
per	per	E	O	_	_
far	fare	VF	O	_	_
dell’	di/det	ES	O	_	_
anticlericalismo	anticlericalismo	SS	O	_	_
di	di	E	O	_	_
piazza	piazza	SS	O	_	_
.	.	XPS	O	_	_

Il	il	RS	O	_	_
più	più	B	O	_	_
celebre	celebre	AS	O	_	_
fu	essere	VI	O	_	_
l’	il	RS	O	_	_
imbrattamento	imbrattamento	SS	O	_	_
del	di/det	ES	O	_	_
busto	busto	SS	O	_	_
a	a	E	O	_	_
Canestrini	canestrini	SPN	PER	_	_
,	comma	XPW	O	_	_
accaduto	accadere	VSP	O	_	_
al	a/det	ES	O	_	_
23	23	N	O	_	_
settembre	settembre	SS	O	_	_
1903	1903	N	O	_	_
.	.	XPS	O	_	_

Benché	benché	C	O	_	_
La	il	RS	O	_	_
Voce	voce	SPN	O	_	_
Cattolica	cattolica	SPN	O	_	_
protestasse	protestare	VI	O	_	_
contro	contro	E	O	_	_
l’	il	RS	O	_	_
autore	autore	SS	O	_	_
di	di	E	O	_	_
tale	tale	DS	O	_	_
atto	atto	SS	O	_	_
e	e	C	O	_	_
fosse	essere	VI	O	_	_
probabilissimo	probabile	AS	O	_	_
l’	il	RS	O	_	_
intervento	intervento	SS	O	_	_
di	di	E	O	_	_
qualche	qualche	DS	O	_	_
agente	agente	SS	O	_	_
provocatore	provocatore	SS	O	_	_
(	open_parenthesis	XPB	O	_	_
fatti	fatto	SP	O	_	_
recenti	recente	AP	O	_	_
ci	ci	PP	O	_	_
hanno	avere	VIY	O	_	_
confermato	confermare	VSP	O	_	_
dove	dove	CADV	O	_	_
stiano	stare	VI	O	_	_
di	di	E	O	_	_
casa	casa	SS	O	_	_
gli	il	RP	O	_	_
imbrattatori	imbrattatore	SP	O	_	_
)	close_parenthesis	XPB	O	_	_
,	comma	XPW	O	_	_
gli	il	RP	O	_	_
anticlericali	anticlericale	SP	O	_	_
di	di	E	O	_	_
tutte	tutto	DP	O	_	_
le	il	RP	O	_	_
gradazioni	gradazione	SP	O	_	_
mossero	muovere	VI	O	_	_
all’attacco.	all’attacco.	SPN	O	_	_
I	il	RP	O	_	_
consiglieri	consigliere	SP	O	_	_
comunali	comunale	AP	O	_	_
della	di/det	ES	O	_	_
Democratica	democratica	SPN	O	_	_
,	comma	XPW	O	_	_
con	con	E	O	_	_
pensiero	pensiero	SS	O	_	_
altamente	altamente	B	O	_	_
geniale	geniale	AS	O	_	_
,	comma	XPW	O	_	_
proposero	proporre	VI	O	_	_
di	di	E	O	_	_
ribattezzare	ribattezzare	VF	O	_	_
l’	il	RS	O	_	_
antica	antico	AS	O	_	_
via	via	SS	O	_	_
San	san	SPN	O	_	_
Pietro	pietro	SPN	O	_	_
in	in	E	O	_	_
via	via	SS	O	_	_
Canestrini	canestrini	SPN	O	_	_
,	comma	XPW	O	_	_
e	e	C	O	_	_
in	in	E	O	_	_
piazza	piazza	SS	O	_	_
e	e	C	O	_	_
per	per	E	O	_	_
le	il	RP	O	_	_
vie	via	SP	O	_	_
si	rifl	PN	O	_	_
inscenarono	inscenare	VI	O	_	_
dimostrazioni	dimostrazione	SP	O	_	_
violente	violente	AS	O	_	_
.	.	XPS	O	_	_

La	il	RS	O	_	_
ragazzaglia	ragazzaglia	SS	O	_	_
insultava	insultare	VI	O	_	_
i	il	RP	O	_	_
preti	prete	SP	O	_	_
e	e	C	O	_	_
i	il	RP	O	_	_
pochi	poco	DP	O	_	_
che	che	CCHE	O	_	_
avevano	avere	VI	O	_	_
il	il	RS	O	_	_
coraggio	coraggio	SS	O	_	_
di	di	E	O	_	_
dire	dire	VF	O	_	_
il	il	RS	O	_	_
proprio	proprio	DS	O	_	_
biasimo	biasimo	AS	O	_	_
,	comma	XPW	O	_	_
la	il	RS	O	_	_
polizia	polizia	SS	O	_	_
lasciava	lasciare	VI	O	_	_
fare	fare	VF	O	_	_
,	comma	XPW	O	_	_
fino	fino	B	O	_	_
che	che	CCHE	O	_	_
ad	ad	E	O	_	_
un	uno	RS	O	_	_
suo	suo	DS	O	_	_
membro	membro	SS	O	_	_
influente	influente	AS	O	_	_
parve	parere	VI	O	_	_
che	che	CCHE	O	_	_
i	il	RP	O	_	_
«	«	XPO	O	_	_
preti	prete	SP	O	_	_
i	il	RP	O	_	_
ghe	ghe	SP	O	_	_
n’	n’	PN	O	_	_
avessa	avessa	VI	O	_	_
abbastanza	abbastanza	B	O	_	_
»	»	XPO	O	_	_
.	.	XPS	O	_	_

In	in	E	O	_	_
protesta	protesta	SS	O	_	_
i	il	RP	O	_	_
deputati	deputato	SP	O	_	_
conservatori	conservatore	AP	O	_	_
alla	a/det	ES	O	_	_
Dieta	dieta	SPN	O	_	_
presentarono	presentare	VI	O	_	_
al	a/det	ES	O	_	_
9	9	N	O	_	_
novembre	novembre	SS	O	_	_
un’	uno	RS	O	_	_
interpellanza	interpellanza	SS	O	_	_
in	in	E	O	_	_
cui	cui	PN	O	_	_
era	essere	VI	O	_	_
detto	dire	VSP	O	_	_
:	:	XPS	O	_	_
«	«	XPO	O	_	_
Per	per	E	O	_	_
quanto	quanto	QNS	O	_	_
sia	essere	VI	O	_	_
da	da	E	O	_	_
deplorarsi	deplorare/rifl	VF+E	O	_	_
e	e	C	O	_	_
riprovevole	riprovevole	AS	O	_	_
l’	il	RS	O	_	_
atto	atto	SS	O	_	_
vandalico	vandalico	AS	O	_	_
di	di	E	O	_	_
chi	chi	CCHI	O	_	_
ha	avere	VIY	O	_	_
sfregiato	sfregiare	VSP	O	_	_
il	il	RS	O	_	_
busto	busto	SS	O	_	_
a	a	E	O	_	_
Canestrini	canestrini	SPN	PER	_	_
,	comma	XPW	O	_	_
è	essere	VI	O	_	_
ancor	ancor	B	O	_	_
più	più	B	O	_	_
deplorevole	deplorevole	AS	O	_	_
che	che	CCHE	O	_	_
dell’	di/det	ES	O	_	_
atto	atto	SS	O	_	_
di	di	E	O	_	_
un	uno	RS	O	_	_
singolo	singolo	SS	O	_	_
,	comma	XPW	O	_	_
di	di	E	O	_	_
cui	cui	PN	O	_	_
ignorasi	ignorasi	SP	O	_	_
a	a	E	O	_	_
qual	qual	SS	O	_	_
partito	partito	AS	O	_	_
appartenga	appartenere	VI	O	_	_
e	e	C	O	_	_
che	che	CCHE	O	_	_
ogni	ogni	DS	O	_	_
partito	partito	SS	O	_	_
certo	certo	B	O	_	_
disdegna	disdegnare	VI	O	_	_
e	e	C	O	_	_
sconfessa	sconfessare	VI	O	_	_
,	comma	XPW	O	_	_
si	rifl	PN	O	_	_
tragga	trarre	VI	O	_	_
argomento	argomento	SS	O	_	_
,	comma	XPW	O	_	_
per	per	E	O	_	_
inveire	inveire	VF	O	_	_
contro	contro	E	O	_	_
un	uno	RS	O	_	_
intero	intero	AS	O	_	_
partito	partito	SS	O	_	_
e	e	C	O	_	_
contro	contro	E	O	_	_
un	uno	RS	O	_	_
intero	intero	AS	O	_	_
ceto	ceto	SS	O	_	_
di	di	E	O	_	_
persone	persona	SP	O	_	_
»	»	XPO	O	_	_
.	.	XPS	O	_	_

I	il	RP	O	_	_
democratici	democratico	SP	O	_	_
trovarono	trovare	VI	O	_	_
l’	il	RS	O	_	_
interpellanza	interpellanza	SS	O	_	_
offensiva	offensivo	AS	O	_	_
per	per	E	O	_	_
la	il	RS	O	_	_
città	città	SN	O	_	_
di	di	E	O	_	_
Trento	trento	SPN	GPE	46.0664228	11.1257601
e	e	C	O	_	_
telegrafarono	telegrafare	VI	O	_	_
al	a/det	ES	O	_	_
podestà	podestà	SN	O	_	_
,	comma	XPW	O	_	_
dr.	dottore	SS	O	_	_
Brugnara	brugnara	SPN	PER	_	_
,	comma	XPW	O	_	_
capo	capo	SS	O	_	_
del	di/det	ES	O	_	_
club	club	SN	O	_	_
dietale	dietale	AS	O	_	_
,	comma	XPW	O	_	_
un	uno	RS	O	_	_
aperto	aperto	SS	O	_	_
biasimo	biasimo	AS	O	_	_
.	.	XPS	O	_	_

Perché	perché	C	O	_	_
aveva	avere	VI	O	_	_
egli	egli	PS	O	_	_
permessa	permessa	VI	O	_	_
la	il	RS	O	_	_
presentazione	presentazione	SS	O	_	_
della	di/det	ES	O	_	_
interpellanza	interpellanza	SS	O	_	_
da	da	E	O	_	_
parte	parte	SS	O	_	_
dei	di/det	EP	O	_	_
conservatori	conservatorio	SP	O	_	_
,	comma	XPW	O	_	_
perché	perché	C	O	_	_
non	non	B	O	_	_
aveva	avere	VIY	O	_	_
levata	levare	VSP	O	_	_
la	il	RS	O	_	_
voce	voce	SS	O	_	_
contro	contro	E	O	_	_
simili	simile	AP	O	_	_
attacchi	attacco	SP	O	_	_
?	?	XPS	O	_	_

In	in	E	O	_	_
protesta	protesta	SS	O	_	_
l’	il	RS	O	_	_
«	«	XPO	O	_	_
Alto	alto	SPN	GPE	46.65596895	11.22964387
Adige	adige	SPN	GPE	46.65596895	11.22964387
»	»	XPO	O	_	_
annunziava	annunziare	VI	O	_	_
la	il	RS	O	_	_
candidatura	candidatura	SS	O	_	_
dietale	dietale	AS	O	_	_
del	di/det	ES	O	_	_
candidato	candidato	SS	O	_	_
avv.	avv.	VI	O	_	_
Silli	silli	SPN	PER	_	_
,	comma	XPW	O	_	_
in	in	E	O	_	_
sostituzione	sostituzione	SS	O	_	_
del	di/det	ES	O	_	_
dimissionario	dimissionario	AS	O	_	_
Bertolini	bertolini	SPN	PER	_	_
.	.	XPS	O	_	_

Si	rifl	PN	O	_	_
accusava	accusare	VI	O	_	_
in	in	E	O	_	_
genere	genere	SS	O	_	_
i	il	RP	O	_	_
deputati	deputato	SP	O	_	_
liberali	liberale	AP	O	_	_
di	di	E	O	_	_
troppa	troppo	DS	O	_	_
cedevolezza	cedevolezza	SS	O	_	_
di	di	E	O	_	_
fronte	fronte	SS	O	_	_
ai	a/det	EP	O	_	_
«	«	XPO	O	_	_
clericali	clericale	AP	O	_	_
»	»	XPO	O	_	_
,	comma	XPW	O	_	_
ed	ed	C	O	_	_
i	il	RP	O	_	_
due	due	N	O	_	_
capi	capo	SP	O	_	_
d’	di	E	O	_	_
accusa	accusa	SS	O	_	_
principali	principale	AP	O	_	_
erano	essere	VI	O	_	_
questi	questo	PP	O	_	_
:	:	XPS	O	_	_
primo	primo	AS	O	_	_
,	comma	XPW	O	_	_
l’	il	RS	O	_	_
omissione	omissione	SS	O	_	_
della	di/det	ES	O	_	_
protesta	protesta	SS	O	_	_
suddetta	suddetto	AS	O	_	_
,	comma	XPW	O	_	_
poi	poi	B	O	_	_
la	il	RS	O	_	_
firma	firma	SS	O	_	_
ad	ad	E	O	_	_
un	uno	RS	O	_	_
telegramma	telegramma	SS	O	_	_
di	di	E	O	_	_
condoglianza	condoglianza	SS	O	_	_
per	per	E	O	_	_
la	il	RS	O	_	_
morte	morte	SS	O	_	_
del	di/det	ES	O	_	_
principe	principe	SS	O	_	_
vescovo	vescovo	SS	O	_	_
Valussi	valussi	SPN	PER	_	_
.	.	XPS	O	_	_

Tali	tale	AP	O	_	_
le	il	RP	O	_	_
solenni	solenne	AP	O	_	_
origini	origine	SP	O	_	_
della	di/det	ES	O	_	_
nuova	nuovo	AS	O	_	_
democrazia	democrazia	SS	O	_	_
.	.	XPS	O	_	_

Il	il	RS	O	_	_
Popolo	popolo	SPN	O	_	_
stava	stare	VI	O	_	_
in	in	E	O	_	_
cattedra	cattedra	SS	O	_	_
ed	ed	C	O	_	_
augurava	augurare	VI	O	_	_
che	che	CCHE	O	_	_
da	da	E	O	_	_
parte	parte	SS	O	_	_
degli	di/det	EP	O	_	_
anticlericali	anticlericale	SP	O	_	_
si	rifl	PN	O	_	_
cancellasse	cancellare	VI	O	_	_
non	non	B	O	_	_
solo	solo	B	O	_	_
la	il	RS	O	_	_
macchia	macchia	SS	O	_	_
del	di/det	ES	O	_	_
busto	busto	SS	O	_	_
,	comma	XPW	O	_	_
ma	ma	C	O	_	_
«	«	XPO	O	_	_
si	rifl	PN	O	_	_
lavori	lavorare	VI	O	_	_
a	a	E	O	_	_
cancellare	cancellare	VF	O	_	_
anche	anche	C	O	_	_
dal	da/det	ES	O	_	_
paese	paese	SS	O	_	_
l’	il	RS	O	_	_
onta	onta	SS	O	_	_
e	e	C	O	_	_
la	il	RS	O	_	_
vergogna	vergogna	SS	O	_	_
di	di	E	O	_	_
un	uno	RS	O	_	_
partito	partito	SS	O	_	_
che	che	CCHE	O	_	_
della	di/det	ES	O	_	_
verità	verità	SN	O	_	_
della	di/det	ES	O	_	_
scienza	scienza	SS	O	_	_
e	e	C	O	_	_
della	di/det	ES	O	_	_
libertà	libertà	SN	O	_	_
è	essere	VI	O	_	_
e	e	C	O	_	_
sarà	essere	VI	O	_	_
implacabile	implacabile	AS	O	_	_
nemico	nemico	SS	O	_	_
»	»	XPO	O	_	_
.	.	XPS	O	_	_

Invero	inverare	VI	O	_	_
alla	a/det	ES	O	_	_
loro	loro	PP	O	_	_
messa	messa	SS	O	_	_
anticlericale	anticlericale	AS	O	_	_
i	il	RP	O	_	_
democratici	democratico	SP	O	_	_
vollero	volere	VI	O	_	_
più	più	B	O	_	_
tardi	tardi	B	O	_	_
dare	dare	VF	O	_	_
anche	anche	C	O	_	_
un’	uno	RS	O	_	_
interpretazione	interpretazione	SS	O	_	_
di	di	E	O	_	_
radicalismo	radicalismo	SS	O	_	_
nazionale	nazionale	AS	O	_	_
diretto	diretto	AS	O	_	_
contro	contro	E	O	_	_
il	il	RS	O	_	_
fatto	fatto	SS	O	_	_
che	che	CCHE	O	_	_
tutti	tutto	DP	O	_	_
i	il	RP	O	_	_
deputati	deputato	SP	O	_	_
dietali	dietali	AP	O	_	_
avevano	avere	VIY	O	_	_
sospesa	sospendere	VSP	O	_	_
l’	il	RS	O	_	_
ostruzione	ostruzione	SS	O	_	_
per	per	E	O	_	_
votare	votare	VF	O	_	_
gli	il	RP	O	_	_
aumenti	aumento	SP	O	_	_
di	di	E	O	_	_
stipendio	stipendio	SS	O	_	_
ai	a/det	EP	O	_	_
maestri	maestro	SP	O	_	_
.	.	XPS	O	_	_

Così	così	B	O	_	_
,	comma	XPW	O	_	_
l’	il	RS	O	_	_
«	«	XPO	O	_	_
Alto	alto	SPN	GPE	46.65596895	11.22964387
Adige	adige	SPN	GPE	46.65596895	11.22964387
»	»	XPO	O	_	_
dei	di/det	EP	O	_	_
23-24	23-24	N	O	_	_
dicembre	dicembre	SS	O	_	_
,	comma	XPW	O	_	_
riassumendo	riassumere	VG	O	_	_
,	comma	XPW	O	_	_
stampava	stampare	VI	O	_	_
:	:	XPS	O	_	_
«	«	XPO	O	_	_
I	il	RP	O	_	_
democratici	democratico	SP	O	_	_
hanno	avere	VIY	O	_	_
protestato	protestare	VSP	O	_	_
a	a	E	O	_	_
ragione	ragione	SS	O	_	_
contro	contro	E	O	_	_
un	uno	RS	O	_	_
indirizzo	indirizzo	SS	O	_	_
della	di/det	ES	O	_	_
politica	politica	SS	O	_	_
provinciale	provinciale	AS	O	_	_
sommamente	sommamente	B	O	_	_
dannosa	dannoso	AS	O	_	_
al	a/det	ES	O	_	_
paese	paese	SS	O	_	_
e	e	C	O	_	_
se	se	C	O	_	_
la	il	RS	O	_	_
loro	loro	DP	O	_	_
protesta	protesta	SS	O	_	_
ha	avere	VIY	O	_	_
fatto	fare	VSP	O	_	_
prendere	prendere	VF	O	_	_
cappello	cappello	SS	O	_	_
alla	a/det	ES	O	_	_
moderateria	moderateria	SS	O	_	_
trentina	trentino	AS	O	_	_
,	comma	XPW	O	_	_
i	il	RP	O	_	_
democratici	democratico	SP	O	_	_
non	non	B	O	_	_
hanno	avere	VI	O	_	_
che	che	CCHE	O	_	_
vederci	vedere/pro/loc	VF+E	O	_	_
.	.	XPS	O	_	_

Con	con	E	O	_	_
molto	molto	DS	O	_	_
maggior	maggior	AS	O	_	_
ragione	ragione	SS	O	_	_
si	rifl	PN	O	_	_
potrebbe	potere	VI	O	_	_
,	comma	XPW	O	_	_
caso	caso	SS	O	_	_
mai	mai	B	O	_	_
,	comma	XPW	O	_	_
asserire	asserire	VF	O	_	_
,	comma	XPW	O	_	_
che	che	CCHE	O	_	_
la	il	RS	O	_	_
causa	causa	SS	O	_	_
dello	di/det	ES	O	_	_
stato	stato	SS	O	_	_
presente	presente	AS	O	_	_
si	rifl	PN	O	_	_
fu	essere	VI	O	_	_
il	il	RS	O	_	_
procedere	procedere	VF	O	_	_
dei	di/det	EP	O	_	_
deputati	deputato	SP	O	_	_
della	di/det	ES	O	_	_
Dieta	dieta	SPN	O	_	_
,	comma	XPW	O	_	_
del	di/det	ES	O	_	_
tutto	tutto	PS	O	_	_
contrario	contrario	AS	O	_	_
agli	a/det	EP	O	_	_
impegni	impegno	SP	O	_	_
da	da	E	O	_	_
essi	essi	PP	O	_	_
presi	prendere	VPP	O	_	_
di	di	E	O	_	_
fronte	fronte	SS	O	_	_
agli	a/det	EP	O	_	_
elettori	elettore	SP	O	_	_
»	»	XPO	O	_	_
.	.	XPS	O	_	_

Le	il	RP	O	_	_
conseguenze	conseguenza	SP	O	_	_
politiche	politico	AP	O	_	_
sono	essere	VI	O	_	_
note	noto	AP	O	_	_
;	semicolon	XPS	O	_	_

rottura	rottura	SS	O	_	_
del	di/det	ES	O	_	_
compromesso	compromesso	SS	O	_	_
liberaleconservatore	liberaleconservatore	AS	O	_	_
,	comma	XPW	O	_	_
proclamato	proclamare	VSP	O	_	_
una	uno	RS	O	_	_
volta	volta	SS	O	_	_
il	il	RS	O	_	_
patto	patto	SS	O	_	_
della	di/det	ES	O	_	_
concordia	concordia	SS	O	_	_
e	e	C	O	_	_
della	di/det	ES	O	_	_
dilezione	dilezione	SS	O	_	_
contro	contro	E	O	_	_
il	il	RS	O	_	_
nemico	nemico	SS	O	_	_
comune	comune	SS	O	_	_
,	comma	XPW	O	_	_
venuto	venire	VSP	O	_	_
oggi	oggi	B	O	_	_
in	in	E	O	_	_
disprezzo	disprezzo	SS	O	_	_
quasi	quasi	B	O	_	_
fosse	essere	VI	O	_	_
un	uno	RS	O	_	_
vergognoso	vergognoso	AS	O	_	_
connubio	connubio	SS	O	_	_
,	comma	XPW	O	_	_
il	il	RS	O	_	_
disgregarsi	disgregare/rifl	VF+E	O	_	_
in	in	E	O	_	_
due	due	N	O	_	_
frazioni	frazione	SP	O	_	_
del	di/det	ES	O	_	_
partito	partito	SS	O	_	_
liberale	liberale	AS	O	_	_
,	comma	XPW	O	_	_
la	il	RS	O	_	_
vecchia	vecchio	AS	O	_	_
delle	di/det	EP	O	_	_
quali	quale	DP	O	_	_
,	comma	XPW	O	_	_
forte	forte	AS	O	_	_
specialmente	specialmente	B	O	_	_
in	in	E	O	_	_
Rovereto	rovereto	SPN	GPE	45.8915375	11.0384953
,	comma	XPW	O	_	_
non	non	B	O	_	_
volle	volere	VI	O	_	_
mai	mai	B	O	_	_
ammettere	ammettere	VF	O	_	_
la	il	RS	O	_	_
fondatezza	fondatezza	SS	O	_	_
delle	di/det	EP	O	_	_
accuse	accusa	SP	O	_	_
mosse	muovere	VPP	O	_	_
dai	da/det	EP	O	_	_
democratici	democratico	SP	O	_	_
,	comma	XPW	O	_	_
e	e	C	O	_	_
nel	in/det	ES	O	_	_
campo	campo	SS	O	_	_
cattolico	cattolico	AS	O	_	_
il	il	RS	O	_	_
fortificarsi	fortificare/rifl	VF+E	O	_	_
dell’	di/det	ES	O	_	_
idea	idea	SS	O	_	_
essere	essere	VF	O	_	_
necessario	necessario	AS	O	_	_
ed	ed	C	O	_	_
urgente	urgente	AS	O	_	_
di	di	E	O	_	_
organizzarsi	organizzare/rifl	VF+E	O	_	_
politicamente	politicamente	B	O	_	_
in	in	E	O	_	_
base	base	SS	O	_	_
ad	ad	E	O	_	_
un	uno	RS	O	_	_
programma	programma	SS	O	_	_
popolare	popolare	AS	O	_	_
e	e	C	O	_	_
proprio	proprio	B	O	_	_
.	.	XPS	O	_	_

Siamo	essere	VI	O	_	_
ai	a/det	EP	O	_	_
natali	natale	SP	O	_	_
dell’	di/det	ES	O	_	_
unione	unione	SS	O	_	_
politica	politico	AS	O	_	_
.	.	XPS	O	_	_

Ma	ma	C	O	_	_
a	a	E	O	_	_
noi	noi	PP	O	_	_
oggi	oggi	B	O	_	_
interessano	interessare	VI	O	_	_
soprattutto	soprattutto	B	O	_	_
le	il	RP	O	_	_
conseguenze	conseguenza	SP	O	_	_
dell’	di/det	ES	O	_	_
attacco	attacco	SS	O	_	_
anticlericale	anticlericale	AS	O	_	_
nell’	in/det	ES	O	_	_
ambito	ambito	SS	O	_	_
dell’	di/det	ES	O	_	_
azione	azione	SS	O	_	_
comunale	comunale	AS	O	_	_
di	di	E	O	_	_
Trento	trento	SPN	GPE	46.0664228	11.1257601
.	.	XPS	O	_	_

Il	il	RS	O	_	_
dr.	dottore	SS	O	_	_
Brugnara	brugnara	SPN	PER	_	_
che	che	CCHE	O	_	_
aveva	avere	VIY	O	_	_
deposto	deporre	VSP	O	_	_
il	il	RS	O	_	_
mandato	mandato	SS	O	_	_
dietale	dietale	AS	O	_	_
,	comma	XPW	O	_	_
al	a/det	ES	O	_	_
23	23	N	O	_	_
novembre	novembre	SS	O	_	_
dimise	dimettere	VI	O	_	_
la	il	RS	O	_	_
carica	carica	SS	O	_	_
podestarile	podestarile	AS	O	_	_
.	.	XPS	O	_	_

Lo	lo	PS	O	_	_
seguì	seguire	VI	O	_	_
il	il	RS	O	_	_
vicepodestà	vicepodestà	SN	O	_	_
conte	conte	AS	O	_	_
Manci	manci	SPN	PER	_	_
che	che	CCHE	O	_	_
,	comma	XPW	O	_	_
alle	a/det	EP	O	_	_
ragioni	ragione	SP	O	_	_
del	di/det	ES	O	_	_
podestà	podestà	SN	O	_	_
,	comma	XPW	O	_	_
aggiunse	aggiungere	VI	O	_	_
le	il	RP	O	_	_
sue	suo	DP	O	_	_
preoccupazioni	preoccupazione	SP	O	_	_
per	per	E	O	_	_
la	il	RS	O	_	_
finanziazione	finanziazione	SS	O	_	_
della	di/det	ES	O	_	_
nuova	nuovo	AS	O	_	_
impresa	impresa	SS	O	_	_
:	:	XPS	O	_	_
la	il	RS	O	_	_
centrale	centrale	SS	O	_	_
del	di/det	ES	O	_	_
Sarca	sarca	SPN	O	_	_
;	semicolon	XPS	O	_	_

e	e	C	O	_	_
poi	poi	B	O	_	_
la	il	RS	O	_	_
Giunta	giunta	SPN	O	_	_
che	che	CCHE	O	_	_
fece	fare	VI	O	_	_
atto	atto	SS	O	_	_
di	di	E	O	_	_
solidarietà	solidarietà	SN	O	_	_
col	con/det	ES	O	_	_
primo	primo	AS	O	_	_
cittadino	cittadino	SS	O	_	_
.	.	XPS	O	_	_

Dopo	dopo	E	O	_	_
parecchi	parecchio	AP	O	_	_
tentativi	tentativo	SP	O	_	_
di	di	E	O	_	_
ricostituzione	ricostituzione	SS	O	_	_
arrivammo	arrivare	VI	O	_	_
al	a/det	ES	O	_	_
commissario	commissario	SS	O	_	_
governativo	governativo	AS	O	_	_
che	che	CCHE	O	_	_
per	per	E	O	_	_
il	il	RS	O	_	_
marzo	marzo	SS	O	_	_
del	di/det	ES	O	_	_
1904	1904	N	O	_	_
indisse	indire	VI	O	_	_
le	il	RP	O	_	_
elezioni	elezione	SP	O	_	_
generali	generale	AP	O	_	_
.	.	XPS	O	_	_

I	il	RP	O	_	_
democratici	democratico	SP	O	_	_
,	comma	XPW	O	_	_
decisi	decidere	VPP	O	_	_
ormai	ormai	B	O	_	_
ad	ad	E	O	_	_
assumere	assumere	VF	O	_	_
il	il	RS	O	_	_
potere	potere	SS	O	_	_
,	comma	XPW	O	_	_
si	rifl	PN	O	_	_
allearono	alleare	VI	O	_	_
coi	con/det	EP	O	_	_
socialisti	socialista	SP	O	_	_
.	.	XPS	O	_	_

La	il	RS	O	_	_
lista	lista	SS	O	_	_
conteneva	contenere	VI	O	_	_
parecchi	parecchio	AP	O	_	_
i.r.	i.r.	YA	O	_	_
impiegati	impiegare	VPP	O	_	_
e	e	C	O	_	_
(	open_parenthesis	XPB	O	_	_
ahi	ahi	SS	O	_	_
,	comma	XPW	O	_	_
somma	sommo	AS	O	_	_
sventura	sventura	SS	O	_	_
"!"	esclamation_mark	XPS	O	_	_

)	close_parenthesis	XPB	O	_	_
un	uno	RS	O	_	_
ex	ex	SN	O	_	_
guardia	guardia	SS	O	_	_
di	di	E	O	_	_
polizia	polizia	SS	O	_	_
di	di	E	O	_	_
parte	parte	SS	O	_	_
socialista	socialista	AS	O	_	_
.	.	XPS	O	_	_

Questa	questo	DS	O	_	_
grave	grave	AS	O	_	_
circostanza	circostanza	SS	O	_	_
doveva	dovere	VI	O	_	_
riuscire	riuscire	VF	O	_	_
fatale	fatale	AS	O	_	_
alla	a/det	ES	O	_	_
novella	novella	SS	O	_	_
democrazia	democrazia	AS	O	_	_
"!"	esclamation_mark	XPS	O	_	_

Caratteristico	caratteristico	SPN	O	_	_
è	essere	VI	O	_	_
che	che	CCHE	O	_	_
dei	di/det	EP	O	_	_
candidati	candidato	SP	O	_	_
comuni	comune	AP	O	_	_
non	non	B	O	_	_
comparve	comparire	VI	O	_	_
un	uno	RS	O	_	_
programma	programma	SS	O	_	_
comune	comune	SS	O	_	_
.	.	XPS	O	_	_

Ciascuno	ciascuno	PS	O	_	_
pubblicò	pubblicare	VI	O	_	_
un’	uno	RS	O	_	_
edizione	edizione	SS	O	_	_
propria	propria	AS	O	_	_
colle	con/det	EP	O	_	_
specialità	specialità	SN	O	_	_
dell’	di/det	ES	O	_	_
officina	officina	SS	O	_	_
.	.	XPS	O	_	_

Il	il	RS	O	_	_
Popolo	popolo	SPN	O	_	_
prometteva	promettere	VI	O	_	_
senz’	senz'	E	O	_	_
altro	altro	DS	O	_	_
l’	il	RS	O	_	_
abolizione	abolizione	SS	O	_	_
e	e	C	O	_	_
la	il	RS	O	_	_
riduzione	riduzione	SS	O	_	_
di	di	E	O	_	_
tasse	tassa	SP	O	_	_
,	comma	XPW	O	_	_
l’	il	RS	O	_	_
«	«	XPO	O	_	_
Alto	alto	SPN	GPE	46.65596895	11.22964387
Adige	adige	SPN	GPE	46.65596895	11.22964387
»	»	XPO	O	_	_
,	comma	XPW	O	_	_
più	più	B	O	_	_
guardingo	guardingo	AS	O	_	_
non	non	B	O	_	_
prometteva	promettere	VI	O	_	_
niente	niente	PS	O	_	_
,	comma	XPW	O	_	_
ma	ma	C	O	_	_
a	a	E	O	_	_
chi	chi	CCHI	O	_	_
domandava	domandare	VI	O	_	_
come	come	CADV	O	_	_
si	rifl	PN	O	_	_
farebbe	fare	VI	O	_	_
poi	poi	B	O	_	_
a	a	E	O	_	_
finanziare	finanziare	VF	O	_	_
la	il	RS	O	_	_
centrale	centrale	SS	O	_	_
,	comma	XPW	O	_	_
rispondeva	rispondere	VI	O	_	_
sdegnosamente	sdegnosamente	B	O	_	_
che	che	CCHE	O	_	_
a	a	E	O	_	_
questo	questo	DS	O	_	_
ci	ci	PP	O	_	_
penserebbero	pensare	VI	O	_	_
loro	loro	PP	O	_	_
.	.	XPS	O	_	_

Comune	comune	SS	O	_	_
era	essere	VI	O	_	_
invece	invece	B	O	_	_
l’	il	RS	O	_	_
intonazione	intonazione	SS	O	_	_
anticlericale	anticlericale	AS	O	_	_
.	.	XPS	O	_	_

Alla	a/det	ES	O	_	_
vigilia	vigilia	SS	O	_	_
delle	di/det	EP	O	_	_
elezioni	elezione	SP	O	_	_
,	comma	XPW	O	_	_
nel	in/det	ES	O	_	_
comizio	comizio	SS	O	_	_
,	comma	XPW	O	_	_
il	il	RS	O	_	_
dr.	dottore	SS	O	_	_
Battisti	battisti	SPN	PER	_	_
,	comma	XPW	O	_	_
volgendo	volgere	VG	O	_	_
lo	il	RS	O	_	_
sguardo	sguardo	SS	O	_	_
alla	a/det	ES	O	_	_
nuova	nuovo	AS	O	_	_
era	essere	VI	O	_	_
,	comma	XPW	O	_	_
augurava	augurare	VI	O	_	_
che	che	CCHE	O	_	_
a	a	E	O	_	_
Trento	trento	SPN	GPE	46.0664228	11.1257601
«	«	XPO	O	_	_
invece	invece	C	O	_	_
di	di	E	O	_	_
guglie	guglia	SP	O	_	_
,	comma	XPW	O	_	_
di	di	E	O	_	_
chiese	chiesa	SP	O	_	_
e	e	C	O	_	_
campanili	campanile	SP	O	_	_
si	rifl	PN	O	_	_
vedessero	vedere	VI	O	_	_
fumaiuoli	fumaiuoli	SP	O	_	_
e	e	C	O	_	_
camini	camino	SP	O	_	_
,	comma	XPW	O	_	_
la	il	RS	O	_	_
ricchezza	ricchezza	SS	O	_	_
di	di	E	O	_	_
Trento	trento	SPN	GPE	46.0664228	11.1257601
»	»	XPO	O	_	_
.	.	XPS	O	_	_

Alla	a/det	ES	O	_	_
coalizione	coalizione	SS	O	_	_
radicale	radicale	AS	O	_	_
si	rifl	PN	O	_	_
oppose	opporre	VI	O	_	_
una	uno	RS	O	_	_
coalizione	coalizione	SS	O	_	_
conservatrice	conservatrice	AS	O	_	_
.	.	XPS	O	_	_

Nel	in/det	ES	O	_	_
suo	suo	DS	O	_	_
programma	programma	SS	O	_	_
erano	essere	VI	O	_	_
i	il	RP	O	_	_
seguenti	seguente	SP	O	_	_
caposaldi	caposaldi	AP	O	_	_
:	:	XPS	O	_	_
rispetto	rispetto	SS	O	_	_
ai	a/det	EP	O	_	_
sentimenti	sentimento	SP	O	_	_
della	di/det	ES	O	_	_
cittadinanza	cittadinanza	SS	O	_	_
,	comma	XPW	O	_	_
unione	unione	SS	O	_	_
di	di	E	O	_	_
Trento	trento	SPN	GPE	46.0664228	11.1257601
con	con	E	O	_	_
le	il	RP	O	_	_
valli	vallo	SP	O	_	_
,	comma	XPW	O	_	_
evitare	evitare	VF	O	_	_
attriti	attrito	SP	O	_	_
per	per	E	O	_	_
questioni	questione	SP	O	_	_
religiose	religioso	AP	O	_	_
.	.	XPS	O	_	_

In	in	E	O	_	_
affari	affare	SP	O	_	_
amministrativi	amministrativo	AP	O	_	_
i	il	RP	O	_	_
due	due	N	O	_	_
programmi	programma	SP	O	_	_
erano	essere	VI	O	_	_
identici	identico	AP	O	_	_
,	comma	XPW	O	_	_
solo	solo	B	O	_	_
che	che	CCHE	O	_	_
in	in	E	O	_	_
quello	quello	PS	O	_	_
dei	di/det	EP	O	_	_
conservatori	conservatorio	SP	O	_	_
si	rifl	PN	O	_	_
accentuava	accentuare	VI	O	_	_
la	il	RS	O	_	_
necessità	necessità	SN	O	_	_
delle	di/det	EP	O	_	_
economie	economia	SP	O	_	_
.	.	XPS	O	_	_

Al	a/det	ES	O	_	_
14	14	N	O	_	_
marzo	marzo	SS	O	_	_
si	rifl	PN	O	_	_
svolse	svolgere	VI	O	_	_
la	il	RS	O	_	_
lotta	lotta	SS	O	_	_
del	di/det	ES	O	_	_
terzo	terzo	AS	O	_	_
corpo	corpo	SS	O	_	_
.	.	XPS	O	_	_

I	il	RP	O	_	_
radicali	radicale	SP	O	_	_
vinsero	vincere	VI	O	_	_
con	con	E	O	_	_
un	uno	RS	O	_	_
massimo	massimo	SS	O	_	_
di	di	E	O	_	_
626	626	N	O	_	_
voti	voto	SP	O	_	_
,	comma	XPW	O	_	_
la	il	RS	O	_	_
coalizione	coalizione	SS	O	_	_
moderata	moderato	AS	O	_	_
soccombette	soccombere	VI	O	_	_
,	comma	XPW	O	_	_
raccogliendo	raccogliere	VG	O	_	_
sui	su/det	EP	O	_	_
capilista	capilista	SS	O	_	_
Brugnara	brugnara	SPN	PER	_	_
e	e	C	O	_	_
Peratoner	peratoner	SPN	PER	_	_
non	non	B	O	_	_
più	più	B	O	_	_
di	di	E	O	_	_
551	551	N	O	_	_
voti	voto	SP	O	_	_
.	.	XPS	O	_	_

Con	con	E	O	_	_
tale	tale	AS	O	_	_
votazione	votazione	SS	O	_	_
incomincia	incominciare	VI	O	_	_
l’	il	RS	O	_	_
era	era	SS	O	_	_
democratica	democratico	AS	O	_	_
in	in	E	O	_	_
comune	comune	SS	O	_	_
.	.	XPS	O	_	_

L’	il	RS	O	_	_
oratore	oratore	SS	O	_	_
non	non	B	O	_	_
vuole	volere	VI	O	_	_
indugiarsi	indugiare/rifl	VF+E	O	_	_
a	a	E	O	_	_
descrivere	descrivere	VF	O	_	_
la	il	RS	O	_	_
storia	storia	SS	O	_	_
,	comma	XPW	O	_	_
perché	perché	C	O	_	_
è	essere	VI	O	_	_
cosa	cosa	SS	O	_	_
di	di	E	O	_	_
ieri	ieri	B	O	_	_
e	e	C	O	_	_
perché	perché	C	O	_	_
si	rifl	PN	O	_	_
può	potere	VI	O	_	_
racchiudere	racchiudere	VF	O	_	_
in	in	E	O	_	_
poche	poco	DP	O	_	_
parole	parola	SP	O	_	_
:	:	XPS	O	_	_
nessuna	nessun	DS	O	_	_
democrazia	democrazia	SS	O	_	_
(	open_parenthesis	XPB	O	_	_
si	rifl	PN	O	_	_
pensi	pensare	VI	O	_	_
al	a/det	ES	O	_	_
contegno	contegno	SS	O	_	_
del	di/det	ES	O	_	_
Municipio	municipio	SS	O	_	_
di	di	E	O	_	_
fronte	fronte	SS	O	_	_
ai	a/det	EP	O	_	_
padroni	padrone	SP	O	_	_
fornai	fornai	VI	O	_	_
col	con/det	ES	O	_	_
conseguente	conseguente	AS	O	_	_
rimipicciolimento	rimipicciolimento	SS	O	_	_
del	di/det	ES	O	_	_
pane	pane	SS	O	_	_
,	comma	XPW	O	_	_
si	rifl	PN	O	_	_
pensi	pensare	VI	O	_	_
alle	a/det	EP	O	_	_
tasse	tassa	SP	O	_	_
sull’	su/det	ES	O	_	_
acqua	acqua	SS	O	_	_
ed	ed	C	O	_	_
al	a/det	ES	O	_	_
modo	modo	SS	O	_	_
con	con	E	O	_	_
cui	cui	PN	O	_	_
venne	venire	VIY	O	_	_
imposta	imporre	VSP	O	_	_
)	close_parenthesis	XPB	O	_	_
,	comma	XPW	O	_	_
nessuna	nessun	DS	O	_	_
discussione	discussione	SS	O	_	_
pubblica	pubblico	AS	O	_	_
ed	ed	C	O	_	_
una	uno	RS	O	_	_
notevole	notevole	AS	O	_	_
paura	paura	SS	O	_	_
del	di/det	ES	O	_	_
socialismo	socialismo	SS	O	_	_
al	a/det	ES	O	_	_
quale	quale	PS	O	_	_
anche	anche	C	O	_	_
quando	quando	CADV	O	_	_
l’	il	RS	O	_	_
idillio	idillio	SS	O	_	_
è	essere	VIY	O	_	_
rotto	rompere	VSP	O	_	_
si	rifl	PN	O	_	_
concedono	concedere	VI	O	_	_
non	non	B	O	_	_
solo	solo	B	O	_	_
sovvenzioni	sovvenzione	SP	O	_	_
materiali	materiale	AP	O	_	_
ma	ma	C	O	_	_
si	rifl	PN	O	_	_
fa	fare	VI	O	_	_
largo	largo	AS	O	_	_
per	per	E	O	_	_
ogni	ogni	DS	O	_	_
manifestazione	manifestazione	SS	O	_	_
che	che	CCHE	O	_	_
non	non	B	O	_	_
sia	essere	VI	O	_	_
direttamente	direttamente	B	O	_	_
antiliberale	antiliberale	AS	O	_	_
.	.	XPS	O	_	_

L’	il	RS	O	_	_
oratore	oratore	SS	O	_	_
tocca	toccare	VI	O	_	_
alcuni	alcuni	DP	O	_	_
episodi	episodio	SP	O	_	_
elettorali	elettorale	AP	O	_	_
dell’	di/det	ES	O	_	_
era	era	SS	O	_	_
democratica	democratico	AS	O	_	_
.	.	XPS	O	_	_

Nel	in/det	ES	O	_	_
dicembre	dicembre	SS	O	_	_
del	di/det	ES	O	_	_
1895	1895	N	O	_	_
i	il	RP	O	_	_
cattolici	cattolico	SP	O	_	_
,	comma	XPW	O	_	_
all’	a/det	ES	O	_	_
ultimo	ultimo	AS	O	_	_
momento	momento	SS	O	_	_
,	comma	XPW	O	_	_
con	con	E	O	_	_
brevissima	breve	AS	O	_	_
preparazione	preparazione	SS	O	_	_
,	comma	XPW	O	_	_
raggiunsero	raggiungere	VI	O	_	_
nel	in/det	ES	O	_	_
terzo	terzo	AS	O	_	_
Corpo	corpo	SS	O	_	_
300	300	N	O	_	_
voti	voto	SP	O	_	_
,	comma	XPW	O	_	_
la	il	RS	O	_	_
metà	metà	SN	O	_	_
circa	circa	B	O	_	_
dei	di/det	EP	O	_	_
voti	voto	SP	O	_	_
radicali	radicale	AP	O	_	_
.	.	XPS	O	_	_

Nel	in/det	ES	O	_	_
secondo	secondo	AS	O	_	_
corpo	corpo	SS	O	_	_
si	rifl	PN	O	_	_
ebbe	avere	VI	O	_	_
una	uno	RS	O	_	_
votazione-protesta	votazione-protesta	SS	O	_	_
degli	di/det	EP	O	_	_
impiegati	impiegato	SP	O	_	_
,	comma	XPW	O	_	_
i	il	RP	O	_	_
quali	quale	PP	O	_	_
riunirono	riunire	VI	O	_	_
sul	su/det	ES	O	_	_
nome	nome	SS	O	_	_
di	di	E	O	_	_
Antonio	antonio	SPN	PER	_	_
Tambosi	tambosi	SPN	PER	_	_
61	61	N	O	_	_
voti	voto	SP	O	_	_
.	.	XPS	O	_	_

Gli	il	RP	O	_	_
impiegati	impiegato	SP	O	_	_
raccoltisi	raccoltisi	VPP	O	_	_
,	comma	XPW	O	_	_
in	in	E	O	_	_
adunanza	adunanza	SS	O	_	_
all’	a/det	ES	O	_	_
Hotel	hotel	SPN	O	_	_
Europa	europa	SPN	O	_	_
rispondevano	rispondere	VI	O	_	_
alle	a/det	EP	O	_	_
provocazioni	provocazione	SP	O	_	_
dell’	di/det	ES	O	_	_
«	«	XPO	O	_	_
Alto	alto	SPN	GPE	46.65596895	11.22964387
Adige	adige	SPN	GPE	46.65596895	11.22964387
»	»	XPO	O	_	_
con	con	E	O	_	_
una	uno	RS	O	_	_
risoluzione	risoluzione	SS	O	_	_
nella	in/det	ES	O	_	_
quale	quale	PS	O	_	_
si	rifl	PN	O	_	_
protesta	protestare	VI	O	_	_
contro	contro	E	O	_	_
«	«	XPO	O	_	_
un	uno	RS	O	_	_
sistema	sistema	SS	O	_	_
a	a	E	O	_	_
base	base	SS	O	_	_
di	di	E	O	_	_
intollerante	intollerante	AS	O	_	_
invadenza	invadenza	SS	O	_	_
,	comma	XPW	O	_	_
di	di	E	O	_	_
intemperante	intemperante	AS	O	_	_
soperchieria	soperchieria	SS	O	_	_
,	comma	XPW	O	_	_
di	di	E	O	_	_
demagogica	demagogico	AS	O	_	_
tracotanza	tracotanza	SS	O	_	_
da	da	E	O	_	_
noi	noi	PP	O	_	_
non	non	B	O	_	_
temuto	temere	VSP	O	_	_
,	comma	XPW	O	_	_
sistema	sistema	SS	O	_	_
che	che	CCHE	O	_	_
già	già	B	O	_	_
da	da	E	O	_	_
troppo	troppo	DS	O	_	_
tempo	tempo	SS	O	_	_
perdura	perdurare	VI	O	_	_
e	e	C	O	_	_
che	che	CCHE	O	_	_
inasprisce	inasprire	VI	O	_	_
e	e	C	O	_	_
nausea	nauseare	VI	O	_	_
la	il	RS	O	_	_
parte	parte	SS	O	_	_
più	più	B	O	_	_
sana	sano	AS	O	_	_
ed	ed	C	O	_	_
eletta	eletto	AS	O	_	_
della	di/det	ES	O	_	_
città	città	SN	O	_	_
e	e	C	O	_	_
delle	di/det	EP	O	_	_
valli	vallo	SP	O	_	_
,	comma	XPW	O	_	_
che	che	CCHE	O	_	_
,	comma	XPW	O	_	_
indignate	indignare	VPP	O	_	_
,	comma	XPW	O	_	_
rifuggono	rifuggire	VI	O	_	_
dal	da/det	ES	O	_	_
loro	loro	DP	O	_	_
centro	centro	SS	O	_	_
.	.	XPS	O	_	_

È	essere	VI	O	_	_
ora	ora	B	O	_	_
di	di	E	O	_	_
finirla	finire/pro	VF+E	O	_	_
"!"	esclamation_mark	XPS	O	_	_

»	»	XPO	O	_	_
.	.	XPS	O	_	_

È	essere	VI	O	_	_
a	a	E	O	_	_
questo	questo	DS	O	_	_
turno	turno	SS	O	_	_
di	di	E	O	_	_
tempo	tempo	SS	O	_	_
che	che	CCHE	O	_	_
risale	risalire	VI	O	_	_
la	il	RS	O	_	_
rottura	rottura	SS	O	_	_
coi	con/det	EP	O	_	_
socialisti	socialista	SP	O	_	_
in	in	E	O	_	_
causa	causa	SS	O	_	_
di	di	E	O	_	_
quella	quello	DS	O	_	_
malaugurata	malaugurata	SS	O	_	_
ex	ex	SN	O	_	_
guardia	guardia	SS	O	_	_
,	comma	XPW	O	_	_
che	che	CCHE	O	_	_
i	il	RP	O	_	_
democratici	democratico	SP	O	_	_
avrebbero	avere	VI	O	_	_
magari	magari	B	O	_	_
tenuta	tenere	VSP	O	_	_
per	per	E	O	_	_
buona	buono	AS	O	_	_
come	come	CADV	O	_	_
comandante	comandante	SS	O	_	_
degli	di/det	EP	O	_	_
agenti	agente	SP	O	_	_
municipali	municipale	AP	O	_	_
,	comma	XPW	O	_	_
ma	ma	C	O	_	_
non	non	B	O	_	_
come	come	CADV	O	_	_
consigliere	consigliere	SS	O	_	_
.	.	XPS	O	_	_

E	e	C	O	_	_
veniamo	venare	VI	O	_	_
al	a/det	ES	O	_	_
1907	1907	N	O	_	_
.	.	XPS	O	_	_

In	in	E	O	_	_
maggio	maggio	SS	O	_	_
i	il	RP	O	_	_
democratici	democratico	SP	O	_	_
o	o	C	O	_	_
buona	buono	AS	O	_	_
parte	parte	SS	O	_	_
di	di	E	O	_	_
loro	loro	PP	O	_	_
levano	levare	VI	O	_	_
sugli	su/det	EP	O	_	_
scudi	scudo	SP	O	_	_
il	il	RS	O	_	_
socialista	socialista	SS	O	_	_
Avancini	avancini	SPN	PER	_	_
,	comma	XPW	O	_	_
ma	ma	C	O	_	_
in	in	E	O	_	_
dicembre	dicembre	SS	O	_	_
,	comma	XPW	O	_	_
alla	a/det	ES	O	_	_
vigilia	vigilia	SS	O	_	_
delle	di/det	EP	O	_	_
elezioni	elezione	SP	O	_	_
comunali	comunale	AP	O	_	_
,	comma	XPW	O	_	_
ai	a/det	EP	O	_	_
medesimi	medesimi	SP	O	_	_
«	«	XPO	O	_	_
compagni	compagno	SP	O	_	_
»	»	XPO	O	_	_
viene	venire	VIY	O	_	_
dato	dare	VSP	O	_	_
il	il	RS	O	_	_
bando	bando	SS	O	_	_
,	comma	XPW	O	_	_
perché	perché	C	O	_	_
antinazionali	antinazionale	AP	O	_	_
.	.	XPS	O	_	_

«	«	XPO	O	_	_
Il	il	RS	O	_	_
socialismo	socialismo	SS	O	_	_
trentino	trentino	AS	O	_	_
avverte	avvertire	VI	O	_	_
l’	il	RS	O	_	_
Alto	alto	SPN	GPE	46.65596895	11.22964387
Adige	adige	SPN	GPE	46.65596895	11.22964387
(	open_parenthesis	XPB	O	_	_
30	30	N	O	_	_
novembre	novembre	SS	O	_	_
)	close_parenthesis	XPB	O	_	_
–	–	XPO	O	_	_
si	rifl	PN	O	_	_
ispira	ispirare	VI	O	_	_
a	a	E	O	_	_
quelle	quello	DP	O	_	_
idee	idea	SP	O	_	_
sindacaliste	sindacaliste	AP	O	_	_
ed	ed	C	O	_	_
internazionalistiche	internazionalistico	AP	O	_	_
,	comma	XPW	O	_	_
alle	a/det	EP	O	_	_
quali	quale	PP	O	_	_
nessun	nessun	DS	O	_	_
trentino	trentino	SS	O	_	_
potrà	potere	VI	O	_	_
mai	mai	B	O	_	_
dare	dare	VF	O	_	_
quartiere	quartiere	SS	O	_	_
finché	finché	C	O	_	_
il	il	RS	O	_	_
terreno	terreno	SS	O	_	_
non	non	B	O	_	_
sia	essere	VI	O	_	_
completamente	completamente	B	O	_	_
sbarazzato	sbarazzare	VSP	O	_	_
da	da	E	O	_	_
tutte	tutto	DP	O	_	_
le	il	RP	O	_	_
piccole	piccolo	AP	O	_	_
e	e	C	O	_	_
grandi	grande	AP	O	_	_
insidie	insidia	SP	O	_	_
che	che	CCHE	O	_	_
minano	minare	VI	O	_	_
la	il	RS	O	_	_
nostra	nostro	DS	O	_	_
esistenza	esistenza	SS	O	_	_
nazionale	nazionale	AS	O	_	_
»	»	XPO	O	_	_
.	.	XPS	O	_	_

E	e	C	O	_	_
più	più	B	O	_	_
innanzi	innanzi	AS	O	_	_
,	comma	XPW	O	_	_
parlando	parlare	VG	O	_	_
della	di/det	ES	O	_	_
sovvenzionata	sovvenzionato	AS	O	_	_
Camera	camera	SS	O	_	_
del	di/det	ES	O	_	_
lavoro	lavoro	SS	O	_	_
:	:	XPS	O	_	_
neghisi	neghisi	SN	O	_	_
il	il	RS	O	_	_
voto	voto	SS	O	_	_
ad	ad	E	O	_	_
«	«	XPO	O	_	_
una	uno	RS	O	_	_
istituzione	istituzione	SS	O	_	_
che	che	CCHE	O	_	_
si	rifl	PN	O	_	_
apparta	appartare	VI	O	_	_
ostentativamente	ostentativamente	B	O	_	_
quando	quando	CADV	O	_	_
si	rifl	PN	O	_	_
tratta	trattare	VI	O	_	_
di	di	E	O	_	_
combattere	combattere	VF	O	_	_
i	il	RP	O	_	_
nemici	nemico	SP	O	_	_
della	di/det	ES	O	_	_
nostra	nostro	DS	O	_	_
patria	patria	SS	O	_	_
e	e	C	O	_	_
qualifica	qualifica	AS	O	_	_
come	come	CADV	O	_	_
gazzarra	gazzarra	VI	O	_	_
una	uno	RS	O	_	_
nobile	nobile	AS	O	_	_
lotta	lotta	SS	O	_	_
ingaggiata	ingaggiare	VSP	O	_	_
nel	in/det	ES	O	_	_
nome	nome	SS	O	_	_
del	di/det	ES	O	_	_
principio	principio	SS	O	_	_
di	di	E	O	_	_
nazionalità	nazionalità	SN	O	_	_
»	»	XPO	O	_	_
.	.	XPS	O	_	_

Tale	tale	DS	O	_	_
rottura	rottura	SS	O	_	_
coll’	coll’	AS	O	_	_
ala	ala	SS	O	_	_
socialista	socialista	AS	O	_	_
dell’	di/det	ES	O	_	_
antica	antico	AS	O	_	_
alleanza	alleanza	SS	O	_	_
parve	parere	VI	O	_	_
consigliare	consigliare	VF	O	_	_
uno	uno	RS	O	_	_
spostamento	spostamento	SS	O	_	_
verso	verso	E	O	_	_
destra	destra	SS	O	_	_
.	.	XPS	O	_	_

Ma	ma	C	O	_	_
i	il	RP	O	_	_
moderati	moderato	SP	O	_	_
,	comma	XPW	O	_	_
alle	a/det	EP	O	_	_
sollecitazioni	sollecitazione	SP	O	_	_
di	di	E	O	_	_
parecchi	parecchio	AP	O	_	_
di	di	E	O	_	_
ritornare	ritornare	VF	O	_	_
almeno	almeno	B	O	_	_
nel	in/det	ES	O	_	_
Consiglio	consiglio	SS	O	_	_
,	comma	XPW	O	_	_
risposero	rispondere	VI	O	_	_
con	con	E	O	_	_
un	uno	RS	O	_	_
diniego	diniego	SS	O	_	_
,	comma	XPW	O	_	_
osservando	osservare	VG	O	_	_
che	che	CCHE	O	_	_
il	il	RS	O	_	_
Consiglio	consiglio	SS	O	_	_
deve	dovere	VI	O	_	_
condividere	condividere	VF	O	_	_
le	il	RP	O	_	_
responsabilità	responsabilità	SN	O	_	_
della	di/det	ES	O	_	_
Giunta	giunta	SPN	O	_	_
dalle	da/det	EP	O	_	_
quali	quale	PP	O	_	_
i	il	RP	O	_	_
moderati	moderato	SP	O	_	_
rifuggono	rifuggire	VI	O	_	_
(	open_parenthesis	XPB	O	_	_
Unione	unione	SS	O	_	_
,	comma	XPW	O	_	_
14	14	N	O	_	_
novembre	novembre	SS	O	_	_
)	close_parenthesis	XPB	O	_	_
e	e	C	O	_	_
il	il	RS	O	_	_
barone	barone	SS	O	_	_
Salvotti	salvotti	SPN	PER	_	_
,	comma	XPW	O	_	_
al	a/det	ES	O	_	_
quale	quale	PS	O	_	_
si	rifl	PN	O	_	_
rinfacciava	rinfacciare	VI	O	_	_
un	uno	RS	O	_	_
trapasso	trapasso	SS	O	_	_
troppo	troppo	B	O	_	_
immediato	immediato	AS	O	_	_
dal	da/det	ES	O	_	_
Comitato	comitato	SS	O	_	_
Diocesano	diocesano	SPN	O	_	_
alla	a/det	ES	O	_	_
Lega	lega	SPN	O	_	_
democratica	democratico	AS	O	_	_
,	comma	XPW	O	_	_
si	rifl	PN	O	_	_
vantava	vantare	VI	O	_	_
ad	ad	E	O	_	_
elezioni	elezione	SP	O	_	_
fatte	fare	VPP	O	_	_
,	comma	XPW	O	_	_
d’	di	E	O	_	_
aver	avere	VFY	O	_	_
saputo	sapere	VSP	O	_	_
tener	tenere	VF	O	_	_
lontani	lontano	AP	O	_	_
dal	da/det	ES	O	_	_
Consiglio	consiglio	SS	O	_	_
comunale	comunale	AS	O	_	_
«	«	XPO	O	_	_
certi	certi	SP	O	_	_
faziosi	fazioso	AP	O	_	_
che	che	CCHE	O	_	_
avrebbero	avere	VIY	O	_	_
tirato	tirare	VSP	O	_	_
addosso	addossare	VI	O	_	_
al	a/det	ES	O	_	_
partito	partito	SS	O	_	_
democratico	democratico	AS	O	_	_
il	il	RS	O	_	_
rimprovero	rimprovero	SS	O	_	_
di	di	E	O	_	_
aver	avere	VFY	O	_	_
fatto	fare	VSP	O	_	_
un	uno	RS	O	_	_
passo	passo	SS	O	_	_
indietro	indietro	B	O	_	_
,	comma	XPW	O	_	_
con	con	E	O	_	_
grave	grave	AS	O	_	_
suo	suo	DS	O	_	_
danno	danno	SS	O	_	_
,	comma	XPW	O	_	_
relegando	relegare	VG	O	_	_
invece	invece	B	O	_	_
i	il	RP	O	_	_
moderati	moderato	SP	O	_	_
nell’	in/det	ES	O	_	_
abbandono	abbandono	SS	O	_	_
oblivioso	oblivioso	AS	O	_	_
in	in	E	O	_	_
cui	cui	PN	O	_	_
li	li	PP	O	_	_
ha	avere	VIY	O	_	_
lasciati	lasciare	VPP	O	_	_
la	il	RS	O	_	_
cittadinanza	cittadinanza	SS	O	_	_
trentina	trentino	AS	O	_	_
»	»	XPO	O	_	_
.	.	XPS	O	_	_

Caratteristico	caratteristico	SPN	O	_	_
è	essere	VI	O	_	_
il	il	RS	O	_	_
disinteresse	disinteresse	SS	O	_	_
,	comma	XPW	O	_	_
con	con	E	O	_	_
cui	cui	PN	O	_	_
si	rifl	PN	O	_	_
svolsero	svolgere	VI	O	_	_
queste	questo	DP	O	_	_
elezioni	elezione	SP	O	_	_
.	.	XPS	O	_	_

Si	rifl	PN	O	_	_
ha	avere	VIY	O	_	_
infatti	infatti	C	O	_	_
la	il	RS	O	_	_
seguente	seguente	SS	O	_	_
statistica	statistico	AS	O	_	_
:	:	XPS	O	_	_
III	iii	N	O	_	_
corpo	corpo	SS	O	_	_
:	:	XPS	O	_	_
elettori	elettore	SP	O	_	_
iscritti	iscrivere	VPP	O	_	_
1900	1900	N	O	_	_
,	comma	XPW	O	_	_
votanti	votante	SP	O	_	_
587	587	N	O	_	_
,	comma	XPW	O	_	_
cioè	cioe`	B	O	_	_
il	il	RS	O	_	_
30	30	N	O	_	_
%	%	XPO	O	_	_
;	semicolon	XPS	O	_	_

Il	il	RS	O	_	_
corpo	corpo	SS	O	_	_
:	:	XPS	O	_	_
elettori	elettore	SP	O	_	_
iscritti	iscrivere	VPP	O	_	_
595	595	N	O	_	_
,	comma	XPW	O	_	_
votanti	votante	SP	O	_	_
136	136	N	O	_	_
,	comma	XPW	O	_	_
cioè	cioe`	B	O	_	_
il	il	RS	O	_	_
24	24	N	O	_	_
%	%	XPO	O	_	_
;	semicolon	XPS	O	_	_

I	il	RP	O	_	_
corpo	corpo	SP	O	_	_
:	:	XPS	O	_	_
elettori	elettore	SP	O	_	_
iscritti	iscrivere	VPP	O	_	_
60	60	N	O	_	_
,	comma	XPW	O	_	_
votanti	votante	SP	O	_	_
13	13	N	O	_	_
,	comma	XPW	O	_	_
cioè	cioe`	B	O	_	_
il	il	RS	O	_	_
21	21	N	O	_	_
%	%	XPO	O	_	_
.	.	XPS	O	_	_

E	e	C	O	_	_
si	rifl	PN	O	_	_
noti	notare	VI	O	_	_
che	che	CCHE	O	_	_
fra	fra	E	O	_	_
i	il	RP	O	_	_
587	587	N	O	_	_
votanti	votante	SP	O	_	_
del	di/det	ES	O	_	_
III	iii	N	O	_	_
corpo	corpo	SS	O	_	_
sono	essere	VIY	O	_	_
comprese	comprendere	VPP	O	_	_
circa	circa	B	O	_	_
200	200	N	O	_	_
procure	procura	SP	O	_	_
"!"	esclamation_mark	XPS	O	_	_

Non	non	B	O	_	_
entra	entrare	VI	O	_	_
a	a	E	O	_	_
discutere	discutere	VF	O	_	_
la	il	RS	O	_	_
gestione	gestione	SS	O	_	_
finanziaria	finanziario	AS	O	_	_
dell’	di/det	ES	O	_	_
era	era	SS	O	_	_
democratica	democratico	AS	O	_	_
,	comma	XPW	O	_	_
non	non	B	O	_	_
intendendo	intendere	VG	O	_	_
oggi	oggi	B	O	_	_
il	il	RS	O	_	_
partito	partito	SS	O	_	_
di	di	E	O	_	_
presentare	presentare	VF	O	_	_
una	uno	RS	O	_	_
propria	propria	DS	O	_	_
lista	lista	SS	O	_	_
con	con	E	O	_	_
un	uno	RS	O	_	_
programma	programma	SS	O	_	_
economico	economico	AS	O	_	_
dettagliato	dettagliare	VSP	O	_	_
,	comma	XPW	O	_	_
ma	ma	C	O	_	_
fa	fare	VI	O	_	_
semplicemente	semplicemente	B	O	_	_
osservare	osservare	VF	O	_	_
che	che	CCHE	O	_	_
il	il	RS	O	_	_
partito	partito	SS	O	_	_
dominante	dominante	B	O	_	_
,	comma	XPW	O	_	_
in	in	E	O	_	_
5	5	N	O	_	_
anni	anno	SP	O	_	_
di	di	E	O	_	_
amministrazione	amministrazione	SS	O	_	_
,	comma	XPW	O	_	_
lasciando	lasciare	VG	O	_	_
da	da	E	O	_	_
parte	parte	SS	O	_	_
tutto	tutto	PS	O	_	_
il	il	RS	O	_	_
resto	resto	SS	O	_	_
è	essere	VIY	O	_	_
arrivato	arrivare	VSP	O	_	_
ad	ad	E	O	_	_
un	uno	RS	O	_	_
sorpasso	sorpasso	SS	O	_	_
di	di	E	O	_	_
un	uno	RS	O	_	_
milione128	milione128	YA	O	_	_
mila	mila	N	O	_	_
,	comma	XPW	O	_	_
ad	ad	E	O	_	_
un	uno	RS	O	_	_
nuovo	nuovo	AS	O	_	_
debito	debito	SS	O	_	_
di	di	E	O	_	_
un	uno	RS	O	_	_
milione	milione	SS	O	_	_
e	e	C	O	_	_
mezzo	mezzo	SS	O	_	_
e	e	C	O	_	_
quel	quel	PS	O	_	_
che	che	CCHE	O	_	_
è	essere	VI	O	_	_
peggio	peggio	B	O	_	_
ad	ad	E	O	_	_
un	uno	RS	O	_	_
deficit	deficit	SN	O	_	_
che	che	CCHE	O	_	_
risulta	risultare	VI	O	_	_
tutt’	tutt’	AS	O	_	_
altro	altro	PS	O	_	_
che	che	CCHE	O	_	_
provvisorio	provvisorio	AS	O	_	_
di	di	E	O	_	_
almeno	almeno	B	O	_	_
100	100	N	O	_	_
o	o	C	O	_	_
120	120	N	O	_	_
mila	mila	N	O	_	_
corone	corona	SP	O	_	_
annue	annuo	AP	O	_	_
,	comma	XPW	O	_	_
da	da	E	O	_	_
coprirsi	coprire/rifl	VF+E	O	_	_
con	con	E	O	_	_
nuovi	nuovo	AP	O	_	_
balzelli	balzello	SP	O	_	_
.	.	XPS	O	_	_

Ma	ma	C	O	_	_
forse	forse	B	O	_	_
è	essere	VI	O	_	_
migliore	migliore	AS	O	_	_
e	e	C	O	_	_
più	più	B	O	_	_
favorevole	favorevole	AS	O	_	_
il	il	RS	O	_	_
bilancio	bilancio	SS	O	_	_
morale	morale	AS	O	_	_
della	di/det	ES	O	_	_
era	era	SS	O	_	_
nuova	nuovo	AS	O	_	_
?	?	XPS	O	_	_

Non	non	B	O	_	_
vogliamo	volere	VI	O	_	_
dire	dire	VF	O	_	_
l’	il	RS	O	_	_
opinione	opinione	SS	O	_	_
nostra	nostro	AS	O	_	_
che	che	CCHE	O	_	_
potrebbe	potere	VI	O	_	_
parere	parere	SS	O	_	_
troppo	troppo	B	O	_	_
soggettiva	soggettivo	AS	O	_	_
.	.	XPS	O	_	_

Leggete	leggere	VI	O	_	_
Il	il	RS	O	_	_
Popolo	popolo	SS	O	_	_
di	di	E	O	_	_
giorni	giorno	SP	O	_	_
fa	fa	B	O	_	_
.	.	XPS	O	_	_

Si	rifl	PN	O	_	_
tratta	trattare	VI	O	_	_
degli	di/det	EP	O	_	_
alleati	alleato	SP	O	_	_
e	e	C	O	_	_
dei	di/det	EP	O	_	_
commilitoni	commilitone	SP	O	_	_
di	di	E	O	_	_
5	5	N	O	_	_
anni	anno	SP	O	_	_
or	or	B	O	_	_
sono	essere	VI	O	_	_
.	.	XPS	O	_	_

«	«	XPO	O	_	_
A	a	E	O	_	_
Trento	trento	SPN	GPE	46.0664228	11.1257601
–	–	XPO	O	_	_
stampa	stampare	VI	O	_	_
il	il	RS	O	_	_
foglio	foglio	SS	O	_	_
socialista	socialista	AS	O	_	_
–	–	XPO	O	_	_
c’	ci	B	O	_	_
è	essere	VI	O	_	_
un	uno	RS	O	_	_
Consiglio	consiglio	SS	O	_	_
comunale	comunale	AS	O	_	_
in	in	E	O	_	_
cui	cui	PN	O	_	_
prevalgono	prevalere	VI	O	_	_
i	il	RP	O	_	_
poltroni	poltrone	SP	O	_	_
,	comma	XPW	O	_	_
gli	il	RP	O	_	_
inerti	inerte	AP	O	_	_
,	comma	XPW	O	_	_
gli	il	RP	O	_	_
eterni	eterno	SP	O	_	_
muti	muto	AP	O	_	_
.	.	XPS	O	_	_

Non	non	B	O	_	_
discutiamo	discutere	VI	O	_	_
l’	il	RS	O	_	_
indirizzo	indirizzo	SS	O	_	_
(	open_parenthesis	XPB	O	_	_
qualche	qualche	DS	O	_	_
volta	volta	SS	O	_	_
si	rifl	PN	O	_	_
potrebbe	potere	VI	O	_	_
dire	dire	VF	O	_	_
il	il	RS	O	_	_
non-indirizzo	non-indirizzo	SS	O	_	_
)	close_parenthesis	XPB	O	_	_
del	di/det	ES	O	_	_
partito	partito	SS	O	_	_
che	che	CCHE	O	_	_
tiene	tenere	VI	O	_	_
le	il	RP	O	_	_
redini	redine	SP	O	_	_
del	di/det	ES	O	_	_
Comune	comune	SS	O	_	_
,	comma	XPW	O	_	_
constatiamo	constatare	VI	O	_	_
che	che	CCHE	O	_	_
fra	fra	E	O	_	_
i	il	RP	O	_	_
36	36	N	O	_	_
consiglieri	consigliere	SP	O	_	_
ci	ci	B	O	_	_
sono	essere	VI	O	_	_
troppe	troppe	DS	O	_	_
teste	testa	SP	O	_	_
vuote	vuoto	AP	O	_	_
,	comma	XPW	O	_	_
troppe	troppe	DS	O	_	_
animucce	animucce	SP	O	_	_
imbelli	imbelle	AP	O	_	_
,	comma	XPW	O	_	_
troppa	troppo	DS	O	_	_
gente	gente	SS	O	_	_
che	che	CCHE	O	_	_
tien	tien	VI	O	_	_
la	il	RS	O	_	_
carica	carica	SS	O	_	_
come	come	CADV	O	_	_
un	uno	RS	O	_	_
gingillo	gingillo	SS	O	_	_
.	.	XPS	O	_	_

Il	il	RS	O	_	_
Consiglio	consiglio	SS	O	_	_
comunale	comunale	AS	O	_	_
non	non	B	O	_	_
è	essere	VI	O	_	_
in	in	E	O	_	_
massima	massimo	AS	O	_	_
composto	composto	SS	O	_	_
dalle	da/det	EP	O	_	_
migliori	migliore	AP	O	_	_
forze	forza	SP	O	_	_
,	comma	XPW	O	_	_
non	non	B	O	_	_
diciamo	dire	VI	O	_	_
della	di/det	ES	O	_	_
città	città	SN	O	_	_
,	comma	XPW	O	_	_
ma	ma	C	O	_	_
neppure	neppure	B	O	_	_
del	di/det	ES	O	_	_
partito	partito	SS	O	_	_
dominante	dominante	B	O	_	_
.	.	XPS	O	_	_

A	a	E	O	_	_
Trento	trento	SPN	GPE	46.0664228	11.1257601
–	–	XPO	O	_	_
e	e	C	O	_	_
purtroppo	purtroppo	B	O	_	_
l’	il	RS	O	_	_
abitudine	abitudine	SS	O	_	_
è	essere	VI	O	_	_
antica	antico	AS	O	_	_
–	–	XPO	O	_	_
nel	in/det	ES	O	_	_
Consiglio	consiglio	SS	O	_	_
civico	civico	AS	O	_	_
per	per	E	O	_	_
un	uno	RS	O	_	_
consigliere	consigliere	SS	O	_	_
intelligente	intelligente	AS	O	_	_
ci	ci	B	O	_	_
sono	essere	VI	O	_	_
quattro	quattro	N	O	_	_
o	o	C	O	_	_
cinque	cinque	N	O	_	_
che	che	CCHE	O	_	_
si	rifl	PN	O	_	_
lasciano	lasciare	VI	O	_	_
tirare	tirare	VF	O	_	_
pel	pel	AS	O	_	_
filo	filo	SS	O	_	_
come	come	CADV	O	_	_
le	il	RP	O	_	_
marionette	marionetta	SP	O	_	_
.	.	XPS	O	_	_

Tutto	tutto	PS	O	_	_
quello	quello	PS	O	_	_
che	che	CCHE	O	_	_
sanno	sapere	VI	O	_	_
fare	fare	VF	O	_	_
due	due	N	O	_	_
terzi	terzo	SP	O	_	_
di	di	E	O	_	_
essi	essi	PP	O	_	_
è	essere	VI	O	_	_
–	–	XPO	O	_	_
quando	quando	CADV	O	_	_
lo	lo	PS	O	_	_
sanno	sapere	VI	O	_	_
–	–	XPO	O	_	_
votare	votare	VF	O	_	_
,	comma	XPW	O	_	_
secondo	secondo	E	O	_	_
gli	il	RP	O	_	_
ordini	ordine	SP	O	_	_
del	di/det	ES	O	_	_
padrone	padrone	SS	O	_	_
.	.	XPS	O	_	_

Le	il	RP	O	_	_
discussioni	discussione	SP	O	_	_
sono	essere	VIY	O	_	_
state	essere	VPPY	O	_	_
abolite	abolire	VPP	O	_	_
nel	in/det	ES	O	_	_
consesso	consesso	SS	O	_	_
di	di	E	O	_	_
Trento	trento	SPN	GPE	46.0664228	11.1257601
.	.	XPS	O	_	_

Tutt’	tutt’	SPN	O	_	_
al	a/det	ES	O	_	_
più	più	B	O	_	_
si	rifl	PN	O	_	_
fa	fare	VI	O	_	_
qualche	qualche	DS	O	_	_
discorsetto	discorsetto	SS	O	_	_
rettorico	rettorico	AS	O	_	_
–	–	XPO	O	_	_
da	da	E	O	_	_
qualcuno	qualcuno	PS	O	_	_
magari	magari	B	O	_	_
imparato	imparare	VSP	O	_	_
a	a	E	O	_	_
memoria	memoria	SS	O	_	_
sul	su/det	ES	O	_	_
manoscritto	manoscritto	SS	O	_	_
di	di	E	O	_	_
terzi	terzo	SP	O	_	_
–	–	XPO	O	_	_
o	o	C	O	_	_
un	uno	RS	O	_	_
po’	po’	PN	O	_	_
di	di	E	O	_	_
pettegolezzo	pettegolezzo	SS	O	_	_
sulle	su/det	EP	O	_	_
questioni	questione	SP	O	_	_
di	di	E	O	_	_
minor	minor	AS	O	_	_
importanza	importanza	SS	O	_	_
»	»	XPO	O	_	_
.	.	XPS	O	_	_

Ma	ma	C	O	_	_
non	non	B	O	_	_
migliore	migliore	AS	O	_	_
giudizio	giudizio	SS	O	_	_
ci	ci	B	O	_	_
pare	parere	VI	O	_	_
risulti	risulti	SP	O	_	_
dalla	da/det	ES	O	_	_
posizione	posizione	SS	O	_	_
che	che	CCHE	O	_	_
oggidì	oggidì	B	O	_	_
assume	assumere	VI	O	_	_
l’	il	RS	O	_	_
organo	organo	SS	O	_	_
municipale	municipale	AS	O	_	_
,	comma	XPW	O	_	_
l’	il	RS	O	_	_
Alto	alto	SPN	GPE	46.65596895	11.22964387
Adige	adige	SPN	GPE	46.65596895	11.22964387
.	.	XPS	O	_	_

Nella	in/det	ES	O	_	_
settimana	settimana	SS	O	_	_
testé	testé	AS	O	_	_
decorsa	decorso	AS	O	_	_
sono	essere	VIY	O	_	_
comparsi	comparire	VPP	O	_	_
tre	tre	N	O	_	_
articoli	articolo	SP	O	_	_
,	comma	XPW	O	_	_
che	che	CCHE	O	_	_
sembrano	sembrare	VI	O	_	_
scritti	scritto	SP	O	_	_
dalla	da/det	ES	O	_	_
Maddalena	maddalena	SPN	O	_	_
pentita	pentire	VSP	O	_	_
.	.	XPS	O	_	_

L’	il	RS	O	_	_
Alto	alto	SPN	GPE	46.65596895	11.22964387
Adige	adige	SPN	GPE	46.65596895	11.22964387
si	rifl	PN	O	_	_
rivolge	rivolgere	VI	O	_	_
a	a	E	O	_	_
quella	quello	PS	O	_	_
che	che	CCHE	O	_	_
un	uno	RS	O	_	_
tempo	tempo	SS	O	_	_
fu	essere	VIY	O	_	_
chiamata	chiamare	VSP	O	_	_
«	«	XPO	O	_	_
moderateria	moderateria	AS	O	_	_
»	»	XPO	O	_	_
e	e	C	O	_	_
:	:	XPS	O	_	_
taccian	taccian	VI	O	_	_
,	comma	XPW	O	_	_
pare	parere	VI	O	_	_
ripeta	ripeta	AS	O	_	_
.	.	XPS	O	_	_

Taccian	taccian	SPN	O	_	_
le	il	RP	O	_	_
accuse	accusa	SP	O	_	_
e	e	C	O	_	_
l’	il	RS	O	_	_
ombre	ombre	SS	O	_	_
del	di/det	ES	O	_	_
passato	passato	SS	O	_	_
Di	di	E	O	_	_
scambievoli	scambievoli	SP	O	_	_
orgogli	orgogli	AP	O	_	_
acerbi	acerbi	SP	O	_	_
frutti	frutti	AP	O	_	_
Tutti	tutto	PP	O	_	_
un	uno	RS	O	_	_
duro	duro	AS	O	_	_
letargo	letargo	SS	O	_	_
ha	avere	VIY	O	_	_
travagliato	travagliare	VSP	O	_	_
Errammo	errammo	SPN	PER	_	_
tutti	tutto	PP	O	_	_
.	.	XPS	O	_	_

Oggi	oggi	B	O	_	_
in	in	E	O	_	_
più	più	B	O	_	_
degna	degno	AS	O	_	_
gara	gara	SS	O	_	_
a	a	E	O	_	_
tutti	tutto	PP	O	_	_
giova	giovare	VI	O	_	_
Cessar	cessar	SPN	O	_	_
miseri	misero	AP	O	_	_
dubbi	dubbio	SP	O	_	_
e	e	C	O	_	_
detti	detto	SP	O	_	_
amari	amaro	AP	O	_	_
Al	a/det	ES	O	_	_
fiero	fiero	AS	O	_	_
incarco	incarco	SS	O	_	_
della	di/det	ES	O	_	_
vita	vita	SS	O	_	_
nuova	nuovo	AS	O	_	_
Nuovi	nuovi	SPN	O	_	_
del	di/det	ES	O	_	_
pari	pari	AN	O	_	_
.	.	XPS	O	_	_

Questa	questo	DS	O	_	_
volta	volta	SS	O	_	_
il	il	RS	O	_	_
«	«	XPO	O	_	_
fiero	fiero	AS	O	_	_
incarco	incarco	SS	O	_	_
»	»	XPO	O	_	_
sarebbe	essere	VI	O	_	_
naturalmente	naturalmente	B	O	_	_
quello	quello	PS	O	_	_
di	di	E	O	_	_
pagare	pagare	VF	O	_	_
i	il	RP	O	_	_
debiti	debito	SP	O	_	_
.	.	XPS	O	_	_

O	o	C	O	_	_
meglio	meglio	B	O	_	_
ancora	ancora	B	O	_	_
la	il	RS	O	_	_
posizione	posizione	SS	O	_	_
dell’	di/det	ES	O	_	_
«	«	XPO	O	_	_
Alto	alto	SPN	GPE	46.65596895	11.22964387
Adige	adige	SPN	GPE	46.65596895	11.22964387
»	»	XPO	O	_	_
ricorda	ricordare	VI	O	_	_
il	il	RS	O	_	_
«	«	XPO	O	_	_
Mira	mira	SPN	O	_	_
,	comma	XPW	O	_	_
o	o	C	O	_	_
Norma	norma	SPN	O	_	_
–	–	XPO	O	_	_
ai	a/det	EP	O	_	_
tuoi	tuo	DP	O	_	_
ginocchi	ginocchi	SP	O	_	_
questi	questo	DP	O	_	_
cari	caro	AP	O	_	_
pargoletti	pargoletto	SP	O	_	_
,	comma	XPW	O	_	_
Deh	deh	SPN	O	_	_
"!"	esclamation_mark	XPS	O	_	_

pietà	pietà	SN	O	_	_
.	.	XPS	O	_	_

.	.	XPS	O	_	_

.	.	XPS	O	_	_

»	»	XPO	O	_	_
.	.	XPS	O	_	_

Leggete	leggere	VI	O	_	_
infatti	infatti	C	O	_	_
gli	il	RP	O	_	_
articoli	articolo	SP	O	_	_
di	di	E	O	_	_
fondo	fondo	SS	O	_	_
sopralodati	sopralodati	VPP	O	_	_
,	comma	XPW	O	_	_
in	in	E	O	_	_
cui	cui	PN	O	_	_
si	rifl	PN	O	_	_
fa	fare	VI	O	_	_
appello	appello	SS	O	_	_
a	a	E	O	_	_
coloro	colui	PP	O	_	_
che	che	CCHE	O	_	_
«	«	XPO	O	_	_
per	per	E	O	_	_
ragioni	ragione	SP	O	_	_
di	di	E	O	_	_
coltura	coltura	SS	O	_	_
,	comma	XPW	O	_	_
di	di	E	O	_	_
censo	censo	SS	O	_	_
e	e	C	O	_	_
di	di	E	O	_	_
aspirazione	aspirazione	SS	O	_	_
dovrebbero	dovere	VI	O	_	_
dare	dare	VF	O	_	_
l’	il	RS	O	_	_
indirizzo	indirizzo	SS	O	_	_
nel	in/det	ES	O	_	_
seno	seno	SS	O	_	_
del	di/det	ES	O	_	_
partito	partito	SS	O	_	_
liberale	liberale	AS	O	_	_
»	»	XPO	O	_	_
e	e	C	O	_	_
si	rifl	PN	O	_	_
parla	parlare	VI	O	_	_
della	di/det	ES	O	_	_
necessità	necessità	SN	O	_	_
di	di	E	O	_	_
richiamare	richiamare	VF	O	_	_
in	in	E	O	_	_
consiglio	consiglio	SS	O	_	_
i	il	RP	O	_	_
moderati	moderato	SP	O	_	_
per	per	E	O	_	_
dargli	dare/pro	VF+E	O	_	_
l’	il	RS	O	_	_
autorità	autorità	SN	O	_	_
ed	ed	C	O	_	_
il	il	RS	O	_	_
valore	valore	SS	O	_	_
voluto	volere	VSP	O	_	_
dal	da/det	ES	O	_	_
momento	momento	SS	O	_	_
attuale	attuale	AS	O	_	_
.	.	XPS	O	_	_

Bel	bello	SPN	O	_	_
complimento	complimento	SS	O	_	_
ai	a/det	EP	O	_	_
consiglieri	consigliere	SP	O	_	_
d’	di	E	O	_	_
oggi	oggi	B	O	_	_
"!"	esclamation_mark	XPS	O	_	_

La	il	RS	O	_	_
finale	finale	SS	O	_	_
poi	poi	B	O	_	_
è	essere	VI	O	_	_
commovente	commovente	AS	O	_	_
come	come	CADV	O	_	_
quella	quello	PS	O	_	_
dei	di/det	EP	O	_	_
drammi	dramma	SP	O	_	_
degli	di/det	EP	O	_	_
oratori	oratorio	SP	O	_	_
.	.	XPS	O	_	_

È	essere	VI	O	_	_
un	uno	RS	O	_	_
inno	inno	SS	O	_	_
alla	a/det	ES	O	_	_
«	«	XPO	O	_	_
nuova	nuovo	AS	O	_	_
era	essere	VI	O	_	_
di	di	E	O	_	_
pace	pace	SS	O	_	_
e	e	C	O	_	_
di	di	E	O	_	_
lavoro	lavoro	SS	O	_	_
concorde	concorde	AS	O	_	_
,	comma	XPW	O	_	_
la	il	RS	O	_	_
quale	quale	PS	O	_	_
sarà	essere	VI	O	_	_
apportatrice	apportatrice	SS	O	_	_
di	di	E	O	_	_
nuovi	nuovo	AP	O	_	_
benefici	beneficio	SP	O	_	_
alla	a/det	ES	O	_	_
nostra	nostro	DS	O	_	_
città	città	SN	O	_	_
diletta	diletto	AS	O	_	_
»	»	XPO	O	_	_
ed	ed	C	O	_	_
un	uno	RS	O	_	_
sacro	sacro	AS	O	_	_
giuro	giuro	SS	O	_	_
di	di	E	O	_	_
voler	volere	VF	O	_	_
collaborare	collaborare	VF	O	_	_
«	«	XPO	O	_	_
all’	a/det	ES	O	_	_
opera	opera	SS	O	_	_
benedetta	benedetto	AS	O	_	_
della	di/det	ES	O	_	_
concordia	concordia	SS	O	_	_
cittadina	cittadino	AS	O	_	_
»	»	XPO	O	_	_
.	.	XPS	O	_	_

In	in	E	O	_	_
tale	tale	DS	O	_	_
lacrimevole	lacrimevole	SP	O	_	_
ed	ed	C	O	_	_
umile	umile	AS	O	_	_
intonazione	intonazione	SS	O	_	_
dunque	dunque	C	O	_	_
doveva	dovere	VI	O	_	_
finire	finire	VF	O	_	_
dopo	dopo	E	O	_	_
un	uno	RS	O	_	_
lustro	lustro	SS	O	_	_
appena	appena	B	O	_	_
la	il	RS	O	_	_
fanfara	fanfara	SS	O	_	_
di	di	E	O	_	_
guerra	guerra	SS	O	_	_
della	di/det	ES	O	_	_
democrazia	democrazia	SS	O	_	_
liberale	liberale	AS	O	_	_
?	?	XPS	O	_	_

Ma	ma	C	O	_	_
a	a	E	O	_	_
noi	noi	PP	O	_	_
poco	poco	B	O	_	_
importa	importare	VI	O	_	_
se	se	C	O	_	_
dinanzi	dinanzi	B	O	_	_
a	a	E	O	_	_
tale	tale	DS	O	_	_
compunzione	compunzione	SS	O	_	_
–	–	XPO	O	_	_
dice	dire	VI	O	_	_
qui	qui	B	O	_	_
il	il	RS	O	_	_
relatore	relatore	SS	O	_	_
–	–	XPO	O	_	_
Norma	norma	SPN	O	_	_
s’	s’	PN	O	_	_
impietosirà	impietosire	VI	O	_	_
o	o	C	O	_	_
meno	meno	B	O	_	_
e	e	C	O	_	_
se	se	C	O	_	_
i	il	RP	O	_	_
moderati	moderato	SP	O	_	_
si	rifl	PN	O	_	_
sobbarcheranno	sobbarcare	VI	O	_	_
al	a/det	ES	O	_	_
nuovo	nuovo	AS	O	_	_
«	«	XPO	O	_	_
fiero	fiero	AS	O	_	_
incarco	incarco	SS	O	_	_
»	»	XPO	O	_	_
,	comma	XPW	O	_	_
a	a	E	O	_	_
noi	noi	PP	O	_	_
importa	importare	VI	O	_	_
rilevare	rilevare	VF	O	_	_
con	con	E	O	_	_
quali	quale	DP	O	_	_
intenti	intento	SP	O	_	_
si	rifl	PN	O	_	_
tenta	tentare	VI	O	_	_
la	il	RS	O	_	_
concentrazione	concentrazione	SS	O	_	_
delle	di/det	EP	O	_	_
forze	forza	SP	O	_	_
liberali	liberale	AP	O	_	_
rispetto	rispetto	SS	O	_	_
al	a/det	ES	O	_	_
nostro	nostro	DS	O	_	_
partito	partito	SS	O	_	_
,	comma	XPW	O	_	_
l’	il	RS	O	_	_
«	«	XPO	O	_	_
Alto	alto	SPN	GPE	46.65596895	11.22964387
Adige	adige	SPN	GPE	46.65596895	11.22964387
»	»	XPO	O	_	_
non	non	B	O	_	_
vi	vi	B	O	_	_
lascia	lasciare	VI	O	_	_
in	in	E	O	_	_
dubbio	dubbio	SS	O	_	_
.	.	XPS	O	_	_

La	il	RS	O	_	_
preoccupazione	preoccupazione	SS	O	_	_
prima	primo	AS	O	_	_
è	essere	VI	O	_	_
sempre	sempre	B	O	_	_
quella	quello	PS	O	_	_
che	che	CCHE	O	_	_
i	il	RP	O	_	_
clericali	clericale	SP	O	_	_
non	non	B	O	_	_
entrino	entrare	VI	O	_	_
in	in	E	O	_	_
Municipio	municipio	SS	O	_	_
.	.	XPS	O	_	_

«	«	XPO	O	_	_
Teniamo	tenere	VI	O	_	_
le	il	RP	O	_	_
polveri	polvere	SP	O	_	_
asciutte	asciutto	AP	O	_	_
"!"	esclamation_mark	XPS	O	_	_

»	»	XPO	O	_	_
avverte	avvertire	VI	O	_	_
l’	il	RS	O	_	_
«	«	XPO	O	_	_
Alto	alto	SPN	GPE	46.65596895	11.22964387
Adige	adige	SPN	GPE	46.65596895	11.22964387
»	»	XPO	O	_	_
:	:	XPS	O	_	_
non	non	B	O	_	_
si	rifl	PN	O	_	_
sa	sapere	VI	O	_	_
mai	mai	B	O	_	_
"!"	esclamation_mark	XPS	O	_	_

Per	per	E	O	_	_
questo	questo	DS	O	_	_
sforzo	sforzo	SS	O	_	_
anticlericale	anticlericale	AS	O	_	_
,	comma	XPW	O	_	_
per	per	E	O	_	_
questo	questo	DS	O	_	_
bando	bando	SS	O	_	_
da	da	E	O	_	_
mantenersi	mantenere/rifl	VF+E	O	_	_
ad	ad	E	O	_	_
ogni	ogni	DS	O	_	_
costo	costo	SS	O	_	_
contro	contro	B	O	_	_
i	il	RP	O	_	_
nostri	nostro	DP	O	_	_
aderenti	aderente	SP	O	_	_
,	comma	XPW	O	_	_
invano	invano	B	O	_	_
cercherete	cercare	VI	O	_	_
ragioni	ragione	SP	O	_	_
plausibili	plausibile	AP	O	_	_
.	.	XPS	O	_	_

Forse	forse	B	O	_	_
che	che	CCHE	O	_	_
siamo	essere	VI	O	_	_
un	uno	RS	O	_	_
manipolo	manipolo	SS	O	_	_
trascurabile	trascurabile	AS	O	_	_
?	?	XPS	O	_	_

Le	il	RP	O	_	_
elezioni	elezione	SP	O	_	_
parlamentari	parlamentare	AP	O	_	_
del	di/det	ES	O	_	_
maggio	maggio	SS	O	_	_
1907	1907	N	O	_	_
hanno	avere	VIY	O	_	_
dato	dare	VSP	O	_	_
960	960	N	O	_	_
voti	voto	SP	O	_	_
a	a	E	O	_	_
noi	noi	PP	O	_	_
e	e	C	O	_	_
934	934	N	O	_	_
ai	a/det	EP	O	_	_
liberali	liberale	SP	O	_	_
.	.	XPS	O	_	_

Forse	forse	B	O	_	_
che	che	CCHE	O	_	_
non	non	B	O	_	_
paghiamo	pagare	VI	O	_	_
imposte	imposta	SP	O	_	_
in	in	E	O	_	_
misura	misura	SS	O	_	_
ragguardevole	ragguardevole	AS	O	_	_
?	?	XPS	O	_	_

Si	rifl	PN	O	_	_
pensi	pensare	VI	O	_	_
solo	solo	B	O	_	_
a	a	E	O	_	_
quello	quello	PS	O	_	_
che	che	CCHE	O	_	_
pagano	pagare	VI	O	_	_
le	il	RP	O	_	_
istituzioni	istituzione	SP	O	_	_
centrali	centrale	AP	O	_	_
del	di/det	ES	O	_	_
nostro	nostro	DS	O	_	_
movimento	movimento	SS	O	_	_
.	.	XPS	O	_	_

A	a	E	O	_	_
mo	mo	B	O	_	_
d’	di	E	O	_	_
esempio	esempio	SS	O	_	_
la	il	RS	O	_	_
Banca	banca	SPN	O	_	_
cattolica	cattolico	AS	O	_	_
di	di	E	O	_	_
tasse	tassa	SP	O	_	_
comunali	comunale	AP	O	_	_
paga	pagare	VI	O	_	_
20.700	20.700	N	O	_	_
.	.	XPS	O	_	_

16	16	N	O	_	_
corone	corona	SP	O	_	_
annue	annuo	AP	O	_	_
,	comma	XPW	O	_	_
la	il	RS	O	_	_
Banca	banca	SS	O	_	_
Industriale	industriale	AS	O	_	_
,	comma	XPW	O	_	_
il	il	RS	O	_	_
cui	cui	PN	O	_	_
capitale	capitale	SS	O	_	_
è	essere	VI	O	_	_
anche	anche	C	O	_	_
in	in	E	O	_	_
gran	grande	AS	O	_	_
parte	parte	SS	O	_	_
dei	di/det	EP	O	_	_
nostri	nostro	DP	O	_	_
consenzienti	consenzienti	SP	O	_	_
,	comma	XPW	O	_	_
paga	pagare	VI	O	_	_
21.489	21.489	N	O	_	_
.	.	XPS	O	_	_

79	79	N	O	_	_
.	.	XPS	O	_	_

Forse	forse	B	O	_	_
che	che	CCHE	O	_	_
i	il	RP	O	_	_
deputati	deputato	SP	O	_	_
del	di/det	ES	O	_	_
nostro	nostro	DS	O	_	_
partito	partito	SS	O	_	_
combattono	combattere	VI	O	_	_
gli	il	RP	O	_	_
interessi	interesse	SP	O	_	_
di	di	E	O	_	_
Trento	trento	SPN	GPE	46.0664228	11.1257601
?	?	XPS	O	_	_

O	o	C	O	_	_
non	non	B	O	_	_
è	essere	VI	O	_	_
vero	vero	AS	O	_	_
invece	invece	C	O	_	_
che	che	CCHE	O	_	_
in	in	E	O	_	_
molti	molto	DP	O	_	_
problemi	problema	SP	O	_	_
di	di	E	O	_	_
capitale	capitale	SS	O	_	_
importanza	importanza	SS	O	_	_
per	per	E	O	_	_
la	il	RS	O	_	_
città	città	SN	O	_	_
,	comma	XPW	O	_	_
l’	il	RS	O	_	_
opera	opera	SS	O	_	_
dei	di/det	EP	O	_	_
deputati	deputato	SP	O	_	_
popolari	popolare	AP	O	_	_
è	essere	VIY	O	_	_
ricercata	ricercare	VSP	O	_	_
e	e	C	O	_	_
largamente	largamente	B	O	_	_
data	dare	VSP	O	_	_
?	?	XPS	O	_	_

Nessuna	nessun	DS	O	_	_
ragione	ragione	SS	O	_	_
oggettiva	oggettivo	AS	O	_	_
quindi	quindi	C	O	_	_
,	comma	XPW	O	_	_
ma	ma	C	O	_	_
solo	solo	B	O	_	_
lo	il	RS	O	_	_
spirito	spirito	SS	O	_	_
di	di	E	O	_	_
fazione	fazione	SS	O	_	_
cagionano	cagionare	VI	O	_	_
l’	il	RS	O	_	_
ostracismo	ostracismo	SS	O	_	_
che	che	CCHE	O	_	_
si	rifl	PN	O	_	_
vuole	volere	VI	O	_	_
a	a	E	O	_	_
qualunque	qualunque	DS	O	_	_
costo	costo	SS	O	_	_
mantenere	mantenere	VF	O	_	_
contro	contro	E	O	_	_
di	di	E	O	_	_
noi	noi	PP	O	_	_
.	.	XPS	O	_	_

Di	di	E	O	_	_
fronte	fronte	SS	O	_	_
a	a	E	O	_	_
che	che	CCHE	O	_	_
noi	noi	PP	O	_	_
non	non	B	O	_	_
ci	ci	PP	O	_	_
inchiniamo	inchinare	VI	O	_	_
per	per	E	O	_	_
chiedere	chiedere	VF	O	_	_
delle	di/det	EP	O	_	_
concessioni	concessione	SP	O	_	_
,	comma	XPW	O	_	_
ma	ma	C	O	_	_
domandiamo	domandare	VI	O	_	_
ad	ad	E	O	_	_
alta	alto	AS	O	_	_
voce	voce	SS	O	_	_
il	il	RS	O	_	_
nostro	nostro	DS	O	_	_
diritto	diritto	SS	O	_	_
.	.	XPS	O	_	_

Diritto	diritto	SS	O	_	_
che	che	CCHE	O	_	_
si	rifl	PN	O	_	_
risolve	risolvere	VI	O	_	_
in	in	E	O	_	_
una	uno	RS	O	_	_
protesta	protesta	SS	O	_	_
contro	contro	E	O	_	_
un	uno	RS	O	_	_
sistema	sistema	SS	O	_	_
elettorale	elettorale	AS	O	_	_
che	che	CCHE	O	_	_
dà	dare	VI	O	_	_
mandato	mandato	AS	O	_	_
assoluto	assoluto	SS	O	_	_
ad	ad	E	O	_	_
una	uno	RS	O	_	_
minoranza	minoranza	SS	O	_	_
d’	di	E	O	_	_
imporre	imporre	VF	O	_	_
balzelli	balzello	SP	O	_	_
sulla	su/det	ES	O	_	_
maggioranza	maggioranza	SS	O	_	_
.	.	XPS	O	_	_

E	e	C	O	_	_
qui	qui	B	O	_	_
il	il	RS	O	_	_
relatore	relatore	SS	O	_	_
si	rifl	PN	O	_	_
diffonde	diffondere	VI	O	_	_
a	a	E	O	_	_
spiegare	spiegare	VF	O	_	_
il	il	RS	O	_	_
vigente	vigente	AS	O	_	_
sistema	sistema	SS	O	_	_
che	che	CCHE	O	_	_
risale	risalire	VI	O	_	_
al	a/det	ES	O	_	_
1889	1889	N	O	_	_
e	e	C	O	_	_
la	il	RS	O	_	_
riforma	riforma	SS	O	_	_
votata	votare	VSP	O	_	_
per	per	E	O	_	_
l’	il	RS	O	_	_
ultima	ultimo	AS	O	_	_
volta	volta	SS	O	_	_
nel	in/det	ES	O	_	_
Consiglio	consiglio	SS	O	_	_
comunale	comunale	AS	O	_	_
ai	a/det	EP	O	_	_
3	3	N	O	_	_
settembre	settembre	SS	O	_	_
1903	1903	N	O	_	_
,	comma	XPW	O	_	_
e	e	C	O	_	_
che	che	CCHE	O	_	_
ora	ora	B	O	_	_
è	essere	VI	O	_	_
in	in	E	O	_	_
Dieta	dieta	SPN	O	_	_
,	comma	XPW	O	_	_
aspettando	aspettare	VG	O	_	_
l’	il	RS	O	_	_
approvazione	approvazione	SS	O	_	_
della	di/det	ES	O	_	_
rappresentanza	rappresentanza	SS	O	_	_
provinciale	provinciale	AS	O	_	_
.	.	XPS	O	_	_

La	il	RS	O	_	_
riforma	riforma	SS	O	_	_
introduce	introdurre	VI	O	_	_
un	uno	RS	O	_	_
quarto	quarto	AS	O	_	_
corpo	corpo	SS	O	_	_
coi	con/det	EP	O	_	_
caratteri	carattere	SP	O	_	_
della	di/det	ES	O	_	_
vecchia	vecchio	AS	O	_	_
quinta	quinto	AS	O	_	_
curia	curia	SS	O	_	_
parlamentare	parlamentare	AS	O	_	_
.	.	XPS	O	_	_

Noi	noi	PP	O	_	_
temiamo	temere	VI	O	_	_
però	però	C	O	_	_
che	che	CCHE	O	_	_
anche	anche	C	O	_	_
con	con	E	O	_	_
tale	tale	DS	O	_	_
riforma	riforma	SS	O	_	_
con	con	E	O	_	_
pretesti	pretesto	SP	O	_	_
anticlericali	anticlericale	AP	O	_	_
si	rifl	PN	O	_	_
riesca	riuscire	VI	O	_	_
ad	ad	E	O	_	_
escludere	escludere	VF	O	_	_
dal	da/det	ES	O	_	_
Municipio	municipio	SS	O	_	_
il	il	RS	O	_	_
nostro	nostro	DS	O	_	_
partito	partito	SS	O	_	_
,	comma	XPW	O	_	_
non	non	B	O	_	_
per	per	E	O	_	_
la	il	RS	O	_	_
forza	forza	SS	O	_	_
dei	di/det	EP	O	_	_
nostri	nostro	DP	O	_	_
avversari	avversario	SP	O	_	_
presi	prendere	VPP	O	_	_
a	a	E	O	_	_
sé	sé	PN	O	_	_
,	comma	XPW	O	_	_
ma	ma	C	O	_	_
per	per	E	O	_	_
le	il	RP	O	_	_
coalizioni	coalizione	SP	O	_	_
che	che	CCHE	O	_	_
si	rifl	PN	O	_	_
formeranno	formare	VI	O	_	_
in	in	E	O	_	_
odio	odio	SS	O	_	_
contro	contro	E	O	_	_
di	di	E	O	_	_
noi	noi	PP	O	_	_
.	.	XPS	O	_	_

Chiediamo	chiedere	VI	O	_	_
quindi	quindi	C	O	_	_
che	che	CCHE	O	_	_
il	il	RS	O	_	_
nuovo	nuovo	AS	O	_	_
sistema	sistema	SS	O	_	_
permetta	permettere	VI	O	_	_
la	il	RS	O	_	_
rappresentanza	rappresentanza	SS	O	_	_
delle	di/det	EP	O	_	_
maggioranze	maggioranza	SP	O	_	_
.	.	XPS	O	_	_

In	in	E	O	_	_
Italia	italia	SPN	GPE	42.6384261	12.674297
l’	il	RS	O	_	_
articolo	articolo	SS	O	_	_
74	74	N	O	_	_
della	di/det	ES	O	_	_
legge	legge	SS	O	_	_
4	4	N	O	_	_
maggio	maggio	SS	O	_	_
1898	1898	N	O	_	_
prescrive	prescrivere	VI	O	_	_
che	che	CCHE	O	_	_
«	«	XPO	O	_	_
ciascun	ciascuno	AS	O	_	_
elettore	elettore	SS	O	_	_
ha	avere	VIY	O	_	_
diritto	diritto	VSP	O	_	_
di	di	E	O	_	_
scrivere	scrivere	VF	O	_	_
sulla	su/det	ES	O	_	_
scheda	scheda	SS	O	_	_
tanti	tanto	DP	O	_	_
nomi	noma	SP	O	_	_
quanti	quanto	QNP	O	_	_
sono	essere	VI	O	_	_
i	il	RP	O	_	_
consiglieri	consigliere	SP	O	_	_
da	da	E	O	_	_
eleggere	eleggere	VF	O	_	_
,	comma	XPW	O	_	_
quando	quando	CADV	O	_	_
se	rifl	PN	O	_	_
ne	ne	PN	O	_	_
devono	dovere	VI	O	_	_
eleggere	eleggere	VF	O	_	_
almeno	almeno	B	O	_	_
cinque	cinque	N	O	_	_
.	.	XPS	O	_	_

Quando	quando	CADV	O	_	_
il	il	RS	O	_	_
numero	numero	SS	O	_	_
dei	di/det	EP	O	_	_
consiglieri	consigliere	SP	O	_	_
da	da	E	O	_	_
eleggere	eleggere	VF	O	_	_
è	essere	VI	O	_	_
di	di	E	O	_	_
cinque	cinque	N	O	_	_
o	o	C	O	_	_
più	più	B	O	_	_
,	comma	XPW	O	_	_
ciascun	ciascuno	AS	O	_	_
elettore	elettore	SS	O	_	_
ha	avere	VIY	O	_	_
diritto	diritto	VSP	O	_	_
di	di	E	O	_	_
votare	votare	VF	O	_	_
pel	pel	SS	O	_	_
numero	numero	SS	O	_	_
intero	intero	AS	O	_	_
immediatamente	immediatamente	B	O	_	_
superiore	superiore	AS	O	_	_
ai	a/det	EP	O	_	_
quattro	quattro	N	O	_	_
quinti	quinto	SP	O	_	_
»	»	XPO	O	_	_
.	.	XPS	O	_	_

In	in	E	O	_	_
tal	tale	SS	O	_	_
maniera	manierare	VI	O	_	_
un	uno	RS	O	_	_
quinto	quinto	SS	O	_	_
di	di	E	O	_	_
eletti	eletto	SP	O	_	_
apparterrà	appartenere	VI	O	_	_
ad	ad	E	O	_	_
un	uno	RS	O	_	_
partito	partito	SS	O	_	_
di	di	E	O	_	_
minoranza	minoranza	SS	O	_	_
.	.	XPS	O	_	_

Ma	ma	C	O	_	_
più	più	B	O	_	_
equo	equo	AS	O	_	_
e	e	C	O	_	_
più	più	B	O	_	_
sicuro	sicuro	AS	O	_	_
è	essere	VI	O	_	_
il	il	RS	O	_	_
sistema	sistema	SS	O	_	_
proporzionale	proporzionale	AS	O	_	_
.	.	XPS	O	_	_

L’	il	RS	O	_	_
oratore	oratore	SS	O	_	_
descrive	descrivere	VI	O	_	_
la	il	RS	O	_	_
marcia	marcia	SS	O	_	_
del	di/det	ES	O	_	_
principio	principio	SS	O	_	_
proporzionale	proporzionale	AS	O	_	_
nei	in/det	EP	O	_	_
corpi	corpo	SP	O	_	_
rappresentativi	rappresentativo	AP	O	_	_
politici	politico	AP	O	_	_
,	comma	XPW	O	_	_
dove	dove	CADV	O	_	_
però	però	C	O	_	_
è	essere	VI	O	_	_
ancora	ancora	B	O	_	_
discutibile	discutibile	AS	O	_	_
se	se	C	O	_	_
sia	essere	VI	O	_	_
da	da	E	O	_	_
preferirsi	preferire/rifl	VF+E	O	_	_
un	uno	RS	O	_	_
grande	grande	AS	O	_	_
frazionamento	frazionamento	SS	O	_	_
di	di	E	O	_	_
partiti	partito	SP	O	_	_
alla	a/det	ES	O	_	_
base	base	SS	O	_	_
sicura	sicuro	AS	O	_	_
di	di	E	O	_	_
Governo	governo	SS	O	_	_
che	che	CCHE	O	_	_
dà	dare	VI	O	_	_
una	uno	RS	O	_	_
forte	forte	AS	O	_	_
maggioranza	maggioranza	SS	O	_	_
.	.	XPS	O	_	_

Ma	ma	C	O	_	_
certamente	certamente	B	O	_	_
accettabile	accettabile	AS	O	_	_
è	essere	VI	O	_	_
la	il	RS	O	_	_
proporzionale	proporzionale	AS	O	_	_
per	per	E	O	_	_
i	il	RP	O	_	_
corpi	corpo	SP	O	_	_
amministrativi	amministrativo	AP	O	_	_
.	.	XPS	O	_	_

Essa	essa	PS	O	_	_
fu	essere	VI	O	_	_
introdotta	introdotto	AS	O	_	_
anche	anche	C	O	_	_
recentemente	recentemente	B	O	_	_
in	in	E	O	_	_
Baviera	baviera	SPN	GPE	48.9467562	11.4038717
,	comma	XPW	O	_	_
in	in	E	O	_	_
parecchie	parecchio	AP	O	_	_
città	città	SN	O	_	_
austriache	austriaco	AP	O	_	_
e	e	C	O	_	_
in	in	E	O	_	_
tutte	tutto	DP	O	_	_
le	il	RP	O	_	_
città	città	SN	O	_	_
del	di/det	ES	O	_	_
Vorarlberg	vorarlberg	SPN	O	_	_
che	che	CCHE	O	_	_
ha	avere	VIY	O	_	_
copiato	copiare	VSP	O	_	_
il	il	RS	O	_	_
sistema	sistema	SS	O	_	_
dalla	da/det	ES	O	_	_
vicina	vicino	AS	O	_	_
Svizzera	svizzera	SPN	GPE	46.7985624	8.2319736
.	.	XPS	O	_	_

Nel	in/det	ES	O	_	_
Vorarlberg	vorarlberg	SPN	GPE	47.25	9.9166667
vige	vigere	VI	O	_	_
il	il	RS	O	_	_
sistema	sistema	SS	O	_	_
della	di/det	ES	O	_	_
lista	lista	SS	O	_	_
obbligata	obbligare	VSP	O	_	_
.	.	XPS	O	_	_

I	il	RP	O	_	_
partiti	partito	SP	O	_	_
cioè	cioe`	B	O	_	_
devono	dovere	VI	O	_	_
presentare	presentare	VF	O	_	_
14	14	N	O	_	_
giorni	giorno	SP	O	_	_
prima	prima	B	O	_	_
al	a/det	ES	O	_	_
magistrato	magistrato	SS	O	_	_
la	il	RS	O	_	_
lista	lista	SS	O	_	_
dei	di/det	EP	O	_	_
propri	proprio	DP	O	_	_
candidati	candidato	SP	O	_	_
.	.	XPS	O	_	_

Il	il	RS	O	_	_
magistrato	magistrato	SS	O	_	_
esamina	esaminare	VI	O	_	_
le	il	RP	O	_	_
liste	lista	SP	O	_	_
e	e	C	O	_	_
se	se	C	O	_	_
qualche	qualche	DS	O	_	_
candidato	candidato	SS	O	_	_
è	essere	VIY	O	_	_
contenuto	contenere	VSP	O	_	_
in	in	E	O	_	_
più	più	B	O	_	_
liste	lista	SP	O	_	_
,	comma	XPW	O	_	_
gli	gli	PS	O	_	_
chiede	chiedere	VI	O	_	_
se	se	C	O	_	_
a	a	E	O	_	_
ciò	ciò`	PS	O	_	_
ha	avere	VIY	O	_	_
dato	dare	VSP	O	_	_
il	il	RS	O	_	_
suo	suo	DS	O	_	_
assenso	assenso	SS	O	_	_
o	o	C	O	_	_
meno	meno	B	O	_	_
:	:	XPS	O	_	_
in	in	E	O	_	_
caso	caso	SS	O	_	_
negativo	negativo	AS	O	_	_
il	il	RS	O	_	_
suo	suo	DS	O	_	_
nome	nome	SS	O	_	_
viene	venire	VIY	O	_	_
cancellato	cancellare	VSP	O	_	_
dalla	da/det	ES	O	_	_
lista	lista	SS	O	_	_
che	che	CCHE	O	_	_
egli	egli	PS	O	_	_
non	non	B	O	_	_
accetta	accettare	VI	O	_	_
.	.	XPS	O	_	_

Poi	poi	B	O	_	_
sei	sei	N	O	_	_
giorni	giorno	SP	O	_	_
prima	prima	B	O	_	_
delle	di/det	EP	O	_	_
elezioni	elezione	SP	O	_	_
,	comma	XPW	O	_	_
le	il	RP	O	_	_
liste	lista	SP	O	_	_
vengono	venire	VIY	O	_	_
pubblicate	pubblicare	VPP	O	_	_
come	come	CADV	O	_	_
liste	lista	SP	O	_	_
riconosciute	riconoscere	VPP	O	_	_
.	.	XPS	O	_	_

Nel	in/det	ES	O	_	_
giorno	giorno	SS	O	_	_
elettorale	elettorale	AS	O	_	_
gli	il	RP	O	_	_
elettori	elettore	SP	O	_	_
,	comma	XPW	O	_	_
se	se	C	O	_	_
vogliono	volere	VI	O	_	_
che	che	CCHE	O	_	_
il	il	RS	O	_	_
loro	loro	DP	O	_	_
voto	voto	SS	O	_	_
abbia	avere	VI	O	_	_
un	uno	RS	O	_	_
valore	valore	SS	O	_	_
effettivo	effettivo	AS	O	_	_
,	comma	XPW	O	_	_
devono	dovere	VI	O	_	_
darlo	dare/pro	VF+E	O	_	_
ad	ad	E	O	_	_
una	uno	RS	O	_	_
delle	di/det	EP	O	_	_
liste	lista	SP	O	_	_
riconosciute	riconoscere	VPP	O	_	_
.	.	XPS	O	_	_

Chiuso	chiudere	VSP	O	_	_
l’	il	RS	O	_	_
atto	atto	SS	O	_	_
elettorale	elettorale	AS	O	_	_
,	comma	XPW	O	_	_
la	il	RS	O	_	_
commissione	commissione	SS	O	_	_
constata	constare	VSP	O	_	_
il	il	RS	O	_	_
numero	numero	SS	O	_	_
dei	di/det	EP	O	_	_
votanti	votante	SP	O	_	_
,	comma	XPW	O	_	_
divide	dividere	VI	O	_	_
questo	questo	DS	O	_	_
numero	numero	SS	O	_	_
per	per	E	O	_	_
il	il	RS	O	_	_
numero	numero	SS	O	_	_
dei	di/det	EP	O	_	_
consiglieri	consigliere	SP	O	_	_
da	da	E	O	_	_
eleggersi	eleggere/rifl	VF+E	O	_	_
,	comma	XPW	O	_	_
il	il	RS	O	_	_
numero	numero	SS	O	_	_
che	che	CCHE	O	_	_
risulta	risultare	VI	O	_	_
è	essere	VI	O	_	_
il	il	RS	O	_	_
quoziente	quoziente	SS	O	_	_
elettorale	elettorale	AS	O	_	_
.	.	XPS	O	_	_

Quante	quanto	DP	O	_	_
volte	volta	SP	O	_	_
questo	questo	PS	O	_	_
quoziente	quoziente	B	O	_	_
sta	stare	VI	O	_	_
al	a/det	ES	O	_	_
numero	numero	SS	O	_	_
di	di	E	O	_	_
voti	voto	SP	O	_	_
dati	dare	VPP	O	_	_
a	a	E	O	_	_
ciascuna	ciascuno	DS	O	_	_
lista	lista	SS	O	_	_
,	comma	XPW	O	_	_
altrettanti	altrettanto	AP	O	_	_
consiglieri	consigliere	SP	O	_	_
spettano	spettare	VI	O	_	_
a	a	E	O	_	_
tale	tale	DS	O	_	_
lista	lista	SS	O	_	_
.	.	XPS	O	_	_

Si	rifl	PN	O	_	_
fa	fare	VI	O	_	_
notare	notare	VF	O	_	_
che	che	CCHE	O	_	_
per	per	E	O	_	_
quoziente	quoziente	SS	O	_	_
non	non	B	O	_	_
si	rifl	PN	O	_	_
prende	prendere	VI	O	_	_
proprio	proprio	B	O	_	_
il	il	RS	O	_	_
risultato	risultato	SS	O	_	_
netto	netto	AS	O	_	_
della	di/det	ES	O	_	_
divisione	divisione	SS	O	_	_
suddetta	suddetto	AS	O	_	_
,	comma	XPW	O	_	_
ma	ma	C	O	_	_
per	per	E	O	_	_
evitare	evitare	VF	O	_	_
frazioni	frazione	SP	O	_	_
,	comma	XPW	O	_	_
il	il	RS	O	_	_
numero	numero	SS	O	_	_
immediatamente	immediatamente	B	O	_	_
superiore	superiore	AS	O	_	_
a	a	E	O	_	_
tale	tale	DS	O	_	_
risultato	risultato	SS	O	_	_
.	.	XPS	O	_	_

Per	per	E	O	_	_
esempio	esempio	SS	O	_	_
:	:	XPS	O	_	_
sono	essere	VI	O	_	_
da	da	E	O	_	_
eleggersi	eleggere/rifl	VF+E	O	_	_
6	6	N	O	_	_
consiglieri	consigliere	SP	O	_	_
.	.	XPS	O	_	_

Il	il	RS	O	_	_
numero	numero	SS	O	_	_
dei	di/det	EP	O	_	_
votanti	votante	SP	O	_	_
è	essere	VI	O	_	_
216	216	N	O	_	_
.	.	XPS	O	_	_

216	216	N	O	_	_
:	:	XPS	O	_	_
6	6	N	O	_	_
+	+	XPO	O	_	_
1	1	N	O	_	_
=	=	XPO	O	_	_
30	30	N	O	_	_
e	e	C	O	_	_
frazioni	frazione	SP	O	_	_
;	semicolon	XPS	O	_	_

il	il	RS	O	_	_
quoziente	quoziente	SS	O	_	_
elettorale	elettorale	AS	O	_	_
è	essere	VI	O	_	_
quindi	quindi	B	O	_	_
3	3	N	O	_	_
–	–	XPO	O	_	_
1	1	N	O	_	_
,	comma	XPW	O	_	_
e	e	C	O	_	_
le	il	RP	O	_	_
liste	lista	SP	O	_	_
vanno	andare	VI	O	_	_
divise	diviso	AP	O	_	_
per	per	E	O	_	_
tal	tale	SS	O	_	_
numero	numero	SS	O	_	_
.	.	XPS	O	_	_

Il	il	RS	O	_	_
risultato	risultato	SS	O	_	_
ci	loc	PN	O	_	_
dà	dare	VI	O	_	_
il	il	RS	O	_	_
numero	numero	SS	O	_	_
dei	di/det	EP	O	_	_
consiglieri	consigliere	SP	O	_	_
che	che	CCHE	O	_	_
spettano	spettare	VI	O	_	_
a	a	E	O	_	_
ciascuna	ciascuno	DS	O	_	_
lista	lista	SS	O	_	_
.	.	XPS	O	_	_

Un	uno	RS	O	_	_
altro	altro	DS	O	_	_
sistema	sistema	SS	O	_	_
è	essere	VI	O	_	_
quello	quello	PS	O	_	_
delle	di/det	EP	O	_	_
liste	lista	SP	O	_	_
libere	libero	AP	O	_	_
o	o	C	O	_	_
di	di	E	O	_	_
concorrenza	concorrenza	SS	O	_	_
,	comma	XPW	O	_	_
nel	in/det	ES	O	_	_
quale	quale	PS	O	_	_
caso	caso	SS	O	_	_
non	non	B	O	_	_
occorre	occorrere	VI	O	_	_
presentare	presentare	VF	O	_	_
previamente	previamente	B	O	_	_
le	il	RP	O	_	_
liste	lista	SP	O	_	_
dei	di/det	EP	O	_	_
candidati	candidato	SP	O	_	_
.	.	XPS	O	_	_

Il	il	RS	O	_	_
relatore	relatore	SS	O	_	_
spiega	spiegare	VI	O	_	_
anche	anche	C	O	_	_
questo	questo	DS	O	_	_
sistema	sistema	SS	O	_	_
.	.	XPS	O	_	_

Ma	ma	C	O	_	_
senza	senza	E	O	_	_
entrare	entrare	VF	O	_	_
in	in	E	O	_	_
questioni	questione	SP	O	_	_
di	di	E	O	_	_
dettaglio	dettaglio	SS	O	_	_
,	comma	XPW	O	_	_
a	a	E	O	_	_
cui	cui	PN	O	_	_
provvederanno	provvederanno	VI	O	_	_
i	il	RP	O	_	_
legislatori	legislatore	SP	O	_	_
,	comma	XPW	O	_	_
l’	il	RS	O	_	_
oratore	oratore	SS	O	_	_
ritiene	ritenere	VI	O	_	_
che	che	CCHE	O	_	_
la	il	RS	O	_	_
proporzionale	proporzionale	AS	O	_	_
porti	porto	SP	O	_	_
tali	tale	AP	O	_	_
vantaggi	vantaggio	SP	O	_	_
per	per	E	O	_	_
un’	uno	RS	O	_	_
amministrazione	amministrazione	SS	O	_	_
controllata	controllato	AS	O	_	_
e	e	C	O	_	_
sia	sia	C	O	_	_
così	così	B	O	_	_
equa	equo	AS	O	_	_
,	comma	XPW	O	_	_
che	che	CCHE	O	_	_
si	rifl	PN	O	_	_
raccomandi	raccomandare	VI	O	_	_
da	da	E	O	_	_
sé	sé	PN	O	_	_
.	.	XPS	O	_	_

Si	rifl	PN	O	_	_
tratta	trattare	VI	O	_	_
di	di	E	O	_	_
dare	dare	VF	O	_	_
ad	ad	E	O	_	_
ogni	ogni	DS	O	_	_
partito	partito	SS	O	_	_
quello	quello	PS	O	_	_
che	che	CCHE	O	_	_
gli	gli	PS	O	_	_
spetta	spettare	VI	O	_	_
.	.	XPS	O	_	_

Non	non	B	O	_	_
vuole	volere	VI	O	_	_
entrare	entrare	VF	O	_	_
nella	in/det	ES	O	_	_
questione	questione	SS	O	_	_
se	se	C	O	_	_
si	rifl	PN	O	_	_
debba	dovere	VI	O	_	_
introdurre	introdurre	VF	O	_	_
accanto	accanto	E	O	_	_
alla	a/det	ES	O	_	_
proporzionale	proporzionale	AS	O	_	_
il	il	RS	O	_	_
suffragio	suffragio	SS	O	_	_
uguale	uguale	AS	O	_	_
con	con	E	O	_	_
un	uno	RS	O	_	_
corpo	corpo	SS	O	_	_
elettorale	elettorale	AS	O	_	_
solo	solo	B	O	_	_
.	.	XPS	O	_	_

Tale	tale	DS	O	_	_
postulato	postulato	SS	O	_	_
rinvierebbe	rinviare	VI	O	_	_
la	il	RS	O	_	_
riforma	riforma	SS	O	_	_
alle	a/det	EP	O	_	_
calende	calende	SP	O	_	_
greche	greco	AP	O	_	_
.	.	XPS	O	_	_

Nel	in/det	ES	O	_	_
Vorarlberg	vorarlberg	SPN	GPE	47.25	9.9166667
si	rifl	PN	O	_	_
è	essere	VIY	O	_	_
semplicemente	semplicemente	B	O	_	_
introdotta	introdurre	VSP	O	_	_
la	il	RS	O	_	_
proporzionale	proporzionale	AS	O	_	_
in	in	E	O	_	_
ogni	ogni	DS	O	_	_
corpo	corpo	SS	O	_	_
,	comma	XPW	O	_	_
lasciandoli	lasciare/pro	VG+E	O	_	_
tutti	tutto	DP	O	_	_
e	e	C	O	_	_
quattro	quattro	N	O	_	_
.	.	XPS	O	_	_

Ritiene	ritenere	VI	O	_	_
che	che	CCHE	O	_	_
anche	anche	C	O	_	_
il	il	RS	O	_	_
partito	partito	SS	O	_	_
dominante	dominante	B	O	_	_
non	non	B	O	_	_
dovrebbe	dovere	VI	O	_	_
opporsi	opporsi	VF+E	O	_	_
a	a	E	O	_	_
tale	tale	DS	O	_	_
riforma	riforma	SS	O	_	_
,	comma	XPW	O	_	_
poiché	poiché	C	O	_	_
non	non	B	O	_	_
si	rifl	PN	O	_	_
tratta	trattare	VI	O	_	_
di	di	E	O	_	_
dare	dare	VF	O	_	_
la	il	RS	O	_	_
scalata	scalata	SS	O	_	_
né	né	C	O	_	_
di	di	E	O	_	_
conquistare	conquistare	VF	O	_	_
la	il	RS	O	_	_
maggioranza	maggioranza	SS	O	_	_
,	comma	XPW	O	_	_
e	e	C	O	_	_
d’	di	E	O	_	_
altro	altro	DS	O	_	_
canto	canto	SS	O	_	_
un	uno	RS	O	_	_
deputato	deputato	SS	O	_	_
nazionale	nazionale	AS	O	_	_
liberale	liberale	AS	O	_	_
l’	l’	PS	O	_	_
anno	anno	VIY	O	_	_
scorso	scorrere	VSP	O	_	_
propugnava	propugnare	VI	O	_	_
nell’	in/det	ES	O	_	_
Alto	alto	SPN	GPE	46.65596895	11.22964387
Adige	adige	SPN	GPE	46.65596895	11.22964387
la	il	RS	O	_	_
proporzionale	proporzionale	AS	O	_	_
.	.	XPS	O	_	_

Egli	egli	PS	O	_	_
si	rifl	PN	O	_	_
limita	limitare	VI	O	_	_
a	a	E	O	_	_
presentare	presentare	VF	O	_	_
il	il	RS	O	_	_
seguente	seguente	SS	O	_	_
ordine	ordine	SS	O	_	_
del	di/det	ES	O	_	_
giorno	giorno	SS	O	_	_
:	:	XPS	O	_	_
Gli	il	RP	O	_	_
elettori	elettore	SP	O	_	_
comunali	comunale	AP	O	_	_
di	di	E	O	_	_
Trento	trento	SPN	GPE	46.0664228	11.1257601
,	comma	XPW	O	_	_
aderenti	aderente	SP	O	_	_
al	a/det	ES	O	_	_
partito	partito	SS	O	_	_
popolare	popolare	AS	O	_	_
,	comma	XPW	O	_	_
constatando	constatare	VG	O	_	_
che	che	CCHE	O	_	_
né	né	B	O	_	_
il	il	RS	O	_	_
regolamento	regolamento	SS	O	_	_
elettorale	elettorale	AS	O	_	_
cittadino	cittadino	VI	O	_	_
attualmente	attualmente	B	O	_	_
in	in	E	O	_	_
vigore	vigore	SS	O	_	_
,	comma	XPW	O	_	_
né	né	B	O	_	_
la	il	RS	O	_	_
riforma	riforma	SS	O	_	_
sottoposta	sottoporre	VSP	O	_	_
per	per	E	O	_	_
l’	il	RS	O	_	_
approvazione	approvazione	SS	O	_	_
alla	a/det	ES	O	_	_
Dieta	dieta	SPN	O	_	_
provinciale	provinciale	AS	O	_	_
corrispondono	corrispondere	VI	O	_	_
ai	a/det	EP	O	_	_
criteri	criterio	SP	O	_	_
di	di	E	O	_	_
equità	equità	SN	O	_	_
,	comma	XPW	O	_	_
imposti	imporre	VPP	O	_	_
dai	da/det	EP	O	_	_
moderni	moderno	AP	O	_	_
bisogni	bisogno	SP	O	_	_
;	semicolon	XPS	O	_	_

chiedono	chiedere	VI	O	_	_
che	che	CCHE	O	_	_
accanto	accanto	E	O	_	_
al	a/det	ES	O	_	_
massimo	massimo	SS	O	_	_
ampliamento	ampliamento	SS	O	_	_
possibile	possibile	AS	O	_	_
dell’	di/det	ES	O	_	_
elettorato	elettorato	SS	O	_	_
comunale	comunale	AS	O	_	_
,	comma	XPW	O	_	_
si	rifl	PN	O	_	_
aggiunga	aggiungere	VI	O	_	_
l’	il	RS	O	_	_
introduzione	introduzione	SS	O	_	_
della	di/det	ES	O	_	_
rappresentanza	rappresentanza	SS	O	_	_
proporzionale	proporzionale	AS	O	_	_
di	di	E	O	_	_
partiti	partito	SP	O	_	_
.	.	XPS	O	_	_

Tale	tale	DS	O	_	_
conchiuso	conchiuso	SS	O	_	_
verrà	venire	VIY	O	_	_
presentato	presentare	VSP	O	_	_
al	a/det	ES	O	_	_
podestà	podestà	SN	O	_	_
di	di	E	O	_	_
Trento	trento	SPN	GPE	46.0664228	11.1257601
ed	ed	C	O	_	_
ai	a/det	EP	O	_	_
capi	capo	SP	O	_	_
della	di/det	ES	O	_	_
deputazione	deputazione	SS	O	_	_
dietale	dietale	AS	O	_	_
italiana	italiano	AS	O	_	_
.	.	XPS	O	_	_

Il	il	RS	O	_	_
dr.	dottore	SS	O	_	_
Lanzerotti	lanzerotti	SPN	PER	_	_
aderisce	aderire	VI	O	_	_
alla	a/det	ES	O	_	_
relazione	relazione	SS	O	_	_
del	di/det	ES	O	_	_
dr.	dottore	SS	O	_	_
Degasperi	degasperi	SPN	O	_	_
ed	ed	C	O	_	_
aggiunge	aggiungere	VI	O	_	_
agli	a/det	EP	O	_	_
argomenti	argomento	SP	O	_	_
già	già	B	O	_	_
addotti	addotto	AP	O	_	_
,	comma	XPW	O	_	_
che	che	CCHE	O	_	_
non	non	B	O	_	_
si	rifl	PN	O	_	_
potrà	potere	VI	O	_	_
certo	certo	B	O	_	_
negare	negare	VF	O	_	_
ai	a/det	EP	O	_	_
popolari	popolare	AP	O	_	_
la	il	RS	O	_	_
pratica	pratica	SS	O	_	_
amministrativa	amministrativo	AS	O	_	_
necessaria	necessario	AS	O	_	_
per	per	E	O	_	_
i	il	RP	O	_	_
consiglieri	consigliere	SP	O	_	_
comunali	comunale	AP	O	_	_
né	né	C	O	_	_
ancora	ancora	B	O	_	_
si	rifl	PN	O	_	_
potrà	potere	VI	O	_	_
tacciarli	tacciare/pro	VF+E	O	_	_
di	di	E	O	_	_
non	non	B	O	_	_
aver	avere	VFY	O	_	_
riguardo	riguardo	SS	O	_	_
ai	a/det	EP	O	_	_
sentimenti	sentimento	SP	O	_	_
nazionali	nazionale	AP	O	_	_
,	comma	XPW	O	_	_
quando	quando	CADV	O	_	_
si	rifl	PN	O	_	_
faccia	fare	VI	O	_	_
un	uno	RS	O	_	_
salutare	salutare	VF	O	_	_
confronto	confronto	SS	O	_	_
fra	fra	E	O	_	_
la	il	RS	O	_	_
Trento	trento	SPN	O	_	_
-	-	XPO	O	_	_
Malè	malè	SPN	O	_	_
,	comma	XPW	O	_	_
il	il	RS	O	_	_
cui	cui	PN	O	_	_
progetto	progetto	SS	O	_	_
era	essere	VI	O	_	_
in	in	E	O	_	_
mano	mano	SS	O	_	_
della	di/det	ES	O	_	_
città	città	SN	O	_	_
di	di	E	O	_	_
Trento	trento	SPN	GPE	46.0664228	11.1257601
,	comma	XPW	O	_	_
e	e	C	O	_	_
la	il	RS	O	_	_
Dermulo	dermulo	SPN	O	_	_
-	-	XPO	O	_	_
Mendola	mendola	SPN	O	_	_
in	in	E	O	_	_
mano	mano	SS	O	_	_
di	di	E	O	_	_
un	uno	RS	O	_	_
nostro	nostro	DS	O	_	_
istituto	istituto	SS	O	_	_
.	.	XPS	O	_	_

Il	il	RS	O	_	_
dr.	dottore	SS	O	_	_
Degasperi	degasperi	SPN	O	_	_
eccita	eccitare	VI	O	_	_
i	il	RP	O	_	_
consenzienti	consenzienti	SP	O	_	_
a	a	E	O	_	_
raccogliersi	raccogliere/rifl	VF+E	O	_	_
più	più	B	O	_	_
di	di	E	O	_	_
frequente	frequente	AS	O	_	_
ed	ed	C	O	_	_
a	a	E	O	_	_
fare	fare	VF	O	_	_
sentire	sentire	VF	O	_	_
la	il	RS	O	_	_
propria	propria	DS	O	_	_
voce	voce	SS	O	_	_
affinché	affinché	C	O	_	_
non	non	B	O	_	_
ci	ci	PP	O	_	_
si	rifl	PN	O	_	_
tratti	trattare	VI	O	_	_
come	come	CADV	O	_	_
cittadini	cittadino	SP	O	_	_
di	di	E	O	_	_
secondo	secondo	AS	O	_	_
grado	grado	SS	O	_	_
,	comma	XPW	O	_	_
mentre	mentre	C	O	_	_
si	rifl	PN	O	_	_
accumulano	accumulare	VI	O	_	_
colpevoli	colpevole	AP	O	_	_
transigenze	transigenza	SP	O	_	_
verso	verso	E	O	_	_
il	il	RS	O	_	_
partito	partito	SS	O	_	_
socialista	socialista	AS	O	_	_
,	comma	XPW	O	_	_
L’	il	RS	O	_	_
ordine	ordine	SS	O	_	_
del	di/det	ES	O	_	_
giorno	giorno	SS	O	_	_
venne	venire	VIY	O	_	_
accolto	accogliere	VSP	O	_	_
con	con	E	O	_	_
prova	prova	SS	O	_	_
e	e	C	O	_	_
controprova	controprovare	VI	O	_	_
ad	ad	E	O	_	_
unanimità	unanimità	SN	O	_	_
.	.	XPS	O	_	_

L’	il	RS	O	_	_
on	on	SN	O	_	_
.	.	XPS	O	_	_

dr.	dottore	SS	O	_	_
Cappelletti	cappelletti	SPN	PER	_	_
crede	credere	VI	O	_	_
di	di	E	O	_	_
interpretare	interpretare	VF	O	_	_
il	il	RS	O	_	_
pensiero	pensiero	SS	O	_	_
dei	di/det	EP	O	_	_
propri	proprio	DP	O	_	_
colleghi	collega	SP	O	_	_
dietali	dietali	AP	O	_	_
del	di/det	ES	O	_	_
Club	club	SPN	O	_	_
popolare	popolare	AS	O	_	_
,	comma	XPW	O	_	_
affermando	affermare	VG	O	_	_
che	che	CCHE	O	_	_
si	rifl	PN	O	_	_
interesseranno	interessare	VI	O	_	_
della	di/det	ES	O	_	_
cosa	cosa	SS	O	_	_
nel	in/det	ES	O	_	_
senso	senso	SS	O	_	_
voluto	volere	VSP	O	_	_
dall’	da/det	ES	O	_	_
ordine	ordine	SS	O	_	_
del	di/det	ES	O	_	_
giorno	giorno	SS	O	_	_
.	.	XPS	O	_	_

Già	già	B	O	_	_
nell’	in/det	ES	O	_	_
ultima	ultimo	AS	O	_	_
sessione	sessione	SS	O	_	_
dietale	dietale	AS	O	_	_
l’	il	RS	O	_	_
on	on	SN	O	_	_
.	.	XPS	O	_	_

Decarli	decarli	SPN	PER	_	_
fece	fare	VI	O	_	_
delle	di/det	EP	O	_	_
riserve	riserva	SP	O	_	_
a	a	E	O	_	_
proposito	proposito	SS	O	_	_
della	di/det	ES	O	_	_
riforma	riforma	SS	O	_	_
elettorale	elettorale	AS	O	_	_
presentata	presentare	VSP	O	_	_
alla	a/det	ES	O	_	_
Dieta	dieta	SPN	O	_	_
per	per	E	O	_	_
l’	il	RS	O	_	_
approvazione	approvazione	SS	O	_	_
.	.	XPS	O	_	_

I	il	RP	O	_	_
deputati	deputato	SP	O	_	_
non	non	B	O	_	_
mancheranno	mancare	VI	O	_	_
di	di	E	O	_	_
propugnare	propugnare	VF	O	_	_
il	il	RS	O	_	_
principio	principio	SS	O	_	_
equo	equo	AS	O	_	_
della	di/det	ES	O	_	_
rappresentanza	rappresentanza	SS	O	_	_
proporzionale	proporzionale	AS	O	_	_
.	.	XPS	O	_	_

Con	con	E	O	_	_
ciò	ciò	PP	O	_	_
dichiara	dichiarare	VI	O	_	_
chiusa	chiuso	AS	O	_	_
la	il	RS	O	_	_
riuscita	riuscito	AS	O	_	_
adunanza	adunanza	SS	O	_	_
.	.	XPS	O	_	_
