# total number of persons:3, total number of gpes:2
.	.	XPS	O	_	_

.	.	XPS	O	_	_

.	.	XPS	O	_	_

è	essere	VI	O	_	_
quella	quello	PS	O	_	_
in	in	E	O	_	_
cui	cui	PN	O	_	_
si	rifl	PN	O	_	_
trova	trovare	VI	O	_	_
il	il	RS	O	_	_
principe	principe	SS	O	_	_
di	di	E	O	_	_
Bülow	bülow	SPN	O	_	_
.	.	XPS	O	_	_

Da	da	E	O	_	_
qualche	qualche	DS	O	_	_
mese	mese	SS	O	_	_
egli	egli	PS	O	_	_
governa	governare	VI	O	_	_
senza	senza	E	O	_	_
avere	avere	VF	O	_	_
una	uno	RS	O	_	_
maggioranza	maggioranza	SS	O	_	_
.	.	XPS	O	_	_

Tutti	tutto	PP	O	_	_
lo	lo	PS	O	_	_
sanno	sapere	VI	O	_	_
,	comma	XPW	O	_	_
egli	egli	PP	O	_	_
stesso	stesso	DS	O	_	_
lo	lo	PS	O	_	_
deve	dovere	VI	O	_	_
riconoscere	riconoscere	VF	O	_	_
eppure	eppure	B	O	_	_
non	non	B	O	_	_
sa	sapere	VI	O	_	_
decidersi	decidere/rifl	VF+E	O	_	_
a	a	E	O	_	_
tagliare	tagliare	VF	O	_	_
il	il	RS	O	_	_
nodo	nodo	SS	O	_	_
gordiano	gordiano	AS	O	_	_
,	comma	XPW	O	_	_
o	o	C	O	_	_
sciogliendo	sciogliere	VG	O	_	_
la	il	RS	O	_	_
Camera	camera	SS	O	_	_
o	o	C	O	_	_
andandosene	andandosene	VI	O	_	_
lui	lui	PS	O	_	_
.	.	XPS	O	_	_

È	essere	VI	O	_	_
vero	vero	AS	O	_	_
tuttavia	tuttavia	C	O	_	_
,	comma	XPW	O	_	_
anche	anche	C	O	_	_
,	comma	XPW	O	_	_
che	che	CCHE	O	_	_
la	il	RS	O	_	_
Germania	germania	SPN	GPE	51.0834196	10.4234469
va	andare	VI	O	_	_
avanti	avanti	B	O	_	_
benissimo	benissimo	B	O	_	_
ugualmente	ugualmente	B	O	_	_
,	comma	XPW	O	_	_
quantunque	quantunque	B	O	_	_
il	il	RS	O	_	_
suo	suo	DS	O	_	_
parlamento	parlamento	SS	O	_	_
funzioni	funzione	SP	O	_	_
male	male	B	O	_	_
;	semicolon	XPS	O	_	_

ma	ma	C	O	_	_
questo	questo	PS	O	_	_
non	non	B	O	_	_
dimostra	dimostrare	VI	O	_	_
se	se	C	O	_	_
non	non	B	O	_	_
che	che	CCHE	O	_	_
le	il	RP	O	_	_
istituzioni	istituzione	SP	O	_	_
parlamentari	parlamentare	AP	O	_	_
sono	essere	VI	O	_	_
meno	meno	B	O	_	_
necessarie	necessario	AP	O	_	_
di	di	E	O	_	_
quel	quel	PS	O	_	_
che	che	CCHE	O	_	_
si	rifl	PN	O	_	_
creda	credere	VI	O	_	_
ai	a/det	EP	O	_	_
popoli	popolo	SP	O	_	_
,	comma	XPW	O	_	_
e	e	C	O	_	_
non	non	B	O	_	_
già	già	B	O	_	_
che	che	CCHE	O	_	_
non	non	B	O	_	_
debbano	dovere	VI	O	_	_
procedere	procedere	VF	O	_	_
secondo	secondo	E	O	_	_
le	il	RP	O	_	_
norme	norma	SP	O	_	_
che	che	CCHE	O	_	_
le	il	RP	O	_	_
consuetudini	consuetudine	SP	O	_	_
fin	fin	E	O	_	_
ab	ab	B	O	_	_
antiquo	antiquo	SS	O	_	_
hanno	avere	VIY	O	_	_
stabilito	stabilire	VSP	O	_	_
.	.	XPS	O	_	_

E	e	C	O	_	_
secondo	secondo	E	O	_	_
queste	questo	DP	O	_	_
consuetudini	consuetudine	SP	O	_	_
il	il	RS	O	_	_
cancelliere	cancelliere	SS	O	_	_
dovrebbe	dovere	VI	O	_	_
presentare	presentare	VF	O	_	_
a	a	E	O	_	_
Sua	suo	DS	O	_	_
Maestà	maestà	SPN	O	_	_
,	comma	XPW	O	_	_
il	il	RS	O	_	_
suo	suo	DS	O	_	_
padrone	padrone	SS	O	_	_
o	o	C	O	_	_
la	il	RS	O	_	_
lettera	lettera	SS	O	_	_
di	di	E	O	_	_
dimissione	dimissione	SS	O	_	_
o	o	C	O	_	_
il	il	RS	O	_	_
decreto	decreto	SS	O	_	_
che	che	CCHE	O	_	_
indice	indire	VI	O	_	_
le	il	RP	O	_	_
elezioni	elezione	SP	O	_	_
.	.	XPS	O	_	_

Ma	ma	C	O	_	_
probabilmente	probabilmente	B	O	_	_
Bülow	bülow	SPN	PER	_	_
,	comma	XPW	O	_	_
che	che	CCHE	O	_	_
è	essere	VI	O	_	_
uomo	uomo	SS	O	_	_
navigato	navigato	AS	O	_	_
,	comma	XPW	O	_	_
pensa	pensare	VI	O	_	_
che	che	CCHE	O	_	_
l’	il	RS	O	_	_
una	uno	PS	O	_	_
e	e	C	O	_	_
l’	il	RS	O	_	_
altra	altro	PS	O	_	_
delle	di/det	EP	O	_	_
due	due	N	O	_	_
vie	via	SP	O	_	_
condurrebbe	condurre	VI	O	_	_
alla	a/det	ES	O	_	_
stessa	stesso	DS	O	_	_
meta	meta	SS	O	_	_
,	comma	XPW	O	_	_
a	a	E	O	_	_
mandare	mandare	VF	O	_	_
cioè	cioe`	B	O	_	_
lui	lui	PS	O	_	_
a	a	E	O	_	_
godere	godere	VF	O	_	_
gli	il	RP	O	_	_
ozi	ozio	SP	O	_	_
della	di/det	ES	O	_	_
villa	villa	SS	O	_	_
che	che	CCHE	O	_	_
ha	avere	VI	O	_	_
a	a	E	O	_	_
Roma	roma	SPN	GPE	41.8933439	12.4830718
,	comma	XPW	O	_	_
e	e	C	O	_	_
siccome	siccome	AS	O	_	_
a	a	E	O	_	_
quel	quel	PS	O	_	_
che	che	CCHE	O	_	_
pare	parere	VI	O	_	_
non	non	B	O	_	_
sente	sentire	VI	O	_	_
alcun	alcuno	DS	O	_	_
bisogno	bisogno	SS	O	_	_
della	di/det	ES	O	_	_
villeggiatura	villeggiatura	SS	O	_	_
preferisce	preferire	VI	O	_	_
barcamenarsi	barcamenare/rifl	VF+E	O	_	_
alla	a/det	ES	O	_	_
meglio	meglio	B	O	_	_
.	.	XPS	O	_	_

Come	come	CADV	O	_	_
tutti	tutto	DP	O	_	_
gli	il	RP	O	_	_
uomini	uomo	SP	O	_	_
intelligenti	intelligente	AP	O	_	_
non	non	B	O	_	_
perde	perdere	VI	O	_	_
mai	mai	B	O	_	_
la	il	RS	O	_	_
speranza	speranza	SS	O	_	_
di	di	E	O	_	_
rialzare	rialzare	VF	O	_	_
le	il	RP	O	_	_
proprie	proprio	DP	O	_	_
azioni	azione	SP	O	_	_
politiche	politico	AP	O	_	_
.	.	XPS	O	_	_

È	essere	VI	O	_	_
un	uno	RS	O	_	_
campo	campo	SS	O	_	_
questo	questo	PS	O	_	_
in	in	E	O	_	_
cui	cui	PN	O	_	_
l’	il	RS	O	_	_
impossibile	impossibile	SS	O	_	_
non	non	B	O	_	_
esiste	esistere	VI	O	_	_
.	.	XPS	O	_	_

Se	se	C	O	_	_
il	il	RS	O	_	_
blocco	blocco	SS	O	_	_
oggi	oggi	B	O	_	_
è	essere	VIY	O	_	_
spezzato	spezzare	VSP	O	_	_
,	comma	XPW	O	_	_
non	non	B	O	_	_
vuol	volere	VI	O	_	_
dire	dire	VF	O	_	_
che	che	CCHE	O	_	_
domani	domani	B	O	_	_
non	non	B	O	_	_
risorga	risorgere	VI	O	_	_
.	.	XPS	O	_	_

Dopo	dopo	E	O	_	_
tutto	tutto	PS	O	_	_
non	non	B	O	_	_
sarebbe	essere	VI	O	_	_
che	che	CCHE	O	_	_
un	uno	RS	O	_	_
altro	altro	DS	O	_	_
episodio	episodio	SS	O	_	_
della	di/det	ES	O	_	_
storia	storia	SS	O	_	_
di	di	E	O	_	_
questi	questo	DP	O	_	_
due	due	N	O	_	_
anni	anno	SP	O	_	_
,	comma	XPW	O	_	_
dopo	dopo	C	O	_	_
che	che	CCHE	O	_	_
il	il	RS	O	_	_
Centro	centro	SS	O	_	_
fu	essere	VIY	O	_	_
escluso	escludere	VSP	O	_	_
dalla	da/det	ES	O	_	_
maggioranza	maggioranza	SS	O	_	_
:	:	XPS	O	_	_
continuo	continuare	VI	O	_	_
avvicendarsi	avvicendare/rifl	VF+E	O	_	_
di	di	E	O	_	_
discordie	discordia	SP	O	_	_
e	e	C	O	_	_
rattoppamementi	rattoppamementi	SP	O	_	_
,	comma	XPW	O	_	_
di	di	E	O	_	_
abbandoni	abbandono	SP	O	_	_
e	e	C	O	_	_
di	di	E	O	_	_
riprese	ripresa	SP	O	_	_
.	.	XPS	O	_	_

Questa	questo	DS	O	_	_
volta	volta	SS	O	_	_
però	però	C	O	_	_
sembra	sembrare	VI	O	_	_
che	che	CCHE	O	_	_
il	il	RS	O	_	_
lavoro	lavoro	SS	O	_	_
di	di	E	O	_	_
rappezzo	rappezzo	SS	O	_	_
di	di	E	O	_	_
Bernardo	bernardo	SPN	PER	_	_
I	il	RP	O	_	_
non	non	B	O	_	_
sia	essere	VI	O	_	_
così	così	B	O	_	_
facile	facile	AS	O	_	_
.	.	XPS	O	_	_

Sulla	su/det	ES	O	_	_
questione	questione	SS	O	_	_
dei	di/det	EP	O	_	_
500	500	N	O	_	_
milioni	milione	SP	O	_	_
di	di	E	O	_	_
nuove	nuovo	AP	O	_	_
imposte	imposta	SP	O	_	_
,	comma	XPW	O	_	_
i	il	RP	O	_	_
conservatori	conservatorio	SP	O	_	_
si	rifl	PN	O	_	_
sono	essere	VIY	O	_	_
incocciati	incocciare	VPP	O	_	_
come	come	CADV	O	_	_
possono	potere	VI	O	_	_
farlo	farlo	VF	O	_	_
soltanto	soltanto	B	O	_	_
dei	di/det	EP	O	_	_
bravi	bravo	AP	O	_	_
tedeschi	tedesco	SP	O	_	_
e	e	C	O	_	_
per	per	E	O	_	_
giunta	giunta	SS	O	_	_
dei	di/det	EP	O	_	_
conservatori	conservatorio	SP	O	_	_
.	.	XPS	O	_	_

La	il	RS	O	_	_
uscita	uscita	SS	O	_	_
rumorosa	rumoroso	AS	O	_	_
dei	di/det	EP	O	_	_
nazionali	nazionale	SP	O	_	_
liberali	liberale	AP	O	_	_
dalla	da/det	ES	O	_	_
commissione	commissione	SS	O	_	_
finanziaria	finanziario	AS	O	_	_
non	non	B	O	_	_
fu	essere	VI	O	_	_
che	che	CCHE	O	_	_
un	uno	RS	O	_	_
temporale	temporale	SS	O	_	_
estivo	estivo	AS	O	_	_
il	il	RS	O	_	_
quale	quale	PS	O	_	_
rinfresca	rinfrescare	VI	O	_	_
l’	il	RS	O	_	_
atmosfera	atmosfera	SS	O	_	_
.	.	XPS	O	_	_

I	il	RP	O	_	_
conservatori	conservatorio	SP	O	_	_
guardarono	guardare	VI	O	_	_
loro	loro	PP	O	_	_
dietro	dietro	B	O	_	_
,	comma	XPW	O	_	_
constatarono	constatare	VI	O	_	_
che	che	CCHE	O	_	_
si	rifl	PN	O	_	_
stava	stare	VI	O	_	_
un	uno	RS	O	_	_
po’	poco	B	O	_	_
più	più	B	O	_	_
larghi	largo	AP	O	_	_
e	e	C	O	_	_
più	più	B	O	_	_
liberi	libero	AP	O	_	_
intorno	intorno	E	O	_	_
al	a/det	ES	O	_	_
tavolo	tavolo	SS	O	_	_
delle	di/det	EP	O	_	_
discussioni	discussione	SP	O	_	_
e...	e...	SPN	O	_	_
continuarono	continuare	VI	O	_	_
a	a	E	O	_	_
deliberare	deliberare	VF	O	_	_
.	.	XPS	O	_	_

Caricarono	caricare	VI	O	_	_
circa	circa	B	O	_	_
200	200	N	O	_	_
milioni	milione	SP	O	_	_
sul	su/det	ES	O	_	_
possesso	possesso	SS	O	_	_
,	comma	XPW	O	_	_
gli	il	RP	O	_	_
altri	altro	PP	O	_	_
300	300	N	O	_	_
sull’	su/det	ES	O	_	_
industria	industria	SS	O	_	_
e	e	C	O	_	_
il	il	RS	O	_	_
commercio	commercio	SS	O	_	_
.	.	XPS	O	_	_

Si	rifl	PN	O	_	_
dice	dire	VI	O	_	_
che	che	CCHE	O	_	_
l’	il	RS	O	_	_
ostinazione	ostinazione	SS	O	_	_
dei	di/det	EP	O	_	_
conservatori	conservatorio	SP	O	_	_
dipenda	dipendere	VI	O	_	_
appunto	appunto	B	O	_	_
dal	da/det	ES	O	_	_
volere	volere	VF	O	_	_
essi	essi	PP	O	_	_
difendere	difendere	VF	O	_	_
ad	ad	E	O	_	_
ogni	ogni	DS	O	_	_
costo	costo	SS	O	_	_
il	il	RS	O	_	_
possesso	possesso	SS	O	_	_
,	comma	XPW	O	_	_
di	di	E	O	_	_
cui	cui	PN	O	_	_
sono	essere	VI	O	_	_
i	il	RP	O	_	_
più	più	B	O	_	_
genuini	genuino	AP	O	_	_
rappresentanti	rappresentante	SP	O	_	_
contro	contro	E	O	_	_
le	il	RP	O	_	_
soverchie	soverchio	AP	O	_	_
pretese	pretesa	SP	O	_	_
dell’	di/det	ES	O	_	_
industria	industria	SS	O	_	_
che	che	CCHE	O	_	_
ha	avere	VI	O	_	_
più	più	B	O	_	_
specialmente	specialmente	B	O	_	_
per	per	E	O	_	_
sé	sé	PN	O	_	_
i	il	RP	O	_	_
liberali	liberale	SP	O	_	_
.	.	XPS	O	_	_

Ma	ma	C	O	_	_
invece	invece	C	O	_	_
v’	v’	B	O	_	_
è	essere	VI	O	_	_
chi	chi	CCHI	O	_	_
assicura	assicurare	VI	O	_	_
che	che	CCHE	O	_	_
sotto	sotto	E	O	_	_
tutto	tutto	DS	O	_	_
questo	questo	PS	O	_	_
dissidio	dissidio	SS	O	_	_
finanziario	finanziario	AS	O	_	_
vi	vi	B	O	_	_
sia	essere	VI	O	_	_
un	uno	RS	O	_	_
armeggio	armeggio	SS	O	_	_
politico	politico	AS	O	_	_
.	.	XPS	O	_	_

Una	uno	RS	O	_	_
lezione	lezione	SS	O	_	_
cioè	cioe`	B	O	_	_
in	in	E	O	_	_
piena	pieno	AS	O	_	_
regola	regola	SS	O	_	_
al	a/det	ES	O	_	_
cancelliere	cancelliere	SS	O	_	_
.	.	XPS	O	_	_

Il	il	RS	O	_	_
quale	quale	PS	O	_	_
–	–	XPO	O	_	_
affermano	affermare	VI	O	_	_
autorevoli	autorevole	AP	O	_	_
parlamentari	parlamentare	SP	O	_	_
di	di	E	O	_	_
quel	quello	DS	O	_	_
partito	partito	SS	O	_	_
–	–	XPO	O	_	_
stanco	stanco	AS	O	_	_
di	di	E	O	_	_
dover	dovere	VF	O	_	_
accendere	accendere	VF	O	_	_
una	uno	RS	O	_	_
candela	candela	SS	O	_	_
al	a/det	ES	O	_	_
diavolo	diavolo	SS	O	_	_
e	e	C	O	_	_
una	uno	RS	O	_	_
a	a	E	O	_	_
S.	s.	YA	O	_	_
Antonio	antonio	SPN	O	_	_
,	comma	XPW	O	_	_
stava	stare	VI	O	_	_
macchinando	macchinare	VG	O	_	_
come	come	CADV	O	_	_
potesse	potere	VI	O	_	_
buttarsi	buttare/rifl	VF+E	O	_	_
del	di/det	ES	O	_	_
tutto	tutto	PS	O	_	_
al	a/det	ES	O	_	_
diavolo	diavolo	SS	O	_	_
.	.	XPS	O	_	_

Governo	governo	SS	O	_	_
di	di	E	O	_	_
sinistra	sinistra	SS	O	_	_
con	con	E	O	_	_
spiccata	spiccato	AS	O	_	_
tendenza	tendenza	SS	O	_	_
liberale	liberale	AS	O	_	_
,	comma	XPW	O	_	_
che	che	CCHE	O	_	_
doveva	dovere	VI	O	_	_
essere	essere	VFY	O	_	_
inaugurato	inaugurare	VSP	O	_	_
da	da	E	O	_	_
una	uno	RS	O	_	_
significativa	significativo	AS	O	_	_
manifestazione	manifestazione	SS	O	_	_
del	di/det	ES	O	_	_
Kaiser	kaiser	SPN	O	_	_
.	.	XPS	O	_	_

È	essere	VI	O	_	_
vero	vero	AS	O	_	_
?	?	XPS	O	_	_

non	non	B	O	_	_
è	essere	VI	O	_	_
vero	vero	AS	O	_	_
?	?	XPS	O	_	_

Il	il	RS	O	_	_
vero	vero	AS	O	_	_
è	essere	VI	O	_	_
che	che	CCHE	O	_	_
tutti	tutto	DP	O	_	_
i	il	RP	O	_	_
conservatori	conservatorio	SP	O	_	_
si	rifl	PN	O	_	_
trovano	trovare	VI	O	_	_
ad	ad	E	O	_	_
un	uno	RS	O	_	_
tratto	tratto	SS	O	_	_
d’	di	E	O	_	_
accordo	accordo	SS	O	_	_
a	a	E	O	_	_
votare	votare	VF	O	_	_
contro	contro	E	O	_	_
le	il	RP	O	_	_
idee	idea	SP	O	_	_
di	di	E	O	_	_
Bernardo	bernardo	SPN	PER	_	_
creduto	credere	VSP	O	_	_
traditore	traditore	SS	O	_	_
.	.	XPS	O	_	_

In	in	E	O	_	_
modo	modo	SS	O	_	_
che	che	CCHE	O	_	_
questi	questo	PP	O	_	_
è	essere	VI	O	_	_
tutt’	tutt’	AS	O	_	_
altro	altro	PS	O	_	_
che	che	CCHE	O	_	_
contento	contento	SS	O	_	_
dei	di/det	EP	O	_	_
suoi	suo	DP	O	_	_
uomini	uomo	SP	O	_	_
.	.	XPS	O	_	_

Se	se	C	O	_	_
vogliamo	volere	VI	O	_	_
credere	credere	VF	O	_	_
alla	a/det	ES	O	_	_
Neue	neue	SPN	O	_	_
Freie	freie	SPN	O	_	_
Presse	presse	SPN	O	_	_
la	il	RS	O	_	_
quale	quale	PS	O	_	_
assicura	assicurare	VI	O	_	_
di	di	E	O	_	_
avere	avere	VF	O	_	_
amorosamente	amorosamente	B	O	_	_
e	e	C	O	_	_
fedelmente	fedelmente	B	O	_	_
raccolto	raccogliere	VSP	O	_	_
un	uno	RS	O	_	_
suo	suo	DS	O	_	_
sfogo	sfogo	SS	O	_	_
,	comma	XPW	O	_	_
egli	egli	PS	O	_	_
sarebbe	essere	VI	O	_	_
anzi	anzi	B	O	_	_
molto	molto	B	O	_	_
allarmato	allarmare	VSP	O	_	_
della	di/det	ES	O	_	_
brutta	brutto	AS	O	_	_
piega	piega	SS	O	_	_
che	che	CCHE	O	_	_
prendono	prendere	VI	O	_	_
le	il	RP	O	_	_
cose	cosa	SP	O	_	_
.	.	XPS	O	_	_

E	e	C	O	_	_
difatti	difatti	VI	O	_	_
la	il	RS	O	_	_
discordia	discordia	SS	O	_	_
in	in	E	O	_	_
famiglia	famiglia	SS	O	_	_
è	essere	VI	O	_	_
sempre	sempre	B	O	_	_
stata	essere	VSP	O	_	_
causa	causa	SS	O	_	_
di	di	E	O	_	_
ruina	ruina	SS	O	_	_
.	.	XPS	O	_	_

Tanto	tanto	B	O	_	_
per	per	E	O	_	_
stare	stare	VF	O	_	_
in	in	E	O	_	_
carattere	carattere	SS	O	_	_
Bülow	bülow	SPN	O	_	_
riprova	riprovare	VI	O	_	_
il	il	RS	O	_	_
giochetto	giochetto	SS	O	_	_
che	che	CCHE	O	_	_
gli	gli	PS	O	_	_
è	essere	VIY	O	_	_
finora	finora	B	O	_	_
sempre	sempre	B	O	_	_
riuscito	riuscire	VSP	O	_	_
,	comma	XPW	O	_	_
quello	quello	PS	O	_	_
delle	di/det	EP	O	_	_
minacce	minaccia	SP	O	_	_
,	comma	XPW	O	_	_
un	uno	RS	O	_	_
po’	poco	B	O	_	_
a	a	E	O	_	_
destra	destra	SS	O	_	_
,	comma	XPW	O	_	_
un	uno	RS	O	_	_
po’	poco	B	O	_	_
a	a	E	O	_	_
sinistra	sinistra	SS	O	_	_
.	.	XPS	O	_	_

Ai	a/det	EP	O	_	_
liberali	liberale	SP	O	_	_
ricorda	ricordare	VI	O	_	_
che	che	CCHE	O	_	_
una	uno	RS	O	_	_
riforma	riforma	SS	O	_	_
finanziaria	finanziario	AS	O	_	_
la	il	RS	O	_	_
quale	quale	PS	O	_	_
venisse	venire	VIY	O	_	_
compiuta	compiere	VSP	O	_	_
contro	contro	E	O	_	_
di	di	E	O	_	_
essi	essi	PP	O	_	_
significherebbe	significare	VI	O	_	_
la	il	RS	O	_	_
loro	loro	DP	O	_	_
esclusione	esclusione	SS	O	_	_
dalla	da/det	ES	O	_	_
vita	vita	SS	O	_	_
pubblica	pubblico	AS	O	_	_
per	per	E	O	_	_
un	uno	RS	O	_	_
tempo	tempo	SS	O	_	_
incalcolabile	incalcolabile	AS	O	_	_
.	.	XPS	O	_	_

Via	via	B	O	_	_
,	comma	XPW	O	_	_
siano	essere	VI	O	_	_
buoni	buono	AP	O	_	_
,	comma	XPW	O	_	_
si	rifl	PN	O	_	_
arrendano	arrendere	VI	O	_	_
un	uno	RS	O	_	_
po’	poco	B	O	_	_
ai	a/det	EP	O	_	_
conservatori	conservatorio	SP	O	_	_
,	comma	XPW	O	_	_
pur	pur	C	O	_	_
di	di	E	O	_	_
salvare	salvare	VF	O	_	_
l’	il	RS	O	_	_
onore	onore	SS	O	_	_
dell’	di/det	ES	O	_	_
armi	arme	SP	O	_	_
.	.	XPS	O	_	_

Il	il	RS	O	_	_
lasciarsi	lasciare/rifl	VF+E	O	_	_
trascinare	trascinare	VF	O	_	_
dalle	da/det	EP	O	_	_
correnti	corrente	SP	O	_	_
radicali	radicale	AP	O	_	_
ha	avere	VIY	O	_	_
sempre	sempre	B	O	_	_
notevolmente	notevolmente	B	O	_	_
diminuita	diminuire	VSP	O	_	_
la	il	RS	O	_	_
loro	loro	DP	O	_	_
forza	forza	SS	O	_	_
alla	a/det	ES	O	_	_
Camera	camera	SS	O	_	_
e	e	C	O	_	_
nel	in/det	ES	O	_	_
paese	paese	SS	O	_	_
.	.	XPS	O	_	_

Non	non	B	O	_	_
sappiamo	sapere	VI	O	_	_
se	se	C	O	_	_
i	il	RP	O	_	_
liberali	liberale	SP	O	_	_
nazionali	nazionale	AP	O	_	_
,	comma	XPW	O	_	_
ai	a/det	EP	O	_	_
quali	quale	PP	O	_	_
specialmente	specialmente	B	O	_	_
è	essere	VI	O	_	_
diretto	diretto	AS	O	_	_
il	il	RS	O	_	_
predicozzo	predicozzo	SS	O	_	_
si	rifl	PN	O	_	_
lascieranno	lascieranno	VI	O	_	_
convertire	convertire	VF	O	_	_
.	.	XPS	O	_	_

Bülow	bülow	SPN	O	_	_
sembrava	sembrare	VI	O	_	_
sperarlo	sperare/pro	VF+E	O	_	_
perché	perché	C	O	_	_
contemporaneamente	contemporaneamente	B	O	_	_
fa	fare	VI	O	_	_
annunziare	annunziare	VF	O	_	_
che	che	CCHE	O	_	_
tiene	tenere	VI	O	_	_
in	in	E	O	_	_
serbo	serbo	SS	O	_	_
per	per	E	O	_	_
i	il	RP	O	_	_
conservatori	conservatorio	SP	O	_	_
se	se	C	O	_	_
saranno	essere	VI	O	_	_
troppo	troppo	B	O	_	_
duri	duro	AP	O	_	_
e	e	C	O	_	_
irreconciliabili	irreconciliabile	AP	O	_	_
un	uno	RS	O	_	_
buon	buon	AS	O	_	_
castigo	castigo	SS	O	_	_
.	.	XPS	O	_	_

Il	il	RS	O	_	_
sistema	sistema	SS	O	_	_
pedagogico	pedagogico	AS	O	_	_
tedesco	tedesco	AS	O	_	_
,	comma	XPW	O	_	_
come	come	CADV	O	_	_
si	rifl	PN	O	_	_
vede	vedere	VI	O	_	_
,	comma	XPW	O	_	_
è	essere	VI	O	_	_
ancora	ancora	B	O	_	_
in	in	E	O	_	_
fiore	fiore	SS	O	_	_
.	.	XPS	O	_	_

Dalla	da/det	ES	O	_	_
casa	casa	SS	O	_	_
paterna	paterno	AS	O	_	_
ove	ove	B	O	_	_
l’	il	RS	O	_	_
austero	austero	AS	O	_	_
genitore	genitore	SS	O	_	_
educa	educa	AS	O	_	_
a	a	E	O	_	_
suon	suon	SS	O	_	_
di	di	E	O	_	_
nerbate	nerbata	SP	O	_	_
i	il	RP	O	_	_
figliuoli	figliuoli	SP	O	_	_
,	comma	XPW	O	_	_
e	e	C	O	_	_
dalla	da/det	ES	O	_	_
scuola	scuola	SS	O	_	_
elementare	elementare	AS	O	_	_
è	essere	VIY	O	_	_
salito	salire	VSP	O	_	_
su	su	E	O	_	_
fino	fino	E	O	_	_
alla	a/det	ES	O	_	_
Camera	camera	SS	O	_	_
nazionale	nazionale	AS	O	_	_
e	e	C	O	_	_
Bülow	bülow	SPN	O	_	_
elegante	elegante	AS	O	_	_
,	comma	XPW	O	_	_
caustico	caustico	AS	O	_	_
e	e	C	O	_	_
spiritoso	spiritoso	AS	O	_	_
dominatore	dominatore	SS	O	_	_
dei	di/det	EP	O	_	_
popoli	popolo	SP	O	_	_
si	rifl	PN	O	_	_
prepara	preparare	VI	O	_	_
a	a	E	O	_	_
trasformarsi	trasformare/rifl	VF+E	O	_	_
nel	in/det	ES	O	_	_
classico	classico	AS	O	_	_
pedagogo	pedagogo	SS	O	_	_
colla	con/det	ES	O	_	_
ferula	ferula	SS	O	_	_
alzata	alzato	AS	O	_	_
.	.	XPS	O	_	_

Purché	purché	C	O	_	_
i	il	RP	O	_	_
ragazzi	ragazzo	SP	O	_	_
non	non	B	O	_	_
siano	essere	VI	O	_	_
troppo	troppo	B	O	_	_
caparbi	caparbi	AS	O	_	_
.	.	XPS	O	_	_

.	.	XPS	O	_	_

.	.	XPS	O	_	_
