# total number of persons:7, total number of gpes:1
L’	il	RS	O	_	_
assalto	assalto	SS	O	_	_
dell’	di/det	ES	O	_	_
anticlericalismo	anticlericalismo	SS	O	_	_
spagnolo	spagnolo	AS	O	_	_
contro	contro	E	O	_	_
la	il	RS	O	_	_
Chiesa	chiesa	SS	O	_	_
continua	continuare	VI	O	_	_
con	con	E	O	_	_
veemenza	veemenza	SS	O	_	_
.	.	XPS	O	_	_

L’	il	RS	O	_	_
avvenire	avvenire	SS	O	_	_
prossimo	prossimo	AS	O	_	_
si	rifl	PN	O	_	_
presenta	presentare	VI	O	_	_
oscuro	oscuro	AS	O	_	_
.	.	XPS	O	_	_

Canalejas	canalejas	SPN	O	_	_
si	rifl	PN	O	_	_
lascia	lasciare	VI	O	_	_
trascinare	trascinare	VF	O	_	_
dagli	da/det	EP	O	_	_
elementi	elemento	SP	O	_	_
più	più	B	O	_	_
radicali	radicale	AP	O	_	_
e	e	C	O	_	_
rivoluzionari	rivoluzionario	AP	O	_	_
.	.	XPS	O	_	_

Il	il	RS	O	_	_
discorso	discorso	SS	O	_	_
che	che	CCHE	O	_	_
fece	fare	VI	O	_	_
ieri	ieri	B	O	_	_
il	il	RS	O	_	_
socialista	socialista	SS	O	_	_
Iglesias	iglesias	SPN	PER	_	_
alla	a/det	ES	O	_	_
Camera	camera	SS	O	_	_
,	comma	XPW	O	_	_
e	e	C	O	_	_
che	che	CCHE	O	_	_
stupì	stupire	VI	O	_	_
tutto	tutto	DS	O	_	_
il	il	RS	O	_	_
paese	paese	SS	O	_	_
per	per	E	O	_	_
la	il	RS	O	_	_
sua	suo	DS	O	_	_
violenza	violenza	SS	O	_	_
,	comma	XPW	O	_	_
mostra	mostrare	VI	O	_	_
dove	dove	CADV	O	_	_
vorrebbero	volere	VI	O	_	_
giungere	giungere	VF	O	_	_
costoro	costui	PP	O	_	_
.	.	XPS	O	_	_

La	il	RS	O	_	_
parte	parte	SS	O	_	_
più	più	B	O	_	_
sana	sano	AS	O	_	_
del	di/det	ES	O	_	_
paese	paese	SS	O	_	_
è	essere	VI	O	_	_
allarmatissima	allarmatissima	AS	O	_	_
.	.	XPS	O	_	_

La	il	RS	O	_	_
stampa	stampa	SS	O	_	_
fa	fa	B	O	_	_
dei	di/det	EP	O	_	_
commenti	commento	SP	O	_	_
acri	acre	AP	O	_	_
e	e	C	O	_	_
prevede	prevedere	VI	O	_	_
rovine	rovine	SS	O	_	_
sempre	sempre	B	O	_	_
peggiori	peggiore	AP	O	_	_
.	.	XPS	O	_	_

La	il	RS	O	_	_
Lectura	lectura	SPN	O	_	_
Dominical	dominical	SPN	O	_	_
,	comma	XPW	O	_	_
la	il	RS	O	_	_
più	più	B	O	_	_
importante	importante	AS	O	_	_
rivista	rivista	SS	O	_	_
settimanale	settimanale	AS	O	_	_
di	di	E	O	_	_
Madrid	madrid	SPN	GPE	40.4167047	-3.7035825
(	open_parenthesis	XPB	O	_	_
conta	contare	VI	O	_	_
quarantamila	quarantamila	N	O	_	_
abbonati	abbonato	SP	O	_	_
)	close_parenthesis	XPB	O	_	_
giudica	giudicare	VI	O	_	_
severamente	severamente	B	O	_	_
il	il	RS	O	_	_
contegno	contegno	SS	O	_	_
del	di/det	ES	O	_	_
governo	governo	SS	O	_	_
,	comma	XPW	O	_	_
accusandolo	accusare/pro	VG+E	O	_	_
di	di	E	O	_	_
incoerenza	incoerenza	SS	O	_	_
.	.	XPS	O	_	_

Dopo	dopo	C	O	_	_
aver	avere	VFY	O	_	_
tratteggiato	tratteggiare	VSP	O	_	_
lo	il	RS	O	_	_
stato	stato	SS	O	_	_
della	di/det	ES	O	_	_
questione	questione	SS	O	_	_
,	comma	XPW	O	_	_
che	che	CCHE	O	_	_
chiama	chiamare	VI	O	_	_
nuovo	nuovo	AS	O	_	_
ingiusto	ingiusto	SS	O	_	_
inconveniente	inconveniente	AS	O	_	_
e	e	C	O	_	_
antipatriottico	antipatriottico	AS	O	_	_
conato	conato	VSP	O	_	_
di	di	E	O	_	_
persecuzione	persecuzione	SS	O	_	_
del	di/det	ES	O	_	_
signor	signore	SS	O	_	_
Canalejas	canalejas	SPN	PER	_	_
,	comma	XPW	O	_	_
giudica	giudicare	VI	O	_	_
che	che	CCHE	O	_	_
la	il	RS	O	_	_
condotta	condotta	SS	O	_	_
del	di/det	ES	O	_	_
Governo	governo	SS	O	_	_
in	in	E	O	_	_
questa	questo	DS	O	_	_
faccenda	faccenda	SS	O	_	_
non	non	B	O	_	_
può	potere	VI	O	_	_
essere	essere	VF	O	_	_
né	né	C	O	_	_
più	più	B	O	_	_
scorretta	scorretto	AS	O	_	_
né	né	C	O	_	_
più	più	B	O	_	_
assurda	assurdo	AS	O	_	_
.	.	XPS	O	_	_

Scorretta	scorretta	SPN	O	_	_
,	comma	XPW	O	_	_
cioè	cioe`	B	O	_	_
contraria	contrario	AS	O	_	_
alle	a/det	EP	O	_	_
norme	norma	SP	O	_	_
della	di/det	ES	O	_	_
correttezza	correttezza	SS	O	_	_
diplomatica	diplomatico	AS	O	_	_
,	comma	XPW	O	_	_
per	per	E	O	_	_
aver	avere	VFY	O	_	_
turbato	turbare	VSP	O	_	_
lo	il	RS	O	_	_
statu	statu	SS	O	_	_
quo	quo	AS	O	_	_
in	in	E	O	_	_
materie	materia	SP	O	_	_
che	che	CCHE	O	_	_
formano	formare	VI	O	_	_
oggetto	oggetto	SS	O	_	_
di	di	E	O	_	_
trattative	trattativa	SP	O	_	_
in	in	E	O	_	_
corso	corso	SS	O	_	_
;	semicolon	XPS	O	_	_

assurda	assurdo	AS	O	_	_
perché	perché	C	O	_	_
mostra	mostrare	VI	O	_	_
di	di	E	O	_	_
essere	essere	VFY	O	_	_
sorpreso	sorprendere	VSP	O	_	_
dalle	da/det	EP	O	_	_
giuste	giusto	AP	O	_	_
proteste	protesta	SP	O	_	_
della	di/det	ES	O	_	_
S.	s.	YA	O	_	_
Sede	sede	SPN	O	_	_
,	comma	XPW	O	_	_
che	che	CCHE	O	_	_
sono	essere	VIY	O	_	_
state	essere	VPPY	O	_	_
logicamente	logicamente	B	O	_	_
motivate	motivare	VPP	O	_	_
dalla	da/det	ES	O	_	_
sua	suo	DS	O	_	_
condotta	condotta	SS	O	_	_
.	.	XPS	O	_	_

E	e	C	O	_	_
soggiunge	soggiungere	VI	O	_	_
:	:	XPS	O	_	_
Il	il	RS	O	_	_
Governo	governo	SS	O	_	_
teneva	tenere	VI	O	_	_
due	due	N	O	_	_
vie	via	SP	O	_	_
da	da	E	O	_	_
seguire	seguire	VF	O	_	_
:	:	XPS	O	_	_
o	o	C	O	_	_
quella	quello	PS	O	_	_
della	di/det	ES	O	_	_
tradizione	tradizione	SS	O	_	_
spagnola	spagnolo	AS	O	_	_
di	di	E	O	_	_
concordare	concordare	VF	O	_	_
cioè	cioe`	B	O	_	_
con	con	E	O	_	_
la	il	RS	O	_	_
S.	s.	YA	O	_	_
Sede	sede	SPN	O	_	_
tutti	tutto	DP	O	_	_
gli	il	RP	O	_	_
affari	affare	SP	O	_	_
misti	misto	AP	O	_	_
,	comma	XPW	O	_	_
di	di	E	O	_	_
cui	cui	PN	O	_	_
credeva	credere	VI	O	_	_
opportuno	opportuno	AS	O	_	_
occuparsi	occupare/rifl	VF+E	O	_	_
;	semicolon	XPS	O	_	_

ovvero	ovvero	C	O	_	_
quella	quello	DS	O	_	_
giacobina	giacobina	SS	O	_	_
di	di	E	O	_	_
legiferare	legiferare	VF	O	_	_
tanto	tanto	PS	O	_	_
nello	in/det	ES	O	_	_
spirituale	spirituale	AS	O	_	_
quanto	quanto	B	O	_	_
nel	in/det	ES	O	_	_
temporale	temporale	SS	O	_	_
da	da	E	O	_	_
sé	sé	PN	O	_	_
solo	solo	B	O	_	_
.	.	XPS	O	_	_

La	il	RS	O	_	_
prima	primo	AS	O	_	_
via	via	SS	O	_	_
sarebbe	essere	VIY	O	_	_
stata	essere	VSPY	O	_	_
giusta	giusta	VSP	O	_	_
,	comma	XPW	O	_	_
la	il	RS	O	_	_
seconda	secondo	AS	O	_	_
iniqua	iniqua	SS	O	_	_
;	semicolon	XPS	O	_	_

ma	ma	C	O	_	_
tutte	tutto	DP	O	_	_
due	due	N	O	_	_
avrebbero	avere	VIY	O	_	_
risposto	rispondere	VSP	O	_	_
ad	ad	E	O	_	_
una	uno	RS	O	_	_
dottrina	dottrina	SS	O	_	_
,	comma	XPW	O	_	_
ed	ed	C	O	_	_
avrebbero	avere	VI	O	_	_
almeno	almeno	B	O	_	_
rappresentato	rappresentare	VSP	O	_	_
un	uno	RS	O	_	_
procedimento	procedimento	SS	O	_	_
leale	leale	AS	O	_	_
.	.	XPS	O	_	_

Invece	invece	C	O	_	_
il	il	RS	O	_	_
governo	governo	SS	O	_	_
ha	avere	VIY	O	_	_
cercato	cercare	VSP	O	_	_
seguire	seguire	VF	O	_	_
una	uno	RS	O	_	_
via	via	SS	O	_	_
doppia	doppio	AS	O	_	_
:	:	XPS	O	_	_
la	il	RS	O	_	_
cattolica	cattolica	SS	O	_	_
o	o	C	O	_	_
spagnola	spagnolo	AS	O	_	_
,	comma	XPW	O	_	_
e	e	C	O	_	_
la	il	RS	O	_	_
cesarista	cesarista	SS	O	_	_
o	o	C	O	_	_
giacobina	giacobina	SS	O	_	_
.	.	XPS	O	_	_

Proclamare	proclamare	VF	O	_	_
ad	ad	E	O	_	_
alta	alto	AS	O	_	_
voce	voce	SS	O	_	_
che	che	CCHE	O	_	_
crede	credere	VI	O	_	_
di	di	E	O	_	_
poter	potere	VF	O	_	_
disporre	disporre	VF	O	_	_
come	come	CADV	O	_	_
più	più	B	O	_	_
gli	gli	PS	O	_	_
piace	piacere	VI	O	_	_
sul	su/det	ES	O	_	_
temporale	temporale	SS	O	_	_
e	e	C	O	_	_
l’	il	RS	O	_	_
eterno	eterno	SS	O	_	_
;	semicolon	XPS	O	_	_

minacciare	minacciare	VF	O	_	_
pubblicamente	pubblicamente	B	O	_	_
che	che	CCHE	O	_	_
se	se	C	O	_	_
la	il	RS	O	_	_
S.	s.	YA	O	_	_
Sede	sede	SPN	O	_	_
non	non	B	O	_	_
consente	consentire	VI	O	_	_
in	in	E	O	_	_
ciò	ciò`	PS	O	_	_
che	che	CCHE	O	_	_
pretende	pretendere	VI	O	_	_
,	comma	XPW	O	_	_
egli	egli	PS	O	_	_
basterà	bastare	VI	O	_	_
a	a	E	O	_	_
sé	sé	PN	O	_	_
stesso	stesso	DS	O	_	_
per	per	E	O	_	_
fare	fare	VF	O	_	_
ciò	ciò`	PS	O	_	_
che	che	CCHE	O	_	_
gli	gli	PS	O	_	_
piace	piacere	VI	O	_	_
per	per	E	O	_	_
suo	suo	DS	O	_	_
conto	conto	SS	O	_	_
e	e	C	O	_	_
rischio	rischio	SS	O	_	_
;	semicolon	XPS	O	_	_

porre	porre	VF	O	_	_
in	in	E	O	_	_
pratica	pratica	SS	O	_	_
questa	questo	DS	O	_	_
teoria	teoria	SS	O	_	_
col	con/det	ES	O	_	_
Decreto	decreto	SPN	O	_	_
Reale	reale	SPN	O	_	_
,	comma	XPW	O	_	_
e	e	C	O	_	_
nel	in/det	ES	O	_	_
contempo	contempo	SS	O	_	_
negoziare	negoziare	VF	O	_	_
con	con	E	O	_	_
Sua	suo	DS	O	_	_
Santità	santità	SN	O	_	_
per	per	E	O	_	_
conseguire	conseguire	VF	O	_	_
la	il	RS	O	_	_
riduzione	riduzione	SS	O	_	_
degli	di/det	EP	O	_	_
Ordini	ordine	SP	O	_	_
Religiosi	religiosi	SPN	O	_	_
.	.	XPS	O	_	_

In	in	E	O	_	_
queste	questo	DP	O	_	_
condizioni	condizione	SP	O	_	_
non	non	B	O	_	_
è	essere	VI	O	_	_
realmente	realmente	B	O	_	_
un	uno	RS	O	_	_
patto	patto	SS	O	_	_
che	che	CCHE	O	_	_
si	rifl	PN	O	_	_
propone	proporre	VI	O	_	_
,	comma	XPW	O	_	_
ma	ma	C	O	_	_
si	rifl	PN	O	_	_
cerca	cercare	VI	O	_	_
di	di	E	O	_	_
imporre	imporre	VF	O	_	_
alla	a/det	ES	O	_	_
S.	s.	YA	O	_	_
Sede	sede	SPN	O	_	_
che	che	CCHE	O	_	_
essa	essa	PS	O	_	_
stessa	stesso	DS	O	_	_
sacrifichi	sacrifichi	SP	O	_	_
gli	il	RP	O	_	_
Ordini	ordine	SP	O	_	_
Religiosi	religiosi	SPN	O	_	_
in	in	E	O	_	_
Ispagna	ispagna	SPN	O	_	_
,	comma	XPW	O	_	_
ovvero	ovvero	C	O	_	_
che	che	CCHE	O	_	_
essa	essa	PS	O	_	_
interponga	interporre	VI	O	_	_
la	il	RS	O	_	_
sua	suo	DS	O	_	_
autorità	autorità	SN	O	_	_
per	per	E	O	_	_
frenare	frenare	VF	O	_	_
i	il	RP	O	_	_
cattolici	cattolico	SP	O	_	_
spagnuoli	spagnuoli	AP	O	_	_
nella	in/det	ES	O	_	_
difesa	difesa	SS	O	_	_
che	che	CCHE	O	_	_
possono	potere	VI	O	_	_
fare	fare	VF	O	_	_
degli	di/det	EP	O	_	_
Istituti	istituto	SP	O	_	_
Religiosi	religiosi	SPN	O	_	_
.	.	XPS	O	_	_

Supponiamo	supporre	VI	O	_	_
che	che	CCHE	O	_	_
la	il	RS	O	_	_
S.	s.	YA	O	_	_
Sede	sede	SPN	O	_	_
continui	continuare	VI	O	_	_
le	il	RP	O	_	_
trattative	trattativa	SP	O	_	_
e	e	C	O	_	_
che	che	CCHE	O	_	_
si	rifl	PN	O	_	_
giunga	giungere	VI	O	_	_
ad	ad	E	O	_	_
un	uno	RS	O	_	_
accordo	accordo	SS	O	_	_
per	per	E	O	_	_
cui	cui	PN	O	_	_
sia	essere	VIY	O	_	_
ridotto	ridurre	VSP	O	_	_
il	il	RS	O	_	_
numero	numero	SS	O	_	_
degli	di/det	EP	O	_	_
Ordini	ordine	SP	O	_	_
religiosi	religioso	AP	O	_	_
.	.	XPS	O	_	_

Certamente	certamente	B	O	_	_
il	il	RS	O	_	_
Papa	papa	SPN	O	_	_
non	non	B	O	_	_
consentirebbe	consentire	VI	O	_	_
in	in	E	O	_	_
ciò	ciò`	PS	O	_	_
pel	pel	VI	O	_	_
desiderio	desiderio	SS	O	_	_
di	di	E	O	_	_
ridurre	ridurre	VF	O	_	_
i	il	RP	O	_	_
detti	detto	SP	O	_	_
Ordini	ordini	SPN	O	_	_
,	comma	XPW	O	_	_
ma	ma	C	O	_	_
per	per	E	O	_	_
conservare	conservare	VF	O	_	_
quelli	quello	PP	O	_	_
che	che	CCHE	O	_	_
rimarranno	rimanere	VI	O	_	_
.	.	XPS	O	_	_

Quali	quale	DP	O	_	_
garanzie	garanzia	SP	O	_	_
però	però	C	O	_	_
avrebb’	avrebb’	VI	O	_	_
egli	egli	PS	O	_	_
per	per	E	O	_	_
ritenere	ritenere	VF	O	_	_
che	che	CCHE	O	_	_
il	il	RS	O	_	_
Governo	governo	SS	O	_	_
rispetterà	rispettare	VI	O	_	_
codesto	codesto	DS	O	_	_
patto	patto	SS	O	_	_
nella	in/det	ES	O	_	_
parte	parte	SS	O	_	_
favorevole	favorevole	AS	O	_	_
alla	a/det	ES	O	_	_
Chiesa	chiesa	SS	O	_	_
?	?	XPS	O	_	_

Allora	allora	C	O	_	_
il	il	RS	O	_	_
Governo	governo	SS	O	_	_
metterà	mettere	VI	O	_	_
fuori	fuori	B	O	_	_
l’	il	RS	O	_	_
altra	altro	DS	O	_	_
sua	suo	DS	O	_	_
teoria	teoria	SS	O	_	_
,	comma	XPW	O	_	_
della	di/det	ES	O	_	_
sovranità	sovranità	SN	O	_	_
dello	di/det	ES	O	_	_
Stato	stato	SS	O	_	_
e	e	C	O	_	_
della	di/det	ES	O	_	_
sua	suo	DS	O	_	_
intangibilità	intangibilità	SN	O	_	_
,	comma	XPW	O	_	_
e	e	C	O	_	_
–	–	XPO	O	_	_
in	in	E	O	_	_
virtù	virtù	SS	O	_	_
di	di	E	O	_	_
essa	essa	PS	O	_	_
–	–	XPO	O	_	_
ora	ora	B	O	_	_
con	con	E	O	_	_
una	uno	RS	O	_	_
legge	legge	SS	O	_	_
sulle	su/det	EP	O	_	_
associazioni	associazione	SP	O	_	_
,	comma	XPW	O	_	_
ora	ora	B	O	_	_
con	con	E	O	_	_
un	uno	RS	O	_	_
Decreto	decreto	SS	O	_	_
reale	reale	AS	O	_	_
renderà	rendere	VI	O	_	_
nullo	nullo	AS	O	_	_
di	di	E	O	_	_
fatto	fatto	SS	O	_	_
l’	il	RS	O	_	_
accordo	accordo	SS	O	_	_
.	.	XPS	O	_	_

È	essere	VI	O	_	_
serio	serio	AS	O	_	_
ciò	ciò`	PS	O	_	_
?	?	XPS	O	_	_

L’	il	RS	O	_	_
articolista	articolista	SS	O	_	_
prosegue	proseguire	VI	O	_	_
rilevando	rilevare	VG	O	_	_
che	che	CCHE	O	_	_
al	a/det	ES	O	_	_
Governo	governo	SS	O	_	_
non	non	B	O	_	_
importa	importare	VI	O	_	_
il	il	RS	O	_	_
maggiore	maggiore	SS	O	_	_
o	o	C	O	_	_
minor	minor	AS	O	_	_
numero	numero	SS	O	_	_
degli	di/det	EP	O	_	_
Ordini	ordine	SP	O	_	_
Religiosi	religiosi	SPN	O	_	_
,	comma	XPW	O	_	_
ma	ma	C	O	_	_
col	con/det	ES	O	_	_
combatterli	combattere/pro	VF+E	O	_	_
egli	egli	PS	O	_	_
intende	intendere	VI	O	_	_
rimuovere	rimuovere	VF	O	_	_
un	uno	RS	O	_	_
grande	grande	AS	O	_	_
ostacolo	ostacolo	SS	O	_	_
alla	a/det	ES	O	_	_
scristianizzazione	scristianizzazione	SS	O	_	_
della	di/det	ES	O	_	_
Spagna	spagna	SPN	O	_	_
.	.	XPS	O	_	_

L’	il	RS	O	_	_
assurdo	assurdo	SS	O	_	_
del	di/det	ES	O	_	_
contegno	contegno	SS	O	_	_
governativo	governativo	AS	O	_	_
è	essere	VI	O	_	_
che	che	CCHE	O	_	_
nei	in/det	EP	O	_	_
suoi	suo	DP	O	_	_
propositi	proposito	SP	O	_	_
settari	settario	AP	O	_	_
intende	intendere	VI	O	_	_
associarsi	associare/rifl	VF+E	O	_	_
la	il	RS	O	_	_
S.	s.	YA	O	_	_
Sede	sede	SPN	O	_	_
.	.	XPS	O	_	_

«	«	XPO	O	_	_
Se	se	C	O	_	_
il	il	RS	O	_	_
signor	signore	SS	O	_	_
Canalejas	canalejas	SPN	PER	_	_
crede	credere	VI	O	_	_
che	che	CCHE	O	_	_
le	il	RP	O	_	_
sue	suo	DP	O	_	_
idee	idea	SP	O	_	_
o	o	C	O	_	_
compromessi	compromesso	SP	O	_	_
politici	politico	AP	O	_	_
o	o	C	O	_	_
settari	settario	AP	O	_	_
lo	lo	PS	O	_	_
obbligano	obbligare	VI	O	_	_
ad	ad	E	O	_	_
agire	agire	VF	O	_	_
in	in	E	O	_	_
tal	tale	AS	O	_	_
modo	modo	SS	O	_	_
;	semicolon	XPS	O	_	_

ma	ma	C	O	_	_
che	che	CCHE	O	_	_
allora	allora	C	O	_	_
lo	lo	PS	O	_	_
faccia	fare	VI	O	_	_
da	da	E	O	_	_
solo	solo	B	O	_	_
:	:	XPS	O	_	_
qui	qui	B	O	_	_
siamo	essere	VI	O	_	_
noi	noi	PP	O	_	_
cattolici	cattolico	AP	O	_	_
spagnuoli	spagnuoli	SP	O	_	_
decisi	deciso	AP	O	_	_
ad	ad	E	O	_	_
impedirglielo	impedirglielo	SS	O	_	_
per	per	E	O	_	_
quanto	quanto	QNS	O	_	_
possiamo	potere	VI	O	_	_
»	»	XPO	O	_	_
.	.	XPS	O	_	_

L’	il	RS	O	_	_
Osservatore	osservatore	SPN	O	_	_
Romano	romano	SPN	O	_	_
,	comma	XPW	O	_	_
a	a	E	O	_	_
sua	suo	DS	O	_	_
volta	volta	SS	O	_	_
,	comma	XPW	O	_	_
così	così	B	O	_	_
commenta	commentare	VI	O	_	_
il	il	RS	O	_	_
violento	violento	AS	O	_	_
discorso	discorso	SS	O	_	_
di	di	E	O	_	_
Iglesias	iglesias	SPN	PER	_	_
:	:	XPS	O	_	_
«	«	XPO	O	_	_
Il	il	RS	O	_	_
sommario	sommario	SS	O	_	_
resoconto	resoconto	AS	O	_	_
del	di/det	ES	O	_	_
grave	grave	AS	O	_	_
incidente	incidente	SS	O	_	_
sollevato	sollevare	VSP	O	_	_
dalle	da/det	EP	O	_	_
parole	parola	SP	O	_	_
inqualificabili	inqualificabile	AP	O	_	_
del	di/det	ES	O	_	_
deputato	deputato	SS	O	_	_
Iglesias	iglesias	SPN	PER	_	_
è	essere	VI	O	_	_
talmente	talmente	B	O	_	_
eloquente	eloquente	AS	O	_	_
per	per	E	O	_	_
sé	sé	PN	O	_	_
stesso	stesso	DS	O	_	_
da	da	E	O	_	_
render	rendere	VF	O	_	_
superflua	superfluo	AS	O	_	_
qualsiasi	qualsiasi	DN	O	_	_
parola	parola	SS	O	_	_
di	di	E	O	_	_
commento	commento	SS	O	_	_
.	.	XPS	O	_	_

Non	non	B	O	_	_
possiamo	potere	VI	O	_	_
tuttavia	tuttavia	B	O	_	_
lasciare	lasciare	VF	O	_	_
senza	senza	E	O	_	_
una	uno	RS	O	_	_
breve	breve	AS	O	_	_
notizia	notizia	SS	O	_	_
il	il	RS	O	_	_
rimprovero	rimprovero	SS	O	_	_
mosso	muovere	VSP	O	_	_
dal	da/det	ES	O	_	_
presidente	presidente	SS	O	_	_
del	di/det	ES	O	_	_
Consiglio	consiglio	SS	O	_	_
al	a/det	ES	O	_	_
deputato	deputato	SS	O	_	_
socialista	socialista	AS	O	_	_
rinfacciandogli	rinfacciandogli	VF+E	O	_	_
di	di	E	O	_	_
aver	avere	VFY	O	_	_
tenuto	tenere	VSP	O	_	_
discorsi	discorso	SP	O	_	_
analoghi	analogo	AP	O	_	_
a	a	E	O	_	_
quello	quello	PS	O	_	_
di	di	E	O	_	_
ieri	ieri	B	O	_	_
,	comma	XPW	O	_	_
anche	anche	C	O	_	_
fuori	fuori	E	O	_	_
dal	da/det	ES	O	_	_
Parlamento	parlamento	SS	O	_	_
.	.	XPS	O	_	_

Il	il	RS	O	_	_
signor	signore	SS	O	_	_
Canalejas	canalejas	SPN	PER	_	_
conosceva	conoscere	VI	O	_	_
dunque	dunque	C	O	_	_
bene	bene	B	O	_	_
chi	chi	CCHI	O	_	_
si	rifl	PN	O	_	_
fosse	essere	VI	O	_	_
e	e	C	O	_	_
quanto	quanto	B	O	_	_
valesse	valere	VI	O	_	_
il	il	RS	O	_	_
deputato	deputato	SS	O	_	_
Iglesias	iglesias	SPN	PER	_	_
,	comma	XPW	O	_	_
quali	quale	PP	O	_	_
fossero	essere	VI	O	_	_
le	il	RP	O	_	_
sue	suo	DP	O	_	_
idee	idea	SP	O	_	_
e	e	C	O	_	_
le	il	RP	O	_	_
sue	suo	DP	O	_	_
tendenze	tendenza	SP	O	_	_
,	comma	XPW	O	_	_
quale	quale	PS	O	_	_
il	il	RS	O	_	_
radicalismo	radicalismo	SS	O	_	_
delle	di/det	EP	O	_	_
sue	suo	DP	O	_	_
aspirazioni	aspirazione	SP	O	_	_
e	e	C	O	_	_
la	il	RS	O	_	_
rettitudine	rettitudine	SS	O	_	_
della	di/det	ES	O	_	_
sua	suo	DS	O	_	_
coscienza	coscienza	SS	O	_	_
,	comma	XPW	O	_	_
anche	anche	C	O	_	_
prima	primo	AS	O	_	_
che	che	CCHE	O	_	_
egli	egli	PS	O	_	_
pronunziasse	pronunziare	VI	O	_	_
quelle	quello	DP	O	_	_
parole	parola	SP	O	_	_
che	che	CCHE	O	_	_
hanno	avere	VI	O	_	_
giustificatamene	giustificatamene	VI	O	_	_
sollevato	sollevare	VSP	O	_	_
l’	il	RS	O	_	_
indignazione	indignazione	SS	O	_	_
di	di	E	O	_	_
tutta	tutto	DS	O	_	_
la	il	RS	O	_	_
Camera	camera	SS	O	_	_
.	.	XPS	O	_	_

Come	come	CADV	O	_	_
va	andare	VI	O	_	_
dunque	dunque	C	O	_	_
che	che	CCHE	O	_	_
egli	egli	PS	O	_	_
consigliere	consigliere	SS	O	_	_
della	di/det	ES	O	_	_
Corona	corona	SS	O	_	_
e	e	C	O	_	_
capo	capo	SS	O	_	_
del	di/det	ES	O	_	_
Governo	governo	SS	O	_	_
non	non	B	O	_	_
ha	avere	VIY	O	_	_
sdegnato	sdegnare	VSP	O	_	_
,	comma	XPW	O	_	_
non	non	B	O	_	_
ha	avere	VIY	O	_	_
avuto	avere	VSP	O	_	_
ribrezzo	ribrezzo	SS	O	_	_
di	di	E	O	_	_
mostrarsi	mostrare/rifl	VF+E	O	_	_
pubblicamente	pubblicamente	B	O	_	_
a	a	E	O	_	_
braccetto	braccetto	SS	O	_	_
con	con	E	O	_	_
lui	lui	PS	O	_	_
e	e	C	O	_	_
con	con	E	O	_	_
i	il	RP	O	_	_
suoi	suo	DP	O	_	_
degni	degno	AP	O	_	_
compagni	compagno	SP	O	_	_
,	comma	XPW	O	_	_
quasi	quasi	C	O	_	_
che	che	CCHE	O	_	_
andasse	andare	VI	O	_	_
con	con	E	O	_	_
essi	essi	PP	O	_	_
perfettamente	perfettamente	B	O	_	_
d’	di	E	O	_	_
accordo	accordo	SS	O	_	_
e	e	C	O	_	_
dividesse	dividere	VI	O	_	_
le	il	RP	O	_	_
loro	loro	DP	O	_	_
idee	idea	SP	O	_	_
e	e	C	O	_	_
le	il	RP	O	_	_
loro	loro	DP	O	_	_
aspirazioni	aspirazione	SP	O	_	_
?	?	XPS	O	_	_

E	e	C	O	_	_
dopo	dopo	B	O	_	_
ciò	ciò`	PS	O	_	_
è	essere	VIY	O	_	_
lecito	lecito	VSP	O	_	_
domandare	domandare	VF	O	_	_
dove	dove	CADV	O	_	_
si	rifl	PN	O	_	_
intende	intendere	VI	O	_	_
arrivare	arrivare	VF	O	_	_
con	con	E	O	_	_
questa	questo	DS	O	_	_
condotta	condotta	SS	O	_	_
e	e	C	O	_	_
in	in	E	O	_	_
quale	quale	DS	O	_	_
abisso	abisso	SS	O	_	_
si	rifl	PN	O	_	_
intenda	intendere	VI	O	_	_
condurre	condurre	VF	O	_	_
la	il	RS	O	_	_
Spagna	spagna	SPN	O	_	_
.	.	XPS	O	_	_

Il	il	RS	O	_	_
dubbio	dubbio	SS	O	_	_
del	di/det	ES	O	_	_
resto	resto	SS	O	_	_
non	non	B	O	_	_
è	essere	VI	O	_	_
più	più	B	O	_	_
possibile	possibile	AS	O	_	_
dopo	dopo	C	O	_	_
che	che	CCHE	O	_	_
si	rifl	PN	O	_	_
è	essere	VIY	O	_	_
visto	vedere	VSP	O	_	_
lo	il	RS	O	_	_
stesso	stesso	DS	O	_	_
Governo	governo	SS	O	_	_
presentare	presentare	VF	O	_	_
alla	a/det	ES	O	_	_
Camera	camera	SS	O	_	_
un	uno	RS	O	_	_
progetto	progetto	SS	O	_	_
di	di	E	O	_	_
legge	legge	SS	O	_	_
per	per	E	O	_	_
l’	il	RS	O	_	_
abolizione	abolizione	SS	O	_	_
del	di/det	ES	O	_	_
giuramento	giuramento	SS	O	_	_
,	comma	XPW	O	_	_
facendo	fare	VG	O	_	_
così	così	B	O	_	_
quello	quello	PS	O	_	_
che	che	CCHE	O	_	_
non	non	B	O	_	_
si	rifl	PN	O	_	_
era	essere	VIY	O	_	_
mai	mai	B	O	_	_
pensato	pensare	VSP	O	_	_
di	di	E	O	_	_
fare	fare	VF	O	_	_
anche	anche	C	O	_	_
durante	durante	E	O	_	_
il	il	RS	O	_	_
periodo	periodo	SS	O	_	_
rivoluzionario	rivoluzionario	AS	O	_	_
,	comma	XPW	O	_	_
ciò	ciò`	PS	O	_	_
che	che	CCHE	O	_	_
non	non	B	O	_	_
si	rifl	PN	O	_	_
è	essere	VIY	O	_	_
fatto	fare	VSP	O	_	_
e	e	C	O	_	_
non	non	B	O	_	_
si	rifl	PN	O	_	_
fa	fare	VI	O	_	_
negli	in/det	EP	O	_	_
stessi	stesso	DP	O	_	_
Stati	stato	SP	O	_	_
di	di	E	O	_	_
cui	cui	PN	O	_	_
ora	ora	B	O	_	_
si	rifl	PN	O	_	_
cerca	cercare	VI	O	_	_
di	di	E	O	_	_
imitare	imitare	VF	O	_	_
le	il	RP	O	_	_
funeste	funesto	AP	O	_	_
imprese	impresa	SP	O	_	_
giacobine	giacobino	AP	O	_	_
.	.	XPS	O	_	_

Né	né	C	O	_	_
potrebbe	potere	VI	O	_	_
essere	essere	VF	O	_	_
diversamente	diversamente	B	O	_	_
"!"	esclamation_mark	XPS	O	_	_

La	il	RS	O	_	_
guerra	guerra	SS	O	_	_
contro	contro	E	O	_	_
la	il	RS	O	_	_
Chiesa	chiesa	SS	O	_	_
e	e	C	O	_	_
la	il	RS	O	_	_
religione	religione	SS	O	_	_
non	non	B	O	_	_
può	potere	VI	O	_	_
mai	mai	B	O	_	_
andare	andare	VF	O	_	_
disgiunta	disgiunta	SS	O	_	_
dall’	da/det	ES	O	_	_
eccitamento	eccitamento	SS	O	_	_
all’	a/det	ES	O	_	_
anarchia	anarchia	SS	O	_	_
ed	ed	C	O	_	_
al	a/det	ES	O	_	_
delitto	delitto	SS	O	_	_
;	semicolon	XPS	O	_	_

ogni	ogni	DS	O	_	_
offesa	offesa	SS	O	_	_
arrecata	arrecare	VSP	O	_	_
all’	a/det	ES	O	_	_
altare	altare	SS	O	_	_
nasconde	nascondere	VI	O	_	_
sempre	sempre	B	O	_	_
e	e	C	O	_	_
dovunque	dovunque	VI	O	_	_
un’	uno	RS	O	_	_
insidia	insidia	SS	O	_	_
contro	contro	E	O	_	_
il	il	RS	O	_	_
trono	trono	SS	O	_	_
e	e	C	O	_	_
contro	contro	E	O	_	_
il	il	RS	O	_	_
principio	principio	SS	O	_	_
d’	di	E	O	_	_
autorità	autorità	SN	O	_	_
»	»	XPO	O	_	_
.	.	XPS	O	_	_
