# total number of persons:2, total number of gpes:2
Guardando	guardare	VG	O	_	_
tristemente	tristemente	B	O	_	_
alla	a/det	ES	O	_	_
neve	neve	SS	O	_	_
che	che	CCHE	O	_	_
minaccia	minacciare	VI	O	_	_
riseppellire	riseppellire	VF	O	_	_
il	il	RS	O	_	_
verde	verde	SS	O	_	_
recente	recente	AS	O	_	_
del	di/det	ES	O	_	_
paesaggio	paesaggio	SS	O	_	_
e	e	C	O	_	_
risentendo	risentire	VG	O	_	_
nelle	in/det	EP	O	_	_
ossa	ossa	SS	O	_	_
macerate	macerare	VPP	O	_	_
dalla	da/det	ES	O	_	_
faticosa	faticoso	AS	O	_	_
giornata	giornata	SS	O	_	_
invernale	invernale	AS	O	_	_
tutte	tutto	DP	O	_	_
le	il	RP	O	_	_
insidie	insidia	SP	O	_	_
di	di	E	O	_	_
questo	questo	DS	O	_	_
troppo	troppo	B	O	_	_
lungo	lungo	AS	O	_	_
trapasso	trapasso	SS	O	_	_
di	di	E	O	_	_
stagione	stagione	SS	O	_	_
,	comma	XPW	O	_	_
stavamo	stare	VI	O	_	_
quasi	quasi	B	O	_	_
per	per	E	O	_	_
concludere	concludere	VF	O	_	_
che	che	CCHE	O	_	_
della	di/det	ES	O	_	_
primavera	primavera	SS	O	_	_
nulla	nulla	PS	O	_	_
rimane	rimanere	VI	O	_	_
se	se	C	O	_	_
non	non	B	O	_	_
l’	il	RS	O	_	_
indicazione	indicazione	SS	O	_	_
ufficiale	ufficiale	AS	O	_	_
del	di/det	ES	O	_	_
calendario	calendario	SS	O	_	_
;	semicolon	XPS	O	_	_

divenuto	divenire	VSP	O	_	_
anche	anche	C	O	_	_
questo	questo	PS	O	_	_
una	uno	RS	O	_	_
menzogna	menzogna	SS	O	_	_
convenzionale	convenzionale	AS	O	_	_
,	comma	XPW	O	_	_
come	come	CADV	O	_	_
tante	tanto	PP	O	_	_
altre	altro	DP	O	_	_
.	.	XPS	O	_	_

.	.	XPS	O	_	_

.	.	XPS	O	_	_

quando	quando	CADV	O	_	_
non	non	B	O	_	_
sappiamo	sapere	VI	O	_	_
quale	quale	DS	O	_	_
idea	idea	SS	O	_	_
pietosa	pietoso	AS	O	_	_
ci	ci	PP	O	_	_
sospinse	sospingere	VI	O	_	_
sotto	sotto	E	O	_	_
gli	il	RP	O	_	_
occhi	occhio	SP	O	_	_
un	uno	RS	O	_	_
trafiletto	trafiletto	SS	O	_	_
dell’	di/det	ES	O	_	_
Alto	alto	SPN	GPE	46.65596895	11.22964387
Adige	adige	SPN	GPE	46.65596895	11.22964387
,	comma	XPW	O	_	_
venuto	venire	VSP	O	_	_
dall’	da/det	ES	O	_	_
«	«	XPO	O	_	_
altipiano	altipiano	AS	O	_	_
»	»	XPO	O	_	_
e	e	C	O	_	_
intitolato	intitolare	VSP	O	_	_
«	«	XPO	O	_	_
primavera	primavera	SS	O	_	_
»	»	XPO	O	_	_
.	.	XPS	O	_	_

L’	il	RS	O	_	_
articoluccio	articoluccio	SS	O	_	_
descrive	descrivere	VI	O	_	_
prima	prima	B	O	_	_
il	il	RS	O	_	_
ritorno	ritorno	SS	O	_	_
della	di/det	ES	O	_	_
«	«	XPO	O	_	_
dolce	dolce	AS	O	_	_
primavera	primavera	SS	O	_	_
»	»	XPO	O	_	_
con	con	E	O	_	_
tali	tale	AP	O	_	_
accenti	accento	SP	O	_	_
e	e	C	O	_	_
tanto	tanto	DS	O	_	_
entusiasmo	entusiasmo	SS	O	_	_
da	da	E	O	_	_
farci	farci	VF	O	_	_
presupporre	presupporre	VF	O	_	_
assai	assai	B	O	_	_
bene	bene	B	O	_	_
degli	di/det	EP	O	_	_
studi	studio	SP	O	_	_
classici	classico	AP	O	_	_
dell’	di/det	ES	O	_	_
autore	autore	SS	O	_	_
,	comma	XPW	O	_	_
il	il	RS	O	_	_
quale	quale	PS	O	_	_
visto	vedere	VSP	O	_	_
che	che	CCHE	O	_	_
fuori	fuori	E	O	_	_
si	rifl	PN	O	_	_
ostinava	ostinare	VI	O	_	_
a	a	E	O	_	_
nevicare	nevicare	VF	O	_	_
e	e	C	O	_	_
che	che	CCHE	O	_	_
la	il	RS	O	_	_
neve	neve	SS	O	_	_
non	non	B	O	_	_
faceva	fare	VI	O	_	_
per	per	E	O	_	_
l’	il	RS	O	_	_
argomento	argomento	SS	O	_	_
,	comma	XPW	O	_	_
si	rifl	PN	O	_	_
risolvette	risolvette	VI	O	_	_
a	a	E	O	_	_
parafrasare	parafrasare	VF	O	_	_
senz’	senz'	E	O	_	_
altro	altro	DS	O	_	_
le	il	RP	O	_	_
canzonette	canzonetta	SP	O	_	_
dell’	di/det	ES	O	_	_
Arcadia	arcadia	SPN	O	_	_
Tornasti	tornasti	SPN	O	_	_
,	comma	XPW	O	_	_
o	o	C	O	_	_
Primavera	primavera	SS	O	_	_
,	comma	XPW	O	_	_
e	e	C	O	_	_
l’	il	RS	O	_	_
erba	erba	SS	O	_	_
verde	verde	AS	O	_	_
e	e	C	O	_	_
i	il	RP	O	_	_
fiori	fiore	SP	O	_	_
e	e	C	O	_	_
i	il	RP	O	_	_
giovanili	giovanile	AP	O	_	_
amori	amore	SP	O	_	_
tornarono	tornare	VI	O	_	_
con	con	E	O	_	_
te	te	PN	O	_	_
.	.	XPS	O	_	_

Ma	ma	C	O	_	_
l’	il	RS	O	_	_
introduzione	introduzione	SS	O	_	_
non	non	B	O	_	_
conta	contare	VI	O	_	_
,	comma	XPW	O	_	_
non	non	B	O	_	_
è	essere	VI	O	_	_
vero	vero	AS	O	_	_
?	?	XPS	O	_	_

È	essere	VI	O	_	_
la	il	RS	O	_	_
morale	morale	SS	O	_	_
che	che	CCHE	O	_	_
conta	contare	VI	O	_	_
,	comma	XPW	O	_	_
ed	ed	C	O	_	_
eccovi	eccovi	VI	O	_	_
la	il	RS	O	_	_
morale	morale	SS	O	_	_
,	comma	XPW	O	_	_
a	a	E	O	_	_
cui	cui	PN	O	_	_
arriva	arrivare	VI	O	_	_
attraverso	attraverso	E	O	_	_
i	il	RP	O	_	_
prati	prato	SP	O	_	_
fioriti	fiorire	VPP	O	_	_
della	di/det	ES	O	_	_
sua	suo	DS	O	_	_
fantasia	fantasia	SS	O	_	_
lo	il	RS	O	_	_
scrittore	scrittore	SS	O	_	_
dell’	di/det	ES	O	_	_
altipiano	altipiano	SS	O	_	_
:	:	XPS	O	_	_
«	«	XPO	O	_	_
Questo	questo	DS	O	_	_
soffio	soffio	SS	O	_	_
[	open_square_bracket	XPB	O	_	_
si	rifl	PN	O	_	_
tratta	trattare	VI	O	_	_
dei	di/det	EP	O	_	_
prelodati	prelodati	SP	O	_	_
zeffiri	zeffiri	AP	O	_	_
primaverili	primaverile	AP	O	_	_
–	–	XPO	O	_	_
n.d.r.]	n.d.r.]	SPN	O	_	_
questo	questo	DS	O	_	_
soffio	soffio	SS	O	_	_
però	però	C	O	_	_
non	non	B	O	_	_
porta	portare	VI	O	_	_
troppe	troppe	DS	O	_	_
consolazioni	consolazione	SP	O	_	_
ai	a/det	EP	O	_	_
clericali	clericale	SP	O	_	_
,	comma	XPW	O	_	_
che	che	CCHE	O	_	_
veggon	veggon	VI	O	_	_
di	di	E	O	_	_
anno	anno	SS	O	_	_
in	in	E	O	_	_
anno	anno	SS	O	_	_
il	il	RS	O	_	_
popolo	popolo	SS	O	_	_
svegliarsi	svegliare/rifl	VF+E	O	_	_
,	comma	XPW	O	_	_
scuotere	scuotere	VF	O	_	_
il	il	RS	O	_	_
giogo	giogo	SS	O	_	_
,	comma	XPW	O	_	_
e	e	C	O	_	_
proclamare	proclamare	VF	O	_	_
:	:	XPS	O	_	_
siamo	essere	VI	O	_	_
capaci	capace	AP	O	_	_
di	di	E	O	_	_
reggerci	reggere/loc/pro	VF+E	O	_	_
da	da	E	O	_	_
noi	noi	PP	O	_	_
,	comma	XPW	O	_	_
non	non	B	O	_	_
abbiamo	avere	VI	O	_	_
necessità	necessità	SN	O	_	_
per	per	E	O	_	_
i	il	RP	O	_	_
nostri	nostro	DP	O	_	_
affari	affare	SP	O	_	_
mondani	mondano	AP	O	_	_
di	di	E	O	_	_
avvocati	avvocato	SP	O	_	_
non	non	B	O	_	_
chiamati	chiamare	VPP	O	_	_
;	semicolon	XPS	O	_	_

lasciateci	lasciateci	VSP	O	_	_
liberi	libero	AP	O	_	_
"!"	esclamation_mark	XPS	O	_	_

»	»	XPO	O	_	_
«	«	XPO	O	_	_
Così	così	B	O	_	_
le	il	RP	O	_	_
cooperative	cooperativa	SP	O	_	_
,	comma	XPW	O	_	_
arma	armare	VI	O	_	_
forte	forte	AS	O	_	_
in	in	E	O	_	_
mano	mano	SS	O	_	_
del	di/det	ES	O	_	_
clero	clero	SS	O	_	_
,	comma	XPW	O	_	_
non	non	B	O	_	_
solo	solo	B	O	_	_
economicamente	economicamente	B	O	_	_
ma	ma	C	O	_	_
anche	anche	C	O	_	_
politicamente	politicamente	B	O	_	_
si	rifl	PN	O	_	_
ribellano	ribellare	VI	O	_	_
.	.	XPS	O	_	_

San	san	SPN	O	_	_
Sebastiano	sebastiano	SPN	O	_	_
fu	essere	VI	O	_	_
il	il	RS	O	_	_
primo	primo	SS	O	_	_
e	e	C	O	_	_
fece	fare	VI	O	_	_
il	il	RS	O	_	_
passo	passo	SS	O	_	_
più	più	B	O	_	_
forte	forte	AS	O	_	_
di	di	E	O	_	_
emancipazione	emancipazione	SS	O	_	_
.	.	XPS	O	_	_

Ora	ora	B	O	_	_
quella	quello	PS	O	_	_
Cooperativa	cooperativa	SPN	O	_	_
intisichisce	intisichire	VI	O	_	_
fra	fra	E	O	_	_
le	il	RP	O	_	_
poche	poco	DP	O	_	_
forze	forza	SP	O	_	_
di	di	E	O	_	_
pochi	poco	DP	O	_	_
testardi	testardo	SP	O	_	_
.	.	XPS	O	_	_

Nosellari	nosellari	SPN	O	_	_
quanto	quanto	B	O	_	_
prima	prima	B	O	_	_
pare	parere	VI	O	_	_
voglia	voglia	SS	O	_	_
imitarlo	imitare/pro	VF+E	O	_	_
,	comma	XPW	O	_	_
istituendo	istituire	VG	O	_	_
anche	anche	C	O	_	_
colà	colà	VI	O	_	_
un	uno	RS	O	_	_
negozio	negozio	SS	O	_	_
indipendente	indipendente	AS	O	_	_
,	comma	XPW	O	_	_
che	che	CCHE	O	_	_
non	non	B	O	_	_
farà	fare	VI	O	_	_
certo	certo	B	O	_	_
meno	meno	B	O	_	_
affari	affare	SP	O	_	_
che	che	CCHE	O	_	_
la	il	RS	O	_	_
cooperativa	cooperativa	SS	O	_	_
.	.	XPS	O	_	_

Così	così	B	O	_	_
,	comma	XPW	O	_	_
nella	in/det	ES	O	_	_
altre	altro	DP	O	_	_
frazioni	frazione	SP	O	_	_
e	e	C	O	_	_
nel	in/det	ES	O	_	_
capoluogo	capoluogo	SS	O	_	_
,	comma	XPW	O	_	_
molti	molto	PP	O	_	_
dei	di/det	EP	O	_	_
nostri	nostro	DP	O	_	_
consenzienti	consenzienti	SP	O	_	_
stanno	stare	VI	O	_	_
alla	a/det	ES	O	_	_
testa	testa	SS	O	_	_
delle	di/det	EP	O	_	_
casse	cassa	SP	O	_	_
rurali	rurale	AP	O	_	_
e	e	C	O	_	_
nelle	in/det	EP	O	_	_
cooperative	cooperativa	SP	O	_	_
.	.	XPS	O	_	_

Si	rifl	PN	O	_	_
dice	dire	VI	O	_	_
che	che	CCHE	O	_	_
perfino	perfino	B	O	_	_
nella	in/det	ES	O	_	_
rocca	rocca	SS	O	_	_
di	di	E	O	_	_
Carbonare	carbonare	VF	O	_	_
si	rifl	PN	O	_	_
voglian	voglian	VI	O	_	_
fare	fare	VF	O	_	_
delle	di/det	EP	O	_	_
innovazioni	innovazione	SP	O	_	_
,	comma	XPW	O	_	_
che	che	CCHE	O	_	_
segnan	segnan	VI	O	_	_
marina	marina	SS	O	_	_
torbida	torbido	AS	O	_	_
»	»	XPO	O	_	_
.	.	XPS	O	_	_

E	e	C	O	_	_
fermiamoci	fermiamoci	VI	O	_	_
qui	qui	B	O	_	_
,	comma	XPW	O	_	_
se	se	C	O	_	_
vi	vi	B	O	_	_
piace	piacere	VI	O	_	_
.	.	XPS	O	_	_

I	il	RP	O	_	_
due	due	N	O	_	_
periodi	periodo	SP	O	_	_
sono	essere	VI	O	_	_
degni	degno	AP	O	_	_
della	di/det	ES	O	_	_
nostra	nostro	DS	O	_	_
considerazione	considerazione	SS	O	_	_
,	comma	XPW	O	_	_
non	non	B	O	_	_
per	per	E	O	_	_
la	il	RS	O	_	_
persona	persona	SS	O	_	_
che	che	CCHE	O	_	_
li	li	PP	O	_	_
ha	avere	VIY	O	_	_
scritti	scrivere	VPP	O	_	_
,	comma	XPW	O	_	_
e	e	C	O	_	_
per	per	E	O	_	_
gli	il	RP	O	_	_
avvenimenti	avvenimento	SP	O	_	_
locali	locale	AP	O	_	_
,	comma	XPW	O	_	_
a	a	E	O	_	_
cui	cui	PN	O	_	_
accennano	accennare	VI	O	_	_
,	comma	XPW	O	_	_
ma	ma	C	O	_	_
per	per	E	O	_	_
il	il	RS	O	_	_
carattere	carattere	SS	O	_	_
più	più	B	O	_	_
generale	generale	AS	O	_	_
che	che	CCHE	O	_	_
assumono	assumere	VI	O	_	_
certe	certo	AP	O	_	_
affermazioni	affermazione	SP	O	_	_
.	.	XPS	O	_	_

Poiché	poiché	C	O	_	_
non	non	B	O	_	_
v’	v’	B	O	_	_
ha	avere	VI	O	_	_
dubbio	dubbio	AS	O	_	_
:	:	XPS	O	_	_
codesta	codesto	DS	O	_	_
primavera	primavera	AS	O	_	_
anticlericale	anticlericale	AS	O	_	_
è	essere	VI	O	_	_
il	il	RS	O	_	_
sospiro	sospiro	SS	O	_	_
di	di	E	O	_	_
molti	molto	DP	O	_	_
nostri	nostro	DP	O	_	_
avversari	avversario	SP	O	_	_
politici	politico	AP	O	_	_
,	comma	XPW	O	_	_
codesta	codesto	DS	O	_	_
ristaurazione	ristaurazione	SS	O	_	_
dei	di/det	EP	O	_	_
bei	bei	SP	O	_	_
tempi	tempi	AP	O	_	_
antichi	antico	AP	O	_	_
è	essere	VI	O	_	_
il	il	RS	O	_	_
sogno	sogno	SS	O	_	_
specie	specie	SN	O	_	_
di	di	E	O	_	_
quegli	quello	DP	O	_	_
oligarchi	oligarca	SP	O	_	_
montanari	montanaro	AP	O	_	_
ai	a/det	EP	O	_	_
quali	quale	PP	O	_	_
l’	il	RS	O	_	_
organizzazione	organizzazione	SS	O	_	_
cooperativa	cooperativo	AS	O	_	_
ha	avere	VIY	O	_	_
tolto	togliere	VSP	O	_	_
di	di	E	O	_	_
mano	mano	SS	O	_	_
l’	il	RS	O	_	_
arma	arma	SS	O	_	_
più	più	B	O	_	_
potente	potente	AS	O	_	_
del	di/det	ES	O	_	_
dominio	dominio	SS	O	_	_
e	e	C	O	_	_
dell’	di/det	ES	O	_	_
arbitrio	arbitrio	SS	O	_	_
.	.	XPS	O	_	_

Ora	ora	B	O	_	_
la	il	RS	O	_	_
nuova	nuovo	AS	O	_	_
solidarietà	solidarietà	SN	O	_	_
economica	economico	AS	O	_	_
che	che	CCHE	O	_	_
i	il	RP	O	_	_
consumatori	consumatore	SP	O	_	_
hanno	avere	VIY	O	_	_
accolto	accogliere	VSP	O	_	_
come	come	CADV	O	_	_
una	uno	RS	O	_	_
liberazione	liberazione	SS	O	_	_
costoro	costui	PP	O	_	_
la	la	PS	O	_	_
chiamano	chiamare	VI	O	_	_
giogo	giogo	SS	O	_	_
e	e	C	O	_	_
l’	il	RS	O	_	_
opera	opera	SS	O	_	_
ausiliatrice	ausiliatrice	AS	O	_	_
del	di/det	ES	O	_	_
clero	clero	SS	O	_	_
,	comma	XPW	O	_	_
perch’	perch’	SS	O	_	_
esso	esso	PS	O	_	_
non	non	B	O	_	_
lucra	lucrare	VI	O	_	_
né	né	B	O	_	_
briga	brigare	VI	O	_	_
per	per	E	O	_	_
interesse	interesse	SS	O	_	_
suo	suo	DS	O	_	_
,	comma	XPW	O	_	_
la	la	PS	O	_	_
dicono	dire	VI	O	_	_
«	«	XPO	O	_	_
soperchieria	soperchieria	AS	O	_	_
d’	di	E	O	_	_
intrusi	intruso	SP	O	_	_
»	»	XPO	O	_	_
.	.	XPS	O	_	_

E	e	C	O	_	_
mentre	mentre	C	O	_	_
da	da	E	O	_	_
un	uno	RS	O	_	_
lato	lato	SS	O	_	_
celebrano	celebrano	AS	O	_	_
ed	ed	C	O	_	_
invocano	invocare	VI	O	_	_
«	«	XPO	O	_	_
i	il	RP	O	_	_
negozi	negozio	SP	O	_	_
indipendenti	indipendente	AP	O	_	_
»	»	XPO	O	_	_
e	e	C	O	_	_
confidano	confidare	VI	O	_	_
nell’	in/det	ES	O	_	_
opera	opera	SS	O	_	_
demolitrice	demolitrice	AS	O	_	_
del	di/det	ES	O	_	_
pizzicagnolo	pizzicagnolo	SS	O	_	_
,	comma	XPW	O	_	_
dall’	da/det	ES	O	_	_
altra	altro	PS	O	_	_
vantano	vantare	VI	O	_	_
che	che	CCHE	O	_	_
delle	di/det	EP	O	_	_
cooperative	cooperativa	SP	O	_	_
o	o	C	O	_	_
delle	di/det	EP	O	_	_
casse	cassa	SP	O	_	_
rurali	rurale	AP	O	_	_
sono	essere	VIY	O	_	_
passate	passare	VPP	O	_	_
nelle	in/det	EP	O	_	_
mani	mano	SP	O	_	_
di	di	E	O	_	_
consenzienti	consenzienti	SP	O	_	_
.	.	XPS	O	_	_

Che	che	CCHE	O	_	_
spirito	spirito	SS	O	_	_
cooperativo	cooperativo	AS	O	_	_
dovrà	dovere	VI	O	_	_
animare	animare	VF	O	_	_
costoro	costoro	PS	O	_	_
,	comma	XPW	O	_	_
se	se	C	O	_	_
consentono	consentire	VI	O	_	_
davvero	davvero	B	O	_	_
a	a	E	O	_	_
siffatte	siffatto	AP	O	_	_
intenzioni	intenzione	SP	O	_	_
"!"	esclamation_mark	XPS	O	_	_

Negozianti	negoziante	SP	O	_	_
o	o	C	O	_	_
cooperatori	cooperatore	SP	O	_	_
non	non	B	O	_	_
sono	essere	VI	O	_	_
che	che	CCHE	O	_	_
due	due	N	O	_	_
spoglie	spoglia	SP	O	_	_
per	per	E	O	_	_
lo	il	RS	O	_	_
stesso	stesso	DS	O	_	_
uomo	uomo	SS	O	_	_
:	:	XPS	O	_	_
l’	il	RS	O	_	_
anticlericale	anticlericale	SS	O	_	_
.	.	XPS	O	_	_

E	e	C	O	_	_
costui	costui	VI	O	_	_
agogna	agogna	SS	O	_	_
il	il	RS	O	_	_
disgregamento	disgregamento	SS	O	_	_
,	comma	XPW	O	_	_
desidera	desiderare	VI	O	_	_
la	il	RS	O	_	_
zizzania	zizzania	SS	O	_	_
.	.	XPS	O	_	_

Che	che	CCHE	O	_	_
importa	importare	VI	O	_	_
se	se	C	O	_	_
con	con	E	O	_	_
ciò	ciò`	PS	O	_	_
si	rifl	PN	O	_	_
distruggono	distruggere	VI	O	_	_
l’	il	RS	O	_	_
esigue	esigue	SS	O	_	_
speranze	speranza	SP	O	_	_
che	che	CCHE	O	_	_
si	rifl	PN	O	_	_
possono	potere	VI	O	_	_
nutrire	nutrire	VF	O	_	_
di	di	E	O	_	_
avvezzare	avvezzare	VF	O	_	_
anche	anche	C	O	_	_
i	il	RP	O	_	_
villici	villico	SP	O	_	_
più	più	B	O	_	_
retrivi	retrivo	AP	O	_	_
alla	a/det	ES	O	_	_
vita	vita	SS	O	_	_
sociale	sociale	AS	O	_	_
,	comma	XPW	O	_	_
di	di	E	O	_	_
unirli	unire/pro	VF+E	O	_	_
tutti	tutto	PP	O	_	_
in	in	E	O	_	_
una	uno	RS	O	_	_
compagine	compagine	SS	O	_	_
salda	saldo	AS	O	_	_
sulla	su/det	ES	O	_	_
quale	quale	PS	O	_	_
s’	s’	PN	O	_	_
alzi	alzare	VI	O	_	_
il	il	RS	O	_	_
nuovo	nuovo	AS	O	_	_
edificio	edificio	SS	O	_	_
economico	economico	AS	O	_	_
del	di/det	ES	O	_	_
nostro	nostro	DS	O	_	_
paese	paese	SS	O	_	_
?	?	XPS	O	_	_

L’	il	RS	O	_	_
anticlericale	anticlericale	SS	O	_	_
non	non	B	O	_	_
pensa	pensare	VI	O	_	_
né	né	B	O	_	_
a	a	E	O	_	_
fare	fare	VF	O	_	_
né	né	B	O	_	_
a	a	E	O	_	_
rifare	rifare	VF	O	_	_
,	comma	XPW	O	_	_
pensa	pensare	VI	O	_	_
a	a	E	O	_	_
demolire	demolire	VF	O	_	_
.	.	XPS	O	_	_

È	essere	VI	O	_	_
il	il	RS	O	_	_
verme	verme	SS	O	_	_
che	che	CCHE	O	_	_
rode	rodere	VI	O	_	_
e	e	C	O	_	_
corrode	corrodere	VI	O	_	_
e	e	C	O	_	_
tarla	tarla	VF+E	O	_	_
e	e	C	O	_	_
nel	in/det	ES	O	_	_
tarlo	tarlo	VF+E	O	_	_
si	rifl	PN	O	_	_
consuma	consumare	VI	O	_	_
.	.	XPS	O	_	_

Noi	noi	PP	O	_	_
domandiamo	domandare	VI	O	_	_
ai	a/det	EP	O	_	_
nostri	nostro	DP	O	_	_
amici	amico	SP	O	_	_
,	comma	XPW	O	_	_
dispersi	disperso	AP	O	_	_
in	in	E	O	_	_
tutti	tutto	DP	O	_	_
i	il	RP	O	_	_
paesi	paese	SP	O	_	_
:	:	XPS	O	_	_
non	non	B	O	_	_
ne	ne	PN	O	_	_
sentite	sentire	VI	O	_	_
lo	il	RS	O	_	_
scricchiolio	scricchiolio	SS	O	_	_
,	comma	XPW	O	_	_
non	non	B	O	_	_
ne	ne	PN	O	_	_
avvertite	avvertire	VI	O	_	_
il	il	RS	O	_	_
lavoro	lavoro	SS	O	_	_
sordo	sordo	AS	O	_	_
e	e	C	O	_	_
rabbioso	rabbioso	AS	O	_	_
?	?	XPS	O	_	_

Badate	badate	SP	O	_	_
di	di	E	O	_	_
non	non	B	O	_	_
accorgervene	accorgervene	VI	O	_	_
troppo	troppo	B	O	_	_
tardi	tardio	AP	O	_	_
,	comma	XPW	O	_	_
badate	badare	VPP	O	_	_
di	di	E	O	_	_
non	non	B	O	_	_
cullarvi	cullare/loc/voi	VF+E	O	_	_
in	in	E	O	_	_
una	uno	RS	O	_	_
sicurezza	sicurezza	SS	O	_	_
o	o	C	O	_	_
in	in	E	O	_	_
una	uno	RS	O	_	_
noncuranza	noncuranza	SS	O	_	_
che	che	CCHE	O	_	_
nessuna	nessun	DS	O	_	_
ragione	ragione	SS	O	_	_
giustifica	giustificare	VI	O	_	_
.	.	XPS	O	_	_

La	il	RS	O	_	_
cooperazione	cooperazione	SS	O	_	_
è	essere	VI	O	_	_
così	così	B	O	_	_
gran	grande	AS	O	_	_
bella	bello	AS	O	_	_
cosa	cosa	SS	O	_	_
che	che	CCHE	O	_	_
merita	meritare	VI	O	_	_
d’	di	E	O	_	_
essere	essere	VFY	O	_	_
sostenuta	sostenere	VSP	O	_	_
anche	anche	C	O	_	_
se	se	C	O	_	_
considerata	considerare	VSP	O	_	_
semplicemente	semplicemente	B	O	_	_
quale	quale	DS	O	_	_
istituzione	istituzione	SS	O	_	_
sociale	sociale	AS	O	_	_
,	comma	XPW	O	_	_
ma	ma	C	O	_	_
nel	in/det	ES	O	_	_
trentino	trentino	SS	O	_	_
fu	essere	VI	O	_	_
ed	ed	C	O	_	_
è	essere	VI	O	_	_
qualche	qualche	DS	O	_	_
cosa	cosa	SS	O	_	_
di	di	E	O	_	_
più	più	B	O	_	_
:	:	XPS	O	_	_
una	uno	RS	O	_	_
franchigia	franchigia	SS	O	_	_
ed	ed	C	O	_	_
una	uno	RS	O	_	_
garanzia	garanzia	SS	O	_	_
di	di	E	O	_	_
libertà	libertà	SN	O	_	_
per	per	E	O	_	_
ogni	ogni	DS	O	_	_
attività	attività	SN	O	_	_
pubblica	pubblico	AS	O	_	_
del	di/det	ES	O	_	_
consumatore	consumatore	SS	O	_	_
o	o	C	O	_	_
del	di/det	ES	O	_	_
creditore	creditore	SS	O	_	_
.	.	XPS	O	_	_

Al	a/det	ES	O	_	_
clero	clero	SS	O	_	_
poi	poi	B	O	_	_
in	in	E	O	_	_
modo	modo	SS	O	_	_
speciale	speciale	AS	O	_	_
non	non	B	O	_	_
tocca	toccare	VI	O	_	_
a	a	E	O	_	_
noi	noi	PP	O	_	_
ricordare	ricordare	VF	O	_	_
in	in	E	O	_	_
proposito	proposito	SS	O	_	_
quale	quale	PS	O	_	_
sia	essere	VI	O	_	_
il	il	RS	O	_	_
suo	suo	DS	O	_	_
dovere	dovere	SS	O	_	_
.	.	XPS	O	_	_

Autoritativamente	autoritativamente	B	O	_	_
furono	essere	VIY	O	_	_
affermate	affermare	VPP	O	_	_
la	il	RS	O	_	_
ragioni	ragione	SP	O	_	_
del	di/det	ES	O	_	_
suo	suo	DS	O	_	_
concorso	concorso	SS	O	_	_
a	a	E	O	_	_
tale	tale	DS	O	_	_
opera	opera	SS	O	_	_
e	e	C	O	_	_
stabiliti	stabilire	VPP	O	_	_
anche	anche	C	O	_	_
i	il	RP	O	_	_
termini	termine	SP	O	_	_
entro	entro	E	O	_	_
i	il	RP	O	_	_
quali	quale	PP	O	_	_
si	rifl	PN	O	_	_
deve	dovere	VI	O	_	_
svolgere	svolgere	VF	O	_	_
.	.	XPS	O	_	_

Una	uno	PS	O	_	_
di	di	E	O	_	_
queste	questo	DP	O	_	_
ragioni	ragione	SP	O	_	_
è	essere	VI	O	_	_
ovvia	ovvio	AS	O	_	_
e	e	C	O	_	_
dello	di/det	ES	O	_	_
stesso	stesso	DS	O	_	_
ordine	ordine	SS	O	_	_
di	di	E	O	_	_
quelle	quello	PP	O	_	_
che	che	CCHE	O	_	_
muovono	muovere	VI	O	_	_
clero	clero	SS	O	_	_
e	e	C	O	_	_
laici	laico	AP	O	_	_
,	comma	XPW	O	_	_
fedeli	fedele	SP	O	_	_
della	di/det	ES	O	_	_
chiesa	chiesa	SS	O	_	_
,	comma	XPW	O	_	_
all’	a/det	ES	O	_	_
attività	attività	SN	O	_	_
sociale	sociale	AS	O	_	_
in	in	E	O	_	_
genere	genere	SS	O	_	_
.	.	XPS	O	_	_

Si	rifl	PN	O	_	_
vuole	volere	VI	O	_	_
cioè	cioe`	B	O	_	_
sbarrare	sbarrare	VF	O	_	_
il	il	RS	O	_	_
cammino	cammino	SS	O	_	_
alle	a/det	EP	O	_	_
dottrine	dottrina	SP	O	_	_
ed	ed	C	O	_	_
alle	a/det	EP	O	_	_
pratiche	pratica	SP	O	_	_
anticristiane	anticristiano	AP	O	_	_
e	e	C	O	_	_
demoralizzatrici	demoralizzatrici	AP	O	_	_
del	di/det	ES	O	_	_
socialismo	socialismo	SS	O	_	_
.	.	XPS	O	_	_

Oggi	oggi	B	O	_	_
tale	tale	AS	O	_	_
compito	compito	SS	O	_	_
s’	s’	PN	O	_	_
impone	imporre	VI	O	_	_
più	più	B	O	_	_
che	che	CCHE	O	_	_
mai	mai	B	O	_	_
.	.	XPS	O	_	_

Ognuno	ognuno	PS	O	_	_
deve	dovere	VI	O	_	_
oramai	oramai	B	O	_	_
fare	fare	VF	O	_	_
la	il	RS	O	_	_
triste	triste	AS	O	_	_
constatazione	constatazione	SS	O	_	_
che	che	CCHE	O	_	_
a	a	E	O	_	_
resistere	resistere	VF	O	_	_
ed	ed	C	O	_	_
a	a	E	O	_	_
combattere	combattere	VF	O	_	_
contro	contro	E	O	_	_
questo	questo	DS	O	_	_
male	male	SS	O	_	_
siamo	essere	VIY	O	_	_
rimasti	rimanere	VPP	O	_	_
quasi	quasi	B	O	_	_
soli	solo	AP	O	_	_
in	in	E	O	_	_
campo	campo	SS	O	_	_
.	.	XPS	O	_	_

Il	il	RS	O	_	_
liberalismo	liberalismo	SS	O	_	_
,	comma	XPW	O	_	_
com’	com’	B	O	_	_
era	essere	VIY	O	_	_
concepito	concepire	VSP	O	_	_
da	da	E	O	_	_
noi	noi	PP	O	_	_
,	comma	XPW	O	_	_
conteneva	contenere	VI	O	_	_
senza	senza	E	O	_	_
dubbio	dubbio	SS	O	_	_
degli	di/det	EP	O	_	_
elementi	elemento	SP	O	_	_
conservativi	conservativo	AP	O	_	_
,	comma	XPW	O	_	_
fatti	fare	VPP	O	_	_
un	uno	RS	O	_	_
po’	po’	PN	O	_	_
di	di	E	O	_	_
logica	logica	SS	O	_	_
,	comma	XPW	O	_	_
un	uno	RS	O	_	_
po’	poco	B	O	_	_
d’	di	E	O	_	_
interesse	interesse	SS	O	_	_
di	di	E	O	_	_
partito	partito	SS	O	_	_
ed	ed	C	O	_	_
un	uno	RS	O	_	_
po’	poco	B	O	_	_
d’	di	E	O	_	_
idealismo	idealismo	SS	O	_	_
nazionale	nazionale	AS	O	_	_
.	.	XPS	O	_	_

Molti	molto	PP	O	_	_
potevano	potere	VI	O	_	_
forse	forse	B	O	_	_
sperare	sperare	VF	O	_	_
che	che	CCHE	O	_	_
questi	questo	DP	O	_	_
elementi	elemento	SP	O	_	_
riuscissero	riuscire	VI	O	_	_
a	a	E	O	_	_
rendere	rendere	VF	O	_	_
impermeabili	impermeabile	AP	O	_	_
certi	certo	DP	O	_	_
istituti	istituto	SP	O	_	_
sociali	sociale	AP	O	_	_
.	.	XPS	O	_	_

Ma	ma	C	O	_	_
dopo	dopo	E	O	_	_
dieci	dieci	N	O	_	_
anni	anno	SP	O	_	_
diteci	diteci	VI	O	_	_
:	:	XPS	O	_	_
dove	dove	CADV	O	_	_
ha	avere	VIY	O	_	_
resistito	resistere	VSP	O	_	_
il	il	RS	O	_	_
conservatorismo	conservatorismo	SS	O	_	_
liberale	liberale	AS	O	_	_
alla	a/det	ES	O	_	_
penetrazione	penetrazione	SS	O	_	_
socialista	socialista	AS	O	_	_
?	?	XPS	O	_	_

Se	se	C	O	_	_
eccettuate	eccettuare	VPP	O	_	_
i	il	RP	O	_	_
corpi	corpo	SP	O	_	_
legislativi	legislativo	AP	O	_	_
,	comma	XPW	O	_	_
amministrativi	amministrativo	AP	O	_	_
o	o	C	O	_	_
professionali	professionale	AP	O	_	_
,	comma	XPW	O	_	_
dove	dove	CADV	O	_	_
il	il	RS	O	_	_
sistema	sistema	SS	O	_	_
elettorale	elettorale	AS	O	_	_
servì	servire	VI	O	_	_
da	da	E	O	_	_
diga	diga	SS	O	_	_
naturale	naturale	AS	O	_	_
,	comma	XPW	O	_	_
il	il	RS	O	_	_
virus	virus	SS	O	_	_
rosso	rosso	AS	O	_	_
fu	essere	VIY	O	_	_
iniettato	iniettare	VSP	O	_	_
quasi	quasi	B	O	_	_
dappertutto	dappertutto	B	O	_	_
.	.	XPS	O	_	_

Tolta	togliere	VSP	O	_	_
Rovereto	rovereto	SPN	GPE	45.8915375	11.0384953
,	comma	XPW	O	_	_
dove	dove	CADV	O	_	_
tratto	trarre	VSP	O	_	_
tratto	tratto	SS	O	_	_
si	rifl	PN	O	_	_
trova	trovare	VI	O	_	_
anche	anche	C	O	_	_
il	il	RS	O	_	_
coraggio	coraggio	SS	O	_	_
di	di	E	O	_	_
respingere	respingere	VF	O	_	_
il	il	RS	O	_	_
socialismo	socialismo	SS	O	_	_
in	in	E	O	_	_
nome	nome	SS	O	_	_
di	di	E	O	_	_
principii	principii	SS	O	_	_
o	o	C	O	_	_
di	di	E	O	_	_
un	uno	RS	O	_	_
programma	programma	SS	O	_	_
,	comma	XPW	O	_	_
dove	dove	CADV	O	_	_
si	rifl	PN	O	_	_
ebbe	avere	VI	O	_	_
una	uno	RS	O	_	_
resistenza	resistenza	SS	O	_	_
che	che	CCHE	O	_	_
non	non	B	O	_	_
fosse	essere	VIY	O	_	_
ispirata	ispirare	VSP	O	_	_
all’	a/det	ES	O	_	_
interesse	interesse	SS	O	_	_
del	di/det	ES	O	_	_
momento	momento	SS	O	_	_
?	?	XPS	O	_	_

Dei	di/det	EP	O	_	_
conservatori	conservatorio	SP	O	_	_
molti	molto	DP	O	_	_
invecchiarono	invecchiare	VI	O	_	_
,	comma	XPW	O	_	_
alcuni	alcuni	PP	O	_	_
si	rifl	PN	O	_	_
trovarono	trovare	VI	O	_	_
fuori	fuori	B	O	_	_
dell’	di/det	ES	O	_	_
arringo	arringo	SS	O	_	_
per	per	E	O	_	_
disorientazione	disorientazione	SS	O	_	_
o	o	C	O	_	_
per	per	E	O	_	_
debolezza	debolezza	SS	O	_	_
,	comma	XPW	O	_	_
gli	il	RP	O	_	_
altri	altro	DP	O	_	_
sotto	sotto	E	O	_	_
la	il	RS	O	_	_
bandiera	bandiera	SS	O	_	_
del	di/det	ES	O	_	_
radicalismo	radicalismo	SS	O	_	_
passarono	passare	VI	O	_	_
sopra	sopra	B	O	_	_
a	a	E	O	_	_
tutte	tutto	DP	O	_	_
le	il	RP	O	_	_
ragioni	ragione	SP	O	_	_
morali	morale	AP	O	_	_
ed	ed	C	O	_	_
economiche	economico	AP	O	_	_
che	che	CCHE	O	_	_
pur	pur	B	O	_	_
dal	da/det	ES	O	_	_
programma	programma	SS	O	_	_
di	di	E	O	_	_
un	uno	RS	O	_	_
Mazzini	mazzini	SPN	PER	_	_
si	rifl	PN	O	_	_
levano	levare	VI	O	_	_
su	su	E	O	_	_
contro	contro	B	O	_	_
i	il	RP	O	_	_
socialisti	socialista	SP	O	_	_
e	e	C	O	_	_
badarono	badare	VI	O	_	_
ad	ad	E	O	_	_
intendersela	intendersela	VF+E	O	_	_
,	comma	XPW	O	_	_
riservando	riservare	VG	O	_	_
per	per	E	O	_	_
sé	sé	PN	O	_	_
certi	certo	DP	O	_	_
steccati	steccato	SP	O	_	_
chiusi	chiuso	AP	O	_	_
del	di/det	ES	O	_	_
potere	potere	SS	O	_	_
pubblico	pubblico	AS	O	_	_
,	comma	XPW	O	_	_
lasciando	lasciare	VG	O	_	_
tutto	tutto	PS	O	_	_
il	il	RS	O	_	_
resto	resto	SS	O	_	_
ai	a/det	EP	O	_	_
rossi	rosso	SP	O	_	_
,	comma	XPW	O	_	_
coi	con/det	EP	O	_	_
quali	quale	PP	O	_	_
amarono	amare	VI	O	_	_
spesso	spesso	B	O	_	_
confondersi	confondere/rifl	VF+E	O	_	_
sotto	sotto	E	O	_	_
la	il	RS	O	_	_
comune	comune	SS	O	_	_
bandiera	bandiera	SS	O	_	_
dell’	di/det	ES	O	_	_
anticlericalismo	anticlericalismo	SS	O	_	_
.	.	XPS	O	_	_

Italianità	italianità	SN	O	_	_
,	comma	XPW	O	_	_
difesa	difesa	SS	O	_	_
nazionale	nazionale	AS	O	_	_
?	?	XPS	O	_	_

Sentite	sentita	SP	O	_	_
come	come	CADV	O	_	_
vi	voi	PP	O	_	_
risponde	rispondere	VI	O	_	_
l’	il	RS	O	_	_
articolista	articolista	SS	O	_	_
dell’	di/det	ES	O	_	_
altipiano	altipiano	SS	O	_	_
e	e	C	O	_	_
–	–	XPO	O	_	_
badate	badare	VPP	O	_	_
–	–	XPO	O	_	_
non	non	B	O	_	_
risponde	rispondere	VI	O	_	_
per	per	E	O	_	_
conto	conto	SS	O	_	_
suo	suo	DS	O	_	_
,	comma	XPW	O	_	_
ma	ma	C	O	_	_
di	di	E	O	_	_
tutti	tutto	DP	O	_	_
i	il	RP	O	_	_
«	«	XPO	O	_	_
buoni	buono	AP	O	_	_
»	»	XPO	O	_	_
:	:	XPS	O	_	_
«	«	XPO	O	_	_
È	essere	VI	O	_	_
vero	vero	AS	O	_	_
che	che	CCHE	O	_	_
s’	s’	PN	O	_	_
è	essere	VIY	O	_	_
formato	formare	VSP	O	_	_
un	uno	RS	O	_	_
partito	partito	SS	O	_	_
di	di	E	O	_	_
tinta	tinta	SS	O	_	_
rossa	rosso	AS	O	_	_
internazionale	internazionale	AS	O	_	_
.	.	XPS	O	_	_

Ma	ma	C	O	_	_
per	per	E	O	_	_
noi	noi	PP	O	_	_
,	comma	XPW	O	_	_
se	se	C	O	_	_
saranno	essere	VI	O	_	_
rossi	rosso	AP	O	_	_
alla	a/det	ES	O	_	_
Piscel	piscel	SPN	O	_	_
o	o	C	O	_	_
alla	a/det	ES	O	_	_
Battisti	battisti	SPN	PER	_	_
,	comma	XPW	O	_	_
mi	io	PS	O	_	_
pare	parere	VI	O	_	_
sia	essere	VIY	O	_	_
qualcosa	qualcosa	PS	O	_	_
di	di	E	O	_	_
meglio	meglio	B	O	_	_
che	che	CCHE	O	_	_
la	il	RS	O	_	_
coscienza	coscienza	SS	O	_	_
positiva	positivo	AS	O	_	_
.	.	XPS	O	_	_

Da	da	E	O	_	_
questo	questo	DS	O	_	_
socialismo	socialismo	SS	O	_	_
al	a/det	ES	O	_	_
sentir	sentir	SS	O	_	_
nazionale	nazionale	AS	O	_	_
il	il	RS	O	_	_
passo	passo	SS	O	_	_
è	essere	VI	O	_	_
assai	assai	B	O	_	_
breve	breve	AS	O	_	_
,	comma	XPW	O	_	_
e	e	C	O	_	_
non	non	B	O	_	_
andrà	andare	VI	O	_	_
molto	molto	B	O	_	_
che	che	CCHE	O	_	_
,	comma	XPW	O	_	_
a	a	E	O	_	_
parer	parer	SS	O	_	_
mio	mio	PS	O	_	_
,	comma	XPW	O	_	_
ne	ne	PN	O	_	_
vedremo	vedere	VI	O	_	_
gli	il	RP	O	_	_
effetti	effetto	SP	O	_	_
.	.	XPS	O	_	_

È	essere	VI	O	_	_
questo	questo	PS	O	_	_
il	il	RS	O	_	_
voto	voto	SS	O	_	_
che	che	CCHE	O	_	_
assieme	assieme	E	O	_	_
all’	a/det	ES	O	_	_
olezzo	olezzo	SS	O	_	_
dei	di/det	EP	O	_	_
fiori	fiore	SP	O	_	_
,	comma	XPW	O	_	_
si	rifl	PN	O	_	_
spande	spandere	VI	O	_	_
via	via	B	O	_	_
per	per	E	O	_	_
l’	il	RS	O	_	_
aria	aria	SS	O	_	_
dal	da/det	ES	O	_	_
core	core	SS	O	_	_
di	di	E	O	_	_
tutti	tutto	DP	O	_	_
i	il	RP	O	_	_
buoni	buono	SP	O	_	_
di	di	E	O	_	_
quassù	quassù	B	O	_	_
»	»	XPO	O	_	_
.	.	XPS	O	_	_

Tutti	tutto	DP	O	_	_
i	il	RP	O	_	_
buoni	buono	AP	O	_	_
dunque	dunque	C	O	_	_
.	.	XPS	O	_	_

Non	non	B	O	_	_
c’	ci	B	O	_	_
è	essere	VI	O	_	_
da	da	E	O	_	_
illudersi	illudere/rifl	VF+E	O	_	_
,	comma	XPW	O	_	_
ed	ed	C	O	_	_
è	essere	VI	O	_	_
notevole	notevole	AS	O	_	_
che	che	CCHE	O	_	_
il	il	RS	O	_	_
voto	voto	SS	O	_	_
«	«	XPO	O	_	_
si	rifl	PN	O	_	_
spanda	spandere	VI	O	_	_
»	»	XPO	O	_	_
proprio	proprio	B	O	_	_
da	da	E	O	_	_
quell’	quell	DS	O	_	_
altipiano	altipiano	SS	O	_	_
,	comma	XPW	O	_	_
dove	dove	CADV	O	_	_
ai	a/det	EP	O	_	_
cattolici	cattolico	SP	O	_	_
,	comma	XPW	O	_	_
al	a/det	ES	O	_	_
clero	clero	SS	O	_	_
soprattutto	soprattutto	B	O	_	_
,	comma	XPW	O	_	_
si	rifl	PN	O	_	_
fece	fare	VI	O	_	_
appello	appello	SS	O	_	_
per	per	E	O	_	_
la	il	RS	O	_	_
difesa	difesa	SS	O	_	_
nazionale	nazionale	AS	O	_	_
.	.	XPS	O	_	_

Ora	ora	B	O	_	_
vengono	venire	VI	O	_	_
i	il	RP	O	_	_
socialisti	socialista	SP	O	_	_
?	?	XPS	O	_	_

Ben	ben	B	O	_	_
vengano	venire	VI	O	_	_
,	comma	XPW	O	_	_
valgono	valere	VI	O	_	_
meglio	meglio	B	O	_	_
degli	di/det	EP	O	_	_
altri	altro	PP	O	_	_
già	già	B	O	_	_
sfruttati	sfruttare	VPP	O	_	_
,	comma	XPW	O	_	_
pensano	pensare	VI	O	_	_
i	il	RP	O	_	_
buoni	buono	SP	O	_	_
.	.	XPS	O	_	_

Ed	ed	C	O	_	_
eccovi	eccovi	VI	O	_	_
la	il	RS	O	_	_
linea	linea	SS	O	_	_
sulla	su/det	ES	O	_	_
quale	quale	PS	O	_	_
oscilla	oscillare	VI	O	_	_
il	il	RS	O	_	_
partito	partito	SS	O	_	_
liberale	liberale	AS	O	_	_
o	o	C	O	_	_
la	il	RS	O	_	_
parte	parte	SS	O	_	_
di	di	E	O	_	_
esso	esso	PS	O	_	_
che	che	CCHE	O	_	_
si	rifl	PN	O	_	_
agita	agitare	VI	O	_	_
e	e	C	O	_	_
vive	vivere	VI	O	_	_
,	comma	XPW	O	_	_
ecco	ecco	B	O	_	_
perché	perché	C	O	_	_
i	il	RP	O	_	_
cattolici	cattolico	SP	O	_	_
sentono	sentire	VI	O	_	_
la	il	RS	O	_	_
necessità	necessità	SN	O	_	_
di	di	E	O	_	_
provvedere	provvedere	VF	O	_	_
alla	a/det	ES	O	_	_
difesa	difesa	SS	O	_	_
degli	di/det	EP	O	_	_
interessi	interesse	SP	O	_	_
morali	morale	AP	O	_	_
e	e	C	O	_	_
sociali	sociale	AP	O	_	_
del	di/det	ES	O	_	_
paese	paese	SS	O	_	_
con	con	E	O	_	_
organizzazioni	organizzazione	SP	O	_	_
proprie	proprio	AP	O	_	_
,	comma	XPW	O	_	_
ecco	ecco	C	O	_	_
anche	anche	C	O	_	_
perché	perché	C	O	_	_
essi	essi	PP	O	_	_
non	non	B	O	_	_
hanno	avere	VIY	O	_	_
mai	mai	B	O	_	_
potuto	potere	VSP	O	_	_
smettere	smettere	VF	O	_	_
le	il	RP	O	_	_
diffidenze	diffidenza	SP	O	_	_
o	o	C	O	_	_
lasciar	lasciare	VF	O	_	_
cadere	cadere	VF	O	_	_
le	il	RP	O	_	_
riserve	riserva	SP	O	_	_
,	comma	XPW	O	_	_
anche	anche	C	O	_	_
quando	quando	CADV	O	_	_
in	in	E	O	_	_
apparenza	apparenza	SS	O	_	_
sembrerebbe	sembrare	VI	O	_	_
più	più	B	O	_	_
generoso	generoso	AS	O	_	_
il	il	RS	O	_	_
trascurarle	trascurare/pro	VF+E	O	_	_
.	.	XPS	O	_	_
