# total number of persons:3, total number of gpes:9
«	«	XPO	O	_	_
Ietzt	ietzt	SPN	O	_	_
haben	haben	VI	O	_	_
die	die	SP	O	_	_
Fleimser	fleimser	SPN	O	_	_
das	das	VI	O	_	_
Wert	wert	SPN	PER	_	_
.	.	XPS	O	_	_

.	.	XPS	O	_	_

.	.	XPS	O	_	_

»	»	XPO	O	_	_
Fiemme	fiemme	SPN	O	_	_
,	comma	XPW	O	_	_
29	29	N	O	_	_
«	«	XPO	O	_	_
La	il	RS	O	_	_
facciano	fare	VI	O	_	_
sentire	sentire	VF	O	_	_
con	con	E	O	_	_
forti	forte	AP	O	_	_
accenti	accento	SP	O	_	_
e	e	C	O	_	_
presso	presso	E	O	_	_
i	il	RP	O	_	_
fiemmesi	fiemmesi	SP	O	_	_
la	il	RS	O	_	_
loro	loro	DP	O	_	_
parola	parola	SS	O	_	_
;	semicolon	XPS	O	_	_

da	da	E	O	_	_
noi	noi	PP	O	_	_
troverà	trovare	VI	O	_	_
anche	anche	C	O	_	_
l’	il	RS	O	_	_
eco	eco	SS	O	_	_
meritevole	meritevole	AS	O	_	_
.	.	XPS	O	_	_

.	.	XPS	O	_	_

.	.	XPS	O	_	_

»	»	XPO	O	_	_
Così	così	B	O	_	_
e	e	C	O	_	_
non	non	B	O	_	_
altrimenti	altrimenti	B	O	_	_
esclamò	esclamare	VI	O	_	_
il	il	RS	O	_	_
deputato	deputato	SS	O	_	_
pangermanista	pangermanista	SS	O	_	_
di	di	E	O	_	_
Bolzano	bolzano	SPN	GPE	46.4981125	11.3547801
D.r	d.r	YA	O	_	_
Walther	walther	SPN	O	_	_
in	in	E	O	_	_
un’	uno	RS	O	_	_
adunanza	adunanza	SS	O	_	_
,	comma	XPW	O	_	_
che	che	CCHE	O	_	_
tenne	tenere	VI	O	_	_
la	il	RS	O	_	_
scorsa	scorsa	SS	O	_	_
settimana	settimana	SS	O	_	_
.	.	XPS	O	_	_

Il	il	RS	O	_	_
Trentino	trentino	SPN	GPE	46.102869	11.12961993
di	di	E	O	_	_
ieri	ieri	B	O	_	_
rispose	rispondere	VI	O	_	_
perfettamente	perfettamente	B	O	_	_
a	a	E	O	_	_
tono	tono	SS	O	_	_
;	semicolon	XPS	O	_	_

ma	ma	C	O	_	_
perché	perché	C	O	_	_
quel	quello	DS	O	_	_
tal	tale	AS	O	_	_
signore	signore	SS	O	_	_
e	e	C	O	_	_
i	il	RP	O	_	_
suoi	suo	DP	O	_	_
colleghi	collega	SP	O	_	_
sappiano	sapere	VI	O	_	_
quale	quale	DS	O	_	_
intonazione	intonazione	SS	O	_	_
assumerà	assumere	VI	O	_	_
la	il	RS	O	_	_
voce	voce	SS	O	_	_
di	di	E	O	_	_
Fiemme	fiemme	SPN	O	_	_
,	comma	XPW	O	_	_
non	non	B	O	_	_
sarà	essere	VI	O	_	_
male	male	B	O	_	_
riandare	riandare	VF	O	_	_
un	uno	RS	O	_	_
po’	poco	B	O	_	_
al	a/det	ES	O	_	_
passato	passato	SS	O	_	_
.	.	XPS	O	_	_

Si	rifl	PN	O	_	_
era	essere	VI	O	_	_
alla	a/det	ES	O	_	_
fine	fine	SS	O	_	_
dell’	di/det	ES	O	_	_
anno	anno	SS	O	_	_
1910	1910	N	O	_	_
;	semicolon	XPS	O	_	_

il	il	RS	O	_	_
compromesso	compromesso	SS	O	_	_
di	di	E	O	_	_
Bolzano	bolzano	SPN	GPE	46.4981125	11.3547801
era	essere	VI	O	_	_
nel	in/det	ES	O	_	_
suo	suo	DS	O	_	_
maggior	maggior	AS	O	_	_
sviluppo	sviluppo	SS	O	_	_
;	semicolon	XPS	O	_	_

i	il	RP	O	_	_
progetti	progetto	SP	O	_	_
di	di	E	O	_	_
dettaglio	dettaglio	SS	O	_	_
della	di/det	ES	O	_	_
tramvia	tramvia	SS	O	_	_
,	comma	XPW	O	_	_
che	che	CCHE	O	_	_
la	il	RS	O	_	_
Comunità	comunità	SN	O	_	_
generale	generale	AS	O	_	_
s’	s’	PN	O	_	_
era	essere	VIY	O	_	_
assunta	assumere	VSP	O	_	_
l’	il	RS	O	_	_
impegno	impegno	SS	O	_	_
di	di	E	O	_	_
far	fare	VF	O	_	_
elaborare	elaborare	VF	O	_	_
,	comma	XPW	O	_	_
erano	essere	VI	O	_	_
pressoché	pressoché	B	O	_	_
ultimati	ultimare	VPP	O	_	_
;	semicolon	XPS	O	_	_

le	il	RP	O	_	_
nostre	nostro	DP	O	_	_
speranze	speranza	SP	O	_	_
,	comma	XPW	O	_	_
mai	mai	B	O	_	_
ancor	ancor	B	O	_	_
offuscate	offuscare	VPP	O	_	_
né	né	C	O	_	_
venute	venire	VPP	O	_	_
meno	meno	B	O	_	_
erano	essere	VI	O	_	_
al	a/det	ES	O	_	_
colmo	colmo	SS	O	_	_
,	comma	XPW	O	_	_
la	il	RS	O	_	_
parola	parola	SS	O	_	_
data	dare	VSP	O	_	_
solennemente	solennemente	B	O	_	_
sancita	sancire	VSP	O	_	_
da	da	E	O	_	_
noi	noi	PP	O	_	_
,	comma	XPW	O	_	_
galantuonomi	galantuonomi	VG+E	O	_	_
,	comma	XPW	O	_	_
era	essere	VI	O	_	_
ancor	ancor	B	O	_	_
stimata	stimato	AS	O	_	_
e	e	C	O	_	_
creduta	credere	VSP	O	_	_
più	più	B	O	_	_
che	che	CCHE	O	_	_
sufficiente	sufficiente	AS	O	_	_
caparra	caparra	SS	O	_	_
per	per	E	O	_	_
una	uno	RS	O	_	_
sollecita	sollecito	AS	O	_	_
ed	ed	C	O	_	_
equa	equo	AS	O	_	_
soluzione	soluzione	SS	O	_	_
.	.	XPS	O	_	_

Ed	ed	C	O	_	_
ecco	ecco	B	O	_	_
che	che	CCHE	O	_	_
il	il	RS	O	_	_
Trentino	trentino	SPN	GPE	46.102869	11.12961993
pubblica	pubblico	AS	O	_	_
una	uno	RS	O	_	_
corrispondenza	corrispondenza	SS	O	_	_
intercessa	intercessa	AS	O	_	_
fra	fra	E	O	_	_
la	il	RS	O	_	_
Camera	camera	SS	O	_	_
di	di	E	O	_	_
commercio	commercio	SS	O	_	_
di	di	E	O	_	_
Bolzano	bolzano	SPN	GPE	46.4981125	11.3547801
e	e	C	O	_	_
la	il	RS	O	_	_
Comunità	comunità	SN	O	_	_
generale	generale	AS	O	_	_
:	:	XPS	O	_	_
la	il	RS	O	_	_
prima	primo	AS	O	_	_
esortava	esortare	VI	O	_	_
con	con	E	O	_	_
arti	arte	SP	O	_	_
subdole	subdole	AS	O	_	_
a	a	E	O	_	_
rompere	rompere	VF	O	_	_
il	il	RS	O	_	_
compromesso	compromesso	SS	O	_	_
,	comma	XPW	O	_	_
che	che	CCHE	O	_	_
non	non	B	O	_	_
sarebbe	essere	VIY	O	_	_
stato	essere	VSPY	O	_	_
chiamato	chiamare	VSP	O	_	_
in	in	E	O	_	_
vita	vita	SS	O	_	_
che	che	CCHE	O	_	_
allo	a/det	ES	O	_	_
scopo	scopo	SS	O	_	_
di	di	E	O	_	_
assopire	assopire	VF	O	_	_
i	il	RP	O	_	_
desideri	desiderio	SP	O	_	_
ferroviari	ferroviario	AP	O	_	_
dei	di/det	EP	O	_	_
fiemmesi	fiemmesi	SP	O	_	_
e	e	C	O	_	_
ad	ad	E	O	_	_
unirsi	unire/rifl	VF+E	O	_	_
poi	poi	B	O	_	_
con	con	E	O	_	_
Bolzano	bolzano	SPN	O	_	_
per	per	E	O	_	_
trattare	trattare	VF	O	_	_
unilateralmente	unilateralmente	B	O	_	_
della	di/det	ES	O	_	_
ferrovia	ferrovia	SS	O	_	_
Egna	egna	SPN	GPE	46.3169161	11.2725698
-	-	XPO	O	_	_
Predazzo	predazzo	SPN	GPE	46.3123698	11.6027345
.	.	XPS	O	_	_

E	e	C	O	_	_
il	il	RS	O	_	_
signor	signore	SS	O	_	_
Walther	walther	SPN	PER	_	_
,	comma	XPW	O	_	_
che	che	CCHE	O	_	_
fu	essere	VI	O	_	_
forse	forse	B	O	_	_
l’	il	RS	O	_	_
autore	autore	SS	O	_	_
di	di	E	O	_	_
quella	quello	DS	O	_	_
lettera	lettera	SS	O	_	_
,	comma	XPW	O	_	_
ricorda	ricordare	VI	O	_	_
la	il	RS	O	_	_
risposta	risposta	SS	O	_	_
della	di/det	ES	O	_	_
Comunità	comunità	SN	O	_	_
generale	generale	AS	O	_	_
?	?	XPS	O	_	_

C’	ci	B	O	_	_
è	essere	VI	O	_	_
forse	forse	B	O	_	_
bisogno	bisogno	SS	O	_	_
di	di	E	O	_	_
ripetergli	ripetere/pro	VF+E	O	_	_
,	comma	XPW	O	_	_
che	che	CCHE	O	_	_
allora	allora	C	O	_	_
furono	essere	VIY	O	_	_
trattati	trattare	VPP	O	_	_
da	da	E	O	_	_
fedifraghi	fedifraghi	SP	O	_	_
tutti	tutto	PP	O	_	_
coloro	colui	PP	O	_	_
,	comma	XPW	O	_	_
che	che	CCHE	O	_	_
soltanto	soltanto	B	O	_	_
tentarono	tentare	VI	O	_	_
di	di	E	O	_	_
rompere	rompere	VF	O	_	_
il	il	RS	O	_	_
compromesso	compromesso	SS	O	_	_
?	?	XPS	O	_	_

E	e	C	O	_	_
non	non	B	O	_	_
si	rifl	PN	O	_	_
disse	dire	VI	O	_	_
forse	forse	B	O	_	_
bene	bene	B	O	_	_
già	già	B	O	_	_
allora	allora	C	O	_	_
che	che	CCHE	O	_	_
col	con/det	ES	O	_	_
compromesso	compromesso	SS	O	_	_
vollero	volere	VI	O	_	_
assopire	assopire	VF	O	_	_
i	il	RP	O	_	_
desideri	desiderio	SP	O	_	_
ferroviari	ferroviario	AP	O	_	_
dei	di/det	EP	O	_	_
fiemmesi	fiemmesi	SP	O	_	_
,	comma	XPW	O	_	_
non	non	B	O	_	_
poteva	potere	VI	O	_	_
essere	essere	VF	O	_	_
che	che	CCHE	O	_	_
nelle	in/det	EP	O	_	_
schiere	schiera	SP	O	_	_
aderenti	aderente	AP	O	_	_
alla	a/det	ES	O	_	_
stessa	stesso	DS	O	_	_
Camera	camera	SS	O	_	_
di	di	E	O	_	_
Commercio	commercio	SS	O	_	_
di	di	E	O	_	_
Bolzano	bolzano	SPN	GPE	46.4981125	11.3547801
,	comma	XPW	O	_	_
la	il	RS	O	_	_
quale	quale	PS	O	_	_
avea	avea	VI	O	_	_
pur	pur	B	O	_	_
aderito	aderire	VSP	O	_	_
al	a/det	ES	O	_	_
compromesso	compromesso	SS	O	_	_
ed	ed	C	O	_	_
avea	avea	VIY	O	_	_
promesso	promettere	VSP	O	_	_
di	di	E	O	_	_
appoggiarlo	appoggiare/pro	VF+E	O	_	_
,	comma	XPW	O	_	_
alla	a/det	ES	O	_	_
quale	quale	PS	O	_	_
per	per	E	O	_	_
giunta	giunta	SS	O	_	_
era	essere	VI	O	_	_
pur	pur	B	O	_	_
noto	noto	AS	O	_	_
,	comma	XPW	O	_	_
che	che	CCHE	O	_	_
l’	il	RS	O	_	_
Imperatore	imperatore	SS	O	_	_
stesso	stesso	DS	O	_	_
aveva	avere	VIY	O	_	_
dichiarato	dichiarare	VSP	O	_	_
di	di	E	O	_	_
appoggiarlo	appoggiare/pro	VF+E	O	_	_
presso	presso	E	O	_	_
il	il	RS	O	_	_
suo	suo	DS	O	_	_
governo	governo	SS	O	_	_
?	?	XPS	O	_	_

Se	se	C	O	_	_
la	il	RS	O	_	_
lettera	lettera	SS	O	_	_
della	di/det	ES	O	_	_
Camera	camera	SS	O	_	_
di	di	E	O	_	_
commercio	commercio	SS	O	_	_
segnò	segnare	VI	O	_	_
il	il	RS	O	_	_
preludio	preludio	SS	O	_	_
della	di/det	ES	O	_	_
rottura	rottura	SS	O	_	_
e	e	C	O	_	_
sepoltura	sepoltura	SS	O	_	_
del	di/det	ES	O	_	_
compromesso	compromesso	SS	O	_	_
,	comma	XPW	O	_	_
la	il	RS	O	_	_
risposta	risposta	SS	O	_	_
della	di/det	ES	O	_	_
Comunità	comunità	SN	O	_	_
generale	generale	AS	O	_	_
,	comma	XPW	O	_	_
fiera	fiero	AS	O	_	_
e	e	C	O	_	_
dignitosa	dignitoso	AS	O	_	_
segnò	segnare	VI	O	_	_
ben	ben	B	O	_	_
il	il	RS	O	_	_
principio	principio	SS	O	_	_
dell’	di/det	ES	O	_	_
opposizione	opposizione	SS	O	_	_
ad	ad	E	O	_	_
oltranza	oltranza	SS	O	_	_
di	di	E	O	_	_
tutta	tutto	DS	O	_	_
Fiemme	fiemme	SPN	O	_	_
a	a	E	O	_	_
tutti	tutto	DP	O	_	_
i	il	RP	O	_	_
conati	conato	SP	O	_	_
unilaterali	unilaterale	AP	O	_	_
della	di/det	ES	O	_	_
prepotenza	prepotenza	SS	O	_	_
teutonica	teutonico	AS	O	_	_
ed	ed	C	O	_	_
in	in	E	O	_	_
ispecie	ispecie	SS	O	_	_
dei	di/det	EP	O	_	_
circoli	circolo	SP	O	_	_
bolzanini	bolzanino	AP	O	_	_
.	.	XPS	O	_	_

E	e	C	O	_	_
quando	quando	CADV	O	_	_
il	il	RS	O	_	_
compromesso	compromesso	SS	O	_	_
tramontò	tramontare	VI	O	_	_
,	comma	XPW	O	_	_
la	il	RS	O	_	_
Comunità	comunità	SN	O	_	_
generale	generale	AS	O	_	_
sorse	sorse	SS	O	_	_
fiera	fiero	AS	O	_	_
a	a	E	O	_	_
protestare	protestare	VF	O	_	_
contro	contro	E	O	_	_
i	il	RP	O	_	_
fedifraghi	fedifraghi	SP	O	_	_
antichi	antico	AP	O	_	_
e	e	C	O	_	_
sempre	sempre	B	O	_	_
nuovi	nuovo	AP	O	_	_
e	e	C	O	_	_
a	a	E	O	_	_
deplorare	deplorare	VF	O	_	_
che	che	CCHE	O	_	_
il	il	RS	O	_	_
governo	governo	SS	O	_	_
si	rifl	PN	O	_	_
abbandoni	abbandonare	VI	O	_	_
in	in	E	O	_	_
braccio	braccio	SS	O	_	_
a	a	E	O	_	_
un	uno	RS	O	_	_
partito	partito	SS	O	_	_
,	comma	XPW	O	_	_
il	il	RS	O	_	_
quale	quale	PS	O	_	_
non	non	B	O	_	_
può	potere	VI	O	_	_
contare	contare	VF	O	_	_
di	di	E	O	_	_
avere	avere	VF	O	_	_
il	il	RS	O	_	_
voto	voto	SS	O	_	_
di	di	E	O	_	_
un	uno	RS	O	_	_
popolo	popolo	SS	O	_	_
al	a/det	ES	O	_	_
suo	suo	DS	O	_	_
sostegno	sostegno	SS	O	_	_
.	.	XPS	O	_	_

Nei	in/det	EP	O	_	_
successivi	successivo	AP	O	_	_
comizi	comizio	SP	O	_	_
tenuti	tenere	VPP	O	_	_
dall’	da/det	ES	O	_	_
on	on	SN	O	_	_
.	.	XPS	O	_	_

Degasperi	degasperi	SPN	O	_	_
venne	venire	VIY	O	_	_
fatto	fare	VSP	O	_	_
vedere	vedere	VF	O	_	_
e	e	C	O	_	_
sentire	sentire	VF	O	_	_
in	in	E	O	_	_
modo	modo	SS	O	_	_
indubbio	indubbio	AS	O	_	_
il	il	RS	O	_	_
volere	volere	SS	O	_	_
di	di	E	O	_	_
Fiemme	fiemme	SPN	O	_	_
,	comma	XPW	O	_	_
che	che	CCHE	O	_	_
è	essere	VI	O	_	_
e	e	C	O	_	_
non	non	B	O	_	_
può	potere	VI	O	_	_
che	che	CCHE	O	_	_
essere	essere	VF	O	_	_
di	di	E	O	_	_
perfetto	perfetto	AS	O	_	_
accordo	accordo	SS	O	_	_
coi	con/det	EP	O	_	_
propri	proprio	DP	O	_	_
deputati	deputato	SP	O	_	_
.	.	XPS	O	_	_

E	e	C	O	_	_
il	il	RS	O	_	_
signor	signore	SS	O	_	_
Willi	willi	SPN	PER	_	_
non	non	B	O	_	_
ha	avere	VIY	O	_	_
ancora	ancora	B	O	_	_
capito	capire	VSP	O	_	_
qual	qual	B	O	_	_
è	essere	VI	O	_	_
,	comma	XPW	O	_	_
quale	quale	DS	O	_	_
dev’	dev’	VI	O	_	_
essere	essere	VF	O	_	_
e	e	C	O	_	_
quale	quale	PS	O	_	_
sarà	essere	VI	O	_	_
la	il	RS	O	_	_
voce	voce	SS	O	_	_
di	di	E	O	_	_
Fiemme	fiemme	SPN	O	_	_
?	?	XPS	O	_	_

Venga	venga	SPN	O	_	_
quassù	quassù	B	O	_	_
e	e	C	O	_	_
gliela	gliela	YF	O	_	_
faremo	fare	VI	O	_	_
sentire	sentire	VF	O	_	_
senza	senza	E	O	_	_
tanti	tanto	DP	O	_	_
preamboli	preambolo	SP	O	_	_
;	semicolon	XPS	O	_	_

che	che	CCHE	O	_	_
se	se	C	O	_	_
vuole	volere	VI	O	_	_
tentare	tentare	VF	O	_	_
una	uno	RS	O	_	_
seconda	secondo	AS	O	_	_
edizione	edizione	SS	O	_	_
del	di/det	ES	O	_	_
tentativo	tentativo	SS	O	_	_
fatto	fare	VSP	O	_	_
nel	in/det	ES	O	_	_
1910	1910	N	O	_	_
sappia	sapere	VI	O	_	_
pure	pure	C	O	_	_
che	che	CCHE	O	_	_
in	in	E	O	_	_
Fiemme	fiemme	SPN	O	_	_
c’	ci	B	O	_	_
è	essere	VI	O	_	_
chi	chi	CCHI	O	_	_
è	essere	VI	O	_	_
ancora	ancora	B	O	_	_
capace	capace	AS	O	_	_
di	di	E	O	_	_
dirgli	dire/pro	VF+E	O	_	_
il	il	RS	O	_	_
fatto	fatto	SS	O	_	_
suo	suo	DS	O	_	_
,	comma	XPW	O	_	_
c’	ci	B	O	_	_
è	essere	VI	O	_	_
chi	chi	CCHI	O	_	_
vigila	vigilare	VI	O	_	_
attentamente	attentamente	B	O	_	_
a	a	E	O	_	_
che	che	CCHE	O	_	_
non	non	B	O	_	_
venga	venire	VIY	O	_	_
fatto	fare	VSP	O	_	_
danno	danno	SS	O	_	_
alla	a/det	ES	O	_	_
Valle	valle	SPN	O	_	_
;	semicolon	XPS	O	_	_

sappia	sapere	VI	O	_	_
che	che	CCHE	O	_	_
le	il	RP	O	_	_
rappresentanze	rappresentanza	SP	O	_	_
comunali	comunale	AP	O	_	_
e	e	C	O	_	_
il	il	RS	O	_	_
Consesso	consesso	SS	O	_	_
della	di/det	ES	O	_	_
Comunità	comunità	SN	O	_	_
generale	generale	AS	O	_	_
conoscono	conoscere	VI	O	_	_
benissimo	benissimo	B	O	_	_
il	il	RS	O	_	_
volere	volere	SS	O	_	_
della	di/det	ES	O	_	_
popolazione	popolazione	SS	O	_	_
,	comma	XPW	O	_	_
e	e	C	O	_	_
che	che	CCHE	O	_	_
è	essere	VI	O	_	_
di	di	E	O	_	_
restare	restare	VF	O	_	_
uniti	unire	VPP	O	_	_
come	come	CADV	O	_	_
falange	falange	VI	O	_	_
attorno	attorno	E	O	_	_
ai	a/det	EP	O	_	_
nostri	nostro	DP	O	_	_
on.	onorevole	SS	O	_	_
deputati	deputare	VPP	O	_	_
e	e	C	O	_	_
a	a	E	O	_	_
questo	questo	DS	O	_	_
volere	volere	VF	O	_	_
di	di	E	O	_	_
popolo	popolo	SS	O	_	_
si	rifl	PN	O	_	_
uniformeranno	uniformare	VI	O	_	_
senza	senza	E	O	_	_
alcun	alcuno	DS	O	_	_
dubbio	dubbio	SS	O	_	_
.	.	XPS	O	_	_

Un	uno	RS	O	_	_
fiemmazzo	fiemmazzo	SS	O	_	_
curioso	curioso	AS	O	_	_
Nelle	in/det	EP	O	_	_
Tiroler	tiroler	SPN	O	_	_
Stimmen	stimmen	SPN	O	_	_
,	comma	XPW	O	_	_
giunto	giungere	VSP	O	_	_
oggi	oggi	B	O	_	_
,	comma	XPW	O	_	_
al	a/det	ES	O	_	_
posto	posto	SS	O	_	_
,	comma	XPW	O	_	_
d’	di	E	O	_	_
onore	onore	SS	O	_	_
,	comma	XPW	O	_	_
sta	stare	VI	O	_	_
una	uno	RS	O	_	_
corrispondenza	corrispondenza	SS	O	_	_
datata	datare	VSP	O	_	_
da	da	E	O	_	_
Fiemme	fiemme	SPN	O	_	_
e	e	C	O	_	_
firmata	firmato	AS	O	_	_
«	«	XPO	O	_	_
fiemmazzo	fiemmazzo	SS	O	_	_
»	»	XPO	O	_	_
nella	in/det	ES	O	_	_
quale	quale	PS	O	_	_
si	rifl	PN	O	_	_
vuole	volere	VI	O	_	_
dimostrare	dimostrare	VF	O	_	_
che	che	CCHE	O	_	_
l’	il	RS	O	_	_
opinione	opinione	SS	O	_	_
fiemmese	fiemmese	AS	O	_	_
è	essere	VI	O	_	_
tutt’	tutt’	DS	O	_	_
altro	altro	PS	O	_	_
che	che	CCHE	O	_	_
favorevole	favorevole	AS	O	_	_
a	a	E	O	_	_
quella	quello	PS	O	_	_
dell’	di/det	ES	O	_	_
on	on	SN	O	_	_
.	.	XPS	O	_	_

Degasperi	degasperi	SPN	O	_	_
e	e	C	O	_	_
consorti	consorte	SP	O	_	_
,	comma	XPW	O	_	_
che	che	CCHE	O	_	_
il	il	RS	O	_	_
risultato	risultato	SS	O	_	_
dei	di/det	EP	O	_	_
comizi	comizio	SP	O	_	_
venne	venire	VIY	O	_	_
raggiunto	raggiungere	VSP	O	_	_
ad	ad	E	O	_	_
arte	arte	SS	O	_	_
e	e	C	O	_	_
che	che	CCHE	O	_	_
le	il	RP	O	_	_
corrispondenze	corrispondenza	SP	O	_	_
fiemmesi	fiemmesi	AP	O	_	_
che	che	CCHE	O	_	_
ha	avere	VIY	O	_	_
pubblicato	pubblicare	VSP	O	_	_
il	il	RS	O	_	_
Trentino	trentino	SPN	GPE	46.102869	11.12961993
sono	essere	VI	O	_	_
taglierini	taglierino	SP	O	_	_
fatti	fare	VPP	O	_	_
in	in	E	O	_	_
casa	casa	SS	O	_	_
.	.	XPS	O	_	_

Il	il	RS	O	_	_
presunto	presunto	AS	O	_	_
fiemmazzo	fiemmazzo	SS	O	_	_
si	rifl	PN	O	_	_
diffonde	diffondere	VI	O	_	_
in	in	E	O	_	_
quasi	quasi	B	O	_	_
tre	tre	N	O	_	_
colonne	colonna	SP	O	_	_
a	a	E	O	_	_
difendere	difendere	VF	O	_	_
il	il	RS	O	_	_
governo	governo	SS	O	_	_
e	e	C	O	_	_
quei	quello	DP	O	_	_
fedifraghi	fedifraghi	SP	O	_	_
tedeschi	tedesco	AP	O	_	_
,	comma	XPW	O	_	_
i	il	RP	O	_	_
quali	quale	PP	O	_	_
hanno	avere	VIY	O	_	_
combattuto	combattere	VSP	O	_	_
il	il	RS	O	_	_
compromesso	compromesso	SS	O	_	_
,	comma	XPW	O	_	_
prima	prima	C	O	_	_
che	che	CCHE	O	_	_
venisse	venire	VIY	O	_	_
sciolto	sciogliere	VSP	O	_	_
.	.	XPS	O	_	_

Un	uno	RS	O	_	_
bel	bello	AS	O	_	_
fiammazzo	fiammazzo	SS	O	_	_
costui	costui	VI	O	_	_
che	che	CCHE	O	_	_
non	non	B	O	_	_
ha	avere	VI	O	_	_
miglior	miglior	AS	O	_	_
cura	cura	SS	O	_	_
che	che	CCHE	O	_	_
quella	quello	PS	O	_	_
di	di	E	O	_	_
dir	dir	VF	O	_	_
bravi	bravo	AP	O	_	_
a	a	E	O	_	_
chi	chi	CCHI	O	_	_
ha	avere	VIY	O	_	_
distribuito	distribuire	VSP	O	_	_
botte	botta	SP	O	_	_
alla	a/det	ES	O	_	_
sua	suo	DS	O	_	_
valle	valle	SS	O	_	_
"!"	esclamation_mark	XPS	O	_	_

Saremo	essere	VI	O	_	_
curiosi	curioso	SP	O	_	_
di	di	E	O	_	_
sapere	sapere	VF	O	_	_
chi	chi	CCHI	O	_	_
sia	essere	VI	O	_	_
.	.	XPS	O	_	_

Ne	ne	PN	O	_	_
abbiamo	avere	VI	O	_	_
il	il	RS	O	_	_
diritto	diritto	SS	O	_	_
,	comma	XPW	O	_	_
poichè	poichè	B	O	_	_
egli	egli	PS	O	_	_
assume	assumere	VI	O	_	_
la	il	RS	O	_	_
posa	posa	SS	O	_	_
non	non	B	O	_	_
solo	solo	B	O	_	_
di	di	E	O	_	_
ammonitore	ammonitore	SS	O	_	_
,	comma	XPW	O	_	_
avvertendoci	avvertire/pro/loc	VG+E	O	_	_
che	che	CCHE	O	_	_
noi	noi	PP	O	_	_
in	in	E	O	_	_
contraddizione	contraddizione	SS	O	_	_
col	con/det	ES	O	_	_
nostro	nostro	DS	O	_	_
programma	programma	SS	O	_	_
cattolico	cattolico	AS	O	_	_
portiamo	portare	VI	O	_	_
la	il	RS	O	_	_
discordia	discordia	SS	O	_	_
nella	in/det	ES	O	_	_
valle	valle	SS	O	_	_
,	comma	XPW	O	_	_
ma	ma	C	O	_	_
anche	anche	C	O	_	_
di	di	E	O	_	_
pubblica	pubblico	AS	O	_	_
accusa	accusa	SS	O	_	_
,	comma	XPW	O	_	_
perché	perché	C	O	_	_
ci	ci	PP	O	_	_
dà	dare	VI	O	_	_
dei	di/det	EP	O	_	_
falsificatori	falsificatore	SP	O	_	_
dell’	di/det	ES	O	_	_
opinione	opinione	SS	O	_	_
pubblica	pubblico	AS	O	_	_
.	.	XPS	O	_	_

Fuori	fuori	B	O	_	_
i	il	RP	O	_	_
nomi	noma	SP	O	_	_
,	comma	XPW	O	_	_
dunque	dunque	C	O	_	_
"!"	esclamation_mark	XPS	O	_	_
