# total number of persons:1, total number of gpes:2
Vienna	vienna	SPN	GPE	48.2083537	16.3725042
,	comma	XPW	O	_	_
16	16	N	O	_	_
L’	il	RS	O	_	_
ostruzione	ostruzione	SS	O	_	_
slovena	sloveno	AS	O	_	_
ha	avere	VIY	O	_	_
già	già	B	O	_	_
colpito	colpire	VSP	O	_	_
la	il	RS	O	_	_
comissione	comissione	SS	O	_	_
del	di/det	ES	O	_	_
bilancio	bilancio	SS	O	_	_
.	.	XPS	O	_	_

Quella	quello	PS	O	_	_
rutena	ruteno	AS	O	_	_
lo	lo	PS	O	_	_
minaccia	minacciare	VI	O	_	_
.	.	XPS	O	_	_

Che	che	CCHE	O	_	_
cosa	cosa	SS	O	_	_
faranno	fare	VI	O	_	_
domani	domani	B	O	_	_
nella	in/det	ES	O	_	_
seduta	seduta	SS	O	_	_
plenaria	plenario	AS	O	_	_
della	di/det	ES	O	_	_
Camera	camera	SS	O	_	_
i	il	RP	O	_	_
cechi	ceco	SP	O	_	_
radicali	radicale	AP	O	_	_
,	comma	XPW	O	_	_
nonostante	nonostante	E	O	_	_
gli	il	RP	O	_	_
scongiuri	scongiuro	SP	O	_	_
che	che	CCHE	O	_	_
rivolge	rivolgere	VI	O	_	_
loro	loro	PP	O	_	_
nelle	in/det	EP	O	_	_
Narodni	narodni	SPN	O	_	_
Listy	listy	SPN	O	_	_
il	il	RS	O	_	_
d.r	d.r	YA	O	_	_
Kramar	kramar	SPN	O	_	_
,	comma	XPW	O	_	_
non	non	B	O	_	_
si	rifl	PN	O	_	_
sa	sapere	VI	O	_	_
ancora	ancora	B	O	_	_
con	con	E	O	_	_
tutta	tutto	DS	O	_	_
precisione	precisione	SS	O	_	_
,	comma	XPW	O	_	_
ma	ma	C	O	_	_
si	rifl	PN	O	_	_
teme	temere	VI	O	_	_
.	.	XPS	O	_	_

È	essere	VI	O	_	_
interessante	interessante	AS	O	_	_
udire	udire	VF	O	_	_
la	il	RS	O	_	_
voce	voce	SS	O	_	_
del	di/det	ES	O	_	_
capo	capo	SS	O	_	_
dei	di/det	EP	O	_	_
giovani	giovane	SP	O	_	_
cechi	ceco	AP	O	_	_
.	.	XPS	O	_	_

Non	non	B	O	_	_
rinnovate	rinnovare	VPP	O	_	_
,	comma	XPW	O	_	_
egli	egli	PS	O	_	_
esclama	esclamare	VI	O	_	_
rivolto	rivolgere	VSP	O	_	_
ai	a/det	EP	O	_	_
suoi	suo	DP	O	_	_
connazionali	connazionale	SP	O	_	_
e	e	C	O	_	_
soprattutto	soprattutto	B	O	_	_
all’	a/det	ES	O	_	_
ala	ala	SS	O	_	_
estrema	estremo	AS	O	_	_
,	comma	XPW	O	_	_
non	non	B	O	_	_
rinnovate	rinnovare	VPP	O	_	_
gli	il	RP	O	_	_
errori	errore	SP	O	_	_
commessi	commettere	VPP	O	_	_
al	a/det	ES	O	_	_
tempo	tempo	SS	O	_	_
dell’	di/det	ES	O	_	_
annessione	annessione	SS	O	_	_
della	di/det	ES	O	_	_
Bosnia	bosnia	SPN	O	_	_
"!"	esclamation_mark	XPS	O	_	_

Il	il	RS	O	_	_
governo	governo	SS	O	_	_
Bienerth	bienerth	SPN	O	_	_
(	open_parenthesis	XPB	O	_	_
che	che	CCHE	O	_	_
fra	fra	E	O	_	_
parentesi	parentesi	SN	O	_	_
fu	essere	VIY	O	_	_
provocato	provocare	VSP	O	_	_
dallo	da/det	ES	O	_	_
stesso	stesso	DS	O	_	_
Kramar	kramar	SPN	PER	_	_
)	close_parenthesis	XPB	O	_	_
ci	ci	B	O	_	_
dovrebbe	dovere	VI	O	_	_
aver	avere	VF	O	_	_
curati	curare	VPP	O	_	_
a	a	E	O	_	_
fondo	fondo	SS	O	_	_
da	da	E	O	_	_
ogni	ogni	DS	O	_	_
radicalismo	radicalismo	SS	O	_	_
.	.	XPS	O	_	_

Non	non	B	O	_	_
opponetevi	opponetevi	VI	O	_	_
alla	a/det	ES	O	_	_
legge	legge	SS	O	_	_
sulle	su/det	EP	O	_	_
prestazioni	prestazione	SP	O	_	_
dei	di/det	EP	O	_	_
cittadini	cittadino	SP	O	_	_
in	in	E	O	_	_
tempo	tempo	SS	O	_	_
di	di	E	O	_	_
guerra	guerra	SS	O	_	_
"!"	esclamation_mark	XPS	O	_	_

Già	già	B	O	_	_
ottenemmo	ottenere	VI	O	_	_
parecchie	parecchio	AP	O	_	_
concessioni	concessione	SP	O	_	_
in	in	E	O	_	_
questo	questo	DS	O	_	_
riguardo	riguardo	SS	O	_	_
dal	da/det	ES	O	_	_
governo	governo	SS	O	_	_
e	e	C	O	_	_
più	più	B	O	_	_
avremmo	avere	VIY	O	_	_
ottenuto	ottenere	VSP	O	_	_
se	se	C	O	_	_
altri	altro	PP	O	_	_
invece	invece	C	O	_	_
di	di	E	O	_	_
ostruire	ostruire	VF	O	_	_
la	il	RS	O	_	_
discussione	discussione	SS	O	_	_
ci	ci	PP	O	_	_
avesse	avere	VIY	O	_	_
aiutati	aiutare	VPP	O	_	_
nell’	in/det	ES	O	_	_
opposizione	opposizione	SS	O	_	_
.	.	XPS	O	_	_

L’	il	RS	O	_	_
ostruzione	ostruzione	SS	O	_	_
contro	contro	E	O	_	_
una	uno	RS	O	_	_
legge	legge	SS	O	_	_
militare	militare	AS	O	_	_
diretta	diretto	AS	O	_	_
a	a	E	O	_	_
garantire	garantire	VF	O	_	_
lo	il	RS	O	_	_
Stato	stato	SS	O	_	_
nei	in/det	EP	O	_	_
momenti	momento	SP	O	_	_
così	così	B	O	_	_
difficili	difficile	AP	O	_	_
,	comma	XPW	O	_	_
cozza	cozzare	VI	O	_	_
contro	contro	E	O	_	_
il	il	RS	O	_	_
dogma	dogma	SS	O	_	_
universalmente	universalmente	B	O	_	_
riconosciuto	riconoscere	VSP	O	_	_
alla	a/det	ES	O	_	_
Camera	camera	SS	O	_	_
che	che	CCHE	O	_	_
progetti	progetto	SP	O	_	_
di	di	E	O	_	_
tal	tale	SS	O	_	_
natura	natura	SS	O	_	_
devono	dovere	VI	O	_	_
godere	godere	VF	O	_	_
l’	il	RS	O	_	_
immunità	immunità	SN	O	_	_
dalle	da/det	EP	O	_	_
lotte	lotta	SP	O	_	_
di	di	E	O	_	_
parte	parte	SS	O	_	_
.	.	XPS	O	_	_

Badate	badare	VPP	O	_	_
che	che	CCHE	O	_	_
i	il	RP	O	_	_
tedeschi	tedesco	SP	O	_	_
già	già	B	O	_	_
pensarono	pensare	VI	O	_	_
ad	ad	E	O	_	_
una	uno	RS	O	_	_
maggioranza	maggioranza	SS	O	_	_
coi	con/det	EP	O	_	_
polacchi	polacco	SP	O	_	_
,	comma	XPW	O	_	_
gli	il	RP	O	_	_
sloveni	sloveno	SP	O	_	_
e	e	C	O	_	_
gli	il	RP	O	_	_
italiani	italiano	SP	O	_	_
;	semicolon	XPS	O	_	_

badate	badare	VPP	O	_	_
che	che	CCHE	O	_	_
i	il	RP	O	_	_
cechi	ceco	SP	O	_	_
corrono	correre	VI	O	_	_
pericolo	pericolo	SS	O	_	_
di	di	E	O	_	_
restare	restare	VF	O	_	_
esclusi	escluso	SP	O	_	_
,	comma	XPW	O	_	_
chi	chi	CCHI	O	_	_
sa	sapere	VI	O	_	_
per	per	E	O	_	_
quanto	quanto	B	O	_	_
,	comma	XPW	O	_	_
dalla	da/det	ES	O	_	_
maggioranza	maggioranza	SS	O	_	_
;	semicolon	XPS	O	_	_

non	non	B	O	_	_
lasciatevi	lasciatevi	VI	O	_	_
trascinare	trascinare	VF	O	_	_
ad	ad	E	O	_	_
atti	atto	SP	O	_	_
imprudenti	imprudente	AP	O	_	_
come	come	CADV	O	_	_
al	a/det	ES	O	_	_
tempo	tempo	SS	O	_	_
dell’	di/det	ES	O	_	_
annessione	annessione	SS	O	_	_
"!"	esclamation_mark	XPS	O	_	_

Vedremo	vedere	VI	O	_	_
domani	domani	B	O	_	_
alle	a/det	EP	O	_	_
11	11	N	O	_	_
l’	il	RS	O	_	_
effetto	effetto	SS	O	_	_
di	di	E	O	_	_
questa	questo	DS	O	_	_
predica	predica	SS	O	_	_
;	semicolon	XPS	O	_	_

intanto	intanto	B	O	_	_
gli	il	RP	O	_	_
sloveni	sloveno	SP	O	_	_
sono	essere	VIY	O	_	_
già	già	B	O	_	_
impegnati	impegnare	VPP	O	_	_
,	comma	XPW	O	_	_
per	per	E	O	_	_
conto	conto	SS	O	_	_
loro	loro	PP	O	_	_
,	comma	XPW	O	_	_
nell’	in/det	ES	O	_	_
opera	opera	SS	O	_	_
deleteria	deleterio	AS	O	_	_
e	e	C	O	_	_
la	il	RS	O	_	_
maggioranza	maggioranza	SS	O	_	_
–	–	XPO	O	_	_
se	se	C	O	_	_
nella	in/det	ES	O	_	_
presente	presente	AS	O	_	_
Camera	camera	SS	O	_	_
si	rifl	PN	O	_	_
può	potere	VI	O	_	_
adoperare	adoperare	VF	O	_	_
questa	questo	DS	O	_	_
parola	parola	SS	O	_	_
–	–	XPO	O	_	_
si	rifl	PN	O	_	_
prepara	preparare	VI	O	_	_
a	a	E	O	_	_
ribattere	ribattere	VF	O	_	_
all’assalto.	all’assalto.	SPN	O	_	_
Già	già	SPN	O	_	_
il	il	RS	O	_	_
pubblico	pubblico	SS	O	_	_
conosce	conoscere	VI	O	_	_
come	come	CADV	O	_	_
si	rifl	PN	O	_	_
combattono	combattere	VI	O	_	_
queste	questo	DP	O	_	_
battaglie	battaglia	SP	O	_	_
.	.	XPS	O	_	_

Nella	in/det	ES	O	_	_
sala	sala	SS	O	_	_
rimangono	rimanere	VI	O	_	_
il	il	RS	O	_	_
presidente	presidente	SS	O	_	_
della	di/det	ES	O	_	_
commissione	commissione	SS	O	_	_
,	comma	XPW	O	_	_
uno	uno	PS	O	_	_
o	o	C	O	_	_
due	due	N	O	_	_
rappresentanti	rappresentante	SP	O	_	_
del	di/det	ES	O	_	_
governo	governo	SS	O	_	_
,	comma	XPW	O	_	_
un	uno	RS	O	_	_
collega	collega	SS	O	_	_
dell’	di/det	ES	O	_	_
oratore	oratore	SS	O	_	_
,	comma	XPW	O	_	_
qualche	qualche	DS	O	_	_
sentinella	sentinella	SS	O	_	_
,	comma	XPW	O	_	_
e	e	C	O	_	_
s’	s’	PN	O	_	_
intende	intendere	VI	O	_	_
l’	il	RS	O	_	_
oratore	oratore	SS	O	_	_
stesso	stesso	DS	O	_	_
.	.	XPS	O	_	_

Giova	giovare	VI	O	_	_
concentrare	concentrare	VF	O	_	_
l’	il	RS	O	_	_
attenzione	attenzione	SS	O	_	_
su	su	E	O	_	_
questo	questo	DS	O	_	_
eroe	eroe	SS	O	_	_
,	comma	XPW	O	_	_
che	che	CCHE	O	_	_
vedrà	vedere	VI	O	_	_
nei	in/det	EP	O	_	_
giornali	giornale	SP	O	_	_
il	il	RS	O	_	_
suo	suo	DS	O	_	_
ritratto	ritratto	SS	O	_	_
o	o	C	O	_	_
almeno	almeno	B	O	_	_
il	il	RS	O	_	_
bollettino	bollettino	SS	O	_	_
delle	di/det	EP	O	_	_
sue	suo	DP	O	_	_
gesta	gesta	SS	O	_	_
.	.	XPS	O	_	_

Egli	egli	PS	O	_	_
parla	parlare	VI	O	_	_
tre	tre	N	O	_	_
,	comma	XPW	O	_	_
quattro	quattro	N	O	_	_
,	comma	XPW	O	_	_
otto	otto	N	O	_	_
,	comma	XPW	O	_	_
dieci	dieci	N	O	_	_
,	comma	XPW	O	_	_
tredici	tredici	N	O	_	_
ore	ora	SP	O	_	_
;	semicolon	XPS	O	_	_

ma	ma	C	O	_	_
parla	parlare	VI	O	_	_
per	per	E	O	_	_
modo	modo	SS	O	_	_
di	di	E	O	_	_
dire	dire	VF	O	_	_
.	.	XPS	O	_	_

Infatti	infatti	C	O	_	_
apre	aprire	VI	O	_	_
appena	appena	B	O	_	_
la	il	RS	O	_	_
bocca	bocca	SS	O	_	_
e	e	C	O	_	_
,	comma	XPW	O	_	_
per	per	E	O	_	_
udirlo	udire/pro	VF+E	O	_	_
,	comma	XPW	O	_	_
dovete	dovere	VI	O	_	_
sovente	sovente	B	O	_	_
piegarvi	piegare/voi/loc	VF+E	O	_	_
e	e	C	O	_	_
tendere	tendere	VF	O	_	_
attentamente	attentamente	B	O	_	_
l’	il	RS	O	_	_
orecchio	orecchio	SS	O	_	_
.	.	XPS	O	_	_

Le	il	RP	O	_	_
parole	parola	SP	O	_	_
gli	gli	PS	O	_	_
escono	uscire	VI	O	_	_
di	di	E	O	_	_
bocca	bocca	SS	O	_	_
a	a	E	O	_	_
lunghi	lungo	AP	O	_	_
intervalli	intervallo	SP	O	_	_
,	comma	XPW	O	_	_
come	come	CADV	O	_	_
fossero	essere	VIY	O	_	_
detti	dire	VPP	O	_	_
di	di	E	O	_	_
profonda	profondo	AS	O	_	_
scienza	scienza	SS	O	_	_
,	comma	XPW	O	_	_
da	da	E	O	_	_
lasciar	lasciare	VF	O	_	_
cadere	cadere	VF	O	_	_
con	con	E	O	_	_
parsimonia	parsimonia	SS	O	_	_
e	e	C	O	_	_
gravità	gravità	SN	O	_	_
sul	su/det	ES	O	_	_
pubblico	pubblico	SS	O	_	_
che	che	CCHE	O	_	_
.	.	XPS	O	_	_

.	.	XPS	O	_	_

.	.	XPS	O	_	_

non	non	B	O	_	_
ascolta	ascoltare	VI	O	_	_
.	.	XPS	O	_	_

Ma	ma	C	O	_	_
se	se	C	O	_	_
qualcuno	qualcuno	PS	O	_	_
si	rifl	PN	O	_	_
pone	porre	VI	O	_	_
accanto	accanto	B	O	_	_
all’	a/det	ES	O	_	_
oratore	oratore	SS	O	_	_
e	e	C	O	_	_
si	rifl	PN	O	_	_
ostina	ostinare	VI	O	_	_
a	a	E	O	_	_
volerne	volere/part	VF+E	O	_	_
seguire	seguire	VF	O	_	_
il	il	RS	O	_	_
filo	filo	SS	O	_	_
,	comma	XPW	O	_	_
con	con	E	O	_	_
suo	suo	DS	O	_	_
grave	grave	AS	O	_	_
disinganno	disinganno	SS	O	_	_
gli	il	RP	O	_	_
tocca	toccare	VI	O	_	_
sentire	sentire	VF	O	_	_
ogni	ogni	DS	O	_	_
sorta	sorta	SS	O	_	_
di	di	E	O	_	_
luoghi	luogo	SP	O	_	_
comuni	comune	AP	O	_	_
,	comma	XPW	O	_	_
storielle	storiella	SP	O	_	_
,	comma	XPW	O	_	_
sciocchezze	sciocchezza	SP	O	_	_
,	comma	XPW	O	_	_
brani	brano	SP	O	_	_
di	di	E	O	_	_
protocolli	protocollo	SP	O	_	_
e	e	C	O	_	_
fino	fino	E	O	_	_
di	di	E	O	_	_
antologie	antologia	SP	O	_	_
,	comma	XPW	O	_	_
quando	quando	CADV	O	_	_
l’	il	RS	O	_	_
oratore	oratore	SS	O	_	_
non	non	B	O	_	_
approfitti	approfittare	VI	O	_	_
della	di/det	ES	O	_	_
sua	suo	DS	O	_	_
vicinanza	vicinanza	SS	O	_	_
per	per	E	O	_	_
piantare	piantare	VF	O	_	_
con	con	E	O	_	_
lui	lui	PS	O	_	_
un	uno	RS	O	_	_
dialoghetto	dialoghetto	SS	O	_	_
e	e	C	O	_	_
alleggerirsi	alleggerire/rifl	VF+E	O	_	_
così	così	B	O	_	_
la	il	RS	O	_	_
fatica	fatica	SS	O	_	_
.	.	XPS	O	_	_

Così	così	B	O	_	_
è	essere	VI	O	_	_
fatta	fatto	AS	O	_	_
l’	il	RS	O	_	_
arma	arma	SS	O	_	_
più	più	B	O	_	_
micidiale	micidiale	AS	O	_	_
che	che	CCHE	O	_	_
i	il	RP	O	_	_
figli	figlio	SP	O	_	_
più	più	B	O	_	_
generosi	generoso	AP	O	_	_
del	di/det	ES	O	_	_
popolo	popolo	SS	O	_	_
e	e	C	O	_	_
della	di/det	ES	O	_	_
nazione	nazione	SS	O	_	_
,	comma	XPW	O	_	_
brandiscono	brandire	VI	O	_	_
con	con	E	O	_	_
tanta	tanto	DS	O	_	_
frequenza	frequenza	SS	O	_	_
a	a	E	O	_	_
Vienna	vienna	SPN	GPE	48.2083537	16.3725042
,	comma	XPW	O	_	_
non	non	B	O	_	_
per	per	E	O	_	_
propulsare	propulsare	VF	O	_	_
l’	il	RS	O	_	_
estrema	estremo	AS	O	_	_
offesa	offesa	SS	O	_	_
ma	ma	C	O	_	_
per	per	E	O	_	_
far	fare	VF	O	_	_
valere	valere	VF	O	_	_
,	comma	XPW	O	_	_
come	come	CADV	O	_	_
dicono	dire	VI	O	_	_
,	comma	XPW	O	_	_
i	il	RP	O	_	_
loro	loro	DP	O	_	_
diritti	diritto	SP	O	_	_
.	.	XPS	O	_	_

Una	uno	RS	O	_	_
conversazione	conversazione	SS	O	_	_
comune	comune	SS	O	_	_
,	comma	XPW	O	_	_
accettata	accettare	VSP	O	_	_
dagli	da/det	EP	O	_	_
slavi	slavo	SP	O	_	_
e	e	C	O	_	_
dai	da/det	EP	O	_	_
tedeschi	tedesco	SP	O	_	_
,	comma	XPW	O	_	_
che	che	CCHE	O	_	_
primi	primo	SP	O	_	_
inaugurarono	inaugurare	VI	O	_	_
quest’	questo	DS	O	_	_
olimpica	olimpico	AS	O	_	_
lotta	lotta	SS	O	_	_
,	comma	XPW	O	_	_
accetta	accettare	VI	O	_	_
siffatte	siffatte	SP	O	_	_
commedie	commedie	AP	O	_	_
come	come	CADV	O	_	_
discorsi	discorso	SP	O	_	_
e	e	C	O	_	_
attende	attendere	VI	O	_	_
che	che	CCHE	O	_	_
l’	il	RS	O	_	_
oratore	oratore	SS	O	_	_
abbia	avere	VIY	O	_	_
finito	finire	VSP	O	_	_
.	.	XPS	O	_	_

Più	più	B	O	_	_
egli	egli	PS	O	_	_
resiste	resistere	VI	O	_	_
sulla	su/det	ES	O	_	_
sedia	sedia	SS	O	_	_
alla	a/det	ES	O	_	_
fame	fame	SS	O	_	_
,	comma	XPW	O	_	_
alla	a/det	ES	O	_	_
sete	sete	SS	O	_	_
e	e	C	O	_	_
al	a/det	ES	O	_	_
sonno	sonno	SS	O	_	_
,	comma	XPW	O	_	_
maggiore	maggiore	AS	O	_	_
è	essere	VI	O	_	_
la	il	RS	O	_	_
gloria	gloria	SS	O	_	_
che	che	CCHE	O	_	_
si	rifl	PN	O	_	_
acquista	acquistare	VI	O	_	_
e	e	C	O	_	_
l’	il	RS	O	_	_
invidia	invidia	SS	O	_	_
che	che	CCHE	O	_	_
suscita	suscitare	VI	O	_	_
.	.	XPS	O	_	_

Ma	ma	C	O	_	_
volgiamo	volgere	VI	O	_	_
lo	il	RS	O	_	_
sguardo	sguardo	SS	O	_	_
ai	a/det	EP	O	_	_
suoi	suo	DP	O	_	_
avversari	avversario	SP	O	_	_
.	.	XPS	O	_	_

Le	il	RP	O	_	_
loro	loro	DP	O	_	_
fatiche	fatica	SP	O	_	_
consistono	consistere	VI	O	_	_
nel	in/det	ES	O	_	_
dormire	dormire	VF	O	_	_
sul	su/det	ES	O	_	_
sofà	sofà	SS	O	_	_
,	comma	XPW	O	_	_
piantati	piantare	VPP	O	_	_
in	in	E	O	_	_
una	uno	RS	O	_	_
sala	sala	SS	O	_	_
di	di	E	O	_	_
fronte	fronte	SS	O	_	_
a	a	E	O	_	_
quella	quello	PS	O	_	_
della	di/det	ES	O	_	_
commissione	commissione	SS	O	_	_
,	comma	XPW	O	_	_
e	e	C	O	_	_
tenersi	tenere/rifl	VF+E	O	_	_
pronti	pronto	AP	O	_	_
ad	ad	E	O	_	_
ogni	ogni	DS	O	_	_
squillo	squillo	SS	O	_	_
per	per	E	O	_	_
accorrere	accorrere	VF	O	_	_
sul	su/det	ES	O	_	_
campo	campo	SS	O	_	_
e	e	C	O	_	_
assicurare	assicurare	VF	O	_	_
colla	con/det	ES	O	_	_
loro	loro	DP	O	_	_
presenza	presenza	SS	O	_	_
la	il	RS	O	_	_
legalità	legalità	SN	O	_	_
della	di/det	ES	O	_	_
seduta	seduta	SS	O	_	_
.	.	XPS	O	_	_

Non	non	B	O	_	_
è	essere	VI	O	_	_
certo	certo	B	O	_	_
un	uno	RS	O	_	_
divertimento	divertimento	SS	O	_	_
passare	passare	VF	O	_	_
la	il	RS	O	_	_
notte	notte	SS	O	_	_
così	così	B	O	_	_
,	comma	XPW	O	_	_
ma	ma	C	O	_	_
chi	chi	CCHI	O	_	_
avrebbe	avere	VI	O	_	_
mai	mai	B	O	_	_
detto	dire	VSP	O	_	_
che	che	CCHE	O	_	_
questa	questo	PS	O	_	_
diventerebbe	diventare	VI	O	_	_
l’	il	RS	O	_	_
ultima	ultimo	AS	O	_	_
ratio	ratio	SS	O	_	_
e	e	C	O	_	_
la	il	RS	O	_	_
prestazione	prestazione	SS	O	_	_
più	più	B	O	_	_
meritoria	meritorio	AS	O	_	_
per	per	E	O	_	_
salvare	salvare	VF	O	_	_
la	il	RS	O	_	_
Camera	camera	SS	O	_	_
?	?	XPS	O	_	_

Questa	questo	DS	O	_	_
notte	notte	SS	O	_	_
tocca	toccare	VI	O	_	_
ai	a/det	EP	O	_	_
due	due	N	O	_	_
italiani	italiano	SP	O	_	_
che	che	CCHE	O	_	_
si	rifl	PN	O	_	_
trovano	trovare	VI	O	_	_
nella	in/det	ES	O	_	_
commissione	commissione	SS	O	_	_
del	di/det	ES	O	_	_
bilancio	bilancio	SS	O	_	_
,	comma	XPW	O	_	_
di	di	E	O	_	_
dormire	dormire	VF	O	_	_
sul	su/det	ES	O	_	_
posto	posto	SS	O	_	_
dell’	di/det	ES	O	_	_
armi	arme	SP	O	_	_
.	.	XPS	O	_	_

Essi	essi	PP	O	_	_
lo	lo	PS	O	_	_
fanno	fare	VI	O	_	_
per	per	E	O	_	_
amore	amore	SS	O	_	_
della	di/det	ES	O	_	_
Facoltà	facoltà	SN	O	_	_
.	.	XPS	O	_	_

.	.	XPS	O	_	_

.	.	XPS	O	_	_

benché	benché	B	O	_	_
,	comma	XPW	O	_	_
nel	in/det	ES	O	_	_
migliore	migliore	SS	O	_	_
dei	di/det	EP	O	_	_
casi	caso	SP	O	_	_
,	comma	XPW	O	_	_
sia	sia	C	O	_	_
un	uno	RS	O	_	_
servizio	servizio	SS	O	_	_
di	di	E	O	_	_
poca	poca	DP	O	_	_
speranza	speranza	SS	O	_	_
"!"	esclamation_mark	XPS	O	_	_

Se	se	C	O	_	_
con	con	E	O	_	_
tanti	tanto	DP	O	_	_
sforzi	sforzo	SP	O	_	_
si	rifl	PN	O	_	_
riuscirà	riuscire	VI	O	_	_
a	a	E	O	_	_
vincere	vincere	VF	O	_	_
la	il	RS	O	_	_
crisi	crisi	SN	O	_	_
,	comma	XPW	O	_	_
la	il	RS	O	_	_
Camera	camera	SS	O	_	_
dovrà	dovere	VI	O	_	_
prender	prendere	VF	O	_	_
subito	subito	B	O	_	_
un	uno	RS	O	_	_
pasto	pasto	SS	O	_	_
che	che	CCHE	O	_	_
nessun	nessun	DS	O	_	_
medico	medico	SS	O	_	_
permetterebbe	permettere	VI	O	_	_
a	a	E	O	_	_
un	uno	RS	O	_	_
convalescente	convalescente	SS	O	_	_
.	.	XPS	O	_	_

Essa	essa	PS	O	_	_
dovrà	dovere	VI	O	_	_
approvare	approvare	VF	O	_	_
la	il	RS	O	_	_
legge	legge	SS	O	_	_
sulle	su/det	EP	O	_	_
prestazioni	prestazione	SP	O	_	_
dei	di/det	EP	O	_	_
cittadini	cittadino	SP	O	_	_
in	in	E	O	_	_
tempo	tempo	SS	O	_	_
di	di	E	O	_	_
guerra	guerra	SS	O	_	_
,	comma	XPW	O	_	_
votare	votare	VF	O	_	_
il	il	RS	O	_	_
provvisorio	provvisorio	AS	O	_	_
,	comma	XPW	O	_	_
la	il	RS	O	_	_
prammatica	prammatica	SS	O	_	_
di	di	E	O	_	_
servizio	servizio	SS	O	_	_
,	comma	XPW	O	_	_
il	il	RS	O	_	_
piccolo	piccolo	AS	O	_	_
piano	piano	SS	O	_	_
finanziario	finanziario	AS	O	_	_
–	–	XPO	O	_	_
imposta	imposta	SS	O	_	_
personale	personale	AS	O	_	_
,	comma	XPW	O	_	_
sugli	su/det	EP	O	_	_
spiriti	spirito	SP	O	_	_
e	e	C	O	_	_
sugli	su/det	EP	O	_	_
automobili	automobile	SP	O	_	_
–	–	XPO	O	_	_
e	e	C	O	_	_
il	il	RS	O	_	_
regolamento	regolamento	SS	O	_	_
interno	interno	AS	O	_	_
.	.	XPS	O	_	_

Tutto	tutto	DS	O	_	_
questo	questo	PS	O	_	_
in	in	E	O	_	_
cinque	cinque	N	O	_	_
,	comma	XPW	O	_	_
diconsi	diconsi	VI	O	_	_
cinque	cinque	N	O	_	_
giorni	giorno	SP	O	_	_
"!"	esclamation_mark	XPS	O	_	_

C’	ci	B	O	_	_
è	essere	VI	O	_	_
da	da	E	O	_	_
ammazzare	ammazzare	VF	O	_	_
un	uno	RS	O	_	_
cavallo	cavallo	SS	O	_	_
,	comma	XPW	O	_	_
ma	ma	C	O	_	_
quando	quando	CADV	O	_	_
la	il	RS	O	_	_
Camera	camera	SPN	O	_	_
comincia	cominciare	VI	O	_	_
a	a	E	O	_	_
mangiare	mangiare	VF	O	_	_
,	comma	XPW	O	_	_
digerisce	digerire	VI	O	_	_
i	il	RP	O	_	_
chiodi	chiodo	SP	O	_	_
"!"	esclamation_mark	XPS	O	_	_

La	il	RS	O	_	_
commissione	commissione	SS	O	_	_
del	di/det	ES	O	_	_
bilancio	bilancio	SS	O	_	_
,	comma	XPW	O	_	_
liberatasi	liberatasi	SP	O	_	_
dall’	da/det	ES	O	_	_
incubo	incubo	SS	O	_	_
del	di/det	ES	O	_	_
provvisorio	provvisorio	SS	O	_	_
,	comma	XPW	O	_	_
dovrebbe	dovere	VI	O	_	_
occuparsi	occupare/rifl	VF+E	O	_	_
della	di/det	ES	O	_	_
Facoltà	facoltà	SN	O	_	_
.	.	XPS	O	_	_

Sarà	essere	VI	O	_	_
vero	vero	AS	O	_	_
?	?	XPS	O	_	_

Caval	caval	SPN	O	_	_
non	non	B	O	_	_
morire	morire	VF	O	_	_
,	comma	XPW	O	_	_
che	che	CCHE	O	_	_
l’	il	RS	O	_	_
erba	erba	SS	O	_	_
ha	avere	VI	O	_	_
da	da	E	O	_	_
venire	venire	VF	O	_	_
.	.	XPS	O	_	_

.	.	XPS	O	_	_

.	.	XPS	O	_	_
