# total number of persons:11, total number of gpes:23
Mentre	mentre	C	O	_	_
a	a	E	O	_	_
Trento	trento	SPN	GPE	46.0664228	11.1257601
i	il	RP	O	_	_
liberali	liberale	SP	O	_	_
fanno	fare	VI	O	_	_
di	di	E	O	_	_
tutto	tutto	PS	O	_	_
per	per	E	O	_	_
togliere	togliere	VF	O	_	_
da	da	E	O	_	_
sé	sé	PN	O	_	_
la	il	RS	O	_	_
responsabilità	responsabilità	SN	O	_	_
delle	di/det	EP	O	_	_
defezioni	defezione	SP	O	_	_
avvenute	avvenire	VPP	O	_	_
nelle	in/det	EP	O	_	_
loro	loro	PP	O	_	_
file	fila	SP	O	_	_
a	a	E	O	_	_
vantaggio	vantaggio	SS	O	_	_
dei	di/det	EP	O	_	_
socialisti	socialista	SP	O	_	_
,	comma	XPW	O	_	_
tanto	tanto	PS	O	_	_
che	che	CCHE	O	_	_
,	comma	XPW	O	_	_
se	se	C	O	_	_
non	non	B	O	_	_
vi	vi	B	O	_	_
fosse	essere	VIY	O	_	_
stata	essere	VSP	O	_	_
di	di	E	O	_	_
mezzo	mezzo	SS	O	_	_
la	il	RS	O	_	_
candidatura	candidatura	SS	O	_	_
Conci	conci	SPN	PER	_	_
per	per	E	O	_	_
la	il	RS	O	_	_
quale	quale	PS	O	_	_
il	il	RS	O	_	_
partito	partito	SS	O	_	_
popolare	popolare	AS	O	_	_
,	comma	XPW	O	_	_
con	con	E	O	_	_
lungo	lungo	AS	O	_	_
,	comma	XPW	O	_	_
assiduo	assiduo	AS	O	_	_
e	e	C	O	_	_
disciplinato	disciplinare	VSP	O	_	_
lavoro	lavoro	SS	O	_	_
,	comma	XPW	O	_	_
raccolse	raccogliere	VI	O	_	_
un	uno	RS	O	_	_
migliaio	migliaio	SS	O	_	_
di	di	E	O	_	_
voti	voto	SP	O	_	_
(	open_parenthesis	XPB	O	_	_
oltre	oltre	E	O	_	_
le	il	RP	O	_	_
960	960	N	O	_	_
schede	scheda	SP	O	_	_
valide	valido	AP	O	_	_
,	comma	XPW	O	_	_
ve	ve	PN	O	_	_
ne	ne	PN	O	_	_
furono	essere	VI	O	_	_
una	uno	RS	O	_	_
quarantina	quarantina	SS	O	_	_
di	di	E	O	_	_
invalide	invalide	SS	O	_	_
,	comma	XPW	O	_	_
perché	perché	C	O	_	_
portavano	portare	VI	O	_	_
scritto	scrivere	VSP	O	_	_
soltanto	soltanto	B	O	_	_
«	«	XPO	O	_	_
d.r	d.r	YA	O	_	_
Conci	conci	SPN	O	_	_
»	»	XPO	O	_	_
o	o	C	O	_	_
«	«	XPO	O	_	_
d.r	d.r	YA	O	_	_
E.	e.	YA	O	_	_
Conci	conci	SPN	O	_	_
»	»	XPO	O	_	_
)	close_parenthesis	XPB	O	_	_
l’	il	RS	O	_	_
Avancini	avancini	SPN	PER	_	_
sarebbe	essere	VIY	O	_	_
riuscito	riuscire	VSP	O	_	_
di	di	E	O	_	_
primo	primo	AS	O	_	_
colpo	colpo	SS	O	_	_
;	semicolon	XPS	O	_	_

a	a	E	O	_	_
Rovereto	rovereto	SPN	GPE	45.8915375	11.0384953
e	e	C	O	_	_
a	a	E	O	_	_
Riva	riva	SPN	GPE	45.883333	10.85
si	rifl	PN	O	_	_
giudica	giudicare	VI	O	_	_
ben	ben	B	O	_	_
diversamente	diversamente	B	O	_	_
e	e	C	O	_	_
più	più	B	O	_	_
equamente	equamente	AS	O	_	_
la	il	RS	O	_	_
situazione	situazione	SS	O	_	_
,	comma	XPW	O	_	_
come	come	CADV	O	_	_
ne	ne	PN	O	_	_
fanno	fare	VI	O	_	_
fede	fede	SS	O	_	_
il	il	RS	O	_	_
«	«	XPO	O	_	_
Messaggero	messaggero	SPN	O	_	_
»	»	XPO	O	_	_
e	e	C	O	_	_
l’	il	RS	O	_	_
«	«	XPO	O	_	_
Eco	eco	SPN	O	_	_
del	di/det	ES	O	_	_
Baldo	baldo	SPN	PER	_	_
»	»	XPO	O	_	_
.	.	XPS	O	_	_

Il	il	RS	O	_	_
«	«	XPO	O	_	_
Messaggero	messaggero	SPN	O	_	_
»	»	XPO	O	_	_
si	rifl	PN	O	_	_
occupò	occupare	VI	O	_	_
anche	anche	C	O	_	_
iersera	iersera	SS	O	_	_
della	di/det	ES	O	_	_
questione	questione	SS	O	_	_
,	comma	XPW	O	_	_
rispondendo	rispondere	VG	O	_	_
all’	a/det	ES	O	_	_
«	«	XPO	O	_	_
Alto	alto	SPN	GPE	46.65596895	11.22964387
Adige	adige	SPN	GPE	46.65596895	11.22964387
»	»	XPO	O	_	_
,	comma	XPW	O	_	_
ed	ed	C	O	_	_
è	essere	VI	O	_	_
prezzo	prezzo	SS	O	_	_
dell’	di/det	ES	O	_	_
opera	opera	SS	O	_	_
riportarne	riportare/part	VF+E	O	_	_
parecchie	parecchio	AP	O	_	_
constatazioni	constatazione	SP	O	_	_
e	e	C	O	_	_
parecchi	parecchio	AP	O	_	_
giudizi	giudizio	SP	O	_	_
.	.	XPS	O	_	_

Esso	esso	PS	O	_	_
scrive	scrivere	VI	O	_	_
:	:	XPS	O	_	_
«	«	XPO	O	_	_
L’	il	RS	O	_	_
“	“	XPO	O	_	_
Alto	alto	SPN	GPE	46.65596895	11.22964387
Adige	adige	SPN	GPE	46.65596895	11.22964387
”	”	XPO	O	_	_
,	comma	XPW	O	_	_
quel	quello	DS	O	_	_
giornale	giornale	SS	O	_	_
che	che	CCHE	O	_	_
ci	ci	PP	O	_	_
eravamo	essere	VI	O	_	_
da	da	E	O	_	_
lungo	lungo	AS	O	_	_
tempo	tempo	SS	O	_	_
abituati	abituare	VPP	O	_	_
a	a	E	O	_	_
considerare	considerare	VF	O	_	_
come	come	CADV	O	_	_
l’	il	RS	O	_	_
espressione	espressione	SS	O	_	_
più	più	B	O	_	_
intransigente	intransigente	AS	O	_	_
del	di/det	ES	O	_	_
nazionalismo	nazionalismo	SS	O	_	_
e	e	C	O	_	_
l’	il	RS	O	_	_
organo	organo	SS	O	_	_
più	più	B	O	_	_
autorevole	autorevole	AS	O	_	_
del	di/det	ES	O	_	_
liberalismo	liberalismo	SS	O	_	_
tridentino	tridentino	AS	O	_	_
,	comma	XPW	O	_	_
scaglia	scagliare	VI	O	_	_
contro	contro	E	O	_	_
di	di	E	O	_	_
noi	noi	PP	O	_	_
un	uno	RS	O	_	_
lungo	lungo	AS	O	_	_
articolo	articolo	SS	O	_	_
del	di/det	ES	O	_	_
quale	quale	PS	O	_	_
non	non	B	O	_	_
sappiamo	sapere	VI	O	_	_
giudicare	giudicare	VF	O	_	_
se	se	C	O	_	_
sia	essere	VI	O	_	_
maggiore	maggiore	AS	O	_	_
la	il	RS	O	_	_
violenza	violenza	SS	O	_	_
della	di/det	ES	O	_	_
forma	forma	SS	O	_	_
o	o	C	O	_	_
la	il	RS	O	_	_
pochezza	pochezza	SS	O	_	_
della	di/det	ES	O	_	_
sostanza	sostanza	SS	O	_	_
.	.	XPS	O	_	_

Il	il	RS	O	_	_
confratello	confratello	SS	O	_	_
di	di	E	O	_	_
Trento	trento	SPN	GPE	46.0664228	11.1257601
comincia	cominciare	VI	O	_	_
coll’	coll’	SS	O	_	_
affermare	affermare	VF	O	_	_
che	che	CCHE	O	_	_
nella	in/det	ES	O	_	_
lotta	lotta	SS	O	_	_
non	non	B	O	_	_
gli	gli	PS	O	_	_
sono	essere	VIY	O	_	_
venute	venire	VPP	O	_	_
meno	meno	B	O	_	_
né	né	B	O	_	_
la	il	RS	O	_	_
volontà	volontà	SN	O	_	_
,	comma	XPW	O	_	_
né	né	B	O	_	_
la	il	RS	O	_	_
fede	fede	SS	O	_	_
,	comma	XPW	O	_	_
né	né	B	O	_	_
la	il	RS	O	_	_
costanza	costanza	SS	O	_	_
e	e	C	O	_	_
chiama	chiamare	VI	O	_	_
a	a	E	O	_	_
testimoni	testimone	SP	O	_	_
di	di	E	O	_	_
esso	esso	PS	O	_	_
gli	il	RP	O	_	_
amici	amico	SP	O	_	_
che	che	CCHE	O	_	_
hanno	avere	VIY	O	_	_
assistito	assistere	VSP	O	_	_
al	a/det	ES	O	_	_
suo	suo	DS	O	_	_
quotidiano	quotidiano	SS	O	_	_
lavoro	lavoro	SS	O	_	_
–	–	XPO	O	_	_
il	il	RS	O	_	_
giornale	giornale	SS	O	_	_
vien	vien	AS	O	_	_
giudicato	giudicare	VSP	O	_	_
dai	da/det	EP	O	_	_
lettori	lettore	SP	O	_	_
,	comma	XPW	O	_	_
non	non	B	O	_	_
dagli	da/det	EP	O	_	_
amici	amico	SP	O	_	_
.	.	XPS	O	_	_

E	e	C	O	_	_
della	di/det	ES	O	_	_
mancata	mancato	AS	O	_	_
costanza	costanza	SS	O	_	_
nella	in/det	ES	O	_	_
lotta	lotta	SS	O	_	_
per	per	E	O	_	_
la	il	RS	O	_	_
candidatura	candidatura	SS	O	_	_
Tambosi	tambosi	SPN	PER	_	_
la	il	RS	O	_	_
migliore	migliore	AS	O	_	_
prova	prova	SS	O	_	_
impugnabile	impugnabile	AS	O	_	_
è	essere	VI	O	_	_
l’	il	RS	O	_	_
“	“	XPO	O	_	_
Alto	alto	SPN	GPE	46.65596895	11.22964387
Adige	adige	SPN	GPE	46.65596895	11.22964387
”	”	XPO	O	_	_
stesso	stesso	DS	O	_	_
.	.	XPS	O	_	_

Infatti	infatti	C	O	_	_
dal	da/det	ES	O	_	_
giorno	giorno	SS	O	_	_
26	26	N	O	_	_
marzo	marzo	SS	O	_	_
in	in	E	O	_	_
cui	cui	PN	O	_	_
venne	venire	VIY	O	_	_
fatta	fare	VSP	O	_	_
la	il	RS	O	_	_
proclamazione	proclamazione	SS	O	_	_
dei	di/det	EP	O	_	_
candidati	candidato	SP	O	_	_
nazionali	nazionale	AP	O	_	_
fino	fino	E	O	_	_
all’1	all’1	SPN	O	_	_
maggio	maggio	SS	O	_	_
in	in	E	O	_	_
cui	cui	PN	O	_	_
si	rifl	PN	O	_	_
annuncia	annunciare	VI	O	_	_
la	il	RS	O	_	_
conferenza	conferenza	SS	O	_	_
Tambosi	tambosi	SPN	O	_	_
noi	noi	PP	O	_	_
indarno	indarno	AS	O	_	_
potremmmo	potremmmo	VI	O	_	_
cercare	cercare	VF	O	_	_
sull’	su/det	ES	O	_	_
“	“	XPO	O	_	_
Alto	alto	SPN	GPE	46.65596895	11.22964387
Adige	adige	SPN	GPE	46.65596895	11.22964387
”	”	XPO	O	_	_
il	il	RS	O	_	_
nome	nome	SS	O	_	_
di	di	E	O	_	_
Antonio	antonio	SPN	PER	_	_
Tambosi	tambosi	SPN	PER	_	_
.	.	XPS	O	_	_

Il	il	RS	O	_	_
3	3	N	O	_	_
maggio	maggio	SS	O	_	_
si	rifl	PN	O	_	_
pubblica	pubblicare	VI	O	_	_
tutto	tutto	PS	O	_	_
il	il	RS	O	_	_
testo-programma	testo-programma	SS	O	_	_
dell’	di/det	ES	O	_	_
egregio	egregio	SS	O	_	_
uomo	uomo	SS	O	_	_
con	con	E	O	_	_
20	20	N	O	_	_
righe	riga	SP	O	_	_
di	di	E	O	_	_
commento	commento	SS	O	_	_
,	comma	XPW	O	_	_
il	il	RS	O	_	_
10	10	N	O	_	_
e	e	C	O	_	_
l’11	l’11	N	O	_	_
maggio	maggio	SS	O	_	_
finalmente	finalmente	B	O	_	_
si	rifl	PN	O	_	_
invitano	invitare	VI	O	_	_
con	con	E	O	_	_
due	due	N	O	_	_
articoli	articolo	SP	O	_	_
,	comma	XPW	O	_	_
gli	il	RP	O	_	_
elettori	elettore	SP	O	_	_
di	di	E	O	_	_
Trento	trento	SPN	GPE	46.0664228	11.1257601
a	a	E	O	_	_
votare	votare	VF	O	_	_
pel	pel	SS	O	_	_
candidato	candidato	SS	O	_	_
liberale	liberale	AS	O	_	_
Tambosi	tambosi	SPN	PER	_	_
.	.	XPS	O	_	_

Ecco	ecco	B	O	_	_
il	il	RS	O	_	_
bilancio	bilancio	SS	O	_	_
esatto	esigere	VSP	O	_	_
della	di/det	ES	O	_	_
campagna	campagna	SS	O	_	_
fatta	fare	VSP	O	_	_
dall’	da/det	ES	O	_	_
“	“	XPO	O	_	_
Alto	alto	SPN	GPE	46.65596895	11.22964387
Adige	adige	SPN	GPE	46.65596895	11.22964387
”	”	XPO	O	_	_
per	per	E	O	_	_
il	il	RS	O	_	_
presidente	presidente	SS	O	_	_
della	di/det	ES	O	_	_
Lega	lega	SS	O	_	_
Nazionale	nazionale	AS	O	_	_
"!"	esclamation_mark	XPS	O	_	_

Non	non	B	O	_	_
infirmeremo	infirmare	VI	O	_	_
la	il	RS	O	_	_
volontà	volontà	SN	O	_	_
e	e	C	O	_	_
la	il	RS	O	_	_
fede	fede	SS	O	_	_
dell’	di/det	ES	O	_	_
autorevole	autorevole	SS	O	_	_
giornale	giornale	AS	O	_	_
liberale	liberale	AS	O	_	_
,	comma	XPW	O	_	_
ma	ma	C	O	_	_
crediamo	credere	VI	O	_	_
di	di	E	O	_	_
avere	avere	VFY	O	_	_
tutto	tutto	DS	O	_	_
il	il	RS	O	_	_
diritto	diritto	SS	O	_	_
di	di	E	O	_	_
infirmarne	infirmare/part	VF+E	O	_	_
la	il	RS	O	_	_
costanza	costanza	SS	O	_	_
"!"	esclamation_mark	XPS	O	_	_

A	a	E	O	_	_
ciò	ciò`	PS	O	_	_
aggiungasi	aggiungasi	VI	O	_	_
che	che	CCHE	O	_	_
,	comma	XPW	O	_	_
durante	durante	E	O	_	_
tutta	tutto	DS	O	_	_
la	il	RS	O	_	_
lotta	lotta	SS	O	_	_
elettorale	elettorale	AS	O	_	_
,	comma	XPW	O	_	_
l’	il	RS	O	_	_
“	“	XPO	O	_	_
Alto	alto	SPN	GPE	46.65596895	11.22964387
Adige	adige	SPN	GPE	46.65596895	11.22964387
”	”	XPO	O	_	_
non	non	B	O	_	_
disse	dire	VI	O	_	_
verbo	verbo	AS	O	_	_
né	né	C	O	_	_
contrastò	contrastare	VI	O	_	_
d’	di	E	O	_	_
un	uno	RS	O	_	_
passo	passo	SS	O	_	_
la	il	RS	O	_	_
campagna	campagna	SS	O	_	_
vigorosa	vigoroso	AS	O	_	_
,	comma	XPW	O	_	_
tenace	tenace	AS	O	_	_
,	comma	XPW	O	_	_
disciplinata	disciplinare	VSP	O	_	_
del	di/det	ES	O	_	_
partito	partito	SS	O	_	_
socialista	socialista	AS	O	_	_
,	comma	XPW	O	_	_
di	di	E	O	_	_
quel	quello	DS	O	_	_
partito	partito	SS	O	_	_
cioè	cioe`	B	O	_	_
che	che	CCHE	O	_	_
doveva	dovere	VI	O	_	_
soffocare	soffocare	VF	O	_	_
per	per	E	O	_	_
sempre	sempre	B	O	_	_
la	il	RS	O	_	_
voce	voce	SS	O	_	_
nazionale	nazionale	AS	O	_	_
,	comma	XPW	O	_	_
la	il	RS	O	_	_
voce	voce	SS	O	_	_
italiana	italiano	AS	O	_	_
di	di	E	O	_	_
Trento	trento	SPN	GPE	46.0664228	11.1257601
,	comma	XPW	O	_	_
alla	a/det	ES	O	_	_
quale	quale	PS	O	_	_
tutti	tutto	DP	O	_	_
gli	il	RP	O	_	_
italiani	italiano	SP	O	_	_
guardavano	guardare	VI	O	_	_
ansiosi	ansioso	AP	O	_	_
.	.	XPS	O	_	_

E	e	C	O	_	_
tutto	tutto	DS	O	_	_
ciò	ciò`	PS	O	_	_
si	rifl	PN	O	_	_
chiama	chiamare	VI	O	_	_
lottare	lottare	VF	O	_	_
,	comma	XPW	O	_	_
egregio	egregio	SS	O	_	_
confratello	confratello	AS	O	_	_
?	?	XPS	O	_	_

Lottare	lottare	VF	O	_	_
strenuamente	strenuamente	B	O	_	_
per	per	E	O	_	_
l’	il	RS	O	_	_
idea	idea	SS	O	_	_
nazionale	nazionale	AS	O	_	_
e	e	C	O	_	_
per	per	E	O	_	_
la	il	RS	O	_	_
causa	causa	SS	O	_	_
nazionale	nazionale	AS	O	_	_
?	?	XPS	O	_	_

»	»	XPO	O	_	_
.	.	XPS	O	_	_

E	e	C	O	_	_
più	più	B	O	_	_
sotto	sotto	E	O	_	_
lo	il	RS	O	_	_
stesso	stesso	DS	O	_	_
Messaggero	messaggero	SPN	O	_	_
osserva	osservare	VI	O	_	_
che	che	CCHE	O	_	_
in	in	E	O	_	_
altre	altro	DP	O	_	_
occasioni	occasione	SP	O	_	_
e	e	C	O	_	_
in	in	E	O	_	_
altre	altro	DP	O	_	_
lotte	lotta	SP	O	_	_
l’	il	RS	O	_	_
Alto	alto	SPN	GPE	46.65596895	11.22964387
Adige	adige	SPN	GPE	46.65596895	11.22964387
mostrò	mostrare	VI	O	_	_
ben	ben	B	O	_	_
altro	altro	DS	O	_	_
impegno	impegno	SS	O	_	_
e	e	C	O	_	_
ben	ben	B	O	_	_
altra	altro	DS	O	_	_
energia	energia	SS	O	_	_
.	.	XPS	O	_	_

Ottimamente	ottimamente	B	O	_	_
"!"	esclamation_mark	XPS	O	_	_

Ma	ma	C	O	_	_
questa	questo	DS	O	_	_
volta	volta	SS	O	_	_
l’	il	RS	O	_	_
Alto	alto	SPN	GPE	46.65596895	11.22964387
Adige	adige	SPN	GPE	46.65596895	11.22964387
aveva	avere	VI	O	_	_
da	da	E	O	_	_
sciupare	sciupare	VF	O	_	_
il	il	RS	O	_	_
tempo	tempo	SS	O	_	_
e	e	C	O	_	_
la	il	RS	O	_	_
carta	carta	SS	O	_	_
nelle	in/det	EP	O	_	_
ridicole	ridicolo	AP	O	_	_
relazioni	relazione	SP	O	_	_
dalle	da/det	EP	O	_	_
vallate	vallata	SP	O	_	_
con	con	E	O	_	_
cui	cui	PN	O	_	_
faceva	fare	VI	O	_	_
credere	credere	VF	O	_	_
che	che	CCHE	O	_	_
ormai	ormai	B	O	_	_
la	il	RS	O	_	_
maggioranza	maggioranza	SS	O	_	_
popolare	popolare	AS	O	_	_
nelle	in/det	EP	O	_	_
vallate	vallata	SP	O	_	_
era	essere	VIY	O	_	_
scossa	scuotere	VSP	O	_	_
:	:	XPS	O	_	_
e	e	C	O	_	_
aiutava	aiutare	VI	O	_	_
perfino	perfino	B	O	_	_
i	il	RP	O	_	_
socialisti	socialista	SP	O	_	_
e	e	C	O	_	_
i	il	RP	O	_	_
mersiani	mersiani	SP	O	_	_
nella	in/det	ES	O	_	_
speranza	speranza	SS	O	_	_
di	di	E	O	_	_
far	fare	VF	O	_	_
nascere	nascere	VF	O	_	_
nelle	in/det	EP	O	_	_
vallate	vallata	SP	O	_	_
dei	di/det	EP	O	_	_
ballottaggi	ballottaggio	SP	O	_	_
,	comma	XPW	O	_	_
in	in	E	O	_	_
cui	cui	PN	O	_	_
tutti	tutto	DP	O	_	_
i	il	RP	O	_	_
partiti	partito	SP	O	_	_
avversari	avversario	AP	O	_	_
si	rifl	PN	O	_	_
sarebbero	essere	VIY	O	_	_
alleati	alleare	VPP	O	_	_
contro	contro	E	O	_	_
di	di	E	O	_	_
noi	noi	PP	O	_	_
per	per	E	O	_	_
farci	farci	VF	O	_	_
soccombere	soccombere	VF	O	_	_
e	e	C	O	_	_
gridava	gridare	VI	O	_	_
che	che	CCHE	O	_	_
già	già	B	O	_	_
forti	forte	AP	O	_	_
brecce	breccia	SP	O	_	_
nella	in/det	ES	O	_	_
nostra	nostro	DS	O	_	_
torre	torre	SS	O	_	_
erano	essere	VI	O	_	_
aperte	aperto	AP	O	_	_
e	e	C	O	_	_
annunziava	annunziare	VI	O	_	_
il	il	RS	O	_	_
«	«	XPO	O	_	_
redde	redde	SS	O	_	_
rationem	rationem	AS	O	_	_
»	»	XPO	O	_	_
per	per	E	O	_	_
i	il	RP	O	_	_
14	14	N	O	_	_
maggio	maggio	SS	O	_	_
,	comma	XPW	O	_	_
e	e	C	O	_	_
sapeva	sapere	VI	O	_	_
che	che	CCHE	O	_	_
in	in	E	O	_	_
quel	quello	DS	O	_	_
dì	dì	SN	O	_	_
la	il	RS	O	_	_
cittadinanza	cittadinanza	SS	O	_	_
di	di	E	O	_	_
Trento	trento	SPN	GPE	46.0664228	11.1257601
,	comma	XPW	O	_	_
come	come	CADV	O	_	_
il	il	RS	O	_	_
dragone	dragone	SS	O	_	_
di	di	E	O	_	_
Minosse	minosse	SPN	PER	_	_
,	comma	XPW	O	_	_
si	rifl	PN	O	_	_
sarebbe	essere	VIY	O	_	_
messa	mettere	VSP	O	_	_
nelle	in/det	EP	O	_	_
parti	parte	SP	O	_	_
.	.	XPS	O	_	_

.	.	XPS	O	_	_

.	.	XPS	O	_	_

meno	meno	B	O	_	_
nobili	nobile	AP	O	_	_
la	il	RS	O	_	_
nostra	nostro	DS	O	_	_
bandiera	bandiera	SS	O	_	_
,	comma	XPW	O	_	_
e	e	C	O	_	_
non	non	B	O	_	_
si	rifl	PN	O	_	_
accorgeva	accorgere	VI	O	_	_
che	che	CCHE	O	_	_
c’	ci	B	O	_	_
era	essere	VI	O	_	_
profonda	profondo	AS	O	_	_
discordia	discordia	SS	O	_	_
in	in	E	O	_	_
casa	casa	SS	O	_	_
sua	suo	DS	O	_	_
e	e	C	O	_	_
che	che	CCHE	O	_	_
la	il	RS	O	_	_
rappresentanza	rappresentanza	SS	O	_	_
di	di	E	O	_	_
Trento	trento	SPN	GPE	46.0664228	11.1257601
era	essere	VI	O	_	_
in	in	E	O	_	_
pericolo	pericolo	SS	O	_	_
di	di	E	O	_	_
passare	passare	VF	O	_	_
nelle	in/det	EP	O	_	_
mani	mano	SP	O	_	_
dei	di/det	EP	O	_	_
socialisti	socialista	SP	O	_	_
da	da	E	O	_	_
lui	lui	PS	O	_	_
tante	tanto	DP	O	_	_
volte	volta	SP	O	_	_
accarezzati	accarezzare	VPP	O	_	_
,	comma	XPW	O	_	_
sostenuti	sostenere	VPP	O	_	_
"!"	esclamation_mark	XPS	O	_	_

Ora	ora	B	O	_	_
si	rifl	PN	O	_	_
vorrebbe	volere	VI	O	_	_
riversare	riversare	VF	O	_	_
su	su	E	O	_	_
di	di	E	O	_	_
noi	noi	PP	O	_	_
la	il	RS	O	_	_
colpa	colpa	SS	O	_	_
di	di	E	O	_	_
tanta	tanto	DS	O	_	_
insipienza	insipienza	SS	O	_	_
e	e	C	O	_	_
storditezza	storditezza	SS	O	_	_
;	semicolon	XPS	O	_	_

come	come	CADV	O	_	_
se	se	C	O	_	_
il	il	RS	O	_	_
d.r	d.r	YA	O	_	_
Conci	conci	SPN	O	_	_
prima	prima	C	O	_	_
di	di	E	O	_	_
candidare	candidare	VF	O	_	_
per	per	E	O	_	_
Trento	trento	SPN	GPE	46.0664228	11.1257601
non	non	B	O	_	_
si	rifl	PN	O	_	_
fosse	essere	VIY	O	_	_
procurato	procurare	VSP	O	_	_
le	il	RP	O	_	_
più	più	B	O	_	_
ampie	ampio	AP	O	_	_
assicurazioni	assicurazione	SP	O	_	_
che	che	CCHE	O	_	_
il	il	RS	O	_	_
Tambosi	tambosi	SPN	PER	_	_
non	non	B	O	_	_
avrebbe	avere	VI	O	_	_
in	in	E	O	_	_
nessun	nessun	DS	O	_	_
caso	caso	SS	O	_	_
accettata	accettare	VSP	O	_	_
la	il	RS	O	_	_
candidatura	candidatura	SS	O	_	_
per	per	E	O	_	_
la	il	RS	O	_	_
città	città	SN	O	_	_
e	e	C	O	_	_
come	come	CADV	O	_	_
se	se	C	O	_	_
il	il	RS	O	_	_
partito	partito	SS	O	_	_
popolare	popolare	AS	O	_	_
non	non	B	O	_	_
avesse	avere	VI	O	_	_
formalmente	formalmente	B	O	_	_
e	e	C	O	_	_
ripetutamente	ripetutamente	B	O	_	_
offerto	offrire	VSP	O	_	_
ai	a/det	EP	O	_	_
liberali	liberale	SP	O	_	_
di	di	E	O	_	_
ritirare	ritirare	VF	O	_	_
–	–	XPO	O	_	_
prima	prima	C	O	_	_
ancora	ancora	C	O	_	_
che	che	CCHE	O	_	_
fosse	essere	VIY	O	_	_
pubblicata	pubblicare	VSP	O	_	_
la	il	RS	O	_	_
candidatura	candidatura	SS	O	_	_
Tambosi	tambosi	SPN	PER	_	_
–	–	XPO	O	_	_
di	di	E	O	_	_
ritirare	ritirare	VF	O	_	_
,	comma	XPW	O	_	_
diciamo	dire	VI	O	_	_
,	comma	XPW	O	_	_
la	il	RS	O	_	_
candidatura	candidatura	SS	O	_	_
Conci	conci	SPN	PER	_	_
,	comma	XPW	O	_	_
per	per	E	O	_	_
far	fare	VF	O	_	_
posto	posto	SS	O	_	_
alla	a/det	ES	O	_	_
candidatura-protesta	candidatura-protesta	SS	O	_	_
Postingher	postingher	SPN	O	_	_
.	.	XPS	O	_	_

I	il	RP	O	_	_
liberali	liberale	SP	O	_	_
–	–	XPO	O	_	_
o	o	C	O	_	_
meglio	meglio	B	O	_	_
i	il	RP	O	_	_
loro	loro	DP	O	_	_
rappresentanti	rappresentante	SP	O	_	_
–	–	XPO	O	_	_
rifiutarono	rifiutare	VI	O	_	_
la	il	RS	O	_	_
nostra	nostro	DS	O	_	_
offerta	offerta	SS	O	_	_
spontanea	spontaneo	AS	O	_	_
e	e	C	O	_	_
generosa	generoso	AS	O	_	_
.	.	XPS	O	_	_

Ma	ma	C	O	_	_
chi	chi	CCHI	O	_	_
sa	sapere	VI	O	_	_
giudicare	giudicare	VF	O	_	_
le	il	RP	O	_	_
cose	cosa	SP	O	_	_
,	comma	XPW	O	_	_
può	potere	VI	O	_	_
da	da	E	O	_	_
questo	questo	DS	O	_	_
vedere	vedere	VF	O	_	_
la	il	RS	O	_	_
realtà	realtà	SN	O	_	_
della	di/det	ES	O	_	_
presente	presente	SS	O	_	_
deplorevole	deplorevole	AS	O	_	_
condizione	condizione	SS	O	_	_
di	di	E	O	_	_
Trento	trento	SPN	GPE	46.0664228	11.1257601
.	.	XPS	O	_	_

Certo	certo	B	O	_	_
,	comma	XPW	O	_	_
non	non	B	O	_	_
si	rifl	PN	O	_	_
possono	potere	VI	O	_	_
far	fare	VF	O	_	_
risalire	risalire	VF	O	_	_
ai	a/det	EP	O	_	_
liberali	liberale	SP	O	_	_
tutte	tutto	DP	O	_	_
le	il	RP	O	_	_
responsabilità	responsabilità	SN	O	_	_
di	di	E	O	_	_
alcuni	alcuni	DP	O	_	_
e	e	C	O	_	_
della	di/det	ES	O	_	_
stampa	stampa	SS	O	_	_
,	comma	XPW	O	_	_
che	che	CCHE	O	_	_
ora	ora	B	O	_	_
–	–	XPO	O	_	_
nei	in/det	EP	O	_	_
biasimi	biasimi	AP	O	_	_
dei	di/det	EP	O	_	_
crocchi	crocco	SP	O	_	_
–	–	XPO	O	_	_
raccoglie	raccogliere	VI	O	_	_
il	il	RS	O	_	_
frutto	frutto	SS	O	_	_
di	di	E	O	_	_
una	uno	RS	O	_	_
battaglia	battaglia	SS	O	_	_
male	male	B	O	_	_
combattuta	combattere	VSP	O	_	_
nelle	in/det	EP	O	_	_
vallate	vallata	SP	O	_	_
e	e	C	O	_	_
di	di	E	O	_	_
una	uno	RS	O	_	_
battaglia	battaglia	SS	O	_	_
non	non	B	O	_	_
combattuta	combattere	VSP	O	_	_
nella	in/det	ES	O	_	_
principale	principale	AS	O	_	_
città	città	SN	O	_	_
.	.	XPS	O	_	_

Ad	ad	E	O	_	_
ogni	ogni	DS	O	_	_
modo	modo	SS	O	_	_
ora	ora	B	O	_	_
tutti	tutto	DP	O	_	_
gli	il	RP	O	_	_
uomini	uomo	SP	O	_	_
di	di	E	O	_	_
buona	buono	AS	O	_	_
volontà	volontà	SN	O	_	_
devono	dovere	VI	O	_	_
unirsi	unire/rifl	VF+E	O	_	_
per	per	E	O	_	_
salvare	salvare	VF	O	_	_
Trento	trento	SPN	GPE	46.0664228	11.1257601
e	e	C	O	_	_
impedire	impedire	VF	O	_	_
che	che	CCHE	O	_	_
la	il	RS	O	_	_
sua	suo	DS	O	_	_
rappresentanza	rappresentanza	SS	O	_	_
politica	politico	AS	O	_	_
passi	passo	SP	O	_	_
alla	a/det	ES	O	_	_
bandiera	bandiera	SS	O	_	_
internazionale	internazionale	AS	O	_	_
rossa	rosso	AS	O	_	_
,	comma	XPW	O	_	_
mentre	mentre	C	O	_	_
c’	ci	B	O	_	_
è	essere	VI	O	_	_
ancora	ancora	B	O	_	_
la	il	RS	O	_	_
possibilità	possibilità	SN	O	_	_
che	che	CCHE	O	_	_
un	uno	RS	O	_	_
uomo	uomo	SS	O	_	_
,	comma	XPW	O	_	_
come	come	CADV	O	_	_
il	il	RS	O	_	_
dott.	dott.	SS	O	_	_
Enrico	enrico	SPN	PER	_	_
Conci	conci	SPN	PER	_	_
,	comma	XPW	O	_	_
universalmente	universalmente	B	O	_	_
stimato	stimare	VSP	O	_	_
e	e	C	O	_	_
difensore	difensore	SS	O	_	_
strenuo	strenuo	AS	O	_	_
degli	di/det	EP	O	_	_
interessi	interesse	SP	O	_	_
nazionali	nazionale	AP	O	_	_
di	di	E	O	_	_
Trento	trento	SPN	GPE	46.0664228	11.1257601
e	e	C	O	_	_
del	di/det	ES	O	_	_
Trentino	trentino	SPN	GPE	46.102869	11.12961993
,	comma	XPW	O	_	_
rappresenti	rappresenti	SP	O	_	_
tutti	tutto	DP	O	_	_
gli	il	RP	O	_	_
amanti	amante	SP	O	_	_
dell’	di/det	ES	O	_	_
ordine	ordine	SS	O	_	_
,	comma	XPW	O	_	_
della	di/det	ES	O	_	_
patria	patria	SS	O	_	_
e	e	C	O	_	_
del	di/det	ES	O	_	_
progresso	progresso	SS	O	_	_
.	.	XPS	O	_	_

Noi	noi	PP	O	_	_
siamo	essere	VI	O	_	_
al	a/det	ES	O	_	_
nostro	nostro	DS	O	_	_
posto	posto	SS	O	_	_
,	comma	XPW	O	_	_
né	né	B	O	_	_
mai	mai	B	O	_	_
lo	lo	PS	O	_	_
abbandoneremo	abbandonare	VI	O	_	_
,	comma	XPW	O	_	_
e	e	C	O	_	_
siamo	essere	VIY	O	_	_
certi	certi	VPP	O	_	_
che	che	CCHE	O	_	_
altri	altro	PP	O	_	_
ancora	ancora	B	O	_	_
,	comma	XPW	O	_	_
cui	cui	PN	O	_	_
sta	stare	VI	O	_	_
a	a	E	O	_	_
cuore	cuore	SS	O	_	_
anzitutto	anzitutto	B	O	_	_
il	il	RS	O	_	_
bene	bene	SS	O	_	_
comune	comune	SS	O	_	_
ai	a/det	EP	O	_	_
23	23	N	O	_	_
maggio	maggio	SS	O	_	_
saranno	essere	VI	O	_	_
sul	su/det	ES	O	_	_
campo	campo	SS	O	_	_
a	a	E	O	_	_
combattere	combattere	VF	O	_	_
la	il	RS	O	_	_
buona	buono	AS	O	_	_
battaglia	battaglia	SS	O	_	_
per	per	E	O	_	_
gli	il	RP	O	_	_
ideali	ideale	SP	O	_	_
di	di	E	O	_	_
Trento	trento	SPN	GPE	46.0664228	11.1257601
e	e	C	O	_	_
del	di/det	ES	O	_	_
Trentino	trentino	SPN	GPE	46.102869	11.12961993
minacciati	minacciare	VPP	O	_	_
dall’	da/det	ES	O	_	_
internazionalismo	internazionalismo	SS	O	_	_
rosso	rosso	AS	O	_	_
.	.	XPS	O	_	_
