# total number of persons:8, total number of gpes:3
Dunque	dunque	C	O	_	_
il	il	RS	O	_	_
principe	principe	SS	O	_	_
Bülow	bülow	SPN	PER	_	_
,	comma	XPW	O	_	_
gran	grande	AS	O	_	_
cancelliere	cancelliere	SS	O	_	_
dell’	di/det	ES	O	_	_
impero	impero	SS	O	_	_
,	comma	XPW	O	_	_
ha	avere	VIY	O	_	_
fatto	fare	VSP	O	_	_
visita	visita	SS	O	_	_
al	a/det	ES	O	_	_
pontefice	pontefice	SS	O	_	_
con	con	E	O	_	_
una	uno	RS	O	_	_
pompa	pompa	SS	O	_	_
magna	magno	AS	O	_	_
e	e	C	O	_	_
un	uno	RS	O	_	_
cerimoniale	cerimoniale	SS	O	_	_
che	che	CCHE	O	_	_
chiaramente	chiaramente	B	O	_	_
rivelavano	rivelare	VI	O	_	_
le	il	RP	O	_	_
intenzioni	intenzione	SP	O	_	_
dimostrative	dimostrativo	AP	O	_	_
.	.	XPS	O	_	_

Infatti	infatti	C	O	_	_
.	.	XPS	O	_	_

Il	il	RS	O	_	_
cancelliere	cancelliere	SS	O	_	_
Bernardo	bernardo	SPN	PER	_	_
pare	parere	VI	O	_	_
abbia	avere	VIY	O	_	_
trovato	trovare	VSP	O	_	_
di	di	E	O	_	_
suo	suo	DS	O	_	_
gusto	gusto	SS	O	_	_
il	il	RS	O	_	_
vecchio	vecchio	AS	O	_	_
gioco	gioco	SS	O	_	_
del	di/det	ES	O	_	_
suo	suo	DS	O	_	_
predecessore	predecessore	SS	O	_	_
quando	quando	CADV	O	_	_
anche	anche	C	O	_	_
questi	questo	PP	O	_	_
si	rifl	PN	O	_	_
trovava	trovare	VI	O	_	_
in	in	E	O	_	_
conflitto	conflitto	SS	O	_	_
col	con/det	ES	O	_	_
partito	partito	SS	O	_	_
cattolico	cattolico	AS	O	_	_
.	.	XPS	O	_	_

È	essere	VI	O	_	_
storica	storico	AS	O	_	_
la	il	RS	O	_	_
frase	frase	SS	O	_	_
di	di	E	O	_	_
Bismarck	bismarck	SPN	O	_	_
,	comma	XPW	O	_	_
il	il	RS	O	_	_
quale	quale	PS	O	_	_
in	in	E	O	_	_
pieno	pieno	AS	O	_	_
parlamento	parlamento	SS	O	_	_
ebbe	avere	VI	O	_	_
a	a	E	O	_	_
dire	dire	VF	O	_	_
:	:	XPS	O	_	_
vedete	vedere	VI	O	_	_
,	comma	XPW	O	_	_
io	io	PS	O	_	_
sono	essere	VI	O	_	_
più	più	B	O	_	_
amico	amico	SS	O	_	_
del	di/det	ES	O	_	_
papa	papa	SS	O	_	_
che	che	CCHE	O	_	_
non	non	B	O	_	_
i	il	RP	O	_	_
signori	signore	SP	O	_	_
del	di/det	ES	O	_	_
centro	centro	SS	O	_	_
.	.	XPS	O	_	_

Bülow	bülow	SPN	O	_	_
non	non	B	O	_	_
ha	avere	VIY	O	_	_
ancora	ancora	B	O	_	_
avuto	avere	VSP	O	_	_
opportunità	opportunità	SN	O	_	_
di	di	E	O	_	_
parlare	parlare	VF	O	_	_
alla	a/det	ES	O	_	_
Camera	camera	SS	O	_	_
,	comma	XPW	O	_	_
ma	ma	C	O	_	_
fa	fare	VI	O	_	_
parlare	parlare	VF	O	_	_
i	il	RP	O	_	_
suoi	suo	DP	O	_	_
giornali	giornale	SP	O	_	_
.	.	XPS	O	_	_

E	e	C	O	_	_
il	il	RS	O	_	_
Leit-motiv	leit-motiv	SPN	O	_	_
è	essere	VIY	O	_	_
questo	questo	PS	O	_	_
:	:	XPS	O	_	_
Nonostante	nonostante	E	O	_	_
il	il	RS	O	_	_
contegno	contegno	SS	O	_	_
del	di/det	ES	O	_	_
Centro	centro	SS	O	_	_
,	comma	XPW	O	_	_
le	il	RP	O	_	_
relazioni	relazione	SP	O	_	_
tra	tra	E	O	_	_
il	il	RS	O	_	_
Vaticano	vaticano	SPN	O	_	_
e	e	C	O	_	_
Berlino	berlino	SPN	O	_	_
sono	essere	VI	O	_	_
ottime	ottimo	AP	O	_	_
,	comma	XPW	O	_	_
amichevoli	amichevole	AP	O	_	_
,	comma	XPW	O	_	_
anzi	anzi	C	O	_	_
cordiali	cordiale	AP	O	_	_
.	.	XPS	O	_	_

E	e	C	O	_	_
gli	il	RP	O	_	_
ufficiosi	ufficiosi	SP	O	_	_
accordandosi	accordare/rifl	VG+E	O	_	_
con	con	E	O	_	_
questi	questo	DP	O	_	_
ricamano	ricamare	VI	O	_	_
i	il	RP	O	_	_
loro	loro	DP	O	_	_
ampi	ampi	SP	O	_	_
e	e	C	O	_	_
generosi	generoso	AP	O	_	_
commenti	commento	SP	O	_	_
sulla	su/det	ES	O	_	_
visita	visita	SS	O	_	_
affettuosa	affettuoso	AS	O	_	_
,	comma	XPW	O	_	_
nella	in/det	ES	O	_	_
quale	quale	PS	O	_	_
non	non	B	O	_	_
si	rifl	PN	O	_	_
sarebbe	essere	VIY	O	_	_
parlato	parlare	VSP	O	_	_
né	né	C	O	_	_
di	di	E	O	_	_
questione	questione	SS	O	_	_
polacca	polacco	AS	O	_	_
,	comma	XPW	O	_	_
né	né	C	O	_	_
di	di	E	O	_	_
tanti	tanto	DP	O	_	_
altri	altro	DP	O	_	_
argomenti	argomento	SP	O	_	_
spinosi	spinoso	AP	O	_	_
,	comma	XPW	O	_	_
ma	ma	C	O	_	_
unicamente	unicamente	B	O	_	_
il	il	RS	O	_	_
papa	papa	SS	O	_	_
avrebbe	avere	VIY	O	_	_
fatto	fare	VSP	O	_	_
vedere	vedere	VF	O	_	_
al	a/det	ES	O	_	_
cancelliere	cancelliere	SS	O	_	_
di	di	E	O	_	_
Guglielmone	guglielmone	SPN	PER	_	_
che	che	CCHE	O	_	_
gli	gli	PS	O	_	_
voleva	volere	VI	O	_	_
tutto	tutto	DS	O	_	_
il	il	RS	O	_	_
bene	bene	SS	O	_	_
possibile	possibile	AS	O	_	_
,	comma	XPW	O	_	_
quantunque	quantunque	PS	O	_	_
quei	quello	DP	O	_	_
caparbi	caparbi	SP	O	_	_
di	di	E	O	_	_
cattolici	cattolico	SP	O	_	_
tedeschi	tedesco	AP	O	_	_
se	se	C	O	_	_
la	la	PS	O	_	_
siano	essere	VIY	O	_	_
presa	prendere	VSP	O	_	_
così	così	B	O	_	_
calda	caldo	AS	O	_	_
contro	contro	E	O	_	_
di	di	E	O	_	_
lui	lui	PS	O	_	_
.	.	XPS	O	_	_

Nonostante	nonostante	E	O	_	_
il	il	RS	O	_	_
contegno	contegno	SS	O	_	_
del	di/det	ES	O	_	_
Centro	centro	SS	O	_	_
.	.	XPS	O	_	_

Come	come	CADV	O	_	_
si	rifl	PN	O	_	_
può	potere	VI	O	_	_
facilmente	facilmente	B	O	_	_
immaginare	immaginare	VF	O	_	_
questo	questo	DS	O	_	_
sfruttamento	sfruttamento	SS	O	_	_
tendenzioso	tendenzioso	AS	O	_	_
della	di/det	ES	O	_	_
visita	visita	SS	O	_	_
–	–	XPO	O	_	_
tanto	tanto	B	O	_	_
più	più	B	O	_	_
ora	ora	B	O	_	_
che	che	CCHE	O	_	_
c’	ci	B	O	_	_
è	essere	VI	O	_	_
chi	chi	CCHI	O	_	_
vuol	volere	VI	O	_	_
aver	avere	VFY	O	_	_
notato	notare	VSP	O	_	_
nel	in/det	ES	O	_	_
blocco	blocco	SS	O	_	_
qualche	qualche	DS	O	_	_
sintomo	sintomo	SS	O	_	_
di	di	E	O	_	_
velleità	velleità	SN	O	_	_
per	per	E	O	_	_
un	uno	RS	O	_	_
nuovo	nuovo	AS	O	_	_
Kulturkampf	kulturkampf	SPN	O	_	_
–	–	XPO	O	_	_
ha	avere	VIY	O	_	_
incontrato	incontrare	VSP	O	_	_
le	il	RP	O	_	_
più	più	B	O	_	_
vive	vivere	VI	O	_	_
proteste	protesta	SP	O	_	_
da	da	E	O	_	_
parte	parte	SS	O	_	_
del	di/det	ES	O	_	_
Centro	centro	SS	O	_	_
.	.	XPS	O	_	_

I	il	RP	O	_	_
cattolici	cattolico	SP	O	_	_
di	di	E	O	_	_
Germania	germania	SPN	GPE	51.0834196	10.4234469
non	non	B	O	_	_
vogliono	volere	VI	O	_	_
in	in	E	O	_	_
alcun	alcuno	DS	O	_	_
modo	modo	SS	O	_	_
essere	essere	VFY	O	_	_
trattati	trattare	VPP	O	_	_
come	come	CADV	O	_	_
rompiscatole	rompiscatole	SP	O	_	_
politici	politico	AP	O	_	_
che	che	CCHE	O	_	_
si	rifl	PN	O	_	_
tollerano	tollerare	VI	O	_	_
ma	ma	C	O	_	_
non	non	B	O	_	_
si	rifl	PN	O	_	_
approvano	approvare	VI	O	_	_
.	.	XPS	O	_	_

Essi	essi	PP	O	_	_
,	comma	XPW	O	_	_
accentuando	accentuare	VG	O	_	_
la	il	RS	O	_	_
loro	loro	DP	O	_	_
indipendenza	indipendenza	SS	O	_	_
politica	politico	AS	O	_	_
e	e	C	O	_	_
l’	il	RS	O	_	_
autonomia	autonomia	SS	O	_	_
del	di/det	ES	O	_	_
partito	partito	SS	O	_	_
,	comma	XPW	O	_	_
riconosciuta	riconoscere	VSP	O	_	_
del	di/det	ES	O	_	_
resto	resto	SS	O	_	_
apertamente	apertamente	B	O	_	_
,	comma	XPW	O	_	_
oltre	oltre	B	O	_	_
che	che	CCHE	O	_	_
nella	in/det	ES	O	_	_
recente	recente	AS	O	_	_
lettera	lettera	SS	O	_	_
di	di	E	O	_	_
Pio	pio	SPN	PER	_	_
X	x	SPN	PER	_	_
al	a/det	ES	O	_	_
card.	card.	SS	O	_	_
Fischer	fischer	SPN	PER	_	_
,	comma	XPW	O	_	_
anche	anche	C	O	_	_
in	in	E	O	_	_
quest’	questo	DS	O	_	_
ultima	ultimo	AS	O	_	_
occasione	occasione	SS	O	_	_
non	non	B	O	_	_
vogliono	volere	VI	O	_	_
lasciar	lasciare	VF	O	_	_
credere	credere	VF	O	_	_
che	che	CCHE	O	_	_
il	il	RS	O	_	_
loro	loro	DP	O	_	_
avversario	avversario	SS	O	_	_
maggiore	maggiore	AS	O	_	_
,	comma	XPW	O	_	_
dal	da/det	ES	O	_	_
quale	quale	PS	O	_	_
sono	essere	VIY	O	_	_
stati	essere	VPPY	O	_	_
trattati	trattare	VPP	O	_	_
come	come	CADV	O	_	_
ormai	ormai	B	O	_	_
a	a	E	O	_	_
tutti	tutto	DP	O	_	_
è	essere	VI	O	_	_
noto	noto	AS	O	_	_
,	comma	XPW	O	_	_
abbia	avere	VIY	O	_	_
ottenuto	ottenere	VSP	O	_	_
dal	da/det	ES	O	_	_
papa	papa	SS	O	_	_
una	uno	RS	O	_	_
tacita	tacito	AS	O	_	_
dichiarazione	dichiarazione	SS	O	_	_
contro	contro	E	O	_	_
di	di	E	O	_	_
loro	loro	PP	O	_	_
.	.	XPS	O	_	_

Perciò	perciò	C	O	_	_
tutti	tutto	DP	O	_	_
gli	il	RP	O	_	_
organi	organo	SP	O	_	_
del	di/det	ES	O	_	_
centro	centro	SS	O	_	_
prendono	prendere	VI	O	_	_
decisamente	decisamente	B	O	_	_
posizione	posizione	SS	O	_	_
contro	contro	E	O	_	_
la	il	RS	O	_	_
nuova	nuovo	AS	O	_	_
mossa	mossa	SS	O	_	_
del	di/det	ES	O	_	_
cancelliere	cancelliere	SS	O	_	_
.	.	XPS	O	_	_

E	e	C	O	_	_
la	il	RS	O	_	_
«	«	XPO	O	_	_
Kölnische	kölnische	SPN	O	_	_
Volkszeitung	volkszeitung	SPN	O	_	_
»	»	XPO	O	_	_
rileva	rilevare	VI	O	_	_
espressamente	espressamente	B	O	_	_
che	che	CCHE	O	_	_
le	il	RP	O	_	_
è	essere	VI	O	_	_
noto	noto	AS	O	_	_
come	come	CADV	O	_	_
il	il	RS	O	_	_
pontefice	pontefice	SS	O	_	_
né	né	C	O	_	_
ha	avere	VIY	O	_	_
favorita	favorire	VSP	O	_	_
né	né	C	O	_	_
tantomeno	tantomeno	B	O	_	_
desiderata	desiderare	VSP	O	_	_
la	il	RS	O	_	_
spiegazione	spiegazione	SS	O	_	_
partigiana	partigiano	AS	O	_	_
del	di/det	ES	O	_	_
significato	significato	SS	O	_	_
della	di/det	ES	O	_	_
visita	visita	SS	O	_	_
,	comma	XPW	O	_	_
spiegazione	spiegazione	SS	O	_	_
che	che	CCHE	O	_	_
è	essere	VI	O	_	_
–	–	XPO	O	_	_
dice	dire	VI	O	_	_
il	il	RS	O	_	_
giornale	giornale	SS	O	_	_
di	di	E	O	_	_
Colonia	colonia	SPN	GPE	50.9577031	6.954952555
–	–	XPO	O	_	_
offensiva	offensivo	AS	O	_	_
per	per	E	O	_	_
il	il	RS	O	_	_
papa	papa	SS	O	_	_
e	e	C	O	_	_
per	per	E	O	_	_
i	il	RP	O	_	_
cattolici	cattolico	SP	O	_	_
.	.	XPS	O	_	_

Il	il	RS	O	_	_
giornale	giornale	SS	O	_	_
allude	alludere	VI	O	_	_
evidentemente	evidentemente	B	O	_	_
a	a	E	O	_	_
informazioni	informazione	SP	O	_	_
ufficiose	ufficioso	AP	O	_	_
le	il	RP	O	_	_
quali	quale	PP	O	_	_
del	di/det	ES	O	_	_
resto	resto	SS	O	_	_
non	non	B	O	_	_
erano	essere	VI	O	_	_
punto	punto	SS	O	_	_
necessarie	necessario	AP	O	_	_
per	per	E	O	_	_
chi	chi	CCHI	O	_	_
non	non	B	O	_	_
si	rifl	PN	O	_	_
limiti	limitare	VI	O	_	_
a	a	E	O	_	_
attingere	attingere	VF	O	_	_
le	il	RP	O	_	_
proprie	proprio	DP	O	_	_
idee	idea	SP	O	_	_
sugli	su/det	EP	O	_	_
avvenimenti	avvenimento	SP	O	_	_
internazionali	internazionale	AP	O	_	_
dai	da/det	EP	O	_	_
comunicati	comunicato	SP	O	_	_
delle	di/det	EP	O	_	_
agenzie	agenzia	SP	O	_	_
stipendiate	stipendiare	VPP	O	_	_
.	.	XPS	O	_	_

È	essere	VI	O	_	_
naturale	naturale	AS	O	_	_
che	che	CCHE	O	_	_
il	il	RS	O	_	_
pontefice	pontefice	SS	O	_	_
,	comma	XPW	O	_	_
per	per	E	O	_	_
quanto	quanto	B	O	_	_
possa	potere	VI	O	_	_
desiderare	desiderare	VF	O	_	_
di	di	E	O	_	_
rimanere	rimanere	VF	O	_	_
in	in	E	O	_	_
buona	buono	AS	O	_	_
armonia	armonia	SS	O	_	_
colla	con/det	ES	O	_	_
Germania	germania	SPN	GPE	51.0834196	10.4234469
non	non	B	O	_	_
butterà	buttare	VI	O	_	_
mai	mai	B	O	_	_
a	a	E	O	_	_
mare	mare	SS	O	_	_
un	uno	RS	O	_	_
grande	grande	AS	O	_	_
partito	partito	SS	O	_	_
cattolico	cattolico	AS	O	_	_
semplicemente	semplicemente	B	O	_	_
per	per	E	O	_	_
far	fare	VF	O	_	_
piacere	piacere	VF	O	_	_
ad	ad	E	O	_	_
un	uno	RS	O	_	_
ministro	ministro	SS	O	_	_
che	che	CCHE	O	_	_
domani	domani	B	O	_	_
potrebbe	potere	VI	O	_	_
non	non	B	O	_	_
esservi	esservi	VF+E	O	_	_
più	più	B	O	_	_
,	comma	XPW	O	_	_
e	e	C	O	_	_
chi	chi	CCHI	O	_	_
conosca	conoscere	VI	O	_	_
un	uno	RS	O	_	_
po’	poco	B	O	_	_
quali	quale	PP	O	_	_
siano	essere	VI	O	_	_
i	il	RP	O	_	_
centri	centro	SP	O	_	_
direttivi	direttivo	AP	O	_	_
del	di/det	ES	O	_	_
centro	centro	SS	O	_	_
germanico	germanico	AS	O	_	_
,	comma	XPW	O	_	_
i	il	RP	O	_	_
quali	quale	PP	O	_	_
altra	altro	DS	O	_	_
volta	volta	SS	O	_	_
si	rifl	PN	O	_	_
manifestarono	manifestare	VI	O	_	_
in	in	E	O	_	_
una	uno	RS	O	_	_
questione	questione	SS	O	_	_
ben	ben	B	O	_	_
più	più	B	O	_	_
importante	importante	AS	O	_	_
–	–	XPO	O	_	_
quella	quello	PS	O	_	_
del	di/det	ES	O	_	_
settenato	settenato	SS	O	_	_
–	–	XPO	O	_	_
non	non	B	O	_	_
può	potere	VI	O	_	_
dubitare	dubitare	VF	O	_	_
che	che	CCHE	O	_	_
esso	esso	PS	O	_	_
non	non	B	O	_	_
si	rifl	PN	O	_	_
sarebbe	essere	VIY	O	_	_
lasciato	lasciare	VSP	O	_	_
fare	fare	VF	O	_	_
il	il	RS	O	_	_
tiro	tiro	SS	O	_	_
meschino	meschino	AS	O	_	_
che	che	CCHE	O	_	_
forse	forse	B	O	_	_
Bülow	bülow	SPN	PER	_	_
aveva	avere	VIY	O	_	_
ideato	ideare	VSP	O	_	_
,	comma	XPW	O	_	_
se	se	C	O	_	_
si	rifl	PN	O	_	_
vuol	volere	VI	O	_	_
prestar	prestare	VF	O	_	_
fede	fede	SS	O	_	_
agli	a/det	EP	O	_	_
accenni	accenno	SP	O	_	_
di	di	E	O	_	_
qualche	qualche	DS	O	_	_
giornale	giornale	SS	O	_	_
.	.	XPS	O	_	_

Ma	ma	C	O	_	_
probabilmente	probabilmente	B	O	_	_
il	il	RS	O	_	_
cancelliere	cancelliere	SS	O	_	_
è	essere	VI	O	_	_
più	più	B	O	_	_
intelligente	intelligente	AS	O	_	_
dei	di/det	EP	O	_	_
suoi	suo	DP	O	_	_
pagati	pagati	SP	O	_	_
incensatori	incensatori	AP	O	_	_
.	.	XPS	O	_	_

Egli	egli	PS	O	_	_
mira	mirare	VI	O	_	_
più	più	B	O	_	_
lontano	lontano	AS	O	_	_
.	.	XPS	O	_	_

Già	già	B	O	_	_
da	da	E	O	_	_
molto	molto	DS	O	_	_
tempo	tempo	SS	O	_	_
gli	il	RP	O	_	_
si	rifl	PN	O	_	_
rimprovera	rimproverare	VI	O	_	_
di	di	E	O	_	_
simpatizzare	simpatizzare	VF	O	_	_
un	uno	RS	O	_	_
po’	poco	B	O	_	_
troppo	troppo	B	O	_	_
con	con	E	O	_	_
certe	certo	DP	O	_	_
idee	idea	SP	O	_	_
dei	di/det	EP	O	_	_
suoi	suo	DP	O	_	_
nuovi	nuovo	AP	O	_	_
amici	amico	SP	O	_	_
di	di	E	O	_	_
marca	marca	SS	O	_	_
bismarckiana	bismarckiana	AS	O	_	_
;	semicolon	XPS	O	_	_

idee	idea	SP	O	_	_
che	che	CCHE	O	_	_
non	non	B	O	_	_
sono	essere	VI	O	_	_
del	di/det	ES	O	_	_
tutto	tutto	PS	O	_	_
conformi	conformi	VF+E	O	_	_
a	a	E	O	_	_
quei	quello	DP	O	_	_
principi	principio	SP	O	_	_
di	di	E	O	_	_
libertà	libertà	SN	O	_	_
e	e	C	O	_	_
di	di	E	O	_	_
parità	parità	SN	O	_	_
per	per	E	O	_	_
tutte	tutto	DP	O	_	_
le	il	RP	O	_	_
confessioni	confessione	SP	O	_	_
di	di	E	O	_	_
cui	cui	PN	O	_	_
egli	egli	PS	O	_	_
ama	amare	VI	O	_	_
di	di	E	O	_	_
tanto	tanto	PS	O	_	_
in	in	E	O	_	_
tanto	tanto	B	O	_	_
farsi	fare/rifl	VF+E	O	_	_
bello	bello	AS	O	_	_
.	.	XPS	O	_	_

E	e	C	O	_	_
questo	questo	PS	O	_	_
non	non	B	O	_	_
gli	gli	PS	O	_	_
aggrada	aggradare	VI	O	_	_
.	.	XPS	O	_	_

Ebbene	ebbene	C	O	_	_
la	il	RS	O	_	_
«	«	XPO	O	_	_
cordialità	cordialità	SN	O	_	_
»	»	XPO	O	_	_
del	di/det	ES	O	_	_
papa	papa	SS	O	_	_
viene	venire	VI	O	_	_
in	in	E	O	_	_
buon	buon	AS	O	_	_
punto	punto	SS	O	_	_
per	per	E	O	_	_
persuadere	persuadere	VF	O	_	_
i	il	RP	O	_	_
più	più	B	O	_	_
ingenui	ingenuo	AP	O	_	_
che	che	CCHE	O	_	_
Bülow	bülow	SPN	O	_	_
non	non	B	O	_	_
è	essere	VI	O	_	_
poi	poi	B	O	_	_
una	uno	RS	O	_	_
«	«	XPO	O	_	_
bestia	bestia	SS	O	_	_
nera	nero	AS	O	_	_
»	»	XPO	O	_	_
,	comma	XPW	O	_	_
e	e	C	O	_	_
che	che	CCHE	O	_	_
si	rifl	PN	O	_	_
può	potere	VI	O	_	_
vivere	vivere	VF	O	_	_
tranquilli	tranquillo	AP	O	_	_
e	e	C	O	_	_
pacifici	pacifico	AP	O	_	_
sotto	sotto	E	O	_	_
il	il	RS	O	_	_
suo	suo	DS	O	_	_
governo	governo	SS	O	_	_
,	comma	XPW	O	_	_
senza	senza	E	O	_	_
preoccupazioni	preoccupazione	SP	O	_	_
di	di	E	O	_	_
sorta	sorta	SS	O	_	_
.	.	XPS	O	_	_

Dopo	dopo	E	O	_	_
tanti	tanto	DP	O	_	_
grattacapi	grattacapo	SP	O	_	_
Bernardo	bernardo	SPN	PER	_	_
I	il	RP	O	_	_
ha	avere	VIY	O	_	_
ora	ora	B	O	_	_
veramente	veramente	B	O	_	_
bisogno	bisogno	SS	O	_	_
di	di	E	O	_	_
un	uno	RS	O	_	_
po’	po’	PN	O	_	_
di	di	E	O	_	_
tregua	tregua	SS	O	_	_
di	di	E	O	_	_
Dio	dio	SS	O	_	_
.	.	XPS	O	_	_

Tanto	tanto	B	O	_	_
più	più	B	O	_	_
che	che	CCHE	O	_	_
non	non	B	O	_	_
sono	essere	VI	O	_	_
lontane	lontano	AP	O	_	_
le	il	RP	O	_	_
elezioni	elezione	SP	O	_	_
prussiane	prussiano	AP	O	_	_
e	e	C	O	_	_
che	che	CCHE	O	_	_
si	rifl	PN	O	_	_
va	andare	VIY	O	_	_
dicendo	dire	VG	O	_	_
di	di	E	O	_	_
una	uno	RS	O	_	_
progettata	progettata	AS	O	_	_
legislazione	legislazione	SS	O	_	_
scolastica	scolastico	AS	O	_	_
che	che	CCHE	O	_	_
verrebbe	venire	VI	O	_	_
a	a	E	O	_	_
contrastare	contrastare	VF	O	_	_
con	con	E	O	_	_
gli	il	RP	O	_	_
interessi	interesse	SP	O	_	_
religiosi	religioso	AP	O	_	_
,	comma	XPW	O	_	_
sia	sia	C	O	_	_
dei	di/det	EP	O	_	_
cattolici	cattolico	SP	O	_	_
che	che	CCHE	O	_	_
dei	di/det	EP	O	_	_
protestanti	protestante	SP	O	_	_
.	.	XPS	O	_	_

Una	uno	RS	O	_	_
battaglia	battaglia	SS	O	_	_
elettorale	elettorale	AS	O	_	_
sulla	su/det	ES	O	_	_
base	base	SS	O	_	_
del	di/det	ES	O	_	_
Kulturkampf	kulturkampf	SPN	O	_	_
.	.	XPS	O	_	_

Non	non	B	O	_	_
ci	ci	B	O	_	_
mancherebbe	mancare	VI	O	_	_
altro	altro	DS	O	_	_
per	per	E	O	_	_
il	il	RS	O	_	_
povero	povero	AS	O	_	_
Bernardo	bernardo	SPN	PER	_	_
"!"	esclamation_mark	XPS	O	_	_

Percui	percui	VI	O	_	_
il	il	RS	O	_	_
buonuomo	buonuomo	SS	O	_	_
non	non	B	O	_	_
ha	avere	VIY	O	_	_
tutti	tutto	PP	O	_	_
i	il	RP	O	_	_
torti	torto	SP	O	_	_
,	comma	XPW	O	_	_
dal	da/det	ES	O	_	_
suo	suo	DS	O	_	_
punto	punto	SS	O	_	_
di	di	E	O	_	_
vista	vista	SS	O	_	_
,	comma	XPW	O	_	_
se	se	C	O	_	_
cerca	cercare	VI	O	_	_
di	di	E	O	_	_
premunirsene	premunirsene	VF+E	O	_	_
,	comma	XPW	O	_	_
magari	magari	C	O	_	_
pure	pure	B	O	_	_
con	con	E	O	_	_
una	uno	RS	O	_	_
benedizione	benedizione	SS	O	_	_
papale	papale	AS	O	_	_
.	.	XPS	O	_	_
