# total number of persons:9, total number of gpes:8
La	il	RS	O	_	_
giornata	giornata	SS	O	_	_
di	di	E	O	_	_
ieri	ieri	B	O	_	_
ci	ci	PP	O	_	_
ha	avere	VIY	O	_	_
recata	recare	VSP	O	_	_
la	il	RS	O	_	_
vittoria	vittoria	SS	O	_	_
nel	in/det	ES	O	_	_
collegio	collegio	SS	O	_	_
di	di	E	O	_	_
Val	val	SPN	O	_	_
Lagarina	lagarina	SPN	O	_	_
,	comma	XPW	O	_	_
dove	dove	CADV	O	_	_
ai	a/det	EP	O	_	_
13	13	N	O	_	_
era	essere	VIY	O	_	_
stata	essere	VSPY	O	_	_
sospesa	sospendere	VSP	O	_	_
.	.	XPS	O	_	_

Il	il	RS	O	_	_
partito	partito	SS	O	_	_
popolare	popolare	AS	O	_	_
mantiene	mantenere	VI	O	_	_
quindi	quindi	B	O	_	_
nel	in/det	ES	O	_	_
Trentino	trentino	SPN	GPE	46.102869	11.12961993
la	il	RS	O	_	_
sua	suo	DS	O	_	_
posizione	posizione	SS	O	_	_
predominante	predominante	AS	O	_	_
.	.	XPS	O	_	_

Non	non	B	O	_	_
dobbiamo	dovere	VI	O	_	_
nascondere	nascondere	VF	O	_	_
tuttavia	tuttavia	C	O	_	_
che	che	CCHE	O	_	_
la	il	RS	O	_	_
vittoria	vittoria	SS	O	_	_
di	di	E	O	_	_
ieri	ieri	B	O	_	_
ci	ci	PP	O	_	_
venne	venire	VIY	O	_	_
contrastata	contrastare	VSP	O	_	_
con	con	E	O	_	_
uno	uno	RS	O	_	_
sforzo	sforzo	SS	O	_	_
supremo	supremo	AS	O	_	_
.	.	XPS	O	_	_

Abbiamo	avere	VIY	O	_	_
dovuto	dovere	VSP	O	_	_
combattere	combattere	VF	O	_	_
una	uno	RS	O	_	_
battaglia	battaglia	SS	O	_	_
insolita	insolito	AS	O	_	_
,	comma	XPW	O	_	_
quasi	quasi	C	O	_	_
alla	a/det	ES	O	_	_
cieca	cieca	SS	O	_	_
,	comma	XPW	O	_	_
senza	senza	C	O	_	_
poter	potere	VF	O	_	_
distinguere	distinguere	VF	O	_	_
chiaramente	chiaramente	B	O	_	_
se	se	C	O	_	_
avevamo	avere	VI	O	_	_
a	a	E	O	_	_
lato	lato	SS	O	_	_
amici	amico	AP	O	_	_
o	o	C	O	_	_
avversari	avversario	AP	O	_	_
.	.	XPS	O	_	_

Le	le	PS	O	_	_
Lega	lega	SPN	O	_	_
batteva	battere	VI	O	_	_
la	il	RS	O	_	_
campagna	campagna	SS	O	_	_
col	con/det	ES	O	_	_
nostro	nostro	DS	O	_	_
programma	programma	SS	O	_	_
e	e	C	O	_	_
fino	fino	E	O	_	_
ad	ad	E	O	_	_
ieri	ieri	B	O	_	_
i	il	RP	O	_	_
suoi	suo	DP	O	_	_
improvvisati	improvvisati	SP	O	_	_
oratori	oratorio	AP	O	_	_
asserivano	asserire	VI	O	_	_
che	che	CCHE	O	_	_
,	comma	XPW	O	_	_
a	a	E	O	_	_
battaglia	battaglia	SS	O	_	_
finita	finire	VSP	O	_	_
con	con	E	O	_	_
un’	uno	RS	O	_	_
eventuale	eventuale	AS	O	_	_
vittoria	vittoria	SS	O	_	_
del	di/det	ES	O	_	_
loro	loro	DP	O	_	_
candidato	candidato	SS	O	_	_
,	comma	XPW	O	_	_
farebbero	fare	VI	O	_	_
subito	subito	B	O	_	_
la	il	RS	O	_	_
pace	pace	SS	O	_	_
coi	con/det	EP	O	_	_
popolari	popolare	AP	O	_	_
.	.	XPS	O	_	_

Ma	ma	C	O	_	_
intanto	intanto	B	O	_	_
,	comma	XPW	O	_	_
dicevamo	dire	VI	O	_	_
,	comma	XPW	O	_	_
conviene	convenire	VI	O	_	_
eleggere	eleggere	VF	O	_	_
«	«	XPO	O	_	_
quello	quello	PS	O	_	_
di	di	E	O	_	_
Isera	isera	SPN	GPE	45.8852695	11.0093106
»	»	XPO	O	_	_
e	e	C	O	_	_
non	non	B	O	_	_
«	«	XPO	O	_	_
quello	quello	PS	O	_	_
di	di	E	O	_	_
Trento	trento	SPN	GPE	46.0664228	11.1257601
»	»	XPO	O	_	_
.	.	XPS	O	_	_

Nel	in/det	ES	O	_	_
campanilismo	campanilismo	SS	O	_	_
i	il	RP	O	_	_
leghisti	leghista	SP	O	_	_
trovarono	trovare	VI	O	_	_
un	uno	RS	O	_	_
eccellente	eccellente	AS	O	_	_
alleato	alleato	SS	O	_	_
per	per	E	O	_	_
i	il	RP	O	_	_
ballottaggi	ballottaggio	SP	O	_	_
,	comma	XPW	O	_	_
alleato	alleare	VSP	O	_	_
che	che	CCHE	O	_	_
aumentò	aumentare	VI	O	_	_
di	di	E	O	_	_
potenza	potenza	SS	O	_	_
,	comma	XPW	O	_	_
quando	quando	CADV	O	_	_
fu	essere	VIY	O	_	_
rinvigorito	rinvigorire	VSP	O	_	_
dall’	da/det	ES	O	_	_
anticlericalismo	anticlericalismo	SS	O	_	_
dei	di/det	EP	O	_	_
liberali	liberale	SP	O	_	_
e	e	C	O	_	_
dei	di/det	EP	O	_	_
socialisti	socialista	SP	O	_	_
.	.	XPS	O	_	_

Perché	perché	C	O	_	_
di	di	E	O	_	_
ciò	ciò`	PS	O	_	_
non	non	B	O	_	_
v’	v’	PS	O	_	_
ha	avere	VIY	O	_	_
dubbio	dubbio	SS	O	_	_
:	:	XPS	O	_	_
ieri	ieri	B	O	_	_
gli	il	RP	O	_	_
anticlericali	anticlericale	SP	O	_	_
d’	di	E	O	_	_
ogni	ogni	DS	O	_	_
tinta	tinta	SS	O	_	_
concentrarono	concentrare	VI	O	_	_
i	il	RP	O	_	_
loro	loro	DP	O	_	_
voti	voto	SP	O	_	_
sul	su/det	ES	O	_	_
controcandidato	controcandidato	SS	O	_	_
,	comma	XPW	O	_	_
riuscendo	riuscire	VG	O	_	_
a	a	E	O	_	_
dargli	dare/pro	VF+E	O	_	_
quei	quello	DP	O	_	_
2000	2000	N	O	_	_
voti	voto	SP	O	_	_
,	comma	XPW	O	_	_
che	che	CCHE	O	_	_
nel	in/det	ES	O	_	_
1907	1907	N	O	_	_
si	rifl	PN	O	_	_
affermarono	affermare	VI	O	_	_
sul	su/det	ES	O	_	_
Postingher	postingher	SPN	O	_	_
.	.	XPS	O	_	_

Detto	dire	VSP	O	_	_
questo	questo	PS	O	_	_
non	non	B	O	_	_
conviene	convenire	VI	O	_	_
dimenticare	dimenticare	VF	O	_	_
però	però	C	O	_	_
che	che	CCHE	O	_	_
la	il	RS	O	_	_
forza	forza	SS	O	_	_
prima	primo	AS	O	_	_
dei	di/det	EP	O	_	_
nostri	nostro	DP	O	_	_
avversari	avversario	SP	O	_	_
fu	essere	VI	O	_	_
l’	il	RS	O	_	_
organizzazione	organizzazione	SS	O	_	_
stessa	stesso	AS	O	_	_
della	di/det	ES	O	_	_
Lega	lega	SPN	O	_	_
.	.	XPS	O	_	_

Presentatasi	presentatasi	SP	O	_	_
prima	primo	AS	O	_	_
col	con/det	ES	O	_	_
consenso	consenso	SS	O	_	_
o	o	C	O	_	_
,	comma	XPW	O	_	_
talvolta	talvolta	B	O	_	_
almeno	almeno	B	O	_	_
,	comma	XPW	O	_	_
colla	con/det	ES	O	_	_
tolleranza	tolleranza	SS	O	_	_
benevola	benevolo	AS	O	_	_
dei	di/det	EP	O	_	_
nostri	nostro	DP	O	_	_
,	comma	XPW	O	_	_
si	rifl	PN	O	_	_
diffuse	diffondere	VI	O	_	_
e	e	C	O	_	_
allargò	allargare	VI	O	_	_
sotto	sotto	E	O	_	_
i	il	RP	O	_	_
nostri	nostro	DP	O	_	_
occhi	occhio	SP	O	_	_
senza	senza	C	O	_	_
che	che	CCHE	O	_	_
per	per	E	O	_	_
la	il	RS	O	_	_
maggior	maggior	AS	O	_	_
parte	parte	SS	O	_	_
si	rifl	PN	O	_	_
fosse	essere	VI	O	_	_
in	in	E	O	_	_
chiaro	chiaro	AS	O	_	_
sul	su/det	ES	O	_	_
suo	suo	DS	O	_	_
valore	valore	SS	O	_	_
reale	reale	AS	O	_	_
e	e	C	O	_	_
sulle	su/det	EP	O	_	_
sue	suo	DP	O	_	_
finalità	finalità	SN	O	_	_
.	.	XPS	O	_	_

Quando	quando	CADV	O	_	_
l’	il	RS	O	_	_
alleanza	alleanza	SS	O	_	_
con	con	E	O	_	_
certi	certo	DP	O	_	_
elementi	elemento	SP	O	_	_
aprì	aprire	VI	O	_	_
gli	il	RP	O	_	_
occhi	occhio	SP	O	_	_
a	a	E	O	_	_
tutti	tutto	PP	O	_	_
era	essere	VI	O	_	_
troppo	troppo	B	O	_	_
tardi	tardio	AP	O	_	_
:	:	XPS	O	_	_
la	il	RS	O	_	_
gente	gente	SS	O	_	_
era	essere	VI	O	_	_
ormai	ormai	B	O	_	_
fanatizzata	fanatizzare	VSP	O	_	_
,	comma	XPW	O	_	_
tanto	tanto	PS	O	_	_
che	che	CCHE	O	_	_
il	il	RS	O	_	_
ragionare	ragionare	VF	O	_	_
si	rifl	PN	O	_	_
addimostrò	addimostrare	VI	O	_	_
impossibile	impossibile	AS	O	_	_
.	.	XPS	O	_	_

In	in	E	O	_	_
tempo	tempo	SS	O	_	_
di	di	E	O	_	_
elezioni	elezione	SP	O	_	_
è	essere	VI	O	_	_
difficile	difficile	AS	O	_	_
convertire	convertire	VF	O	_	_
chicchessia	chicchessia	SS	O	_	_
,	comma	XPW	O	_	_
ma	ma	C	O	_	_
più	più	B	O	_	_
difficile	difficile	AS	O	_	_
ancora	ancora	B	O	_	_
è	essere	VI	O	_	_
convincere	convincere	VF	O	_	_
un	uno	RS	O	_	_
contadino	contadino	SS	O	_	_
che	che	CCHE	O	_	_
abbia	avere	VIY	O	_	_
ormai	ormai	B	O	_	_
abbracciata	abbracciare	VSP	O	_	_
un’	uno	RS	O	_	_
idea	idea	SS	O	_	_
,	comma	XPW	O	_	_
per	per	E	O	_	_
quanto	quanto	QNS	O	_	_
sia	essere	VI	O	_	_
assurda	assurdo	AS	O	_	_
e	e	C	O	_	_
falsa	falso	AS	O	_	_
.	.	XPS	O	_	_

Perfino	perfino	E	O	_	_
le	il	RP	O	_	_
attitudini	attitudine	SP	O	_	_
del	di/det	ES	O	_	_
candidato	candidato	SS	O	_	_
non	non	B	O	_	_
avevano	avere	VI	O	_	_
di	di	E	O	_	_
fronte	fronte	SS	O	_	_
a	a	E	O	_	_
questi	questo	DP	O	_	_
ostinati	ostinato	SP	O	_	_
alcun	alcuno	DS	O	_	_
valore	valore	SS	O	_	_
.	.	XPS	O	_	_

Se	se	C	O	_	_
l’	il	RS	O	_	_
Adami	adami	SPN	PER	_	_
(	open_parenthesis	XPB	O	_	_
rispondevano	rispondere	VI	O	_	_
)	close_parenthesis	XPB	O	_	_
non	non	B	O	_	_
saprà	sapere	VI	O	_	_
fare	fare	VF	O	_	_
,	comma	XPW	O	_	_
vuol	volere	VI	O	_	_
dire	dire	VF	O	_	_
che	che	CCHE	O	_	_
in	in	E	O	_	_
6	6	N	O	_	_
anni	anno	SP	O	_	_
imparerà	imparare	VI	O	_	_
,	comma	XPW	O	_	_
e	e	C	O	_	_
la	il	RS	O	_	_
prossima	prossimo	AS	O	_	_
volta	volta	SS	O	_	_
potrà	potere	VI	O	_	_
presentarsi	presentare/rifl	VF+E	O	_	_
come	come	CADV	O	_	_
il	il	RS	O	_	_
candidato	candidato	SS	O	_	_
più	più	B	O	_	_
idoneo	idoneo	AS	O	_	_
.	.	XPS	O	_	_

E	e	C	O	_	_
fra	fra	E	O	_	_
quelli	quello	PP	O	_	_
che	che	CCHE	O	_	_
ragionavano	ragionare	VI	O	_	_
così	così	B	O	_	_
c’	ci	B	O	_	_
erano	essere	VI	O	_	_
moltissimi	molto	AP	O	_	_
soci	socio	SP	O	_	_
delle	di/det	EP	O	_	_
nostre	nostro	DP	O	_	_
organizzazioni	organizzazione	SP	O	_	_
economiche	economico	AP	O	_	_
,	comma	XPW	O	_	_
compresi	comprendere	VPP	O	_	_
numerosi	numeroso	AP	O	_	_
membri	membro	SP	O	_	_
direttivi	direttivo	AP	O	_	_
"!"	esclamation_mark	XPS	O	_	_

È	essere	VI	O	_	_
dunque	dunque	C	O	_	_
una	uno	RS	O	_	_
seria	serio	AS	O	_	_
lezione	lezione	SS	O	_	_
che	che	CCHE	O	_	_
gli	il	RP	O	_	_
amici	amico	SP	O	_	_
lagarini	lagarini	AP	O	_	_
e	e	C	O	_	_
noi	noi	PP	O	_	_
tutti	tutto	PP	O	_	_
dobbiamo	dovere	VI	O	_	_
ricavare	ricavare	VF	O	_	_
dal	da/det	ES	O	_	_
suffragio	suffragio	SS	O	_	_
del	di/det	ES	O	_	_
giugno	giugno	SS	O	_	_
1911	1911	N	O	_	_
;	semicolon	XPS	O	_	_

e	e	C	O	_	_
noi	noi	PP	O	_	_
vogliamo	volere	VI	O	_	_
sperare	sperare	VF	O	_	_
che	che	CCHE	O	_	_
essa	essa	PS	O	_	_
giovi	giovare	VI	O	_	_
.	.	XPS	O	_	_

Dei	di/det	EP	O	_	_
ballottaggi	ballottaggio	SP	O	_	_
urbani	urbano	AP	O	_	_
il	il	RS	O	_	_
più	più	B	O	_	_
interessante	interessante	AS	O	_	_
è	essere	VI	O	_	_
quello	quello	PS	O	_	_
del	di/det	ES	O	_	_
collegio	collegio	SS	O	_	_
meridionale	meridionale	AS	O	_	_
.	.	XPS	O	_	_

Il	il	RS	O	_	_
barone	barone	SS	O	_	_
Malfatti	malfatti	SPN	PER	_	_
mantiene	mantenere	VI	O	_	_
il	il	RS	O	_	_
collegio	collegio	SS	O	_	_
per	per	E	O	_	_
soli	solo	AP	O	_	_
70	70	N	O	_	_
voti	voto	SP	O	_	_
di	di	E	O	_	_
maggioranza	maggioranza	SS	O	_	_
.	.	XPS	O	_	_

I	il	RP	O	_	_
fiduciari	fiduciario	SP	O	_	_
e	e	C	O	_	_
la	il	RS	O	_	_
direzione	direzione	SS	O	_	_
del	di/det	ES	O	_	_
partito	partito	SS	O	_	_
popolare	popolare	AS	O	_	_
avevano	avere	VIY	O	_	_
proclamata	proclamare	VSP	O	_	_
l’	il	RS	O	_	_
astensione	astensione	SS	O	_	_
,	comma	XPW	O	_	_
che	che	CCHE	O	_	_
venne	venire	VIY	O	_	_
pubblicata	pubblicare	VSP	O	_	_
su	su	E	O	_	_
manifesti	manifesto	SP	O	_	_
.	.	XPS	O	_	_

Se	se	C	O	_	_
facciamo	fare	VI	O	_	_
il	il	RS	O	_	_
confronto	confronto	SS	O	_	_
tra	tra	E	O	_	_
il	il	RS	O	_	_
numero	numero	SS	O	_	_
degli	di/det	EP	O	_	_
iscritti	iscritto	SP	O	_	_
e	e	C	O	_	_
quello	quello	PS	O	_	_
dei	di/det	EP	O	_	_
votanti	votante	SP	O	_	_
,	comma	XPW	O	_	_
possiamo	potere	VI	O	_	_
concludere	concludere	VF	O	_	_
che	che	CCHE	O	_	_
l’	il	RS	O	_	_
astensione	astensione	SS	O	_	_
fu	essere	VI	O	_	_
in	in	E	O	_	_
buona	buono	AS	O	_	_
parte	parte	SS	O	_	_
osservata	osservato	AS	O	_	_
.	.	XPS	O	_	_

Votarono	votare	VI	O	_	_
invece	invece	B	O	_	_
per	per	E	O	_	_
i	il	RP	O	_	_
socialisti	socialista	SP	O	_	_
tutti	tutto	DP	O	_	_
gli	il	RP	O	_	_
aderenti	aderente	SP	O	_	_
della	di/det	ES	O	_	_
Lega	lega	SPN	O	_	_
,	comma	XPW	O	_	_
in	in	E	O	_	_
compenso	compenso	SS	O	_	_
dell’	di/det	ES	O	_	_
aiuto	aiuto	SS	O	_	_
ricevuto	ricevere	VSP	O	_	_
in	in	E	O	_	_
Val	val	SPN	O	_	_
Lagarina	lagarina	SPN	O	_	_
dagli	da/det	EP	O	_	_
aderenti	aderente	SP	O	_	_
di	di	E	O	_	_
Silvio	silvio	SPN	PER	_	_
Flor	flor	SPN	PER	_	_
;	semicolon	XPS	O	_	_

e	e	C	O	_	_
per	per	E	O	_	_
loro	loro	PP	O	_	_
si	rifl	PN	O	_	_
lasciarono	lasciare	VI	O	_	_
indurre	indurre	VF	O	_	_
a	a	E	O	_	_
dare	dare	VF	O	_	_
il	il	RS	O	_	_
voto	voto	SS	O	_	_
anche	anche	C	O	_	_
parecchi	parecchio	AP	O	_	_
contadini	contadino	SP	O	_	_
che	che	CCHE	O	_	_
,	comma	XPW	O	_	_
per	per	E	O	_	_
la	il	RS	O	_	_
deficienza	deficienza	SS	O	_	_
dell’	di/det	ES	O	_	_
organizzazione	organizzazione	SS	O	_	_
nostra	nostro	DS	O	_	_
,	comma	XPW	O	_	_
diventano	diventare	VI	O	_	_
facile	facile	AS	O	_	_
preda	preda	SS	O	_	_
del	di/det	ES	O	_	_
primo	primo	AS	O	_	_
venuto	venuto	SS	O	_	_
.	.	XPS	O	_	_

In	in	E	O	_	_
tal	tale	SS	O	_	_
riguardo	riguardo	SS	O	_	_
dobbiamo	dovere	VI	O	_	_
espressamente	espressamente	B	O	_	_
notare	notare	VF	O	_	_
che	che	CCHE	O	_	_
se	se	C	O	_	_
non	non	B	O	_	_
avessimo	avere	VIY	O	_	_
proclamata	proclamare	VSP	O	_	_
con	con	E	O	_	_
franchezza	franchezza	SS	O	_	_
e	e	C	O	_	_
senza	senza	E	O	_	_
equivoci	equivoci	SP	O	_	_
l’	il	RS	O	_	_
astensione	astensione	SS	O	_	_
a	a	E	O	_	_
Mori	mori	SPN	GPE	45.8524443	10.9782754
,	comma	XPW	O	_	_
gran	grande	AS	O	_	_
parte	parte	SS	O	_	_
dei	di/det	EP	O	_	_
nostri	nostro	DP	O	_	_
aderenti	aderente	SP	O	_	_
non	non	B	O	_	_
avrebbero	avere	VIY	O	_	_
certo	certo	B	O	_	_
votato	votare	VSP	O	_	_
per	per	E	O	_	_
i	il	RP	O	_	_
liberali	liberale	SP	O	_	_
,	comma	XPW	O	_	_
stomacati	stomacare	VPP	O	_	_
com’	com’	B	O	_	_
erano	essere	VI	O	_	_
dai	da/det	EP	O	_	_
sistemi	sistema	SP	O	_	_
di	di	E	O	_	_
corruzione	corruzione	SS	O	_	_
usati	usare	VPP	O	_	_
dai	da/det	EP	O	_	_
loro	loro	PP	O	_	_
galoppini	galoppino	SP	O	_	_
nel	in/det	ES	O	_	_
primo	primo	AS	O	_	_
scrutinio	scrutinio	SS	O	_	_
.	.	XPS	O	_	_

La	il	RS	O	_	_
vittoria	vittoria	SS	O	_	_
del	di/det	ES	O	_	_
Malfatti	malfatti	SPN	PER	_	_
appare	apparire	VI	O	_	_
quindi	quindi	B	O	_	_
tutt’	tutt’	AS	O	_	_
altro	altro	PS	O	_	_
che	che	CCHE	O	_	_
una	uno	RS	O	_	_
grande	grande	AS	O	_	_
vittoria	vittoria	SS	O	_	_
del	di/det	ES	O	_	_
liberalismo	liberalismo	SS	O	_	_
;	semicolon	XPS	O	_	_

essa	essa	PS	O	_	_
è	essere	VIY	O	_	_
appena	appena	B	O	_	_
un	uno	RS	O	_	_
salvataggio	salvataggio	SS	O	_	_
fatto	fare	VSP	O	_	_
con	con	E	O	_	_
ogni	ogni	DS	O	_	_
sforzo	sforzo	SS	O	_	_
all’	a/det	ES	O	_	_
ultima	ultimo	AS	O	_	_
ora	ora	B	O	_	_
,	comma	XPW	O	_	_
e	e	C	O	_	_
riuscito	riuscire	VSP	O	_	_
non	non	B	O	_	_
per	per	E	O	_	_
il	il	RS	O	_	_
liberalismo	liberalismo	SS	O	_	_
,	comma	XPW	O	_	_
ma	ma	C	O	_	_
per	per	E	O	_	_
le	il	RP	O	_	_
aderenze	aderenza	SP	O	_	_
personali	personale	AP	O	_	_
del	di/det	ES	O	_	_
barone	barone	SS	O	_	_
Malfatti	malfatti	SPN	PER	_	_
.	.	XPS	O	_	_

Ne	ne	PN	O	_	_
sapranno	sapere	VI	O	_	_
cavare	cavare	VF	O	_	_
i	il	RP	O	_	_
liberali	liberale	SP	O	_	_
i	il	RP	O	_	_
dovuti	dovuto	SP	O	_	_
insegnamenti	insegnamenti	AP	O	_	_
?	?	XPS	O	_	_

Dubitiamo	dubitare	VI	O	_	_
assai	assai	B	O	_	_
.	.	XPS	O	_	_

La	il	RS	O	_	_
campagna	campagna	SS	O	_	_
violenta	violento	AS	O	_	_
che	che	CCHE	O	_	_
hanno	avere	VIY	O	_	_
fatto	fare	VSP	O	_	_
contro	contro	B	O	_	_
i	il	RP	O	_	_
clericali	clericale	SP	O	_	_
ci	ci	B	O	_	_
fa	fare	VI	O	_	_
ritenere	ritenere	VF	O	_	_
che	che	CCHE	O	_	_
anche	anche	C	O	_	_
nel	in/det	ES	O	_	_
collegio	collegio	SS	O	_	_
meridionale	meridionale	AS	O	_	_
andiamo	andare	VI	O	_	_
incontro	incontro	B	O	_	_
alla	a/det	ES	O	_	_
situazione	situazione	SS	O	_	_
di	di	E	O	_	_
Trento	trento	SPN	GPE	46.0664228	11.1257601
.	.	XPS	O	_	_

Qui	qui	B	O	_	_
nulla	nulla	PS	O	_	_
di	di	E	O	_	_
nuovo	nuovo	AS	O	_	_
,	comma	XPW	O	_	_
ma	ma	C	O	_	_
il	il	RS	O	_	_
solito	solito	AS	O	_	_
spettacolo	spettacolo	SS	O	_	_
nauseante	nauseante	B	O	_	_
della	di/det	ES	O	_	_
prostituzione	prostituzione	SS	O	_	_
liberalesca	liberalesco	AS	O	_	_
.	.	XPS	O	_	_

La	il	RS	O	_	_
direzione	direzione	SS	O	_	_
del	di/det	ES	O	_	_
partito	partito	SS	O	_	_
non	non	B	O	_	_
ha	avere	VIY	O	_	_
avuto	avere	VSP	O	_	_
il	il	RS	O	_	_
coraggio	coraggio	SS	O	_	_
di	di	E	O	_	_
proclamare	proclamare	VF	O	_	_
l’	il	RS	O	_	_
astensione	astensione	SS	O	_	_
nemmeno	nemmeno	B	O	_	_
dopo	dopo	E	O	_	_
le	il	RP	O	_	_
staffilate	staffilata	SP	O	_	_
del	di/det	ES	O	_	_
Popolo	popolo	SPN	O	_	_
;	semicolon	XPS	O	_	_

dichiarò	dichiarare	VI	O	_	_
invece	invece	B	O	_	_
di	di	E	O	_	_
disinteressarsi	disinteressare/rifl	VF+E	O	_	_
.	.	XPS	O	_	_

La	il	RS	O	_	_
formula	formula	SS	O	_	_
era	essere	VI	O	_	_
identica	identico	AS	O	_	_
a	a	E	O	_	_
quella	quello	PS	O	_	_
usata	usare	VSP	O	_	_
dal	da/det	ES	O	_	_
Comitato	comitato	SS	O	_	_
liberale	liberale	AS	O	_	_
per	per	E	O	_	_
le	il	RP	O	_	_
elezioni	elezione	SP	O	_	_
.	.	XPS	O	_	_

L’	il	RS	O	_	_
ala	ala	SS	O	_	_
radicale	radicale	AS	O	_	_
del	di/det	ES	O	_	_
Partito	partito	SS	O	_	_
liberale	liberale	AS	O	_	_
accorse	accorrere	VPP	O	_	_
alle	a/det	EP	O	_	_
urne	urna	SP	O	_	_
a	a	E	O	_	_
dare	dare	VF	O	_	_
il	il	RS	O	_	_
voto	voto	SS	O	_	_
a	a	E	O	_	_
colui	colui	PS	O	_	_
che	che	CCHE	O	_	_
fino	fino	E	O	_	_
a	a	E	O	_	_
ieri	ieri	B	O	_	_
aveva	avere	VIY	O	_	_
staffilato	staffilare	VSP	O	_	_
a	a	E	O	_	_
sangue	sangue	SS	O	_	_
la	il	RS	O	_	_
borghesia	borghesia	SS	O	_	_
liberale	liberale	AS	O	_	_
.	.	XPS	O	_	_

L’	il	RS	O	_	_
elezione	elezione	SS	O	_	_
di	di	E	O	_	_
ieri	ieri	B	O	_	_
chiude	chiudere	VI	O	_	_
così	così	B	O	_	_
degnamente	degnamente	B	O	_	_
la	il	RS	O	_	_
miserabile	miserabile	AS	O	_	_
campagna	campagna	SS	O	_	_
del	di/det	ES	O	_	_
liberalismo	liberalismo	SS	O	_	_
nostrano	nostrano	AS	O	_	_
.	.	XPS	O	_	_

L’	il	RS	O	_	_
anticlericalismo	anticlericalismo	SS	O	_	_
a	a	E	O	_	_
tutti	tutto	DP	O	_	_
i	il	RP	O	_	_
costi	costo	SP	O	_	_
,	comma	XPW	O	_	_
il	il	RS	O	_	_
servilismo	servilismo	SS	O	_	_
di	di	E	O	_	_
fronte	fronte	SS	O	_	_
ai	a/det	EP	O	_	_
socialisti	socialista	SP	O	_	_
saranno	essere	VI	O	_	_
la	il	RS	O	_	_
sua	suo	DS	O	_	_
morte	morte	SS	O	_	_
.	.	XPS	O	_	_

Imponentissima	imponente	AS	O	_	_
fu	essere	VI	O	_	_
invece	invece	B	O	_	_
l’	il	RS	O	_	_
affermazione	affermazione	SS	O	_	_
dei	di/det	EP	O	_	_
nostri	nostro	DP	O	_	_
.	.	XPS	O	_	_

Anche	anche	C	O	_	_
il	il	RS	O	_	_
ballottaggio	ballottaggio	SS	O	_	_
segna	segnare	VI	O	_	_
per	per	E	O	_	_
noi	noi	PP	O	_	_
un	uno	RS	O	_	_
consolante	consolante	AS	O	_	_
progresso	progresso	SS	O	_	_
sul	su/det	ES	O	_	_
1907	1907	N	O	_	_
,	comma	XPW	O	_	_
mentre	mentre	C	O	_	_
per	per	E	O	_	_
i	il	RP	O	_	_
socialisti	socialista	SP	O	_	_
e	e	C	O	_	_
radicali	radicale	AP	O	_	_
assieme	assieme	B	O	_	_
segna	segnare	VI	O	_	_
un	uno	RS	O	_	_
regresso	regresso	SS	O	_	_
.	.	XPS	O	_	_

Coraggio	coraggio	SS	O	_	_
,	comma	XPW	O	_	_
amici	amico	SP	O	_	_
,	comma	XPW	O	_	_
non	non	B	O	_	_
abbandoniamo	abbandonare	VIY	O	_	_
mai	mai	B	O	_	_
la	il	RS	O	_	_
via	via	SS	O	_	_
della	di/det	ES	O	_	_
dignità	dignità	SN	O	_	_
,	comma	XPW	O	_	_
della	di/det	ES	O	_	_
coerenza	coerenza	SS	O	_	_
,	comma	XPW	O	_	_
della	di/det	ES	O	_	_
verità	verità	SN	O	_	_
francamente	francamente	B	O	_	_
professata	professare	VSP	O	_	_
.	.	XPS	O	_	_

Attorno	attorno	B	O	_	_
a	a	E	O	_	_
noi	noi	PP	O	_	_
si	rifl	PN	O	_	_
aggiungono	aggiungere	VI	O	_	_
sempre	sempre	B	O	_	_
nuovi	nuovo	AP	O	_	_
aderenti	aderente	SP	O	_	_
,	comma	XPW	O	_	_
e	e	C	O	_	_
non	non	B	O	_	_
è	essere	VI	O	_	_
lontano	lontano	AS	O	_	_
il	il	RS	O	_	_
giorno	giorno	SS	O	_	_
in	in	E	O	_	_
cui	cui	PN	O	_	_
il	il	RS	O	_	_
buon	buon	AS	O	_	_
senso	senso	SS	O	_	_
e	e	C	O	_	_
lo	il	RS	O	_	_
spirito	spirito	SS	O	_	_
cristiano	cristiano	AS	O	_	_
di	di	E	O	_	_
Trento	trento	SPN	GPE	46.0664228	11.1257601
vinceranno	vincere	VI	O	_	_
definitivamente	definitivamente	B	O	_	_
.	.	XPS	O	_	_

Dei	di/det	EP	O	_	_
ballottaggi	ballottaggio	SP	O	_	_
ci	ci	B	O	_	_
manca	mancare	VI	O	_	_
il	il	RS	O	_	_
tempo	tempo	SS	O	_	_
di	di	E	O	_	_
parlare	parlare	VF	O	_	_
diffusamente	diffusamente	B	O	_	_
.	.	XPS	O	_	_

I	il	RP	O	_	_
popolari	popolare	AP	O	_	_
italiani	italiano	SP	O	_	_
ritornano	ritornare	VI	O	_	_
alla	a/det	ES	O	_	_
Camera	camera	SS	O	_	_
nella	in/det	ES	O	_	_
forza	forza	SS	O	_	_
che	che	CCHE	O	_	_
avevano	avere	VI	O	_	_
prima	prima	B	O	_	_
,	comma	XPW	O	_	_
essendo	essere	VG	O	_	_
ieri	ieri	B	O	_	_
riuscito	riuscire	VSP	O	_	_
in	in	E	O	_	_
ballottaggio	ballottaggio	SS	O	_	_
anche	anche	C	O	_	_
lo	il	RS	O	_	_
Spadaro	spadaro	SPN	PER	_	_
;	semicolon	XPS	O	_	_

i	il	RP	O	_	_
socialisti	socialista	SP	O	_	_
italiani	italiano	AP	O	_	_
invece	invece	C	O	_	_
di	di	E	O	_	_
quattro	quattro	N	O	_	_
,	comma	XPW	O	_	_
saranno	essere	VI	O	_	_
tre	tre	N	O	_	_
;	semicolon	XPS	O	_	_

i	il	RP	O	_	_
liberali	liberale	SP	O	_	_
sei	sei	N	O	_	_
,	comma	XPW	O	_	_
guadagnando	guadagnare	VG	O	_	_
un	uno	RS	O	_	_
mandato	mandato	SS	O	_	_
a	a	E	O	_	_
Trieste	trieste	SPN	GPE	45.6500335	13.7706559
,	comma	XPW	O	_	_
perduto	perduto	VSP	O	_	_
dal	da/det	ES	O	_	_
socialista	socialista	SS	O	_	_
Scabar	scabar	SPN	O	_	_
.	.	XPS	O	_	_

Gli	il	RP	O	_	_
italiani	italiano	SP	O	_	_
avranno	avere	VI	O	_	_
però	però	C	O	_	_
alla	a/det	ES	O	_	_
Camera	camera	SS	O	_	_
una	uno	RS	O	_	_
posizione	posizione	SS	O	_	_
peggiore	peggiore	AS	O	_	_
perché	perché	C	O	_	_
si	rifl	PN	O	_	_
troveranno	trovare	VI	O	_	_
di	di	E	O	_	_
fronte	fronte	SS	O	_	_
agli	a/det	EP	O	_	_
arrabbiati	arrabbiati	SP	O	_	_
nazionalisti	nazionalista	AP	O	_	_
tedeschi	tedesco	AP	O	_	_
Erler	erler	SPN	PER	_	_
,	comma	XPW	O	_	_
Kofler	kofler	SPN	PER	_	_
e	e	C	O	_	_
Kinz	kinz	SPN	PER	_	_
in	in	E	O	_	_
mezzo	mezzo	SS	O	_	_
alla	a/det	ES	O	_	_
federazione	federazione	SS	O	_	_
tedesco-nazionale	tedesco-nazionale	AS	O	_	_
cresciuta	crescere	VSP	O	_	_
di	di	E	O	_	_
potenza	potenza	SS	O	_	_
.	.	XPS	O	_	_

I	il	RP	O	_	_
cattolici	cattolico	SP	O	_	_
poi	poi	B	O	_	_
devono	dovere	VI	O	_	_
armare	armare	VF	O	_	_
fin	fin	E	O	_	_
d’	di	E	O	_	_
ora	ora	B	O	_	_
.	.	XPS	O	_	_

A	a	E	O	_	_
Vienna	vienna	SPN	GPE	48.2083537	16.3725042
soccombettero	soccombere	VI	O	_	_
i	il	RP	O	_	_
capi	capo	SP	O	_	_
dei	di/det	EP	O	_	_
cristiano-sociali	cristiano-sociali	SP	O	_	_
e	e	C	O	_	_
vinsero	vincere	VI	O	_	_
invece	invece	B	O	_	_
parecchi	parecchio	AP	O	_	_
candidati	candidato	SP	O	_	_
della	di/det	ES	O	_	_
massoneria	massoneria	SS	O	_	_
giudaica	giudaico	AS	O	_	_
e	e	C	O	_	_
i	il	RP	O	_	_
più	più	B	O	_	_
autentici	autentico	AP	O	_	_
rappresentanti	rappresentante	SP	O	_	_
del	di/det	ES	O	_	_
movimento	movimento	SS	O	_	_
antireligioso	antireligioso	AS	O	_	_
"!"	esclamation_mark	XPS	O	_	_
